Oryginalna_Nazwa,INCI,Oczyszczona_wersja_skladnika
03-14 Isoparaffin,03-14 ISOPARAFFIN,C13-14 ISOPARAFFIN
1 Dimethicone,1 DIMETHICONE,DIMETHICONE
1 DIMETHICONE,1 DIMETHICONE,DIMETHICONE
1.2-Hexanediol,"1,2-HEXANEDIOL","1,2-HEXANEDIOL"
1.2-Hexenediol,"1,2-HEXANEDIOL","1,2-HEXANEDIOL"
1.2-Hexaediol,"1,2-HEXANEDIOL","1,2-HEXANEDIOL"
2-Hexanediol,"1,2-HEXANEDIOL","1,2-HEXANEDIOL"
1.2-Hexandiol,"1,2-HEXANEDIOL","1,2-HEXANEDIOL"
1.2-Hexanedioi,"1,2-HEXANEDIOL","1,2-HEXANEDIOL"
1.2-HEXANEDIOL,"1,2-HEXANEDIOL","1,2-HEXANEDIOL"
1.2-hexanediol,"1,2-HEXANEDIOL","1,2-HEXANEDIOL"
2-hexanediol,"1,2-HEXANEDIOL","1,2-HEXANEDIOL"
1-METHYLHYDANTOIN-2-IMIDE,1-METHYLHYDANTOIN-2-IMIDE,1-METHYLHYDANTOIN-2-IMIDE
1-Methylhydantoin-2-Imide,1-METHYLHYDANTOIN-2-IMIDE,1-METHYLHYDANTOIN-2-IMIDE
1.5-Pentanediol,1.5-PENTANEDIOL,"1,5-PENTANEDIOL"
1.5-PENTANEDIOL,1.5-PENTANEDIOL,"1,5-PENTANEDIOL"
10 Trimethylolpropane Trioleate,10 TRIMETHYLOLPROPANE TRIOLEATE,10 TRIMETHYLOLPROPANE TRIOLEATE
14 DIMETHICONE,14 DIMETHICONE,DIMETHICONE
14 Dimethicone,14 DIMETHICONE,DIMETHICONE
16 Dimethicone,16 DIMETHICONE,DIMETHICONE
18 DIMETHICONE,18 DIMETHICONE,DIMETHICONE
18 Methicone,18 METHICONE,METHICONE
18 METHICONE,18 METHICONE,METHICONE
2-Bromo-2-Nitropropane-1.3-Diol,2-BROMO-2-NITROPROPANE-1.3-DIOL,"2-BROMO-2-NITROPROPANE-1,3-DIOL"
2-MERCAPTONICOTINOYL GLYCINE,2-MERCAPTONICOTINOYL GLYCINE,2-MERCAPTONICOTINOYL GLYCINE
2 - oleamido-1.3 -octadecanediol,2-OLEAMIDO-1.3 -OCTADECANEDIOL,"2-OLEAMIDO-1,3-OCTADECANEDIOL"
2-Oleamido-1.3-Octadecanediol,2-OLEAMIDO-1.3-OCTADECANEDIOL,"2-OLEAMIDO-1,3-OCTADECANEDIOL"
2-Phenoxyethanol,2-PHENOXYETHANOL,PHENOXYETHANOL
2.3-BUTANEDIOL,2.3-BUTANEDIOL,2.3-BUTANEDIOL
2050519 10 - ingredients: Aqua,AQUA,AQUA
2050553 03 - ingredients: Aqua,AQUA,AQUA
3 glycerin,3 GLYCERIN,GLYCERIN
3 GLYCERIN,3 GLYCERIN,GLYCERIN
3 Glycerin,3 GLYCERIN,GLYCERIN
Aktywne: 3 kwas hialuronowy,3 KWAS HIALURONOWY,HYALURONIC ACID
3-0-Ethyl Ascorbic Acid,3-0-ETHYL ASCORBIC ACID,3-0-ETHYL ASCORBIC ACID
3-AMINOPROPANE SULFONIC ACID,3-AMINOPROPANE SULFONIC ACID,3-AMINOPROPANE SULFONIC ACID
3-GLYCERYL ASCORBATE,3-GLYCERYL ASCORBATE,3-GLYCERYL ASCORBATE
3-O-ETHYL ASCORBIC ACID,3-0-ETHYL ASCORBIC ACID,3-O-ETHYL ASCORBIC ACID
3-O-Ethyl Ascorbic Acid,3-0-ETHYL ASCORBIC ACID,3-O-ETHYL ASCORBIC ACID
3-o-ethyl ascorbic acid,3-0-ETHYL ASCORBIC ACID,3-O-ETHYL ASCORBIC ACID
3-o-ethyl Ascorbic Acid,3-0-ETHYL ASCORBIC ACID,3-O-ETHYL ASCORBIC ACID
3.4-Dihydroxybenzoic Acid,3.4-DIHYDROXYBENZOIC ACID,3.4-DIHYDROXYBENZOIC ACID
4-T-BUTYLCYCLOHEXANOL,4-T-BUTYLCYCLOHEXANOL,4-T-BUTYLCYCLOHEXANOL
4-Terpineol,4-TERPINEOL,4-TERPINEOL
4-TERPINEOL,4-TERPINEOL,4-TERPINEOL
Cl:61565,CI 61565,CI 61565
695899 26 - ingredients: Aqua,AQUA,AQUA
7-Dehydrocholesterol,7-DEHYDROCHOLESTEROL,7-DEHYDROCHOLESTEROL
7-DEHYDROCHOLESTEROL,7-DEHYDROCHOLESTEROL,7-DEHYDROCHOLESTEROL
77491,CI 77491,CI 77491
77861,CI 77861,CI 77861
Cl: 77891,CI 77891,CI 77891
782389 36 - ingredients: aqua,AQUA,AQUA
782725 146 - ingredients: aqua,AQUA,AQUA
909141 51 - Aqua,AQUA,AQUA
919143 10 - ingredients: aqua,AQUA,AQUA
?Capric Triglyceride,?CAPRIC TRIGLYCERIDE,CAPRIC TRIGLYCERIDE
Abies Sibirica Oil,ABIES SIBIRICA OIL,ABIES SIBIRICA OIL
ACACIA CONCINNA FRUIT EXTRACT,ACACIA CONCINNA FRUIT EXTRACT,ACACIA CONCINNA FRUIT EXTRACT
ACACIA DECURRENS FLOWER CERA,ACACIA DECURRENS FLOWER CERA,ACACIA DECURRENS FLOWER CERA
ACACIA DECURRENS FLOWER WAX,ACACIA DECURRENS FLOWER WAX,ACACIA DECURRENS FLOWER WAX
Acacia Decurrens Flower Wax,ACACIA DECURRENS FLOWER WAX,ACACIA DECURRENS FLOWER WAX
ACACIA SENEGAL GUM,ACACIA SENEGAL GUM,ACACIA SENEGAL GUM
Acacia Senegal Gum,ACACIA SENEGAL GUM,ACACIA SENEGAL GUM
Acacia Senegal Gum Extract,ACACIA SENEGAL GUM EXTRACT,ACACIA SENEGAL GUM EXTRACT
Acacia Seyal (Red Acacia) Gum Extract,ACACIA SEYAL GUM EXTRACT,ACACIA SEYAL GUM EXTRACT
ACACIA SEYAL GUM EXTRACT,ACACIA SEYAL GUM EXTRACT,ACACIA SEYAL GUM EXTRACT
Acacia Seyal Gum Extract,ACACIA SEYAL GUM EXTRACT,ACACIA SEYAL GUM EXTRACT
ACER SACCHARUM EXTRACT,ACER SACCHARUM EXTRACT,ACER SACCHARUM EXTRACT
Acer Saccharum (Sugar Maple) Extract,ACER SACCHARUM EXTRACT,ACER SACCHARUM EXTRACT
ACEROLA CHERRY FERMENT,ACEROLA CHERRY FERMENT,ACEROLA CHERRY FERMENT
Acerola Fruit Extract,ACEROLA FRUIT EXTRACT,ACEROLA FRUIT EXTRACT
Acetamide MEA,ACETAMIDE MEA,ACETAMIDE MEA
Acetamidoethoxyethanol,ACETAMIDOETHOXYETHANOL,ACETAMIDOETHOXYETHANOL
Acetate,ACETATE,ACETATE
ACETIC ACID,ACETIC ACID,ACETIC ACID
Acetic Acid,ACETIC ACID,ACETIC ACID
ACETOPHENONE,ACETOPHENONE,ACETOPHENONE
Acetyl,ACETYL,ACETYL
ACETYL CEDRENE,ACETYL CEDRENE,ACETYL CEDRENE
Acetyl Cedrene,ACETYL CEDRENE,ACETYL CEDRENE
Acetyl Dipeptide-1 Cetyl Ester,ACETYL DIPEPTIDE-1 CETYL ESTER,ACETYL DIPEPTIDE-1 CETYL ESTER
ACETYL DIPEPTIDE-1 CETYL ESTER,ACETYL DIPEPTIDE-1 CETYL ESTER,ACETYL DIPEPTIDE-1 CETYL ESTER
Acetyl Glucosamine,ACETYL GLUCOSAMINE,ACETYL GLUCOSAMINE
ACETYL GLUCOSAMINE,ACETYL GLUCOSAMINE,ACETYL GLUCOSAMINE
Acetyl Glutamine,ACETYL GLUTAMINE,ACETYL GLUTAMINE
ACETYL HEPTAPEPTIDE-4,ACETYL HEPTAPEPTIDE-4,ACETYL HEPTAPEPTIDE-4
Acetyl Heptapeptide-4,ACETYL HEPTAPEPTIDE-4,ACETYL HEPTAPEPTIDE-4
ACETYL HEPTAPEPTIDE-9,ACETYL HEPTAPEPTIDE-9,ACETYL HEPTAPEPTIDE-9
Acetyl Heptapeptide-9,ACETYL HEPTAPEPTIDE-9,ACETYL HEPTAPEPTIDE-9
Acetyl Hexa- peptide-8,ACETYL HEXA- PEPTIDE-8,ACETYL HEXAPEPTIDE-8
Acetyl Hexapeptide 8,ACETYL HEXAPEPTIDE 8,ACETYL HEXAPEPTIDE-8
Acetyl Hexapeptide-1,ACETYL HEXAPEPTIDE-1,ACETYL HEXAPEPTIDE-1
ACETYL HEXAPEPTIDE-1,ACETYL HEXAPEPTIDE-1,ACETYL HEXAPEPTIDE-1
ACETYL HEXAPEPTIDE-22,ACETYL HEXAPEPTIDE-22,ACETYL HEXAPEPTIDE-22
Acetyl Hexapeptide-49,ACETYL HEXAPEPTIDE-49,ACETYL HEXAPEPTIDE-49
ACETYL HEXAPEPTIDE-49,ACETYL HEXAPEPTIDE-49,ACETYL HEXAPEPTIDE-49
Acetyl Hexapeptide-8,ACETYL HEXAPEPTIDE-8,ACETYL HEXAPEPTIDE-8
acetyl Hexapeptide-8,ACETYL HEXAPEPTIDE-8,ACETYL HEXAPEPTIDE-8
ACETYL HEXAPEPTIDE-8,ACETYL HEXAPEPTIDE-8,ACETYL HEXAPEPTIDE-8
Acetyl Hexapeptide-8.1,ACETYL HEXAPEPTIDE-8.1,ACETYL HEXAPEPTIDE-8
Acetyl Hydroxyproline,ACETYL HYDROXYPROLINE,ACETYL HYDROXYPROLINE
ACETYL HYDROXYPROLINE,ACETYL HYDROXYPROLINE,ACETYL HYDROXYPROLINE
ACETYL OCTAPEPTIDE-3,ACETYL OCTAPEPTIDE-3,ACETYL OCTAPEPTIDE-3
Acetyl Octapeptide-3,ACETYL OCTAPEPTIDE-3,ACETYL OCTAPEPTIDE-3
ACETYL sh-HEPTAPEPTIDE-1,ACETYL SH-HEPTAPEPTIDE-1,ACETYL SH-HEPTAPEPTIDE-1
Acetyl sh-Heptapeptide-1,ACETYL SH-HEPTAPEPTIDE-1,ACETYL SH-HEPTAPEPTIDE-1
Acetyl Tetrapeptide-15,ACETYL TETRAPEPTIDE-15,ACETYL TETRAPEPTIDE-15
ACETYL TETRAPEPTIDE-17,ACETYL TETRAPEPTIDE-17,ACETYL TETRAPEPTIDE-17
ACETYL TETRAPEPTIDE-5,ACETYL TETRAPEPTIDE-5,ACETYL TETRAPEPTIDE-5
acetyl trifluoromethylphenyl valylglycine,ACETYL TRIFLUOROMETHYLPHENYL VALYLGLYCINE,ACETYL TRIFLUOROMETHYLPHENYL VALYLGLYCINE
Acetyl Trifluoromethylphenyl Valylglycine,ACETYL TRIFLUOROMETHYLPHENYL VALYLGLYCINE,ACETYL TRIFLUOROMETHYLPHENYL VALYLGLYCINE
Acetylated Hydrogenated Vegetable Glyceride,ACETYLATED HYDROGENATED VEGETABLE GLYCERIDE,ACETYLATED HYDROGENATED VEGETABLE GLYCERIDE
ACETYLATED LANOLIN ALCOHOL,ACETYLATED LANOLIN ALCOHOL,ACETYLATED LANOLIN ALCOHOL
Acetylated Lanolin Alcohol,ACETYLATED LANOLIN ALCOHOL,ACETYLATED LANOLIN ALCOHOL
ACETYLPHYTOSPHINGOSINE,ACETYLPHYTOSPHINGOSINE,ACETYLPHYTOSPHINGOSINE
ACHILLEA MILLEFOLIUM FLOWER EXTRACT,ACHILLEA MILLEFOLIUM FLOWER EXTRACT,ACHILLEA MILLEFOLIUM FLOWER EXTRACT
Achillea Millefolium Leaf,ACHILLEA MILLEFOLIUM LEAF,ACHILLEA MILLEFOLIUM LEAF
ACHILLEA MILLEFOLIUM OIL,ACHILLEA MILLEFOLIUM OIL,ACHILLEA MILLEFOLIUM OIL
ACMELLA OLERACEA EXTRACT,ACMELLA OLERACEA EXTRACT,ACMELLA OLERACEA EXTRACT
Acmella Oleracea Extract,ACMELLA OLERACEA EXTRACT,ACMELLA OLERACEA EXTRACT
Acorus Calamus Root Extract,ACORUS CALAMUS ROOT EXTRACT,ACORUS CALAMUS ROOT EXTRACT
Acrylamide/sodium Acryloyldimethyltaurate Copolymer,ACRYLAMIDE/SODIUM ACRYLOYLDIMETHYLTAURATE COPOLYMER,ACRYLAMIDE/SODIUM ACRYLOYLDIMETHYLTAURATE COPOLYMER
Acrylamide/Sodium Acryloyldimethyltaurate Copolymer,ACRYLAMIDE/SODIUM ACRYLOYLDIMETHYLTAURATE COPOLYMER,ACRYLAMIDE/SODIUM ACRYLOYLDIMETHYLTAURATE COPOLYMER
acrylamide/sodium acryloyldimethyltaurate copolymer,ACRYLAMIDE/SODIUM ACRYLOYLDIMETHYLTAURATE COPOLYMER,ACRYLAMIDE/SODIUM ACRYLOYLDIMETHYLTAURATE COPOLYMER
ACRYLAMIDE/SODIUM ACRYLOYLDIMETHYLTAURATE COPOLYMER,ACRYLAMIDE/SODIUM ACRYLOYLDIMETHYLTAURATE COPOLYMER,ACRYLAMIDE/SODIUM ACRYLOYLDIMETHYLTAURATE COPOLYMER
Acrylates -30 alkyl acrylate crosspolymer,ACRYLATES -30 ALKYL ACRYLATE CROSSPOLYMER,ACRYLATES/C10-30 ALKYL ACRYLATE CROSSPOLYMER
ACRYLATES COPOLYMER,ACRYLATES COPOLYMER,ACRYLATES COPOLYMER
Acrylates Copolymer,ACRYLATES COPOLYMER,ACRYLATES COPOLYMER
Acrylates/ C10-30 Alkyl Acrylate Crosspolymer,ACRYLATES/ C10-30 ALKYL ACRYLATE CROSSPOLYMER,ACRYLATES/C10-30 ALKYL ACRYLATE CROSSPOLYMER
Acrylates/?C10-30 Alkyl Acrylate Crosspolymer,ACRYLATES/?C10-30 ALKYL ACRYLATE CROSSPOLYMER,ACRYLATES/C10-30 ALKYL ACRYLATE CROSSPOLYMER
Acrylates/Acrylic Acid Copolymer,ACRYLATES/ACRYLIC ACID COPOLYMER,ACRYLATES/ACRYLIC ACID COPOLYMER
Acrylates/Ammonium Methacrylate Copolymer,ACRYLATES/AMMONIUM METHACRYLATE COPOLYMER,ACRYLATES/AMMONIUM METHACRYLATE COPOLYMER
Acrylates/Beheneth-25 Methacrylate Copolymer,ACRYLATES/BEHENETH-25 METHACRYLATE COPOLYMER,ACRYLATES/BEHENETH-25 METHACRYLATE COPOLYMER
Acrylates/C-10-30 Alkyl Acrylate Crosspolymer,ACRYLATES/C-10-30 ALKYL ACRYLATE CROSSPOLYMER,ACRYLATES/C10-30 ALKYL ACRYLATE CROSSPOLYMER
Acrylates/C10-30 Alkyl Acrylate,ACRYLATES/C10-30 ALKYL ACRYLATE,ACRYLATES/C10-30 ALKYL ACRYLATE CROSSPOLYMER
Acrylates/C10-30 Alkyl Acrylate Crosspolymer,ACRYLATES/C10-30 ALKYL ACRYLATE CROSSPOLYMER,ACRYLATES/C10-30 ALKYL ACRYLATE CROSSPOLYMER
Acrylates/c10-30 Alkyl Acrylate Crosspolymer,ACRYLATES/C10-30 ALKYL ACRYLATE CROSSPOLYMER,ACRYLATES/C10-30 ALKYL ACRYLATE CROSSPOLYMER
ACRYLATES/C10-30 ALKYL ACRYLATE CROSSPOLYMER,ACRYLATES/C10-30 ALKYL ACRYLATE CROSSPOLYMER,ACRYLATES/C10-30 ALKYL ACRYLATE CROSSPOLYMER
ACRYLATES/C12-22 ALKYL METHACRYLATE COPOLYMER,ACRYLATES/C12-22 ALKYL METHACRYLATE COPOLYMER,ACRYLATES/C12-22 ALKYL METHACRYLATE COPOLYMER
ACRYLATES/ISOBORNYL ACRYLATE COPOLYMER,ACRYLATES/ISOBORNYL ACRYLATE COPOLYMER,ACRYLATES/ISOBORNYL ACRYLATE COPOLYMER
Acrylates/Methoxy PEG-15 Methacrylate Copolymer,ACRYLATES/METHOXY PEG-15 METHACRYLATE COPOLYMER,ACRYLATES/METHOXY PEG-15 METHACRYLATE COPOLYMER
ACRYLATES/STEARETH-20 METHACRYLATE COPOLYMER,ACRYLATES/STEARETH-20 METHACRYLATE COPOLYMER,ACRYLATES/STEARETH-20 METHACRYLATE COPOLYMER
ACRYLATES/VA COPOLYMER,ACRYLATES/VA COPOLYMER,ACRYLATES COPOLYMER
Acrylonitrile/Methyl Methacrylate/Vinylidene Chloride,ACRYLONITRILE/METHYL METHACRYLATE/VINYLIDENE CHLORIDE COPOLYMER,ACRYLONITRILE/METHYL METHACRYLATE/VINYLIDENE CHLORIDE COPOLYMER
acrylonitrile/methyl methacrylate/vinylidene chloride copolymer,ACRYLONITRILE/METHYL METHACRYLATE/VINYLIDENE CHLORIDE COPOLYMER,ACRYLONITRILE/METHYL METHACRYLATE/VINYLIDENE CHLORIDE COPOLYMER
Acrylonitrile/methyl Methacrylate/vinylidene Chloride Copolymer,ACRYLONITRILE/METHYL METHACRYLATE/VINYLIDENE CHLORIDE COPOLYMER,ACRYLONITRILE/METHYL METHACRYLATE/VINYLIDENE CHLORIDE COPOLYMER
ACTINIDIA CHINENSIS FRUIT,ACTINIDIA CHINENSIS FRUIT,ACTINIDIA CHINENSIS FRUIT
ACTINIDIA CHINENSIS FRUIT EXTRACT,ACTINIDIA CHINENSIS FRUIT EXTRACT,ACTINIDIA CHINENSIS FRUIT EXTRACT
Actinidia Chinensis (Kiwi) Fruit Extract,ACTINIDIA CHINENSIS FRUIT EXTRACT,ACTINIDIA CHINENSIS FRUIT EXTRACT
Actinidia Chinensis Fruit Extract,ACTINIDIA CHINENSIS FRUIT EXTRACT,ACTINIDIA CHINENSIS FRUIT EXTRACT
ACTINIDIA CHINENSIS SEED,ACTINIDIA CHINENSIS SEED,ACTINIDIA CHINENSIS SEED
Adansonia Digitata Fruit Extract,ADANSONIA DIGITATA FRUIT EXTRACT,ADANSONIA DIGITATA FRUIT EXTRACT
Adansonia Digitata Pulp Extract,ADANSONIA DIGITATA PULP EXTRACT,ADANSONIA DIGITATA PULP EXTRACT
ADANSONIA DIGITATA PULP EXTRACT,ADANSONIA DIGITATA PULP EXTRACT,ADANSONIA DIGITATA PULP EXTRACT
Adansonia Digitata Seed Oil,ADANSONIA DIGITATA SEED OIL,ADANSONIA DIGITATA SEED OIL
ADANSONIA DIGITATA SEED OIL,ADANSONIA DIGITATA SEED OIL,ADANSONIA DIGITATA SEED OIL
ADENINE,ADENINE,ADENINE
ADENOL DNA,ADENOL DNA,ADENOL DNA
adenosine,ADENOSINE,ADENOSINE
ADENOSINE,ADENOSINE,ADENOSINE
Adenosine,ADENOSINE,ADENOSINE
Adipic Acid/Neopentyl Glycol Crosspolymer,ADIPIC ACID/NEOPENTYL GLYCOL CROSSPOLYMER,ADIPIC ACID/NEOPENTYL GLYCOL CROSSPOLYMER
Aesculus Chinese Extract,AESCULUS CHINESE EXTRACT,AESCULUS CHINESE EXTRACT
Aesculus Hippocastanum,AESCULUS HIPPOCASTANUM,AESCULUS HIPPOCASTANUM
Aesculus Hippocastanum (Horse Chestnut) Extract,AESCULUS HIPPOCASTANUM EXTRACT,AESCULUS HIPPOCASTANUM EXTRACT
Aesculus Hippocastanum Extract,AESCULUS HIPPOCASTANUM EXTRACT,AESCULUS HIPPOCASTANUM EXTRACT
Aesculus Hippocastanum (Horse Chestnut) Seed Extract,AESCULUS HIPPOCASTANUM SEED EXTRACT,AESCULUS HIPPOCASTANUM SEED EXTRACT
AESCULUS HIPPOCASTANUM SEED EXTRACT,AESCULUS HIPPOCASTANUM SEED EXTRACT,AESCULUS HIPPOCASTANUM SEED EXTRACT
Aesculus Hippocastanum Seed Extract,AESCULUS HIPPOCASTANUM SEED EXTRACT,AESCULUS HIPPOCASTANUM SEED EXTRACT
Ag ave Tequilana Leaf Extract,AG AVE TEQUILANA LEAF EXTRACT,AGAVE TEQUILANA LEAF EXTRACT
AGAR,AGAR,AGAR
Agar,AGAR,AGAR
Agastache Mexicana Flower,AGASTACHE MEXICANA FLOWER,AGASTACHE MEXICANA FLOWER
Agave Tequilana Leaf Extract,AGAVE TEQUILANA LEAF EXTRACT,AGAVE TEQUILANA LEAF EXTRACT
AHNFELTIOPSIS CONCINNA EXTRACT,AHNFELTIOPSIS CONCINNA EXTRACT,AHNFELTIOPSIS CONCINNA EXTRACT
Al-pha-Arbutin,AL-PHA-ARBUTIN,ALPHA-ARBUTIN
Alanine,ALANINE,ALANINE
ALANINE,ALANINE,ALANINE
ALARIA ESCULENTA EXTRACT,ALARIA ESCULENTA EXTRACT,ALARIA ESCULENTA EXTRACT
Albizia Julibrissin,ALBIZIA JULIBRISSIN,ALBIZIA JULIBRISSIN
ALBIZIA JULIBRISSIN BARK EXTRACT,ALBIZIA JULIBRISSIN BARK EXTRACT,ALBIZIA JULIBRISSIN BARK EXTRACT
Albizia Julibrissin Bark Extract,ALBIZIA JULIBRISSIN BARK EXTRACT,ALBIZIA JULIBRISSIN BARK EXTRACT
ALCHEMILLA VULGARIS EXTRACT,ALCHEMILLA VULGARIS EXTRACT,ALCHEMILLA VULGARIS EXTRACT
ALCOHOL,ALCOHOL,ALCOHOL
Alohol,ALCOHOL,ALCOHOL
Alcohol,ALCOHOL,ALCOHOL
ALCOHOL DENAT,ALCOHOL DENAT,ALCOHOL DENAT
Alcohol denat,ALCOHOL DENAT,ALCOHOL DENAT
alcohol denat,ALCOHOL DENAT,ALCOHOL DENAT
Alcohol Denat,ALCOHOL DENAT,ALCOHOL DENAT
Alcohol* Denat,ALCOHOL* DENAT,ALCOHOL DENAT
Aleurites Moluccana Seed Oil,ALEURITES MOLUCCANA SEED OIL,ALEURITES MOLUCCANA SEED OIL
Aleurites Moluccanus Seed Oil,ALEURITES MOLUCCANUS SEED OIL,ALEURITES MOLUCCANA SEED OIL
Alga z Okinawy,ALGA Z OKINAWY,ALGAE EXTRACT
ALGAE EXTRACT,ALGAE EXTRACT,ALGAE EXTRACT
Algae Extract,ALGAE EXTRACT,ALGAE EXTRACT
Algin,ALGIN,ALGIN
ALGIN,ALGIN,ALGIN
Allantoin,ALLANTOIN,ALLANTOIN
ALLANTOIN,ALLANTOIN,ALLANTOIN
Allantoinn,ALLANTOIN,ALLANTOIN
ALLIUM SATIVUM BULB EXTRACT,ALLIUM SATIVUM BULB EXTRACT,ALLIUM SATIVUM BULB EXTRACT
ALOE ARBORESCENS LEAF EXTRACT,ALOE ARBORESCENS LEAF EXTRACT,ALOE ARBORESCENS LEAF EXTRACT
ALOE ARBORESCENS LEAF JUICE,ALOE ARBORESCENS LEAF JUICE,ALOE ARBORESCENS LEAF JUICE
Aloe Barbadensis Extract,ALOE BARBADENSIS EXTRACT,ALOE BARBADENSIS EXTRACT
ALOE BARBADENSIS FLOWER EXTRACT,ALOE BARBADENSIS FLOWER EXTRACT,ALOE BARBADENSIS FLOWER EXTRACT
Aloe Barbadensis Flower Extract,ALOE BARBADENSIS FLOWER EXTRACT,ALOE BARBADENSIS FLOWER EXTRACT
ALOE BARBADENSIS LEAF EXTRACT,ALOE BARBADENSIS LEAF EXTRACT,ALOE BARBADENSIS LEAF EXTRACT
Aloe Barbadensis Leaf Extract,ALOE BARBADENSIS LEAF EXTRACT,ALOE BARBADENSIS LEAF EXTRACT
Aloe Barbadensis (Aloe Vera) Leaf Extract,ALOE BARBADENSIS LEAF EXTRACT,ALOE BARBADENSIS LEAF EXTRACT
Aloe Barbadensis Leaf Extract (21mg),ALOE BARBADENSIS LEAF EXTRACT,ALOE BARBADENSIS LEAF EXTRACT
Aloe Barbadensis Leaf Extract (188ppm),ALOE BARBADENSIS LEAF EXTRACT,ALOE BARBADENSIS LEAF EXTRACT
aloes Juice Powder,ALOE BARBADENSIS LEAF EXTRACT JUICE POWDER,ALOE BARBADENSIS LEAF EXTRACT JUICE POWDER
aloes,ALOE BARBADENSIS LEAF EXTRACT VITIS,ALOE BARBADENSIS LEAF EXTRACT
Aloe Barbadensis Leaf Juice,ALOE BARBADENSIS LEAF JUICE,ALOE BARBADENSIS LEAF JUICE
ALOE BARBADENSIS LEAF JUICE,ALOE BARBADENSIS LEAF JUICE,ALOE BARBADENSIS LEAF JUICE
Aloe Barbadensis Leaf Juice Powder,ALOE BARBADENSIS LEAF JUICE POWDER,ALOE BARBADENSIS LEAF JUICE POWDER
ALOE BARBADENSIS LEAF JUICE POWDER,ALOE BARBADENSIS LEAF JUICE POWDER,ALOE BARBADENSIS LEAF JUICE POWDER
Aloe Barbadensis Leaf Water,ALOE BARBADENSIS LEAF WATER,ALOE BARBADENSIS LEAF WATER
ALOE BARBADENSIS LEAF WATER,ALOE BARBADENSIS LEAF WATER,ALOE BARBADENSIS LEAF WATER
Aloe Barbadensis Lewaf Juice,ALOE BARBADENSIS LEWAF JUICE,ALOE BARBADENSIS LEAF JUICE
Aloe Barbanensis Leaf Extract,ALOE BARBANENSIS LEAF EXTRACT,ALOE BARBADENSIS LEAF EXTRACT
Aloe Vera Leaf Extract,ALOE VERA LEAF EXTRACT,ALOE VERA LEAF EXTRACT
ALOE VERA LEAF EXTRACT,ALOE VERA LEAF EXTRACT,ALOE VERA LEAF EXTRACT
ALOE YOHJYU MATSU EKISU,ALOE YOHJYU MATSU EKISU,ALOE YOHJYU MATSU EKISU
Aloe Yohjyu Matsu Ekisu,ALOE YOHJYU MATSU EKISU,ALOE YOHJYU MATSU EKISU
ALPA-ISOMETHYL IONONE,ALPA-ISOMETHYL IONONE,ALPHA-ISOMETHYL IONONE
Alpha Isomethyl Ionone,ALPHA ISOMETHYL IONONE,ALPHA-ISOMETHYL IONONE
Alpha- Arbutin,ALPHA- ARBUTIN,ALPHA-ARBUTIN
Alpha- Isomethyl Ionone,ALPHA- ISOMETHYL IONONE,ALPHA-ISOMETHYL IONONE
Alpha-Arbutin,ALPHA-ARBUTIN,ALPHA-ARBUTIN
ALPHA-ARBUTIN,ALPHA-ARBUTIN,ALPHA-ARBUTIN
Alpha-Glucan Oligosaccharide,ALPHA-GLUCAN OLIGOSACCHARIDE,ALPHA-GLUCAN OLIGOSACCHARIDE
Alpha-glucan Oligosaccharide,ALPHA-GLUCAN OLIGOSACCHARIDE,ALPHA-GLUCAN OLIGOSACCHARIDE
ALPHA-GLUCAN OLIGOSACCHARIDE,ALPHA-GLUCAN OLIGOSACCHARIDE,ALPHA-GLUCAN OLIGOSACCHARIDE
alpha-iso-Methylionone,ALPHA-ISO-METHYLIONONE,ALPHA-ISOMETHYL IONONE
Alpha-isomethyl Ionone,ALPHA-ISOMETHYL IONONE,ALPHA-ISOMETHYL IONONE
ALPHA-ISOMETHYL IONONE,ALPHA-ISOMETHYL IONONE,ALPHA-ISOMETHYL IONONE
alpha-isomethyl ionone,ALPHA-ISOMETHYL IONONE,ALPHA-ISOMETHYL IONONE
Alpha-Isomethyl Ionone,ALPHA-ISOMETHYL IONONE,ALPHA-ISOMETHYL IONONE
Alpha-lsomethyl lonone,ALPHA-LSOMETHYL LONONE,ALPHA-ISOMETHYL IONONE
Alpha-Terpinene,ALPHA-TERPINENE,ALPHA-TERPINENE
Alpinia Galanga Extract,ALPINIA GALANGA EXTRACT,ALPINIA GALANGA EXTRACT
alpinia galanga leaf extract,ALPINIA GALANGA LEAF EXTRACT,ALPINIA GALANGA LEAF EXTRACT
ALTEROMONAS FERMENT EXTRACT,ALTEROMONAS FERMENT EXTRACT,ALTEROMONAS FERMENT EXTRACT
Alteromonas Ferment Extract,ALTEROMONAS FERMENT EXTRACT,ALTEROMONAS FERMENT EXTRACT
Althaea Officinalis Root Extract,ALTHAEA OFFICINALIS ROOT EXTRACT,ALTHAEA OFFICINALIS ROOT EXTRACT
Althaea Rosea Flower Extract,ALTHAEA ROSEA FLOWER EXTRACT,ALTHAEA ROSEA FLOWER EXTRACT
ALTHAEA ROSEA FLOWER EXTRACT,ALTHAEA ROSEA FLOWER EXTRACT,ALTHAEA ROSEA FLOWER EXTRACT
Althanonin,ALTHANONIN,ALLANTOIN
ALUMINA,ALUMINA,ALUMINA
Alumina,ALUMINA,ALUMINA
Aluminium Hydroxide,ALUMINIUM HYDROXIDE,ALUMINIUM HYDROXIDE
Aluminium Silicate,ALUMINIUM SILICATE,ALUMINIUM SILICATE
Aluminium Starach Octenylsuccinate,ALUMINIUM STARACH OCTENYLSUCCINATE,ALUMINIUM STARCH OCTENYLSUCCINATE
ALUMINUM,ALUMINUM,ALUMINUM
Aluminum,ALUMINUM,ALUMINUM
Aluminum Chloride,ALUMINUM CHLORIDE,ALUMINUM CHLORIDE
ALUMINUM CHLORIDE,ALUMINUM CHLORIDE,ALUMINUM CHLORIDE
ALUMINUM CHLOROHYDRATE,ALUMINUM CHLOROHYDRATE,ALUMINUM CHLOROHYDRATE
ALUMINUM GLYCINATE,ALUMINUM GLYCINATE,ALUMINUM GLYCINATE
Aluminum Glycinate,ALUMINUM GLYCINATE,ALUMINUM GLYCINATE
Aluminum Hydroxide,ALUMINUM HYDROXIDE,ALUMINUM HYDROXIDE
ALUMINUM HYDROXIDE,ALUMINUM HYDROXIDE,ALUMINUM HYDROXIDE
aluminum starch octenylsuccinate,ALUMINUM STARCH OCTENYLSUCCINATE,ALUMINUM STARCH OCTENYLSUCCINATE
Aluminum Starch Octenylsuccinate,ALUMINUM STARCH OCTENYLSUCCINATE,ALUMINUM STARCH OCTENYLSUCCINATE
ALUMINUM STARCH OCTENYLSUCCINATE,ALUMINUM STARCH OCTENYLSUCCINATE,ALUMINUM STARCH OCTENYLSUCCINATE
Aluminum Stearates,ALUMINUM STEARATES,ALUMINUM STEARATES
ALUMINUM STEARATES,ALUMINUM STEARATES,ALUMINUM STEARATES
ALUMINUM SUCROSE OCTASULFATE,ALUMINUM SUCROSE OCTASULFATE,ALUMINUM SUCROSE OCTASULFATE
AMARANTHUS CAUDATUS SEED EXTRACT,AMARANTHUS CAUDATUS SEED EXTRACT,AMARANTHUS CAUDATUS SEED EXTRACT
Amaranthus Caudatus Seed Extract,AMARANTHUS CAUDATUS SEED EXTRACT,AMARANTHUS CAUDATUS SEED EXTRACT
AMARANTHUS CAUDATUS SEED OIL,AMARANTHUS CAUDATUS SEED OIL,AMARANTHUS CAUDATUS SEED OIL
AMARANTHUS CRUENTUS SEED OIL,AMARANTHUS CRUENTUS SEED OIL,AMARANTHUS CRUENTUS SEED OIL
Amber Extract,AMBER EXTRACT,AMBER EXTRACT
AMBER EXTRACT,AMBER EXTRACT,AMBER EXTRACT
amber powder,AMBER POWDER,AMBER POWDER
Amber Powder,AMBER POWDER,AMBER POWDER
Amethyst Extract,AMETHYST EXTRACT,AMETHYST EXTRACT
AMETHYST EXTRACT,AMETHYST EXTRACT,AMETHYST EXTRACT
Aminobutyric Acid,AMINOBUTYRIC ACID,AMINOBUTYRIC ACID
AMINOBUTYRIC ACID,AMINOBUTYRIC ACID,AMINOBUTYRIC ACID
Aminoethylphosphinic Acid,AMINOETHYLPHOSPHINIC ACID,AMINOETHYLPHOSPHINIC ACID
AMINOMETHYL PROPANEDIOL,AMINOMETHYL PROPANEDIOL,AMINOMETHYL PROPANEDIOL
Aminomethyl Propanol,AMINOMETHYL PROPANOL,AMINOMETHYL PROPANOL
AMINOMETHYL PROPANOL,AMINOMETHYL PROPANOL,AMINOMETHYL PROPANOL
AMMONIUM ACRYLOYL DIMETHYLTAURATE/CARBOXYETHYL ACRYLATE CROSSPOLYMER,AMMONIUM ACRYLOYL DIMETHYLTAURATE/CARBOXYETHYL ACRYLATE CROSSPOLYMER,AMMONIUM ACRYLOYLDIMETHYLTAURATE/CARBOXYETHYL ACRYLATE CROSSPOLYMER
Ammonium Acryloyldimethyl Taurate/Steareth-25 Methacrylate Crosspolymer,AMMONIUM ACRYLOYLDIMETHYL TAURATE/STEARETH-25 METHACRYLATE CROSSPOLYMER,AMMONIUM ACRYLOYLDIMETHYLTAURATE/STEARETH-25 METHACRYLATE CROSSPOLYMER
AMMONIUM ACRYLOYLDIMETHYLTAURATE/BEHENETH-25 METHACRYLATE CROSSPOLYMER,AMMONIUM ACRYLOYLDIMETHYLTAURATE/BEHENETH-25 METHACRYLATE CROSSPOLYMER,AMMONIUM ACRYLOYLDIMETHYLTAURATE/BEHENETH-25 METHACRYLATE CROSSPOLYMER
Ammonium Acryloyldimethyltaurate/Steareth-25 Methacrylate Crosspolymer,AMMONIUM ACRYLOYLDIMETHYLTAURATE/STEARETH-25 METHACRYLATE CROSSPOLYMER,AMMONIUM ACRYLOYLDIMETHYLTAURATE/STEARETH-25 METHACRYLATE CROSSPOLYMER
AMMONIUM ACRYLOYLDIMETHYLTAURATE/VP COPOLYMER,AMMONIUM ACRYLOYLDIMETHYLTAURATE/VP COPOLYMER,AMMONIUM ACRYLOYLDIMETHYLTAURATE/VP COPOLYMER
Ammonium Acryloyldimethyltaurate/VP Copolymer,AMMONIUM ACRYLOYLDIMETHYLTAURATE/VP COPOLYMER,AMMONIUM ACRYLOYLDIMETHYLTAURATE/VP COPOLYMER
Ammonium Acryloyldimethyltaurate/vp Copolymer,AMMONIUM ACRYLOYLDIMETHYLTAURATE/VP COPOLYMER,AMMONIUM ACRYLOYLDIMETHYLTAURATE/VP COPOLYMER
Ammonium Glycyrrhizate,AMMONIUM GLYCYRRHIZATE,AMMONIUM GLYCYRRHIZATE
AMMONIUM GLYCYRRHIZATE,AMMONIUM GLYCYRRHIZATE,AMMONIUM GLYCYRRHIZATE
AMMONIUM HYDROXIDE,AMMONIUM HYDROXIDE,AMMONIUM HYDROXIDE
AMMONIUM LACTATE,AMMONIUM LACTATE,AMMONIUM LACTATE
AMMONIUM LAURYL SULFATE,AMMONIUM LAURYL SULFATE,AMMONIUM LAURYL SULFATE
Ammonium Polyacryldimethyltauramide,AMMONIUM POLYACRYLDIMETHYLTAURAMIDE,AMMONIUM POLYACRYLOYLDIMETHYL TAURAMIDE
AMMONIUM POLYACRYLOYLDI-METHYL TAURATE,AMMONIUM POLYACRYLOYLDI-METHYL TAURATE,AMMONIUM POLYACRYLOYLDIMETHYL TAURATE
Ammonium Polyacryloyldimethyl,AMMONIUM POLYACRYLOYLDIMETHYL,AMMONIUM POLYACRYLOYLDIMETHYL TAURAMIDE
ammonium polyacryloyldimethyl taurate,AMMONIUM POLYACRYLOYLDIMETHYL TAURATE,AMMONIUM POLYACRYLOYLDIMETHYL TAURATE
Ammonium Polyacryloyldimethyl Taurate,AMMONIUM POLYACRYLOYLDIMETHYL TAURATE,AMMONIUM POLYACRYLOYLDIMETHYL TAURATE
AMMONIUM POLYACRYLOYLDIMETHYL TAURATE,AMMONIUM POLYACRYLOYLDIMETHYL TAURATE,AMMONIUM POLYACRYLOYLDIMETHYL TAURATE
Ammonium Polycryloyldxmethyl Taurate,AMMONIUM POLYCRYLOYLDXMETHYL TAURATE,AMMONIUM POLYACRYLOYLDIMETHYL TAURATE
Amodimethicone,AMODIMETHICONE,AMODIMETHICONE
AMP-ACRYLATES/ALLYL METHACRYLATE COPOLYMER,AMP-ACRYLATES/ALLYL METHACRYLATE COPOLYMER,AMP-ACRYLATES/ALLYL METHACRYLATE COPOLYMER
AMYL CINNAMAL,AMYL CINNAMAL,AMYL CINNAMAL
Amyl Cinnamal,AMYL CINNAMAL,AMYL CINNAMAL
AMYL SALICYLATE,AMYL SALICYLATE,AMYL SALICYLATE
Amyl Salicylate,AMYL SALICYLATE,AMYL SALICYLATE
Amylopectin,AMYLOPECTIN,AMYLOPECTIN
AMYLOPECTIN,AMYLOPECTIN,AMYLOPECTIN
Amyris Balsamifera Bark Oil,AMYRIS BALSAMIFERA BARK OIL,AMYRIS BALSAMIFERA BARK OIL
AMYRIS BALSAMIFERA BARK OIL,AMYRIS BALSAMIFERA BARK OIL,AMYRIS BALSAMIFERA BARK OIL
ANACARDIUM OCCIDENTALE EXTRACT,ANACARDIUM OCCIDENTALE EXTRACT,ANACARDIUM OCCIDENTALE EXTRACT
Anadenanthera Colubrina Bark Extract,ANADENANTHERA COLUBRINA BARK EXTRACT,ANADENANTHERA COLUBRINA BARK EXTRACT
ANANAS SATIVUS FRUIT EXTRACT,ANANAS SATIVUS FRUIT EXTRACT,ANANAS SATIVUS FRUIT EXTRACT
ananas sativus fruit extract,ANANAS SATIVUS FRUIT EXTRACT,ANANAS SATIVUS FRUIT EXTRACT
Ananas Sativus (Pineapple) Fruit Extract,ANANAS SATIVUS FRUIT EXTRACT,ANANAS SATIVUS FRUIT EXTRACT
Ananas Sativus Fruit Extract,ANANAS SATIVUS FRUIT EXTRACT,ANANAS SATIVUS FRUIT EXTRACT
ANANAS SATIVUS FRUIT WATER,ANANAS SATIVUS FRUIT WATER,ANANAS SATIVUS FRUIT WATER
ANASTATICA HIEROCHUNTICA EXTRACT,ANASTATICA HIEROCHUNTICA EXTRACT,ANASTATICA HIEROCHUNTICA EXTRACT
Anemarrhena Asphodeloides Root Extract,ANEMARRHENA ASPHODELOIDES ROOT EXTRACT,ANEMARRHENA ASPHODELOIDES ROOT EXTRACT
Anethole,ANETHOLE,ANETHOLE
ANETHOLE,ANETHOLE,ANETHOLE
Angelica Archangelica Root Extract,ANGELICA ARCHANGELICA ROOT EXTRACT,ANGELICA ARCHANGELICA ROOT EXTRACT
Angelica Gigas Root Extract,ANGELICA GIGAS ROOT EXTRACT,ANGELICA GIGAS ROOT EXTRACT
ANGELICA GIGAS ROOT EXTRACT,ANGELICA GIGAS ROOT EXTRACT,ANGELICA GIGAS ROOT EXTRACT
Angelica Keiskei Extract,ANGELICA KEISKEI EXTRACT,ANGELICA KEISKEI EXTRACT
ANGELICA KEISKEI LEAF,ANGELICA KEISKEI LEAF,ANGELICA KEISKEI LEAF
Anhydroxylitol,ANHYDROXYLITOL,ANHYDROXYLITOL
ANHYDROXYLITOL,ANHYDROXYLITOL,ANHYDROXYLITOL
Aniba Rosodora (Rosewood) Wood Oil,ANIBA ROSODORA WOOD OIL,ANIBA ROSODORA WOOD OIL
Anigozanthos Flavidus (Kangaroo Paw) Extract,ANIGOZANTHOS FLAVIDUS EXTRACT,ANIGOZANTHOS FLAVIDUS EXTRACT
Anise alcohol,ANISE ALCOHOL,ANISE ALCOHOL
Anise Alcohol,ANISE ALCOHOL,ANISE ALCOHOL
ANISE ALCOHOL,ANISE ALCOHOL,ANISE ALCOHOL
Anthemis Nobilis (Chamomille) Extract,ANTHEMIS NOBILIS EXTRACT,ANTHEMIS NOBILIS EXTRACT
ANTHEMIS NOBILIS FLOWER EXTRACT,ANTHEMIS NOBILIS FLOWER EXTRACT,ANTHEMIS NOBILIS FLOWER EXTRACT
Anthemis Nobilis Flower Oil,ANTHEMIS NOBILIS FLOWER OIL,ANTHEMIS NOBILIS FLOWER OIL
ANTHEMIS NOBILIS FLOWER OIL,ANTHEMIS NOBILIS FLOWER OIL,ANTHEMIS NOBILIS FLOWER OIL
ANTHEMIS NOBILIS FLOWER WATER,ANTHEMIS NOBILIS FLOWER WATER,ANTHEMIS NOBILIS FLOWER WATER
APHANIZOMENON FLOS-AQUAE EXTRACT,APHANIZOMENON FLOS-AQUAE EXTRACT,APHANIZOMENON FLOS-AQUAE EXTRACT
APIUM GRAVEOLENS SEED EXTRACT,APIUM GRAVEOLENS SEED EXTRACT,APIUM GRAVEOLENS SEED EXTRACT
apricot kernel oil,APRICOT KERNEL OIL,APRICOT KERNEL OIL
Apricot Kernel Oil,APRICOT KERNEL OIL,APRICOT KERNEL OIL
Odżywczy krem przeciwzmarszczkowy SPF 20 na dzień: Aqua,AQUA,AQUA
Serum lifting: Aqua (Water),AQUA,AQUA
Parfum Krem na noc: Aqua,AQUA,AQUA
967550 28: AQUA,AQUA,AQUA
Ingredients: Aqua,AQUA,AQUA
Aqua (Purified Water),AQUA,AQUA
Ingredients: Aqua (Water),AQUA,AQUA
Odżywczy krem przeciwzmarszczkowy na noc: Aqua,AQUA,AQUA
KROK 1: AQUA,AQUA,AQUA
Hyaluronic Acid Krem na noc: Water,AQUA,AQUA
KROK 2: AQUA,AQUA,AQUA
Water(Aqua),AQUA,AQUA
Odbudowujący krem przeciwzmarszczkowy na dzień: Aqua,AQUA,AQUA
Aqua (Water ),AQUA,AQUA
KOMPRES ŁAGODZĄCY: AQUA,AQUA,AQUA
Krem na dzień: Aqua,AQUA,AQUA
WATER,AQUA,AQUA
Aqua (water ),AQUA,AQUA
Aqua (woda oczyszczona),AQUA,AQUA
Aqua (Water),AQUA,AQUA
Dehydroacetic Acid Ampułka z DMAE: Aqua,AQUA,AQUA
KREM DO TWARZY: AQUA,AQUA,AQUA
Krem na dzień: Water,AQUA,AQUA
Blue 1 Krem na noc: Water,AQUA,AQUA
KREM DO DEPILACJI: AQUA,AQUA,AQUA
Aqua,AQUA,AQUA
Odbudowujący krem przeciwzmarszczkowy na noc: Aqua,AQUA,AQUA
Aqua* (woda oczyszczona),AQUA,AQUA
water,AQUA,AQUA
AQUA,AQUA,AQUA
SERUM DO TWARZY: AQUA,AQUA,AQUA
Water,AQUA,AQUA
Aqua (Swiss Thermal Spring Water),AQUA,AQUA
Ar ginine,AR GININE,ARGININE
Arachidic Acid,ARACHIDIC ACID,ARACHIDIC ACID
ARACHIDIC ACID,ARACHIDIC ACID,ARACHIDIC ACID
ARACHIDYL ALCOHOL,ARACHIDYL ALCOHOL,ARACHIDYL ALCOHOL
Arachidyl Alcohol,ARACHIDYL ALCOHOL,ARACHIDYL ALCOHOL
ARACHIDYL GLUCOSIDE,ARACHIDYL GLUCOSIDE,ARACHIDYL GLUCOSIDE
Arachidyl Glucoside,ARACHIDYL GLUCOSIDE,ARACHIDYL GLUCOSIDE
ARACHIS HYPOGAEA OIL,ARACHIS HYPOGAEA OIL,ARACHIS HYPOGAEA OIL
Arachis Hypogaea Oil,ARACHIS HYPOGAEA OIL,ARACHIS HYPOGAEA OIL
ARBUTIN,ARBUTIN,ARBUTIN
Arbutus Unedo Fruit Extract,ARBUTUS UNEDO FRUIT EXTRACT,ARBUTUS UNEDO FRUIT EXTRACT
Arctium Lappa Root Extract,ARCTIUM LAPPA ROOT EXTRACT,ARCTIUM LAPPA ROOT EXTRACT
ARCTIUM LAPPA ROOT EXTRACT,ARCTIUM LAPPA ROOT EXTRACT,ARCTIUM LAPPA ROOT EXTRACT
ARCTIUM MAJUS ROOT EXTRACT,ARCTIUM MAJUS ROOT EXTRACT,ARCTIUM MAJUS ROOT EXTRACT
ARCTOSTAPHYLOS UVA-URSI LEAF EXTRACT,ARCTOSTAPHYLOS UVA-URSI LEAF EXTRACT,ARCTOSTAPHYLOS UVA-URSI LEAF EXTRACT
ARGAN OIL POLYGLYCERYL-6 ESTERS,ARGAN OIL POLYGLYCERYL-6 ESTERS,ARGAN OIL POLYGLYCERYL-6 ESTERS
ARGANIA SPINOSA KERNEL EXTRACT,ARGANIA SPINOSA KERNEL EXTRACT,ARGANIA SPINOSA KERNEL EXTRACT
Argania spinosa kernel Oil,ARGANIA SPINOSA KERNEL OIL,ARGANIA SPINOSA KERNEL OIL
Argania spinosa kernel oil,ARGANIA SPINOSA KERNEL OIL,ARGANIA SPINOSA KERNEL OIL
ARGANIA SPINOSA KERNEL OIL,ARGANIA SPINOSA KERNEL OIL,ARGANIA SPINOSA KERNEL OIL
100% Argania Spinosa Kernel Oil,ARGANIA SPINOSA KERNEL OIL,ARGANIA SPINOSA KERNEL OIL
Argania Spinosa Kernel Oil,ARGANIA SPINOSA KERNEL OIL,ARGANIA SPINOSA KERNEL OIL
ARGILLA,ARGILLA,ARGILLA
Arginine,ARGININE,ARGININE
ARGININE PCA,ARGININE,ARGININE
ARGININE HCl,ARGININE,ARGININE
Arginine HCL,ARGININE,ARGININE
Arginine PCA,ARGININE,ARGININE
ARGININE,ARGININE,ARGININE
ARNICA MONTANA EXTRACT,ARNICA MONTANA EXTRACT,ARNICA MONTANA EXTRACT
ARNICA MONTANA FLOWER EXTRACT,ARNICA MONTANA FLOWER EXTRACT,ARNICA MONTANA FLOWER EXTRACT
Arnica Montana Flower Extract,ARNICA MONTANA FLOWER EXTRACT,ARNICA MONTANA FLOWER EXTRACT
Aroma (Aromat),AROMA,AROMA
Flavor,AROMA,AROMA
Aroma,AROMA,AROMA
Aroma (Flavor),AROMA,AROMA
AROMA,AROMA,AROMA
Aronia Melanocarpa Seed Oil,ARONIA MELANOCARPA SEED OIL,ARONIA MELANOCARPA SEED OIL
ARTEMIA EXTRACT,ARTEMIA EXTRACT,ARTEMIA EXTRACT
Artemisia Annua Extract,ARTEMISIA ANNUA EXTRACT,ARTEMISIA ANNUA EXTRACT
ARTEMISIA CAPILLARIS EXTRACT,ARTEMISIA CAPILLARIS EXTRACT,ARTEMISIA CAPILLARIS EXTRACT
Artemisia Capillaris Extract,ARTEMISIA CAPILLARIS EXTRACT,ARTEMISIA CAPILLARIS EXTRACT
ARTEMISIA CAPILLARIS FLOWER EXTRACT,ARTEMISIA CAPILLARIS FLOWER EXTRACT,ARTEMISIA CAPILLARIS FLOWER EXTRACT
ARTEMISIA PRINCEPS LEAF EXTRACT,ARTEMISIA PRINCEPS LEAF EXTRACT,ARTEMISIA PRINCEPS LEAF EXTRACT
Artemisia Princeps Leaf Extract,ARTEMISIA PRINCEPS LEAF EXTRACT,ARTEMISIA PRINCEPS LEAF EXTRACT
ARTEMISIA PRINCEPS LEAF POWDER,ARTEMISIA PRINCEPS LEAF POWDER,ARTEMISIA PRINCEPS LEAF POWDER
Artemisia Vulgaris Extract,ARTEMISIA VULGARIS EXTRACT,ARTEMISIA VULGARIS EXTRACT
ARTEMISIA VULGARIS OIL,ARTEMISIA VULGARIS OIL,ARTEMISIA VULGARIS OIL
ARUNDINARIA GIGANTEA FERMENT FILTRATE,ARUNDINARIA GIGANTEA FERMENT FILTRATE,ARUNDINARIA GIGANTEA FERMENT FILTRATE
Arundinaria Gigantea Ferment Filtrate,ARUNDINARIA GIGANTEA FERMENT FILTRATE,ARUNDINARIA GIGANTEA FERMENT FILTRATE
Arundo Donax Stem Extract,ARUNDO DONAX STEM EXTRACT,ARUNDO DONAX STEM EXTRACT
ASARUM SIEBOLDII ROOT EXTRACT,ASARUM SIEBOLDII ROOT EXTRACT,ASARUM SIEBOLDII ROOT EXTRACT
Asarum Sieboldii Root Extract,ASARUM SIEBOLDII ROOT EXTRACT,ASARUM SIEBOLDII ROOT EXTRACT
ASCOPHYLLUM NODOSUM EXTRACT,ASCOPHYLLUM NODOSUM EXTRACT,ASCOPHYLLUM NODOSUM EXTRACT
Ascophyllum Nodosum Extract,ASCOPHYLLUM NODOSUM EXTRACT,ASCOPHYLLUM NODOSUM EXTRACT
Ascorbic Acid,ASCORBIC ACID,ASCORBIC ACID
Ascrobic Acid,ASCORBIC ACID,ASCORBIC ACID
ASCORBIC ACID,ASCORBIC ACID,ASCORBIC ACID
ASCORBIC ACID POLYPEPTIDE,ASCORBIC ACID POLYPEPTIDE,ASCORBIC ACID POLYPEPTIDE
ASCORBYL GLUCOSIDE,ASCORBYL GLUCOSIDE,ASCORBYL GLUCOSIDE
Ascorbyl Glucoside,ASCORBYL GLUCOSIDE,ASCORBYL GLUCOSIDE
ASCORBYL METHYLSILANOL PECTINATE,ASCORBYL METHYLSILANOL PECTINATE,ASCORBYL METHYLSILANOL PECTINATE
Ascorbyl Palmitate (Vitamin C Derivate),ASCORBYL PALMITATE,ASCORBYL PALMITATE
Ascorbyl Palmitate,ASCORBYL PALMITATE,ASCORBYL PALMITATE
ASCORBYL PALMITATE,ASCORBYL PALMITATE,ASCORBYL PALMITATE
ASCORBYL TETRAISOPALMITATE,ASCORBYL TETRAISOPALMITATE,ASCORBYL TETRAISOPALMITATE
Ascorbyl Tetraisopalmitate,ASCORBYL TETRAISOPALMITATE,ASCORBYL TETRAISOPALMITATE
AscorbylPalmitate,ASCORBYLPALMITATE,ASCORBYL PALMITATE
Asiatic Acid,ASIATIC ACID,ASIATIC ACID
ASIATIC ACID,ASIATIC ACID,ASIATIC ACID
ASIATICOSIDE,ASIATICOSIDE,ASIATICOSIDE
Asiaticoside,ASIATICOSIDE,ASIATICOSIDE
Aspalathus Linearis Extract,ASPALATHUS LINEARIS EXTRACT,ASPALATHUS LINEARIS EXTRACT
ASPALATHUS LINEARIS LEAF EXTRACT,ASPALATHUS LINEARIS LEAF EXTRACT,ASPALATHUS LINEARIS LEAF EXTRACT
Aspalathus Linearis Leaf Extract,ASPALATHUS LINEARIS LEAF EXTRACT,ASPALATHUS LINEARIS LEAF EXTRACT
ASPARAGOPSIS ARMATA EXTRACT,ASPARAGOPSIS ARMATA EXTRACT,ASPARAGOPSIS ARMATA EXTRACT
Aspartic Acid,ASPARTIC ACID,ASPARTIC ACID
ASPARTIC ACID,ASPARTIC ACID,ASPARTIC ACID
ASPERGILLUS FERMENT,ASPERGILLUS FERMENT,ASPERGILLUS FERMENT
ASTAXANTHIN,ASTAXANTHIN,ASTAXANTHIN
ASTRAGALUS GUMMIFER GUM,ASTRAGALUS GUMMIFER GUM,ASTRAGALUS GUMMIFER GUM
ASTRAGALUS MEMBRANACEUS ROOT EXTRACT,ASTRAGALUS MEMBRANACEUS ROOT EXTRACT,ASTRAGALUS MEMBRANACEUS ROOT EXTRACT
Astragalus Membranaceus Root Extract,ASTRAGALUS MEMBRANACEUS ROOT EXTRACT,ASTRAGALUS MEMBRANACEUS ROOT EXTRACT
ASTROCARYUM MURUMURU SEED BUTTER,ASTROCARYUM MURUMURU SEED BUTTER,ASTROCARYUM MURUMURU SEED BUTTER
ASTROCARYUM TUCUMA SEED BUTTER,ASTROCARYUM TUCUMA SEED BUTTER,ASTROCARYUM TUCUMA SEED BUTTER
Astrocaryum Vulgare Seed Butter,ASTROCARYUM VULGARE SEED BUTTER,ASTROCARYUM VULGARE SEED BUTTER
ASTROCARYUM VULGARE SEED BUTTER,ASTROCARYUM VULGARE SEED BUTTER,ASTROCARYUM VULGARE SEED BUTTER
ATELOCOLLAGEN,ATELOCOLLAGEN,ATELOCOLLAGEN
Atelocollagen,ATELOCOLLAGEN,ATELOCOLLAGEN
AUREOBASIDIUM PULLULANS FERMENT EXTRACT,AUREOBASIDIUM PULLULANS FERMENT EXTRACT,AUREOBASIDIUM PULLULANS FERMENT EXTRACT
Avena Sativa (Oat) Bran Extract,AVENA SATIVA BRAN EXTRACT,AVENA SATIVA BRAN EXTRACT
Avena Sativa Kernel Extract,AVENA SATIVA KERNEL EXTRACT,AVENA SATIVA KERNEL EXTRACT
AVENA SATIVA KERNEL EXTRACT,AVENA SATIVA KERNEL EXTRACT,AVENA SATIVA KERNEL EXTRACT
Avena Sativa (Oat) Kernel Extract,AVENA SATIVA KERNEL EXTRACT,AVENA SATIVA KERNEL EXTRACT
Avena Sativa (Oat) Kernel Flour,AVENA SATIVA KERNEL FLOUR,AVENA SATIVA KERNEL FLOUR
Avena Sativa Kernel Flour,AVENA SATIVA KERNEL FLOUR,AVENA SATIVA KERNEL FLOUR
AVENA SATIVA KERNEL FLOUR,AVENA SATIVA KERNEL FLOUR,AVENA SATIVA KERNEL FLOUR
AVENA SATIVA KERNEL OIL,AVENA SATIVA KERNEL OIL,AVENA SATIVA KERNEL OIL
Avena Sativa Kernel Oil,AVENA SATIVA KERNEL OIL,AVENA SATIVA KERNEL OIL
Avena Sativa (Oat) Meal Extract,AVENA SATIVA MEAL EXTRACT,AVENA SATIVA MEAL EXTRACT
Avobenzone,AVOBENZONE,AVOBENZONE
Azelaic Acid,AZELAIC ACID,AZELAIC ACID
AZELAIC ACID,AZELAIC ACID,AZELAIC ACID
BABASSU OIL GLYCERETH-8 ESTERS,BABASSU OIL GLYCERETH-8 ESTERS,BABASSU OIL GLYCERETH-8 ESTERS
Babassu Oil Glycereth-8 Esters,BABASSU OIL GLYCERETH-8 ESTERS,BABASSU OIL GLYCERETH-8 ESTERS
Bacillus,BACILLUS,BACILLUS
BACILLUS,BACILLUS,BACILLUS
BACILLUS FERMENT,BACILLUS FERMENT,BACILLUS FERMENT
fermentacja soi,BACILLUS/SOYBEAN FERMENT EXTRACT,BACILLUS/SOYBEAN FERMENT EXTRACT
BACKHOUSIA CITRIODORA LEAF EXTRACT,BACKHOUSIA CITRIODORA LEAF EXTRACT,BACKHOUSIA CITRIODORA LEAF EXTRACT
Bacopa Monnieri Extract,BACOPA MONNIERI EXTRACT,BACOPA MONNIERI EXTRACT
BAKUCHIOL,BAKUCHIOL,BAKUCHIOL
Bakuchiol,BAKUCHIOL,BAKUCHIOL
Bamboo Ferment Extract,BAMBOO FERMENT EXTRACT,BAMBOO FERMENT EXTRACT
BAMBUSA ARUNDINACEA STEM EXTRACT,BAMBUSA ARUNDINACEA STEM EXTRACT,BAMBUSA ARUNDINACEA STEM EXTRACT
Bambusa Vulgaris Extract,BAMBUSA VULGARIS EXTRACT,BAMBUSA VULGARIS EXTRACT
BAMBUSA VULGARIS LEAF,BAMBUSA VULGARIS LEAF,BAMBUSA VULGARIS LEAF
Bambusa Vulgaris Leaf,BAMBUSA VULGARIS LEAF,BAMBUSA VULGARIS LEAF
BAMBUSA VULGARIS LEAF EXTRACT,BAMBUSA VULGARIS LEAF EXTRACT,BAMBUSA VULGARIS LEAF EXTRACT
BAMBUSA VULGARIS SHOOT EXTRACT,BAMBUSA VULGARIS SHOOT EXTRACT,BAMBUSA VULGARIS SHOOT EXTRACT
Bambusa Vulgaris Shoot Extract,BAMBUSA VULGARIS SHOOT EXTRACT,BAMBUSA VULGARIS SHOOT EXTRACT
BARIUM SULFATE,BARIUM SULFATE,BARIUM SULFATE
Barium Sulfate,BARIUM SULFATE,BARIUM SULFATE
Bark Extract,BARK EXTRACT,BARK EXTRACT
Barley Seed Ferment Filtrate,BARLEY SEED FERMENT FILTRATE,BARLEY SEED FERMENT FILTRATE
BARLEY SEED FERMENT FILTRATE,BARLEY SEED FERMENT FILTRATE,BARLEY SEED FERMENT FILTRATE
BAROSMA BETULINA LEAF EXTRACT,BAROSMA BETULINA LEAF EXTRACT,BAROSMA BETULINA LEAF EXTRACT
BEHENIC ACID,BEHENIC ACID,BEHENIC ACID
Behenic Acid,BEHENIC ACID,BEHENIC ACID
Behenyl,BEHENYL,BEHENYL ALCOHOL
BEHENYL,BEHENYL,BEHENYL ALCOHOL
Behenyl Alcohol,BEHENYL ALCOHOL,BEHENYL ALCOHOL
BEHENYL ALCOHOL,BEHENYL ALCOHOL,BEHENYL ALCOHOL
BEHENYL BEESWAX,BEHENYL BEESWAX,BEHENYL BEESWAX
BEHENYL BEHENATE,BEHENYL BEHENATE,BEHENYL BEHENATE
BEHENYL DIMER DILINOLEATE,BEHENYL DIMER DILINOLEATE,BEHENYL DIMER DILINOLEATE
BELLIS PERENNIS EXTRACT,BELLIS PERENNIS EXTRACT,BELLIS PERENNIS EXTRACT
BELLIS PERENNIS FLOWER EXTRACT,BELLIS PERENNIS FLOWER EXTRACT,BELLIS PERENNIS FLOWER EXTRACT
Bellis Perennis Flower Extract,BELLIS PERENNIS FLOWER EXTRACT,BELLIS PERENNIS FLOWER EXTRACT
BENTONITE,BENTONITE,BENTONITE
Bentonite,BENTONITE,BENTONITE
Benzaldehyde,BENZALDEHYDE,BENZALDEHYDE
BENZALDEHYDE,BENZALDEHYDE,BENZALDEHYDE
Benzethonium Chloride,BENZETHONIUM CHLORIDE,BENZETHONIUM CHLORIDE
BENZETHONIUM CHLORIDE,BENZETHONIUM CHLORIDE,BENZETHONIUM CHLORIDE
Benzoic Acid,BENZOIC ACID,BENZOIC ACID
BENZOIC ACID,BENZOIC ACID,BENZOIC ACID
Benzoic Acid**. *składniki pochodzenia naturalnego,BENZOIC ACID,BENZOIC ACID
BENZOPHENONE-3,BENZOPHENONE-3,BENZOPHENONE-3
BENZOPHENONE-4,BENZOPHENONE-4,BENZOPHENONE-4
Benzophenone-4,BENZOPHENONE-4,BENZOPHENONE-4
BENZOTRIAZOLYL DODECYL P-CRESOL,BENZOTRIAZOLYL DODECYL P-CRESOL,BENZOTRIAZOLYL DODECYL P-CRESOL
Benzotriazolyl Dodecyl p-Cresol,BENZOTRIAZOLYL DODECYL P-CRESOL,BENZOTRIAZOLYL DODECYL P-CRESOL
Benzotriazolyl Dodecyl P-cresol,BENZOTRIAZOLYL DODECYL P-CRESOL,BENZOTRIAZOLYL DODECYL P-CRESOL
Benzyl Alchohol,BENZYL ALCHOHOL,BENZYL ALCOHOL
BENZYL ALCOHOL,BENZYL ALCOHOL,BENZYL ALCOHOL
benzyl alcohol,BENZYL ALCOHOL,BENZYL ALCOHOL
Benzyl Alcohol *składniki posiadające certyfikat naturalności,BENZYL ALCOHOL,BENZYL ALCOHOL
Benzyl Alcohol,BENZYL ALCOHOL,BENZYL ALCOHOL
Benzyl Alkohol,BENZYL ALKOHOL,BENZYL ALCOHOL
Benzyl Ascorbate,BENZYL ASCORBATE,BENZYL ASCORBATE
Benzyl benzoate,BENZYL BENZOATE,BENZYL BENZOATE
Benzyl Benzoate,BENZYL BENZOATE,BENZYL BENZOATE
BENZYL BENZOATE,BENZYL BENZOATE,BENZYL BENZOATE
BENZYL CINNAMATE,BENZYL CINNAMATE,BENZYL CINNAMATE
Benzyl Cinnamate,BENZYL CINNAMATE,BENZYL CINNAMATE
BENZYL GLYCOL,BENZYL GLYCOL,BENZYL GLYCOL
BENZYL NICOTINATE,BENZYL NICOTINATE,BENZYL NICOTINATE
BENZYL SALICYLATE,BENZYL SALICYLATE,BENZYL SALICYLATE
benzyl salicylate,BENZYL SALICYLATE,BENZYL SALICYLATE
Benzyl Salicylate,BENZYL SALICYLATE,BENZYL SALICYLATE
Benzyl Silicate,BENZYL SILICATE,BENZYL SILICATE
Berberis Vulgaris Fruit Extract,BERBERIS VULGARIS FRUIT EXTRACT,BERBERIS VULGARIS FRUIT EXTRACT
BERTHOLLETIA EXCELSA SEED EXTRACT,BERTHOLLETIA EXCELSA SEED EXTRACT,BERTHOLLETIA EXCELSA SEED EXTRACT
BERTHOLLETIA EXCELSA SEED OIL,BERTHOLLETIA EXCELSA SEED OIL,BERTHOLLETIA EXCELSA SEED OIL
Beta Glucan,BETA GLUCAN,BETA-GLUCAN
Beta- Glucan,BETA- GLUCAN,BETA-GLUCAN
Beta- Sitosterol,BETA- SITOSTEROL,BETA-SITOSTEROL
BETA-CAROTENE,BETA-CAROTENE,BETA-CAROTENE
Beta-Carotene,BETA-CAROTENE,BETA-CAROTENE
BETA-CARYOPHYLLENE,BETA-CARYOPHYLLENE,BETA-CARYOPHYLLENE
Beta - Glucan,BETA-GLUCAN,BETA-GLUCAN
Beta-Glucan,BETA-GLUCAN,BETA-GLUCAN
BETA-GLUCAN,BETA-GLUCAN,BETA-GLUCAN
Beta-Sitoste - rol,BETA-SITOSTE-ROL,BETA-SITOSTEROL
BETA-SITOSTEROL,BETA-SITOSTEROL,BETA-SITOSTEROL
Beta-sitosterol,BETA-SITOSTEROL,BETA-SITOSTEROL
Beta - Sitosterol,BETA-SITOSTEROL,BETA-SITOSTEROL
Beta-Sitosterol,BETA-SITOSTEROL,BETA-SITOSTEROL
Betaine,BETAINE,BETAINE
BETAINE,BETAINE,BETAINE
Betaine Salicylate,BETAINE SALICYLATE,BETAINE SALICYLATE
BETAINE SALICYLATE,BETAINE SALICYLATE,BETAINE SALICYLATE
Betula Alba (Birch) Bark,BETULA ALBA BARK,BETULA ALBA BARK
BETULA ALBA BARK,BETULA ALBA BARK,BETULA ALBA BARK
BETULA ALBA BARK EXTRACT,BETULA ALBA BARK EXTRACT,BETULA ALBA BARK EXTRACT
Betula Alba Leaf Extract,BETULA ALBA LEAF EXTRACT,BETULA ALBA LEAF EXTRACT
Betula Alba Leaf Water,BETULA ALBA LEAF WATER,BETULA ALBA LEAF WATER
Betula Platyphylla Japonica Juice,BETULA PLATYPHYLLA JAPONICA JUICE,BETULA PLATYPHYLLA JAPONICA JUICE
Betula Platyphylla Japonica Juice (10,BETULA PLATYPHYLLA JAPONICA JUICE (10,BETULA PLATYPHYLLA JAPONICA JUICE
Betula Platyphylla Japonica Juice(10,BETULA PLATYPHYLLA JAPONICA JUICE(10,BETULA PLATYPHYLLA JAPONICA JUICE
Beznyl Alcohol,BEZNYL ALCOHOL,BENZYL ALCOHOL
BHA,BHA,BHA
BHT,BHT,BHT
Bht,BHT,BHT
Bidens Pilosa Extract,BIDENS PILOSA EXTRACT,BIDENS PILOSA EXTRACT
BIDENS PILOSA EXTRACT,BIDENS PILOSA EXTRACT,BIDENS PILOSA EXTRACT
BIFIDA FERMENT FILTRATE,BIFIDA FERMENT FILTRATE,BIFIDA FERMENT FILTRATE
Bifida Ferment Lysate,BIFIDA FERMENT LYSATE,BIFIDA FERMENT LYSATE
BIFIDA FERMENT LYSATE,BIFIDA FERMENT LYSATE,BIFIDA FERMENT LYSATE
Bioflavonoids,BIOFLAVONOIDS,BIOFLAVONOIDS
Biosaccaride Gum-1,BIOSACCARIDE GUM-1,BIOSACCHARIDE GUM-1
BIOSACCHARIDE GUM-1,BIOSACCHARIDE GUM-1,BIOSACCHARIDE GUM-1
Biosaccharide Gum-1,BIOSACCHARIDE GUM-1,BIOSACCHARIDE GUM-1
BIOSACCHARIDE GUM-2,BIOSACCHARIDE GUM-2,BIOSACCHARIDE GUM-2
Biosaccharide Gum-4,BIOSACCHARIDE GUM-4,BIOSACCHARIDE GUM-4
Biotin (Vitamin H),BIOTIN,BIOTIN
Biotin,BIOTIN,BIOTIN
BIOTIN,BIOTIN,BIOTIN
BIS(TRIPEPTIDE-1) COPPER ACETATE,BIS COPPER ACETATE,BIS COPPER ACETATE
Bis Diglyceryl Polyacyladipate 2,BIS DIGLYCERYL POLYACYLADIPATE 2,BIS DIGLYCERYL POLYACYLADIPATE 2
Bis Ethylhexyloxyphenol Methoxyphenyl Triazine,BIS ETHYLHEXYLOXYPHENOL METHOXYPHENYL TRIAZINE,BIS ETHYLHEXYLOXYPHENOL METHOXYPHENYL TRIAZINE
Bis- Diglyceryl Polyactyladipate- 2,BIS- DIGLYCERYL POLYACTYLADIPATE- 2,BIS-DIGLYCERYL POLYACYLADIPATE-2
BIS-AMINOPROPYL DIGLYCOL DIMALEATE,BIS-AMINOPROPYL DIGLYCOL DIMALEATE,BIS-AMINOPROPYL DIGLYCOL DIMALEATE
Bis-Behenyl,BIS-BEHENYL,BIS-BEHENYL
BIS-BEHENYL,BIS-BEHENYL,BIS-BEHENYL
Bis-Diglyceryl Polyacyladipate-2,BIS-DIGLYCERYL POLYACYLADIPATE-2,BIS-DIGLYCERYL POLYACYLADIPATE-2
BIS-DIGLYCERYL POLYACYLADIPATE-2,BIS-DIGLYCERYL POLYACYLADIPATE-2,BIS-DIGLYCERYL POLYACYLADIPATE-2
Bis-ethylhexyloxyphenol Methoxyphenyl Triazine,BIS-ETHYLHEXYLOXYPHENOL METHOXYPHENYL TRIAZINE,BIS-ETHYLHEXYLOXYPHENOL METHOXYPHENYL TRIAZINE
Bis-Ethylhexyloxyphenol Methoxyphenyl Triazine,BIS-ETHYLHEXYLOXYPHENOL METHOXYPHENYL TRIAZINE,BIS-ETHYLHEXYLOXYPHENOL METHOXYPHENYL TRIAZINE
BIS-ETHYLHEXYLOXYPHENOL METHOXYPHENYL TRIAZINE,BIS-ETHYLHEXYLOXYPHENOL METHOXYPHENYL TRIAZINE,BIS-ETHYLHEXYLOXYPHENOL METHOXYPHENYL TRIAZINE
Bis-PEG,BIS-PEG,BIS-PEG-18 METHYL ETHER DIMETHYL SILANE
BIS-PEG,BIS-PEG,BIS-PEG-18 METHYL ETHER DIMETHYL SILANE
Bis-Peg,BIS-PEG,BIS-PEG-18 METHYL ETHER DIMETHYL SILANE
BIS-PEG-18 METHYL ETHER DIMETHYL SILANE,BIS-PEG-18 METHYL ETHER DIMETHYL SILANE,BIS-PEG-18 METHYL ETHER DIMETHYL SILANE
bis-peg-18 methyl ether dimethyl silane,BIS-PEG-18 METHYL ETHER DIMETHYL SILANE,BIS-PEG-18 METHYL ETHER DIMETHYL SILANE
Bis-PEG-18 Methyl Ether Dimethyl Silane,BIS-PEG-18 METHYL ETHER DIMETHYL SILANE,BIS-PEG-18 METHYL ETHER DIMETHYL SILANE
Bis-Peg-18 Methyl Ether Dimethyl Silane,BIS-PEG-18 METHYL ETHER DIMETHYL SILANE,BIS-PEG-18 METHYL ETHER DIMETHYL SILANE
BIS-STEARYL DIMETHICONE,BIS-STEARYL DIMETHICONE,BIS-STEARYL DIMETHICONE
BISABOLOL,BISABOLOL,BISABOLOL
Bisabolol,BISABOLOL,BISABOLOL
Bismuth Oxychloride,BISMUTH OXYCHLORIDE,BISMUTH OXYCHLORIDE
Bixa Orellana Seed Extract,BIXA ORELLANA SEED EXTRACT,BIXA ORELLANA SEED EXTRACT
Bixa Orellana Seed Oil,BIXA ORELLANA SEED OIL,BIXA ORELLANA SEED OIL
bixa orellana seed oil,BIXA ORELLANA SEED OIL,BIXA ORELLANA SEED OIL
BIXA ORELLANA SEED OIL,BIXA ORELLANA SEED OIL,BIXA ORELLANA SEED OIL
Black Tea Ferment,BLACK TEA FERMENT,BLACK TEA FERMENT
BLACK TEA FERMENT,BLACK TEA FERMENT,BLACK TEA FERMENT
Blue Matcha( Clitoria Ternatea ) Flower Extract,BLUE MATCHA FLOWER EXTRACT,BLUE MATCHA FLOWER EXTRACT
BOERHAVIA DIFFUSA ROOT EXTRACT,BOERHAVIA DIFFUSA ROOT EXTRACT,BOERHAVIA DIFFUSA ROOT EXTRACT
Boerhavia Diffusa Root Extract,BOERHAVIA DIFFUSA ROOT EXTRACT,BOERHAVIA DIFFUSA ROOT EXTRACT
Borage Officinalis Seed Oil,BORAGE OFFICINALIS SEED OIL,BORAGO OFFICINALIS SEED OIL
BORAGO OFFICINALIS EXTRACT,BORAGO OFFICINALIS EXTRACT,BORAGO OFFICINALIS EXTRACT
BORAGO OFFICINALIS SEED OIL,BORAGO OFFICINALIS SEED OIL,BORAGO OFFICINALIS SEED OIL
Borago Officinalis Seed Oil,BORAGO OFFICINALIS SEED OIL,BORAGO OFFICINALIS SEED OIL
Boron Nitride,BORON NITRIDE,BORON NITRIDE
BORON NITRIDE,BORON NITRIDE,BORON NITRIDE
Boswellia Carterii Oil,BOSWELLIA CARTERII OIL,BOSWELLIA CARTERII OIL
BRANCHYCARPA EXTRACT,BRANCHYCARPA EXTRACT,BRANCHYCARPA EXTRACT
Brassica Alcohol,BRASSICA ALCOHOL,BRASSICA ALCOHOL
BRASSICA CAMPESTRIS EXTRACT,BRASSICA CAMPESTRIS EXTRACT,BRASSICA CAMPESTRIS EXTRACT
Brassica Campestris (Oleifera) Oil,BRASSICA CAMPESTRIS OIL,BRASSICA CAMPESTRIS OIL
Brassica Campestris Seed Oil,BRASSICA CAMPESTRIS SEED OIL,BRASSICA CAMPESTRIS SEED OIL
rzepak,BRASSICA CAMPESTRIS SEED OIL,BRASSICA CAMPESTRIS SEED OIL
Brassica Campestris (Rapeseed) Seed Oil,BRASSICA CAMPESTRIS SEED OIL,BRASSICA CAMPESTRIS SEED OIL
BRASSICA CAMPESTRIS SEED OIL,BRASSICA CAMPESTRIS SEED OIL,BRASSICA CAMPESTRIS SEED OIL
BRASSICA CAMPESTRIS STEROLS,BRASSICA CAMPESTRIS STEROLS,BRASSICA CAMPESTRIS STEROLS
BRASSICA NAPUS EXTRACT,BRASSICA NAPUS EXTRACT,BRASSICA NAPUS EXTRACT
BRASSICA NIGRA SEED EXTRACT,BRASSICA NIGRA SEED EXTRACT,BRASSICA NIGRA SEED EXTRACT
BRASSICA NIGRA SEED FERMENT EXTRACT,BRASSICA NIGRA SEED FERMENT EXTRACT,BRASSICA NIGRA SEED FERMENT EXTRACT
Brassica Oleracea Acephala Leaf Extract,BRASSICA OLERACEA ACEPHALA LEAF EXTRACT,BRASSICA OLERACEA ACEPHALA LEAF EXTRACT
BRASSICA OLERACEA ACEPHALA LEAF EXTRACT,BRASSICA OLERACEA ACEPHALA LEAF EXTRACT,BRASSICA OLERACEA ACEPHALA LEAF EXTRACT
BRASSICA OLERACEA ITALICA EXTRACT,BRASSICA OLERACEA ITALICA EXTRACT,BRASSICA OLERACEA ITALICA EXTRACT
Brassica Oleracea Italica (Broccoli) Extract,BRASSICA OLERACEA ITALICA EXTRACT,BRASSICA OLERACEA ITALICA EXTRACT
BRASSICA OLERACEA ITALICA SPROUT EXTRACT,BRASSICA OLERACEA ITALICA SPROUT EXTRACT,BRASSICA OLERACEA ITALICA SPROUT EXTRACT
Brassicamidopropyl Dimethylamine,BRASSICAMIDOPROPYL DIMETHYLAMINE,BRASSICAMIDOPROPYL DIMETHYLAMINE
Bromelain,BROMELAIN,BROMELAIN
BROMELAIN,BROMELAIN,BROMELAIN
Broussonetia Papyrifera Bark Extract,BROUSSONETIA PAPYRIFERA BARK EXTRACT,BROUSSONETIA PAPYRIFERA BARK EXTRACT
Budding Aureus Fermentation Product,BUDDING AUREUS FERMENTATION PRODUCT,BUDDING AUREUS FERMENTATION PRODUCT
BUDDLEJA OFFICINALIS FLOWER EXTRACT,BUDDLEJA OFFICINALIS FLOWER EXTRACT,BUDDLEJA OFFICINALIS FLOWER EXTRACT
BULBINE FRUTESCENS LEAF JUICE,BULBINE FRUTESCENS LEAF JUICE,BULBINE FRUTESCENS LEAF JUICE
BUTANE,BUTANE,BUTANE
Butane,BUTANE,BUTANE
Buteth-3,BUTETH-3,BUTETH-3
BUTETH-3,BUTETH-3,BUTETH-3
Butyl Methoxydibenzolmmethane,BUTYL METHOXYDIBENZOLMMETHANE,BUTYL METHOXYDIBENZOYLMETHANE
Butyl Methoxydibenzoyl-methane,BUTYL METHOXYDIBENZOYL-METHANE,BUTYL METHOXYDIBENZOYLMETHANE
Butyl Methoxydibenzoylmethane,BUTYL METHOXYDIBENZOYLMETHANE,BUTYL METHOXYDIBENZOYLMETHANE
BUTYL METHOXYDIBENZOYLMETHANE,BUTYL METHOXYDIBENZOYLMETHANE,BUTYL METHOXYDIBENZOYLMETHANE
BUTYLENE,BUTYLENE,BUTYLENE
Butylene Glycol,BUTYLENE GLYCOL,BUTYLENE GLYCOL
BUTYLENE GLYCOL,BUTYLENE GLYCOL,BUTYLENE GLYCOL
butylene glycol,BUTYLENE GLYCOL,BUTYLENE GLYCOL
Butylene Glycol Cocoate,BUTYLENE GLYCOL COCOATE,BUTYLENE GLYCOL COCOATE
BUTYLENE GLYCOL DICAPRYLATE,BUTYLENE GLYCOL DICAPRYLATE,BUTYLENE GLYCOL DICAPRYLATE
Butylene Glycol Dicaprylate,BUTYLENE GLYCOL DICAPRYLATE,BUTYLENE GLYCOL DICAPRYLATE
Butylene/Ethylene/Styrene Copolymer,BUTYLENE/ETHYLENE/STYRENE COPOLYMER,BUTYLENE/ETHYLENE/STYRENE COPOLYMER
BUTYLENE/ETHYLENE/STYRENE COPOLYMER,BUTYLENE/ETHYLENE/STYRENE COPOLYMER,BUTYLENE/ETHYLENE/STYRENE COPOLYMER
ButylMethoxydibenzoylmethane,BUTYLMETHOXYDIBENZOYLMETHANE,BUTYL METHOXYDIBENZOYLMETHANE
Butyloctyl Salicylate,BUTYLOCTYL SALICYLATE,BUTYLOCTYL SALICYLATE
BUTYLOCTYL SALICYLATE,BUTYLOCTYL SALICYLATE,BUTYLOCTYL SALICYLATE
Butylocyl Salicylate,BUTYLOCYL SALICYLATE,BUTYLOCTYL SALICYLATE
BUTYLPARABEN,BUTYLPARABEN,BUTYLPARABEN
Butylparaben,BUTYLPARABEN,BUTYLPARABEN
Butyrospermum Parkii (shea Butter),BUTYROSPERMUM PARKII,BUTYROSPERMUM PARKII
Butyrospermum Parkii (Shea Butter),BUTYROSPERMUM PARKII,BUTYROSPERMUM PARKII
Butyrospermum Parkii Butter* (masło shea),BUTYROSPERMUM PARKII BUTTER,BUTYROSPERMUM PARKII BUTTER
Butyrospermum parkii (Shea) butter,BUTYROSPERMUM PARKII BUTTER,BUTYROSPERMUM PARKII BUTTER
Butyrospermum Parkii Butter (Shea Butter),BUTYROSPERMUM PARKII BUTTER,BUTYROSPERMUM PARKII BUTTER
BUTYROSPERMUM PARKII (SHEA) BUTTER,BUTYROSPERMUM PARKII BUTTER,BUTYROSPERMUM PARKII BUTTER
butyrospermum parkii butter,BUTYROSPERMUM PARKII BUTTER,BUTYROSPERMUM PARKII BUTTER
Butyrospermum Parkii (Shea) Butter,BUTYROSPERMUM PARKII BUTTER,BUTYROSPERMUM PARKII BUTTER
BUTYROSPERMUM PARKII BUTTER,BUTYROSPERMUM PARKII BUTTER,BUTYROSPERMUM PARKII BUTTER
Butyrospermum Parkii Butter,BUTYROSPERMUM PARKII BUTTER,BUTYROSPERMUM PARKII BUTTER
Butyrospermum Parkii Butter Extract,BUTYROSPERMUM PARKII BUTTER EXTRACT,BUTYROSPERMUM PARKII BUTTER EXTRACT
BUTYROSPERMUM PARKII BUTTER EXTRACT,BUTYROSPERMUM PARKII BUTTER EXTRACT,BUTYROSPERMUM PARKII BUTTER EXTRACT
Butyrospermum Parku Butter,BUTYROSPERMUM PARKU BUTTER,BUTYROSPERMUM PARKII BUTTER
Butyrospernnum Parkii Butter,BUTYROSPERNNUM PARKII BUTTER,BUTYROSPERMUM PARKII BUTTER
C + Kwasem mlekowym: Aqua,AQUA,AQUA
C10-18 Triglycerides,C10-18 TRIGLYCERIDES,C10-18 TRIGLYCERIDES
C10-18 TRIGLYCERIDES,C10-18 TRIGLYCERIDES,C10-18 TRIGLYCERIDES
C10-30 CHOLESTEROL,C10-30 CHOLESTEROL,C10-30 CHOLESTEROL
C10-30 Cholesterol,C10-30 CHOLESTEROL,C10-30 CHOLESTEROL
C12-13 Alkyl Glyceryl Hydrolyzed Hyaluronate,C12-13 ALKYL GLYCERYL HYDROLYZED HYALURONATE,C12-13 ALKYL GLYCERYL HYDROLYZED HYALURONATE
C12-13 ALKYL GLYCERYL HYDROLYZED HYALURONATE,C12-13 ALKYL GLYCERYL HYDROLYZED HYALURONATE,C12-13 ALKYL GLYCERYL HYDROLYZED HYALURONATE
C12-13 Alkyl Lactate,C12-13 ALKYL LACTATE,C12-13 ALKYL LACTATE
C12-14,C12-14,C12-14
C12-14 Pareth-12,C12-14 PARETH-12,C12-14 PARETH-12
C12-15 Alkyl Benzoate,C12-15 ALKYL BENZOATE,C12-15 ALKYL BENZOATE
C12-15 ALKYL BENZOATE,C12-15 ALKYL BENZOATE,C12-15 ALKYL BENZOATE
C12-15ALKYL BENZOATE,C12-15ALKYL BENZOATE,C12-15 ALKYL BENZOATE
C12-16 Alcohols,C12-16 ALCOHOLS,C12-16 ALCOHOLS
C12-16 ALCOHOLS,C12-16 ALCOHOLS,C12-16 ALCOHOLS
C12-20 ALKYL GLUCOSIDE,C12-20 ALKYL GLUCOSIDE,C12-20 ALKYL GLUCOSIDE
C12-20 Alkyl Glucoside,C12-20 ALKYL GLUCOSIDE,C12-20 ALKYL GLUCOSIDE
C12-22 Alkyl Acrylate / Hydroxy - Ethylacrylate Copolymer,C12-22 ALKYL ACRYLATE / HYDROXY-ETHYLACRYLATE COPOLYMER,C12-22 ALKYL ACRYLATE/HYDROXYETHYLACRYLATE COPOLYMER
C12-22 Alkyl Acrylate/hydroxyethylacrylate Copolymer,C12-22 ALKYL ACRYLATE/HYDROXYETHYLACRYLATE COPOLYMER,C12-22 ALKYL ACRYLATE/HYDROXYETHYLACRYLATE COPOLYMER
C12-22 ALKYL ACRYLATE/HYDROXYETHYLACRYLATE COPOLYMER,C12-22 ALKYL ACRYLATE/HYDROXYETHYLACRYLATE COPOLYMER,C12-22 ALKYL ACRYLATE/HYDROXYETHYLACRYLATE COPOLYMER
C12–15 Alkyl Benzoate,C12–15 ALKYL BENZOATE,C12–15 ALKYL BENZOATE
C13-14 Alkane,C13-14 ALKANE,C13-14 ALKANE
C13-14 ISOALKANE,C13-14 ISOALKANE,C13-14 ISOALKANE
C13-14 Isoalkane,C13-14 ISOALKANE,C13-14 ISOALKANE
C13-14 ISOPARAFFIN,C13-14 ISOPARAFFIN,C13-14 ISOPARAFFIN
C13-14 Isoparaffin,C13-14 ISOPARAFFIN,C13-14 ISOPARAFFIN
C13-15 ALKANE,C13-15 ALKANE,C13-15 ALKANE
C13-15 Alkane,C13-15 ALKANE,C13-15 ALKANE
C13-16 ISOALKANE,C13-16 ISOALKANE,C13-16 ISOALKANE
C14-22 Alcohols,C14-22 ALCOHOLS,C14-22 ALCOHOLS
C14-22 ALCOHOLS,C14-22 ALCOHOLS,C14-22 ALCOHOLS
C15-19 Alkane,C15-19 ALKANE,C15-19 ALKANE
C15-19 ALKANE,C15-19 ALKANE,C15-19 ALKANE
C15-23 ALKANE,C15-23 ALKANE,C15-23 ALKANE
C15-23 Alkane,C15-23 ALKANE,C15-23 ALKANE
C18-50 ISOALKANE,C18-50 ISOALKANE,C18-50 ISOALKANE
C19140,C19140,CI 19140
C20-22 Alcohols,C20-22 ALCOHOLS,C20-22 ALCOHOLS
C20-22 ALCOHOLS,C20-22 ALCOHOLS,C20-22 ALCOHOLS
C20-22 ALKYL PHOSPHATE,C20-22 ALKYL PHOSPHATE,C20-22 ALKYL PHOSPHATE
C20-22 Alkyl Phosphate,C20-22 ALKYL PHOSPHATE,C20-22 ALKYL PHOSPHATE
C20-22F Alcohols,C20-22F ALCOHOLS,C20-22F ALCOHOLS
C20-24 Olefin,C20-24 OLEFIN,C20-24 OLEFIN
C20-40 Alkyl Stearate,C20-40 ALKYL STEARATE,C20-40 ALKYL STEARATE
C30-45 ALKYL CETEARYL DIMETHICONE CROSSPOLYMER,C30-45 ALKYL CETEARYL DIMETHICONE CROSSPOLYMER,C30-45 ALKYL CETEARYL DIMETHICONE CROSSPOLYMER
C30-45 Alkyl Cetearyl Dimethicone Crosspolymer,C30-45 ALKYL CETEARYL DIMETHICONE CROSSPOLYMER,C30-45 ALKYL CETEARYL DIMETHICONE CROSSPOLYMER
C30-45 Alkyl Dimethicone,C30-45 ALKYL DIMETHICONE,C30-45 ALKYL DIMETHICONE
C9-12 ALKANE,C9-12 ALKANE,C9-12 ALKANE
Ca-pric Triglyceride,CA-PRIC TRIGLYCERIDE,CAPRIC TRIGLYCERIDE
Caesalpinia Spi - nosa Gum,CAESALPINIA SPI-NOSA GUM,CAESALPINIA SPINOSA GUM
Caesalpinia Spinosa Extract,CAESALPINIA SPINOSA EXTRACT,CAESALPINIA SPINOSA EXTRACT
Caesalpinia Spinosa Fruit Extract,CAESALPINIA SPINOSA FRUIT EXTRACT,CAESALPINIA SPINOSA FRUIT EXTRACT
CAESALPINIA SPINOSA FRUIT EXTRACT,CAESALPINIA SPINOSA FRUIT EXTRACT,CAESALPINIA SPINOSA FRUIT EXTRACT
CAESALPINIA SPINOSA GUM,CAESALPINIA SPINOSA GUM,CAESALPINIA SPINOSA GUM
Caesalpinia Spinosa Gum,CAESALPINIA SPINOSA GUM,CAESALPINIA SPINOSA GUM
CAESPITOSA,CAESPITOSA,CAESPITOSA
CAFFEIC ACID,CAFFEIC ACID,CAFFEIC ACID
Caffeic Acid,CAFFEIC ACID,CAFFEIC ACID
CAFFEINE,CAFFEINE,CAFFEINE
Caffeine,CAFFEINE,CAFFEINE
caffeine,CAFFEINE,CAFFEINE
CAFFEOYL TRIPEPTIDE-1,CAFFEOYL TRIPEPTIDE-1,CAFFEOYL TRIPEPTIDE-1
CALAMINE,CALAMINE,CALAMINE
Calamine,CALAMINE,CALAMINE
CALCITE,CALCITE,CALCITE
CALCIUM ALGINATE,CALCIUM ALGINATE,CALCIUM ALGINATE
Calcium Aluminum Borosilic ate,CALCIUM ALUMINUM BOROSILIC ATE,CALCIUM ALUMINUM BOROSILICATE
CALCIUM ALUMINUM BOROSILICATE,CALCIUM ALUMINUM BOROSILICATE,CALCIUM ALUMINUM BOROSILICATE
Calcium Aluminum Borosilicate,CALCIUM ALUMINUM BOROSILICATE,CALCIUM ALUMINUM BOROSILICATE
CALCIUM CARBONATE,CALCIUM CARBONATE,CALCIUM CARBONATE
Calcium Carbonate,CALCIUM CARBONATE,CALCIUM CARBONATE
CALCIUM CHLORIDE,CALCIUM CHLORIDE,CALCIUM CHLORIDE
CALCIUM DISODIUM EDTA,CALCIUM DISODIUM EDTA,CALCIUM DISODIUM EDTA
Calcium Gluconate,CALCIUM GLUCONATE,CALCIUM GLUCONATE
CALCIUM GLUCONATE,CALCIUM GLUCONATE,CALCIUM GLUCONATE
Calcium Gluconate Ingredients,CALCIUM GLUCONATE,CALCIUM GLUCONATE
CALCIUM HYDROXYMETHIONINE,CALCIUM HYDROXYMETHIONINE,CALCIUM HYDROXYMETHIONINE
CALCIUM LACTATE,CALCIUM LACTATE,CALCIUM LACTATE
CALCIUM PANTOTHENATE,CALCIUM PANTOTHENATE,CALCIUM PANTOTHENATE
Calcium Pantothenate (Vitamin B5),CALCIUM PANTOTHENATE,CALCIUM PANTOTHENATE
Calcium Pantothenate,CALCIUM PANTOTHENATE,CALCIUM PANTOTHENATE
Calcium PCA,CALCIUM PCA,CALCIUM PCA
CALCIUM PCA,CALCIUM PCA,CALCIUM PCA
Calcium Sodium Borosilicate,CALCIUM SODIUM BOROSILICATE,CALCIUM SODIUM BOROSILICATE
CALCIUM SODIUM BOROSILICATE,CALCIUM SODIUM BOROSILICATE,CALCIUM SODIUM BOROSILICATE
CALCIUM THIOGLYCOLATE HYDROXIDE,CALCIUM THIOGLYCOLATE HYDROXIDE,CALCIUM THIOGLYCOLATE HYDROXIDE
Calendula Officinalis,CALENDULA OFFICINALIS,CALENDULA OFFICINALIS
Calendula Officinalis Extract,CALENDULA OFFICINALIS EXTRACT,CALENDULA OFFICINALIS EXTRACT
CALENDULA OFFICINALIS FLOWER,CALENDULA OFFICINALIS FLOWER,CALENDULA OFFICINALIS FLOWER
Calendula Officinalis Flower Extract,CALENDULA OFFICINALIS FLOWER EXTRACT,CALENDULA OFFICINALIS FLOWER EXTRACT
CALENDULA OFFICINALIS FLOWER EXTRACT,CALENDULA OFFICINALIS FLOWER EXTRACT,CALENDULA OFFICINALIS FLOWER EXTRACT
Calendula Officinalis Flower Oil,CALENDULA OFFICINALIS FLOWER OIL,CALENDULA OFFICINALIS FLOWER OIL
CALENDULA OFFICINALIS FLOWER OIL,CALENDULA OFFICINALIS FLOWER OIL,CALENDULA OFFICINALIS FLOWER OIL
CALENDULA OFFICINALIS FLOWER WATER,CALENDULA OFFICINALIS FLOWER WATER,CALENDULA OFFICINALIS FLOWER WATER
Calendula Oil,CALENDULA OIL,CALENDULA OIL
Calluna Vulgaris Extract,CALLUNA VULGARIS EXTRACT,CALLUNA VULGARIS EXTRACT
Calophyllum Inophyllum (Tamanu) Oil,CALOPHYLLUM INOPHYLLUM OIL,CALOPHYLLUM INOPHYLLUM OIL
CALOPHYLLUM INOPHYLLUM SEED OIL,CALOPHYLLUM INOPHYLLUM SEED OIL,CALOPHYLLUM INOPHYLLUM SEED OIL
Camelia Japonica Seed Oil,CAMELIA JAPONICA SEED OIL,CAMELIA JAPONICA SEED OIL
Camelia Sinensis (Green Tea) Leaf Extract,CAMELIA SINENSIS LEAF EXTRACT,CAMELIA SINENSIS LEAF EXTRACT
Camelia Sinensis Leaf Extract,CAMELIA SINENSIS LEAF EXTRACT,CAMELIA SINENSIS LEAF EXTRACT
Camelia Sinensis Leaf Extract Sodium Lactate,CAMELIA SINENSIS LEAF EXTRACT SODIUM LACTATE,CAMELIA SINENSIS LEAF EXTRACT SODIUM LACTATE
Camelia Sinensis Leaf Powder,CAMELIA SINENSIS LEAF POWDER,CAMELIA SINENSIS LEAF POWDER
CAMELINA SATIVA SEED OIL,CAMELINA SATIVA SEED OIL,CAMELINA SATIVA SEED OIL
Camelina Sativa Seed Oil,CAMELINA SATIVA SEED OIL,CAMELINA SATIVA SEED OIL
Camellia Japonica Flower Extract,CAMELLIA JAPONICA FLOWER EXTRACT,CAMELLIA JAPONICA FLOWER EXTRACT
CAMELLIA JAPONICA LEAF EXTRACT,CAMELLIA JAPONICA LEAF EXTRACT,CAMELLIA JAPONICA LEAF EXTRACT
Camellia Japonica (Tsubaki) Seed Oil,CAMELLIA JAPONICA SEED OIL,CAMELLIA JAPONICA SEED OIL
CAMELLIA JAPONICA SEED OIL,CAMELLIA JAPONICA SEED OIL,CAMELLIA JAPONICA SEED OIL
Camellia Japonica Seed Oil,CAMELLIA JAPONICA SEED OIL,CAMELLIA JAPONICA SEED OIL
Camellia JaponicaFlower Extract,CAMELLIA JAPONICAFLOWER EXTRACT,CAMELLIA JAPONICA FLOWER EXTRACT
Camellia Oleifera Seed Oil,CAMELLIA OLEIFERA SEED OIL,CAMELLIA OLEIFERA SEED OIL
CAMELLIA SINENSIS CATECHINS,CAMELLIA SINENSIS CATECHINS,CAMELLIA SINENSIS CATECHINS
Camellia Sinensis (White Tea) Leaf Extract,CAMELLIA SINENSIS LEAF EXTRACT,CAMELLIA SINENSIS LEAF EXTRACT
Camellia Sinensis Leaf Extract (30ppm),CAMELLIA SINENSIS LEAF EXTRACT,CAMELLIA SINENSIS LEAF EXTRACT
Camellia Sinensis (Green Tea) Leaf Extract,CAMELLIA SINENSIS LEAF EXTRACT,CAMELLIA SINENSIS LEAF EXTRACT
Camellia Sinensis Leaf Extract,CAMELLIA SINENSIS LEAF EXTRACT,CAMELLIA SINENSIS LEAF EXTRACT
CAMELLIA SINENSIS LEAF EXTRACT,CAMELLIA SINENSIS LEAF EXTRACT,CAMELLIA SINENSIS LEAF EXTRACT
Camellia Sinensis Leaf Extract (0.1%),CAMELLIA SINENSIS LEAF EXTRACT,CAMELLIA SINENSIS LEAF EXTRACT
Camellia Sinensis (Black Tea) Leaf Extract,CAMELLIA SINENSIS LEAF EXTRACT,CAMELLIA SINENSIS LEAF EXTRACT
Camellia Sinensis Leaf Powder,CAMELLIA SINENSIS LEAF POWDER,CAMELLIA SINENSIS LEAF POWDER
CAMELLIA SINENSIS LEAF POWDER,CAMELLIA SINENSIS LEAF POWDER,CAMELLIA SINENSIS LEAF POWDER
CAMELLIA SINENSIS LEAF WATER,CAMELLIA SINENSIS LEAF WATER,CAMELLIA SINENSIS LEAF WATER
CAMELLIA SINENSIS POLYPHENOLS,CAMELLIA SINENSIS POLYPHENOLS,CAMELLIA SINENSIS POLYPHENOLS
CAMELLIA SINENSIS SEED EXTRACT,CAMELLIA SINENSIS SEED EXTRACT,CAMELLIA SINENSIS SEED EXTRACT
CAMELLIA SINENSIS SEED OIL,CAMELLIA SINENSIS SEED OIL,CAMELLIA SINENSIS SEED OIL
Camellia Sinensis Seed Oil,CAMELLIA SINENSIS SEED OIL,CAMELLIA SINENSIS SEED OIL
CAMPHOR,CAMPHOR,CAMPHOR
Camphor,CAMPHOR,CAMPHOR
Campor,CAMPOR,CAMPHOR
CAMPSIS GRANDIFLORA FLOWER EXTRACT,CAMPSIS GRANDIFLORA FLOWER EXTRACT,CAMPSIS GRANDIFLORA FLOWER EXTRACT
CANANGA ODORATA FLOWER OIL,CANANGA ODORATA FLOWER OIL,CANANGA ODORATA FLOWER OIL
Cananga Odorata Flower Oil,CANANGA ODORATA FLOWER OIL,CANANGA ODORATA FLOWER OIL
CANANGA ODORATA OIL,CANANGA ODORATA OIL,CANANGA ODORATA OIL
Cananga Odorata Oil,CANANGA ODORATA OIL,CANANGA ODORATA OIL
CANARIUM LUZONICUM GUM NONVOLATILES,CANARIUM LUZONICUM GUM NONVOLATILES,CANARIUM LUZONICUM GUM NONVOLATILES
CANDELILLA,CANDELILLA,CANDELILLA
Candelilla,CANDELILLA,CANDELILLA
CANDELILLA CERA,CANDELILLA CERA,CANDELILLA CERA
Candelilla Cera,CANDELILLA CERA,CANDELILLA CERA
CANDELILLA CERA HYDROCARBONS,CANDELILLA CERA HYDROCARBONS,CANDELILLA CERA HYDROCARBONS
Candelilla Wax,CANDELILLA WAX,CANDELILLA WAX
CANDELILLA WAX ESTERS,CANDELILLA WAX ESTERS,CANDELILLA WAX ESTERS
Candida,CANDIDA,CANDIDA
Candida Bombicola,CANDIDA BOMBICOLA,CANDIDA BOMBICOLA
CANDIDA BOMBICOLA,CANDIDA BOMBICOLA,CANDIDA BOMBICOLA
CANNABIDIOL - SYNTHETICALLY PRODUCED,CANNABIDIOL-SYNTHETICALLY PRODUCED,CANNABIDIOL
CANNABIS SATIVA LEAF,CANNABIS SATIVA LEAF,CANNABIS SATIVA LEAF
CANNABIS SATIVA SEED OIL,CANNABIS SATIVA SEED OIL,CANNABIS SATIVA SEED OIL
Cannabis Sativa Seed Oil,CANNABIS SATIVA SEED OIL,CANNABIS SATIVA SEED OIL
Canola Oil,CANOLA OIL,CANOLA OIL
CANOLA OIL,CANOLA OIL,CANOLA OIL
Caporylyl Glycol,CAPORYLYL GLYCOL,CAPORYLYL GLYCOL
CAPPARIS SPINOSA BUD EXTRACT,CAPPARIS SPINOSA BUD EXTRACT,CAPPARIS SPINOSA BUD EXTRACT
CAPRAMIDOPROPYL BETAINE,CAPRAMIDOPROPYL BETAINE,CAPRAMIDOPROPYL BETAINE
Capramidopropyl Betaine,CAPRAMIDOPROPYL BETAINE,CAPRAMIDOPROPYL BETAINE
Caprate,CAPRATE,COCO-CAPRYLATE
- Caprate,CAPRATE,COCO-CAPRYLATE
CAPRATE,CAPRATE,COCO-CAPRYLATE
Capric,CAPRIC,CAPRIC
CAPRIC,CAPRIC,CAPRIC
CAPRIC GLYCERIDES,CAPRIC GLYCERIDES,CAPRIC GLYCERIDES
Capric Glycerides,CAPRIC GLYCERIDES,CAPRIC GLYCERIDES
capric Glycerides,CAPRIC GLYCERIDES,CAPRIC GLYCERIDES
CAPRIC GLYCERIDES POLYGLYCERYL-10 ESTERS,CAPRIC GLYCERIDES POLYGLYCERYL-10 ESTERS,CAPRIC GLYCERIDES POLYGLYCERYL-10 ESTERS
Capric Trigliceride,CAPRIC TRIGLICERIDE,CAPRIC TRIGLYCERIDE
capric triglyceride,CAPRIC TRIGLYCERIDE,CAPRIC TRIGLYCERIDE
Capric Triglyceride,CAPRIC TRIGLYCERIDE,CAPRIC TRIGLYCERIDE
CAPRIC TRIGLYCERIDE,CAPRIC TRIGLYCERIDE,CAPRIC TRIGLYCERIDE
Capric Triglyceride* (emolient pochodzenia roślinnego),CAPRIC TRIGLYCERIDE,CAPRIC TRIGLYCERIDE
capric Triglyceride,CAPRIC TRIGLYCERIDE,CAPRIC TRIGLYCERIDE
Capric Trygliceride,CAPRIC TRYGLICERIDE,CAPRIC TRIGLYCERIDE
CapricTriglyceride,CAPRICTRIGLYCERIDE,CAPRIC TRIGLYCERIDE
Caproyl Methyl Glucamide,CAPROYL METHYL GLUCAMIDE,CAPROYL METHYL GLUCAMIDE
CAPRYL,CAPRYL,CAPRYL
Capryl Glucoside (Plant Origin),CAPRYL GLUCOSIDE,CAPRYL GLUCOSIDE
CAPRYL GLUCOSIDE,CAPRYL GLUCOSIDE,CAPRYL GLUCOSIDE
Capryl Glucoside,CAPRYL GLUCOSIDE,CAPRYL GLUCOSIDE
Capryl Methicone,CAPRYL METHICONE,CAPRYL METHICONE
Capryl Wheat Bran,CAPRYL WHEAT BRAN,CAPRYL WHEAT BRAN
Caprylhydroxamic Acid,CAPRYLHYDROXAMIC ACID,CAPRYLHYDROXAMIC ACID
CAPRYLHYDROXAMIC ACID,CAPRYLHYDROXAMIC ACID,CAPRYLHYDROXAMIC ACID
CAPRYLIC,CAPRYLIC,CAPRYLIC ACID
caprylic,CAPRYLIC,CAPRYLIC ACID
Caprylic,CAPRYLIC,CAPRYLIC ACID
Caprylic Acid,CAPRYLIC ACID,CAPRYLIC ACID
CAPRYLIC ACID,CAPRYLIC ACID,CAPRYLIC ACID
Caprylic Triglyceride,CAPRYLIC TRIGLYCERIDE,CAPRYLIC TRIGLYCERIDE
CAPRYLIC-CAPRIC TRIGLYCERIDE,CAPRYLIC-CAPRIC TRIGLYCERIDE,CAPRIC TRIGLYCERIDE
Capryloyl,CAPRYLOYL,CAPRYLYL
Capryloyl Glycerin/Sebacic Acid Copolymer,CAPRYLOYL GLYCERIN/SEBACIC ACID COPOLYMER,CAPRYLOYL GLYCERIN
Capryloyl Glycine,CAPRYLOYL GLYCINE,CAPRYLOYL GLYCINE
CAPRYLOYL GLYCINE,CAPRYLOYL GLYCINE,CAPRYLOYL GLYCINE
Capryloyl Salicylic Acid,CAPRYLOYL SALICYLIC ACID,CAPRYLOYL SALICYLIC ACID
CAPRYLOYL SALICYLIC ACID,CAPRYLOYL SALICYLIC ACID,CAPRYLOYL SALICYLIC ACID
Capryly Glycol,CAPRYLY GLYCOL,CAPRYLYL GLYCOL
Caprylyl,CAPRYLYL,CAPRYLYL
CAPRYLYL,CAPRYLYL,CAPRYLYL
Caprylyl Capryl Wheat Bran,CAPRYLYL CAPRYL WHEAT BRAN,CAPRYLYL CAPRYL WHEAT BRAN
CAPRYLYL CAPRYLATE,CAPRYLYL CAPRYLATE,CAPRYLYL CAPRYLATE
CAPRYLYL GLYCERYL ETHER,CAPRYLYL GLYCERYL ETHER,CAPRYLYL GLYCERYL ETHER
Caprylyl Glycol,CAPRYLYL GLYCOL,CAPRYLYL GLYCOL
caprylyl glycol,CAPRYLYL GLYCOL,CAPRYLYL GLYCOL
CAPRYLYL GLYCOL,CAPRYLYL GLYCOL,CAPRYLYL GLYCOL
Caprylyl methicone,CAPRYLYL METHICONE,CAPRYLYL METHICONE
Caprylyl Methicone,CAPRYLYL METHICONE,CAPRYLYL METHICONE
CAPRYLYL METHICONE,CAPRYLYL METHICONE,CAPRYLYL METHICONE
Caprylyl Trimethicone,CAPRYLYL TRIMETHICONE,CAPRYLYL TRIMETHICONE
Caprylyl-Capryl Glucoside,CAPRYLYL-CAPRYL GLUCOSIDE,CAPRYL GLUCOSIDE
Capsanthin,CAPSANTHIN,CAPSANTHIN
CAPSICUM ANNUUM FRUIT EXTRACT,CAPSICUM ANNUUM FRUIT EXTRACT,CAPSICUM ANNUUM FRUIT EXTRACT
CAPSICUM FRUTESCENS FRUIT EXTRACT,CAPSICUM FRUTESCENS FRUIT EXTRACT,CAPSICUM FRUTESCENS FRUIT EXTRACT
Capsicum Frutescens Fruit Extract,CAPSICUM FRUTESCENS FRUIT EXTRACT,CAPSICUM FRUTESCENS FRUIT EXTRACT
Capsorubin,CAPSORUBIN,CAPSORUBIN
Caramel,CARAMEL,CARAMEL
CARAMEL,CARAMEL,CARAMEL
CARBOMER,CARBOMER,CARBOMER
Carbomer,CARBOMER,CARBOMER
Carbon Black (Charcoal Powder),CARBON BLACK,CARBON BLACK
Carboxyl,CARBOXYL,CARBOXYL
Cardiospermum Halicacabum Flower,CARDIOSPERMUM HALICACABUM FLOWER,CARDIOSPERMUM HALICACABUM FLOWER
Carica Papaya (Papaya) Fruit Extract,CARICA PAPAYA FRUIT EXTRACT,CARICA PAPAYA FRUIT EXTRACT
Carica Papaya Fruit Extract,CARICA PAPAYA FRUIT EXTRACT,CARICA PAPAYA FRUIT EXTRACT
CARICA PAPAYA FRUIT EXTRACT,CARICA PAPAYA FRUIT EXTRACT,CARICA PAPAYA FRUIT EXTRACT
Carnauba Wax,CARNAUBA WAX,CARNAUBA WAX
Carnitine,CARNITINE,CARNITINE
CARNITINE,CARNITINE,CARNITINE
CARNITINE HCl,CARNITINE HCL,CARNITINE HCL
CARNOSINE,CARNOSINE,CARNOSINE
Carnosine,CARNOSINE,CARNOSINE
CARRAGEENAN,CARRAGEENAN,CARRAGEENAN
Carrageenan,CARRAGEENAN,CARRAGEENAN
CARTHAMUS TINCTORIUS FLOWER EXTRACT,CARTHAMUS TINCTORIUS FLOWER EXTRACT,CARTHAMUS TINCTORIUS FLOWER EXTRACT
CARTHAMUS TINCTORIUS SEED OIL,CARTHAMUS TINCTORIUS SEED OIL,CARTHAMUS TINCTORIUS SEED OIL
Carthamus Tinctorius Seed Oil,CARTHAMUS TINCTORIUS SEED OIL,CARTHAMUS TINCTORIUS SEED OIL
CARTHAMUS TINCTORIUS (SAFFLOWER) SEED OIL,CARTHAMUS TINCTORIUS SEED OIL,CARTHAMUS TINCTORIUS SEED OIL
CARVONE,CARVONE,CARVONE
Carvone,CARVONE,CARVONE
Caryodendron Orinocense (Cacay) Seed Oil,CARYODENDRON ORINOCENSE SEED OIL,CARYODENDRON ORINOCENSE SEED OIL
CARYODENDRON ORINOCENSE SEED OIL,CARYODENDRON ORINOCENSE SEED OIL,CARYODENDRON ORINOCENSE SEED OIL
Caryodendron Orinocense (Kahai) Seed Oil,CARYODENDRON ORINOCENSE SEED OIL,CARYODENDRON ORINOCENSE SEED OIL
CASSIA HYDROXYPROPYLTRIMONIUM CHLORIDE,CASSIA HYDROXYPROPYLTRIMONIUM CHLORIDE,CASSIA HYDROXYPROPYLTRIMONIUM CHLORIDE
CASSIA OBTUSIFOLIA SEED EXTRACT,CASSIA OBTUSIFOLIA SEED EXTRACT,CASSIA OBTUSIFOLIA SEED EXTRACT
CASTANEA CRENATA SHELL EXTRACT,CASTANEA CRENATA SHELL EXTRACT,CASTANEA CRENATA SHELL EXTRACT
Castanea Sativa (Chestnut ) Seed Extract,CASTANEA SATIVA SEED EXTRACT,CASTANEA SATIVA SEED EXTRACT
Castor Oil,CASTOR OIL,CASTOR OIL
CASTOR OIL/IPDI COPOLYMER,CASTOR OIL/IPDI COPOLYMER,CASTOR OIL
Caulerpa Lentillifera Extract,CAULERPA LENTILLIFERA EXTRACT,CAULERPA LENTILLIFERA EXTRACT
CAVIAR EXTRACT,CAVIAR EXTRACT,CAVIAR EXTRACT
Caviar Extract,CAVIAR EXTRACT,CAVIAR EXTRACT
CAVIAR WATER,CAVIAR WATER,CAVIAR WATER
CEDRUS ATLANTICA OIL-EXTRACT,CEDRUS ATLANTICA OIL-EXTRACT,CEDRUS ATLANTICA OIL-EXTRACT
CEDRUS DEODARA WOOD OIL,CEDRUS DEODARA WOOD OIL,CEDRUS DEODARA WOOD OIL
CELLULOSE,CELLULOSE,CELLULOSE
Cellulose,CELLULOSE,CELLULOSE
CELLULOSE ACETATE BUTYRATE,CELLULOSE ACETATE BUTYRATE,CELLULOSE ACETATE BUTYRATE
Cellulose Acetate Butyrate,CELLULOSE ACETATE BUTYRATE,CELLULOSE ACETATE BUTYRATE
Cellulose Gum,CELLULOSE GUM,CELLULOSE GUM
CELLULOSE GUM,CELLULOSE GUM,CELLULOSE GUM
Centaurea Cyanus Flower Extract,CENTAUREA CYANUS FLOWER EXTRACT,CENTAUREA CYANUS FLOWER EXTRACT
CENTAUREA CYANUS FLOWER EXTRACT,CENTAUREA CYANUS FLOWER EXTRACT,CENTAUREA CYANUS FLOWER EXTRACT
CENTAUREA CYANUS FLOWER WATER,CENTAUREA CYANUS FLOWER WATER,CENTAUREA CYANUS FLOWER WATER
Centaurea Cyanus Flower Water,CENTAUREA CYANUS FLOWER WATER,CENTAUREA CYANUS FLOWER WATER
CENTELLA ASIATICA CALLUS CONDITIONED MEDIA,CENTELLA ASIATICA CALLUS CONDITIONED MEDIA,CENTELLA ASIATICA CALLUS CONDITIONED MEDIA
Centella Asiatica Callus Conditioned Media,CENTELLA ASIATICA CALLUS CONDITIONED MEDIA,CENTELLA ASIATICA CALLUS CONDITIONED MEDIA
CENTELLA ASIATICA CALLUS EXTRACELLULAR VESICLES,CENTELLA ASIATICA CALLUS EXTRACELLULAR VESICLES,CENTELLA ASIATICA CALLUS EXTRACELLULAR VESICLES
Centella Asiatica Callus Extracellular Vesicles,CENTELLA ASIATICA CALLUS EXTRACELLULAR VESICLES,CENTELLA ASIATICA CALLUS EXTRACELLULAR VESICLES
Centella Asiatica Extract (50.47%),CENTELLA ASIATICA EXTRACT,CENTELLA ASIATICA EXTRACT
CENTELLA ASIATICA EXTRACT,CENTELLA ASIATICA EXTRACT,CENTELLA ASIATICA EXTRACT
Centella Asiatica (Gotu Kola) Extract(72%),CENTELLA ASIATICA EXTRACT,CENTELLA ASIATICA EXTRACT
Centella Asiatica Extract,CENTELLA ASIATICA EXTRACT,CENTELLA ASIATICA EXTRACT
Centella Asiatica Extract (4.9%),CENTELLA ASIATICA EXTRACT,CENTELLA ASIATICA EXTRACT
Centella Asiatica Extract (9.8%),CENTELLA ASIATICA EXTRACT,CENTELLA ASIATICA EXTRACT
Centella Asiatica Extract (77%),CENTELLA ASIATICA EXTRACT,CENTELLA ASIATICA EXTRACT
Centella Asiatica extract,CENTELLA ASIATICA EXTRACT,CENTELLA ASIATICA EXTRACT
Centella Asiatica Extract (29,CENTELLA ASIATICA EXTRACT (29,CENTELLA ASIATICA EXTRACT
100% Centella Asiatica Extract (Water,CENTELLA ASIATICA EXTRACT (WATER,CENTELLA ASIATICA EXTRACT
Centella Asiatica Extract Ferment,CENTELLA ASIATICA EXTRACT FERMENT,CENTELLA ASIATICA EXTRACT FERMENT
CENTELLA ASIATICA EXTRACT FERMENT FILTRATE,CENTELLA ASIATICA EXTRACT FERMENT FILTRATE,CENTELLA ASIATICA EXTRACT FERMENT FILTRATE
Centella Asiatica extract ferment filtrate,CENTELLA ASIATICA EXTRACT FERMENT FILTRATE,CENTELLA ASIATICA EXTRACT FERMENT FILTRATE
Centella Asiatica Extract Fernent,CENTELLA ASIATICA EXTRACT FERNENT,CENTELLA ASIATICA EXTRACT FERMENT
CENTELLA ASIATICA FLOWER,CENTELLA ASIATICA FLOWER,CENTELLA ASIATICA FLOWER
CENTELLA ASIATICA LEAF EXTRACT,CENTELLA ASIATICA LEAF EXTRACT,CENTELLA ASIATICA LEAF EXTRACT
Centella Asiatica Leaf Extract,CENTELLA ASIATICA LEAF EXTRACT,CENTELLA ASIATICA LEAF EXTRACT
CENTELLA ASIATICA LEAF WATER,CENTELLA ASIATICA LEAF WATER,CENTELLA ASIATICA LEAF WATER
Centella Asiatica Root Extract,CENTELLA ASIATICA ROOT EXTRACT,CENTELLA ASIATICA ROOT EXTRACT
CENTELLA ASIATICA ROOT EXTRACT,CENTELLA ASIATICA ROOT EXTRACT,CENTELLA ASIATICA ROOT EXTRACT
Centella Extract Fermentation Filtrate,CENTELLA EXTRACT FERMENTATION FILTRATE,CENTELLA EXTRACT FERMENTATION FILTRATE
BEESWAX,CERA ALBA,CERA ALBA
beeswax,CERA ALBA,CERA ALBA
Cera Alba,CERA ALBA,CERA ALBA
Beeswax,CERA ALBA,CERA ALBA
Beeswax (Cera Alba),CERA ALBA,CERA ALBA
Cera Alba (Beeswax),CERA ALBA,CERA ALBA
cera alba,CERA ALBA,CERA ALBA
CERA ALBA,CERA ALBA,CERA ALBA
Cera Microcristallina,CERA MICROCRISTALLINA,CERA MICROCRYSTALLINA
CERA MICROCRISTALLINA,CERA MICROCRISTALLINA,CERA MICROCRYSTALLINA
Cera Microcristallina (Microcrystalline Wax),CERA MICROCRISTALLINA,CERA MICROCRYSTALLINA
Cera Microcrystallina (Microcrystalline Wax),CERA MICROCRYSTALLINA,CERA MICROCRYSTALLINA
Ceramide Np,CERAMIDE,CERAMIDE
Ceramide NG,CERAMIDE,CERAMIDE
Ceramide EOS,CERAMIDE,CERAMIDE
Ceramide AS,CERAMIDE,CERAMIDE
Ceramide Ns,CERAMIDE,CERAMIDE
Ceramide NP,CERAMIDE,CERAMIDE
Ceramide AG,CERAMIDE,CERAMIDE
Ceramide AP,CERAMIDE,CERAMIDE
Ceramide Ap,CERAMIDE,CERAMIDE
CERAMIDE AG,CERAMIDE,CERAMIDE
CERAMIDE NS,CERAMIDE,CERAMIDE
Ceramide Eop,CERAMIDE,CERAMIDE
Ceramide EOP,CERAMIDE,CERAMIDE
CERAMIDE NG,CERAMIDE,CERAMIDE
CERAMIDE NP,CERAMIDE,CERAMIDE
CERAMIDE 3,CERAMIDE,CERAMIDE
CERAMIDE AS,CERAMIDE,CERAMIDE
CERAMIDE AP,CERAMIDE,CERAMIDE
Ceramide 2,CERAMIDE,CERAMIDE
CERAMIDE EOP,CERAMIDE,CERAMIDE
Ceramide NS,CERAMIDE,CERAMIDE
CERATONIA SILIQUA GUM,CERATONIA SILIQUA GUM,CERATONIA SILIQUA GUM
Ceratonia Siliqua Gum,CERATONIA SILIQUA GUM,CERATONIA SILIQUA GUM
Ceratonia Siliqua (Carob) Gum,CERATONIA SILIQUA GUM,CERATONIA SILIQUA GUM
CERESIN,CERESIN,CERESIN
Ceresin,CERESIN,CERESIN
CERIFERA CERA,CERIFERA CERA,CERIFERA CERA
CERIUM,CERIUM,CERIUM
Cetaryl Glucoside,CETARYL GLUCOSIDE,CETARYL GLUCOSIDE
Ceteareth -20,CETEARETH -20,CETEARETH-20
Ceteareth-12,CETEARETH-12,CETEARETH-12
CETEARETH-12,CETEARETH-12,CETEARETH-12
Ceteareth-20,CETEARETH-20,CETEARETH-20
CETEARETH-20,CETEARETH-20,CETEARETH-20
CETEARETH-25,CETEARETH-25,CETEARETH-25
Ceteareth-25,CETEARETH-25,CETEARETH-25
Ceteareth-6,CETEARETH-6,CETEARETH-6
ceteareth-6,CETEARETH-6,CETEARETH-6
Cetearethyldimethicone Crosspolymer,CETEARETHYLDIMETHICONE CROSSPOLYMER,CETEARETHYLDIMETHICONE CROSSPOLYMER
Cetearteh-20,CETEARTEH-20,CETEARETH-20
Cetearth-20* (emulgator pochodzenia roślinnego),CETEARTH-20,CETEARETH-20
Cetearyl Alchool,CETEARYL ALCHOOL,CETEARYL ALCOHOL
Cetearyl Alcohol,CETEARYL ALCOHOL,CETEARYL ALCOHOL
Cetearyl Alcohol* (substancja konsystencjo-twórcza pochodzenia roślinnego),CETEARYL ALCOHOL,CETEARYL ALCOHOL
CETEARYL ALCOHOL,CETEARYL ALCOHOL,CETEARYL ALCOHOL
Cetearyl alcohol,CETEARYL ALCOHOL,CETEARYL ALCOHOL
CETEARYL DIMETHICONE CROSSPOLYMER,CETEARYL DIMETHICONE CROSSPOLYMER,CETEARYL DIMETHICONE CROSSPOLYMER
Cetearyl Dimethicone Crosspolymer,CETEARYL DIMETHICONE CROSSPOLYMER,CETEARYL DIMETHICONE CROSSPOLYMER
CETEARYL ETHYLHEXANOATE,CETEARYL ETHYLHEXANOATE,CETEARYL ETHYLHEXANOATE
Cetearyl Ethylhexanoate,CETEARYL ETHYLHEXANOATE,CETEARYL ETHYLHEXANOATE
Cetearyl Glucoside,CETEARYL GLUCOSIDE,CETEARYL GLUCOSIDE
CETEARYL GLUCOSIDE,CETEARYL GLUCOSIDE,CETEARYL GLUCOSIDE
Cetearyl Gluucoside,CETEARYL GLUUCOSIDE,CETEARYL GLUCOSIDE
CETEARYL ISONONANOATE,CETEARYL ISONONANOATE,CETEARYL ISONONANOATE
Cetearyl Isononanoate,CETEARYL ISONONANOATE,CETEARYL ISONONANOATE
Cetearyl olivate* (emulgator pochodzenia roślinnego),CETEARYL OLIVATE,CETEARYL OLIVATE
Cetearyl Olivate,CETEARYL OLIVATE,CETEARYL OLIVATE
CETEARYL OLIVATE,CETEARYL OLIVATE,CETEARYL OLIVATE
Cetearyl Stearate,CETEARYL STEARATE,CETEARYL STEARATE
CETETH-20,CETETH-20,CETETH-20
Ceteth-20,CETETH-20,CETETH-20
Cethyl Alcohol,CETHYL ALCOHOL,CETYL ALCOHOL
CETRARIA ISLANDICA EXTRACT,CETRARIA ISLANDICA EXTRACT,CETRARIA ISLANDICA EXTRACT
CETRIMONIUM BROMIDE,CETRIMONIUM BROMIDE,CETRIMONIUM BROMIDE
Cetrimonium Bromide,CETRIMONIUM BROMIDE,CETRIMONIUM BROMIDE
CETRIMONIUM CHLORIDE,CETRIMONIUM CHLORIDE,CETRIMONIUM CHLORIDE
Cetrimonium Chloride,CETRIMONIUM CHLORIDE,CETRIMONIUM CHLORIDE
Cetronium Bromide,CETRONIUM BROMIDE,CETRIMONIUM BROMIDE
CETYL,CETYL,CETYL ALCOHOL
CETYL ACETATE,CETYL ACETATE,CETYL ACETATE
Cetyl Acetate,CETYL ACETATE,CETYL ACETATE
Cetyl Alcohol* (substancja konsytencjotwórcza pochodzenia roślinnego),CETYL ALCOHOL,CETYL ALCOHOL
Cetyl Alcohol,CETYL ALCOHOL,CETYL ALCOHOL
cetyl alcohol,CETYL ALCOHOL,CETYL ALCOHOL
CETYL ALCOHOL,CETYL ALCOHOL,CETYL ALCOHOL
Cetyl Alkohol,CETYL ALKOHOL,CETYL ALCOHOL
Cetyl Dimethicone,CETYL DIMETHICONE,CETYL DIMETHICONE
CETYL DIMETHICONE,CETYL DIMETHICONE,CETYL DIMETHICONE
Cetyl Esters,CETYL ESTERS,CETYL ESTERS
CETYL ESTERS,CETYL ESTERS,CETYL ESTERS
Cetyl Ethylhexanoate,CETYL ETHYLHEXANOATE,CETYL ETHYLHEXANOATE
cetyl ethylhexanoate,CETYL ETHYLHEXANOATE,CETYL ETHYLHEXANOATE
CETYL ETHYLHEXANOATE,CETYL ETHYLHEXANOATE,CETYL ETHYLHEXANOATE
CETYL HYDROXYETHYLCELLULOSE,CETYL HYDROXYETHYLCELLULOSE,CETYL HYDROXYETHYLCELLULOSE
Cetyl Hydroxyethylcellulose,CETYL HYDROXYETHYLCELLULOSE,CETYL HYDROXYETHYLCELLULOSE
CETYL PALMITATE,CETYL PALMITATE,CETYL PALMITATE
Cetyl Palmitate,CETYL PALMITATE,CETYL PALMITATE
CETYL PEG,CETYL PEG,CETYL PEG
Cetyl PEG,CETYL PEG,CETYL PEG
CETYL PHOSPHATE,CETYL PHOSPHATE,CETYL PHOSPHATE
CETYL RICINOLEATE,CETYL RICINOLEATE,CETYL RICINOLEATE
Cetyl Ricinoleate,CETYL RICINOLEATE,CETYL RICINOLEATE
CETYL STEARATE,CETYL STEARATE,CETYL STEARATE
CETYLDIMETHICONE,CETYLDIMETHICONE,CETYL DIMETHICONE
Chaenomeles Sinensis Fruit Extract,CHAENOMELES SINENSIS FRUIT EXTRACT,CHAENOMELES SINENSIS FRUIT EXTRACT
Chaenomeles sinensis Fruit Extract,CHAENOMELES SINENSIS FRUIT EXTRACT,CHAENOMELES SINENSIS FRUIT EXTRACT
Cham omilla Recutita (Matricaria) Flower Extract,CHAM OMILLA RECUTITA FLOWER EXTRACT,CHAMOMILLA RECUTITA FLOWER EXTRACT
CHAMAECYPARIS OBTUSA LEAF EXTRACT,CHAMAECYPARIS OBTUSA LEAF EXTRACT,CHAMAECYPARIS OBTUSA LEAF EXTRACT
CHAMAECYPARIS OBTUSA WATER,CHAMAECYPARIS OBTUSA WATER,CHAMAECYPARIS OBTUSA WATER
Chamomilla Recutita Extract,CHAMOMILLA RECUTITA EXTRACT,CHAMOMILLA RECUTITA EXTRACT
CHAMOMILLA RECUTITA EXTRACT,CHAMOMILLA RECUTITA EXTRACT,CHAMOMILLA RECUTITA EXTRACT
CHAMOMILLA RECUTITA FLOWER,CHAMOMILLA RECUTITA FLOWER,CHAMOMILLA RECUTITA FLOWER
Chamomilla Recutita Flower,CHAMOMILLA RECUTITA FLOWER,CHAMOMILLA RECUTITA FLOWER
Chamomilla Recutita (Matricaria) Flower Extract,CHAMOMILLA RECUTITA FLOWER EXTRACT,CHAMOMILLA RECUTITA FLOWER EXTRACT
Chamomilla Recutita Flower Extract,CHAMOMILLA RECUTITA FLOWER EXTRACT,CHAMOMILLA RECUTITA FLOWER EXTRACT
CHAMOMILLA RECUTITA FLOWER EXTRACT,CHAMOMILLA RECUTITA FLOWER EXTRACT,CHAMOMILLA RECUTITA FLOWER EXTRACT
CHAMOMILLA RECUTITA (MATRICARIA) FLOWER EXTRACT,CHAMOMILLA RECUTITA FLOWER EXTRACT,CHAMOMILLA RECUTITA FLOWER EXTRACT
Chamomilla Recutita (Matricaria) Flower Oil,CHAMOMILLA RECUTITA FLOWER OIL,CHAMOMILLA RECUTITA FLOWER OIL
CHAMOMILLA RECUTITA FLOWER WATER,CHAMOMILLA RECUTITA FLOWER WATER,CHAMOMILLA RECUTITA FLOWER WATER
Chamomilla Recutita (Matricaria) Flower Water,CHAMOMILLA RECUTITA FLOWER WATER,CHAMOMILLA RECUTITA FLOWER WATER
CHARCOAL POWDER,CHARCOAL POWDER,CHARCOAL POWDER
Charcoal Powder,CHARCOAL POWDER,CHARCOAL POWDER
Chelidonium Majus Extract,CHELIDONIUM MAJUS EXTRACT,CHELIDONIUM MAJUS EXTRACT
CHENOPODIUM QUINOA SEED EXTRACT,CHENOPODIUM QUINOA SEED EXTRACT,CHENOPODIUM QUINOA SEED EXTRACT
Chenopodium Quinoa Seed Extract,CHENOPODIUM QUINOA SEED EXTRACT,CHENOPODIUM QUINOA SEED EXTRACT
Chitosan,CHITOSAN,CHITOSAN
CHITOSAN,CHITOSAN,CHITOSAN
Chlorella Vulgaris Extract,CHLORELLA VULGARIS EXTRACT,CHLORELLA VULGARIS EXTRACT
CHLORELLA VULGARIS EXTRACT,CHLORELLA VULGARIS EXTRACT,CHLORELLA VULGARIS EXTRACT
Chlorhexidine Digluconate,CHLORHEXIDINE DIGLUCONATE,CHLORHEXIDINE DIGLUCONATE
CHLORHEXIDINE DIGLUCONATE,CHLORHEXIDINE DIGLUCONATE,CHLORHEXIDINE DIGLUCONATE
CHLOROPHYLLIN-COPPER COMPLEX,CHLOROPHYLLIN-COPPER COMPLEX,CHLOROPHYLLIN-COPPER COMPLEX
Chlorphenesin,CHLORPHENESIN,CHLORPHENESIN
CHLORPHENESIN,CHLORPHENESIN,CHLORPHENESIN
Cholesterol,CHOLESTEROL,CHOLESTEROL
CHOLESTEROL,CHOLESTEROL,CHOLESTEROL
CHONDRUS CRISPUS,CHONDRUS CRISPUS,CHONDRUS CRISPUS
Chondrus Crispus,CHONDRUS CRISPUS,CHONDRUS CRISPUS
Chondrus Crispus (Carrageenan) Extract,CHONDRUS CRISPUS EXTRACT,CHONDRUS CRISPUS EXTRACT
chondrus Crispus Extract,CHONDRUS CRISPUS EXTRACT,CHONDRUS CRISPUS EXTRACT
Chondrus Crispus Extract,CHONDRUS CRISPUS EXTRACT,CHONDRUS CRISPUS EXTRACT
CHONDRUS CRISPUS EXTRACT,CHONDRUS CRISPUS EXTRACT,CHONDRUS CRISPUS EXTRACT
CHONDRUS CRISPUS POWDER,CHONDRUS CRISPUS POWDER,CHONDRUS CRISPUS POWDER
Chondrus Crispus Powder,CHONDRUS CRISPUS POWDER,CHONDRUS CRISPUS POWDER
Chrysanthellum Indicum Extract,CHRYSANTHELLUM INDICUM EXTRACT,CHRYSANTHELLUM INDICUM EXTRACT
CHRYSANTHEMUM INDICUM EXTRACT,CHRYSANTHEMUM INDICUM EXTRACT,CHRYSANTHEMUM INDICUM EXTRACT
CI 12085,CI 12085,CI 12085
CI 12490,CI 12490,CI 12490
CI 14700,CI 14700,CI 14700
RED 4,CI 14700,CI 14700
Red 4,CI 14700,CI 14700
CI 14720,CI 14720,CI 14720
CI 14815,CI 14815,CI 14815
CI14815,CI 14815,CI 14815
CI 15510,CI 15510,CI 15510
Red 6 Lake (CI 15850),CI 15850,CI 15850
CI 15850,CI 15850,CI 15850
CI15850,CI 15850,CI 15850
CI 15850 (red 6),CI 15850,CI 15850
Red 7 Lake),CI 15850,CI 15850
CI 15850 (red 6 Lake,CI 15850,CI 15850
CI 15850 (red 6 Lake),CI 15850,CI 15850
CI 15850 (Red 6),CI 15850,CI 15850
CI 15850 (red 7 Lake),CI 15850,CI 15850
CI 15850 (Red 7),CI 15850,CI 15850
Red 6 (CI 15850),CI 15850,CI 15850
Citric Acid. (): CI 15850,CI 15850,CI 15850
Red 7,CI 15850,CI 15850
RED 7 (CI 15850),CI 15850,CI 15850
CI 15850 (Red 7 Lake),CI 15850,CI 15850
Red 7 Lake (CI 15850),CI 15850,CI 15850
CI 15850 (Red 6 Lake),CI 15850,CI 15850
CI 15880,CI 15880,CI 15880
YELLOW 6,CI 15985,CI 15985
CI 15985 (Yellow 6),CI 15985,CI 15985
CI 15985,CI 15985,CI 15985
CI 15985 (Yellow 6 Lake),CI 15985,CI 15985
Yellow 6,CI 15985,CI 15985
Yellow 6 Lake (CI 15985),CI 15985,CI 15985
Yellow 6 Lake,CI 15985,CI 15985
CI 16035,CI 16035,CI 16035
CI 16035 (Red 40 Lake),CI 16035,CI 16035
Red 40,CI 16035,CI 16035
CI 16185,CI 16185,CI 16185
CI 16255,CI 16255,CI 16255
Red 33 Lake (CI 17200),CI 17200,CI 17200
CI 17200,CI 17200,CI 17200
YELLOW 5 LAKE (CI 19140),CI 19140,CI 19140
CI 19140 (Yellow 5),CI 19140,CI 19140
Yellow 5 Lake (CI 19140),CI 19140,CI 19140
Yellow 5 Lake,CI 19140,CI 19140
CI-19140,CI 19140,CI 19140
Yellow 5,CI 19140,CI 19140
CI 19140,CI 19140,CI 19140
YELLOW 5,CI 19140,CI 19140
CI 28440,CI 28440,CI 28440
CI 40800 *INCI może ulec zmianie,CI 40800,CI 40800
CI 40800,CI 40800,CI 40800
CI 42051,CI 42051,CI 42051
CI 42090 (FD&C Blue No,CI 42090,CI 42090
Blue 1 Lake (CI 42090),CI 42090,CI 42090
CI 42090 (BIue 1 Lake),CI 42090,CI 42090
CI 42090,CI 42090,CI 42090
CI 42090 (Blue 1),CI 42090,CI 42090
Blue 1 Lake,CI 42090,CI 42090
CI 42090 (Blue 1 Lake),CI 42090,CI 42090
BLUE 1 LAKE (CI 42090),CI 42090,CI 42090
Blue 1,CI 42090,CI 42090
CI 42090 (blue 1 Lake),CI 42090,CI 42090
Red 22 Lake,CI 45380,CI 45380
Red 21 Lake (CI 45380),CI 45380,CI 45380
CI 45380,CI 45380,CI 45380
Red 21,CI 45380,CI 45380
CI 45410 (red 28 Lake),CI 45410,CI 45410
CI 45410,CI 45410,CI 45410
Red 28 Lake,CI 45410,CI 45410
CI 45410 (Red 28 Lake),CI 45410,CI 45410
CI 45410 (Red 27 Lake),CI 45410,CI 45410
CI 45410 (Red 27),CI 45410,CI 45410
Red 28 Lake (CI 45410),CI 45410,CI 45410
CI 47000,CI 47000,CI 47000
CI 47005,CI 47005,CI 47005
CI 58000,CI 58000,CI 58000
CI 60725,CI 60725,CI 60725
Violet 2,CI 60725,CI 60725
ext. violet 2,CI 60725,CI 60725
ci 60730,CI 60730,CI 60730
CI 60730,CI 60730,CI 60730
CI 61565,CI 61565,CI 61565
Green 6,CI 61565,CI 61565
CI 61570,CI 61570,CI 61570
CI 73360,CI 73360,CI 73360
CI 74160,CI 74160,CI 74160
CI 75120,CI 75120,CI 75120
CI 75130,CI 75130,CI 75130
CI 75470,CI 75470,CI 75470
CI 75810,CI 75810,CI 75810
CI77007,CI 77007,CI 77007
CI 77007 CHUSTECZKI: Paraffinum Liquidum,CI 77007,CI 77007
CI 77007 Ingredients: CHUSTECZKI: Paraffinum Liquidum,CI 77007,CI 77007
CI 77007,CI 77007,CI 77007
MICA,CI 77019,CI 77019
Mica* (pigment pochodzenia mineralnego),CI 77019,CI 77019
Mica,CI 77019,CI 77019
Mica (CI 77019),CI 77019,CI 77019
CI 77019,CI 77019,CI 77019
CI 77019 (Mica),CI 77019,CI 77019
CI 77163,CI 77163,CI 77163
CI 77220,CI 77220,CI 77220
CI 77266,CI 77266,CI 77266
CI 77288,CI 77288,CI 77288
CI 77288(Chromium Oxide),CI 77288,CI 77288
CI 77289,CI 77289,CI 77289
CI 77400,CI 77400,CI 77400
Iron Oxides,CI 77491,CI 77491
CI 77491 (Iron Oxide),CI 77491,CI 77491
CI 77491(Iron Oxide),CI 77491,CI 77491
CI77491,CI 77491,CI 77491
IRON OXIDES (CI 77491,CI 77491,CI 77491
Iron Oxides (CI 77491,CI 77491,CI 77491
Iron Oxide (CI 77491),CI 77491,CI 77491
Iron Oxides (CI 77491),CI 77491,CI 77491
Iron Oxide (CI 77499),CI 77491,CI 77491
IRON OXIDES,CI 77491,CI 77491
Iron Oxide (CI 77492),CI 77491,CI 77491
Iron Oxides (CI 77492),CI 77491,CI 77491
CI 77491 (Iron Oxides),CI 77491,CI 77491
CI 77491,CI 77491,CI 77491
Iron Oxides (CI 77499),CI 77491,CI 77491
Iron Oxides(CI 77491),CI 77491,CI 77491
CI 77491*. *składnik pochodzenia naturalnego,CI 77491,CI 77491
CI 77492 (Iron Oxides),CI 77492,CI 77492
CI 77492(Iron Oxide),CI 77492,CI 77492
CI 77492 (iron Oxides),CI 77492,CI 77492
CI77492,CI 77492,CI 77492
CI 77492,CI 77492,CI 77492
CI 77499 (Iron Oxides),CI 77499,CI 77499
CI 77499(Iron Oxide),CI 77499,CI 77499
CI 77499,CI 77499,CI 77499
CI 77499),CI 77499,CI 77499
CI 77510,CI 77510,CI 77510
CI 77510 (Ferric Ferrocyanide),CI 77510,CI 77510
CI 77742 (Manganese Violet),CI 77742,CI 77742
CI 77820,CI 77820,CI 77820
Ci77820,CI 77820,CI 77820
CI 77861 (Tin Oxide). * zawiera alergeny,CI 77861,CI 77861
CI 77861,CI 77861,CI 77861
CI 77861 (Tin Oxide). *zawiera alergeny,CI 77861,CI 77861
TIN OXIDE,CI 77861,CI 77861
Tin Oxide,CI 77861,CI 77861
CI 7789,CI 7789,CI 77891
TITANIUM DIOXIDE (CI 77891),CI 77891,CI 77891
CI 77891,CI 77891,CI 77891
Titanium Dioxide (CI 77891),CI 77891,CI 77891
CI 77891* (barwnik pochodzenia mineralnego). * składniki pochodzenia naturalnego - 95% **pozostałe składniki odpowiadające za trwałość receptury i przyjemność używania - 5%,CI 77891,CI 77891
Titanium Dioxide Nano,CI 77891,CI 77891
CI 77891 (titanium Dioxide),CI 77891,CI 77891
TITANIUM DIOXIDE,CI 77891,CI 77891
CI 77891 (barwnik pochodzenia mineralnego)*. * składniki pochodzenia naturalnego - 98% **pozostałe składniki odpowiedzialne za trwałość receptury i przyjemność używania - 2%,CI 77891,CI 77891
CI77891 (Titanium Dioxide),CI 77891,CI 77891
CI 77891(Titanium Dioxide),CI 77891,CI 77891
CI: 77891,CI 77891,CI 77891
Titanium Dioxide nano,CI 77891,CI 77891
Titanium Dioxide,CI 77891,CI 77891
CI 77891 (Titanium Dioxide). *zawiera alergeny,CI 77891,CI 77891
CI 77891 (Titanium Dioxide),CI 77891,CI 77891
Cichorium Intybus Leaf Extract,CICHORIUM INTYBUS LEAF EXTRACT,CICHORIUM INTYBUS LEAF EXTRACT
Cichorium Intybus (Chicory) Root Extract (Cichorium Intybus Root Extract),CICHORIUM INTYBUS ROOT EXTRACT,CICHORIUM INTYBUS ROOT EXTRACT
Cichorium Intybus Root Extract,CICHORIUM INTYBUS ROOT EXTRACT,CICHORIUM INTYBUS ROOT EXTRACT
CICHORIUM INTYBUS ROOT EXTRACT,CICHORIUM INTYBUS ROOT EXTRACT,CICHORIUM INTYBUS ROOT EXTRACT
Cichorium Intybus Root Oligosaccharides,CICHORIUM INTYBUS ROOT OLIGOSACCHARIDES,CICHORIUM INTYBUS ROOT OLIGOSACCHARIDES
CICHORIUM INTYBUS ROOT OLIGOSACCHARIDES,CICHORIUM INTYBUS ROOT OLIGOSACCHARIDES,CICHORIUM INTYBUS ROOT OLIGOSACCHARIDES
Cichorium Isanicum,CICHORIUM ISANICUM,CICHORIUM ISANICUM
CIMICIFUGA RACEMOSA ROOT EXTRACT,CIMICIFUGA RACEMOSA ROOT EXTRACT,CIMICIFUGA RACEMOSA ROOT EXTRACT
CINCHONA PUBESCENS BARK EXTRACT,CINCHONA PUBESCENS BARK EXTRACT,CINCHONA PUBESCENS BARK EXTRACT
Cinnamal,CINNAMAL,CINNAMAL
CINNAMAL,CINNAMAL,CINNAMAL
Cinnamomum Cassia Bark Extract,CINNAMOMUM CASSIA BARK EXTRACT,CINNAMOMUM CASSIA BARK EXTRACT
CINNAMOMUM ZEYLANICUM BARK EXTRACT,CINNAMOMUM ZEYLANICUM BARK EXTRACT,CINNAMOMUM ZEYLANICUM BARK EXTRACT
Cinnamyl Alcohol,CINNAMYL ALCOHOL,CINNAMYL ALCOHOL
CINNAMYL ALCOHOL,CINNAMYL ALCOHOL,CINNAMYL ALCOHOL
Cinnamylalcohol,CINNAMYLALCOHOL,CINNAMYL ALCOHOL
Cire D'abeille,CIRE D'ABEILLE,CIRE DABEILLE
Cire D'Abeille,CIRE D'ABEILLE,CIRE DABEILLE
Cire dabeille,CIRE DABEILLE,CIRE DABEILLE
Cire Dabeille,CIRE DABEILLE,CIRE DABEILLE
CIRE DE CANDELILLA,CIRE DE CANDELILLA,CIRE DE CANDELILLA
Cire de Candelilla,CIRE DE CANDELILLA,CIRE DE CANDELILLA
Cire De Candelilla,CIRE DE CANDELILLA,CIRE DE CANDELILLA
CIRE DE CARNAUBA,CIRE DE CARNAUBA,CIRE DE CARNAUBA
Cire de Carnauba,CIRE DE CARNAUBA,CIRE DE CARNAUBA
Cire De Carnauba,CIRE DE CARNAUBA,CIRE DE CARNAUBA
Cire Microcristalline,CIRE MICROCRISTALLINE,CIRE MICROCRISTALLINE
Cistus Incanus Flower,CISTUS INCANUS FLOWER,CISTUS INCANUS FLOWER
CISTUS INCANUS FLOWER,CISTUS INCANUS FLOWER,CISTUS INCANUS FLOWER
Cistus Incanus Leaf Extract,CISTUS INCANUS LEAF EXTRACT,CISTUS INCANUS LEAF EXTRACT
Citic Acid,CITIC ACID,CITRIC ACID
CITRAL,CITRAL,CITRAL
Citral,CITRAL,CITRAL
Citral *składniki posiadające certyfikat naturalności,CITRAL,CITRAL
Citric Acid (Plant Origin),CITRIC ACID,CITRIC ACID
citric acid,CITRIC ACID,CITRIC ACID
CITRIC ACID,CITRIC ACID,CITRIC ACID
Citric Acid,CITRIC ACID,CITRIC ACID
Citric Acid Ingredients,CITRIC ACID,CITRIC ACID
CITROFORTUNELLA MICROCARPA FRUIT EXTRACT,CITROFORTUNELLA MICROCARPA FRUIT EXTRACT,CITROFORTUNELLA MICROCARPA FRUIT EXTRACT
CITRONELLOL,CITRONELLOL,CITRONELLOL
Citronellol,CITRONELLOL,CITRONELLOL
citronellol,CITRONELLOL,CITRONELLOL
Citrtic Acid,CITRTIC ACID,CITRIC ACID
CITRULLINE,CITRULLINE,CITRULLINE
Citrulline,CITRULLINE,CITRULLINE
CITRULLUS LANATUS FRUIT EXTRACT,CITRULLUS LANATUS FRUIT EXTRACT,CITRULLUS LANATUS FRUIT EXTRACT
Citrullus Lanatus (Watermelon) Fruit Extract,CITRULLUS LANATUS FRUIT EXTRACT,CITRULLUS LANATUS FRUIT EXTRACT
Citrullus Lanatus Fruit Extract,CITRULLUS LANATUS FRUIT EXTRACT,CITRULLUS LANATUS FRUIT EXTRACT
CITRULLUS LANATUS FRUIT JUICE,CITRULLUS LANATUS FRUIT JUICE,CITRULLUS LANATUS FRUIT JUICE
Citrullus Lanatus (Watermelon) Fruit Juice,CITRULLUS LANATUS FRUIT JUICE,CITRULLUS LANATUS FRUIT JUICE
CITRULLUS LANATUS SEED OIL,CITRULLUS LANATUS SEED OIL,CITRULLUS LANATUS SEED OIL
Citrullus Vulgaris Seed Oil,CITRULLUS VULGARIS SEED OIL,CITRULLUS VULGARIS SEED OIL
Citrullus Vulgaris (Watermelon) Seed Oil,CITRULLUS VULGARIS SEED OIL,CITRULLUS VULGARIS SEED OIL
CITRUS AURANTIFOLIA FRUIT EXTRACT,CITRUS AURANTIFOLIA FRUIT EXTRACT,CITRUS AURANTIFOLIA FRUIT EXTRACT
Citrus Aurantifolia (Lime) Fruit Extract,CITRUS AURANTIFOLIA FRUIT EXTRACT,CITRUS AURANTIFOLIA FRUIT EXTRACT
Citrus Aurantifolia Fruit Extract,CITRUS AURANTIFOLIA FRUIT EXTRACT,CITRUS AURANTIFOLIA FRUIT EXTRACT
Citrus Aurantifolia (Lime) Juice,CITRUS AURANTIFOLIA JUICE,CITRUS AURANTIFOLIA JUICE
Citrus Aurantifolia Peel Extract,CITRUS AURANTIFOLIA PEEL EXTRACT,CITRUS AURANTIFOLIA PEEL EXTRACT
CITRUS AURANTIFOLIA PEEL OIL,CITRUS AURANTIFOLIA PEEL OIL,CITRUS AURANTIFOLIA PEEL OIL
CITRUS AURANTIUM AMARA FLOWER EXTRACT,CITRUS AURANTIUM AMARA FLOWER EXTRACT,CITRUS AURANTIUM AMARA FLOWER EXTRACT
Citrus Aurantium Amara Flower Water,CITRUS AURANTIUM AMARA FLOWER WATER,CITRUS AURANTIUM AMARA FLOWER WATER
CITRUS AURANTIUM AMARA FLOWER WATER,CITRUS AURANTIUM AMARA FLOWER WATER,CITRUS AURANTIUM AMARA FLOWER WATER
Citrus Aurantium Amara Fruit Extract,CITRUS AURANTIUM AMARA FRUIT EXTRACT,CITRUS AURANTIUM AMARA FRUIT EXTRACT
Citrus Aurantium Bergamia (Bergamot) Fruit Oil,CITRUS AURANTIUM BERGAMIA FRUIT OIL,CITRUS AURANTIUM BERGAMIA FRUIT OIL
CITRUS AURANTIUM BERGAMIA FRUIT OIL,CITRUS AURANTIUM BERGAMIA FRUIT OIL,CITRUS AURANTIUM BERGAMIA FRUIT OIL
Citrus Aurantium Bergamia Peel Oil,CITRUS AURANTIUM BERGAMIA PEEL OIL,CITRUS AURANTIUM BERGAMIA PEEL OIL
Citrus Aurantium Bergamia (Bergamot) Peel Oil,CITRUS AURANTIUM BERGAMIA PEEL OIL,CITRUS AURANTIUM BERGAMIA PEEL OIL
CITRUS AURANTIUM BERGAMIA PEEL OIL,CITRUS AURANTIUM BERGAMIA PEEL OIL,CITRUS AURANTIUM BERGAMIA PEEL OIL
CITRUS AURANTIUM DULCIS FLOWER EXTRACT,CITRUS AURANTIUM DULCIS FLOWER EXTRACT,CITRUS AURANTIUM DULCIS FLOWER EXTRACT
Citrus Aurantium Dulcis (Orange) Flower Water,CITRUS AURANTIUM DULCIS FLOWER WATER,CITRUS AURANTIUM DULCIS FLOWER WATER
CITRUS AURANTIUM DULCIS FLOWER WATER,CITRUS AURANTIUM DULCIS FLOWER WATER,CITRUS AURANTIUM DULCIS FLOWER WATER
Citrus Aurantium Dulcis Flower Water,CITRUS AURANTIUM DULCIS FLOWER WATER,CITRUS AURANTIUM DULCIS FLOWER WATER
Citrus Aurantium Dulcis (Orange) Fruit Extract,CITRUS AURANTIUM DULCIS FRUIT EXTRACT,CITRUS AURANTIUM DULCIS FRUIT EXTRACT
CITRUS AURANTIUM DULCIS FRUIT EXTRACT,CITRUS AURANTIUM DULCIS FRUIT EXTRACT,CITRUS AURANTIUM DULCIS FRUIT EXTRACT
Citrus Aurantium Dulcis Fruit Extract,CITRUS AURANTIUM DULCIS FRUIT EXTRACT,CITRUS AURANTIUM DULCIS FRUIT EXTRACT
CITRUS AURANTIUM DULCIS FRUIT WATER,CITRUS AURANTIUM DULCIS FRUIT WATER,CITRUS AURANTIUM DULCIS FRUIT WATER
Citrus Aurantium Dulcis (Orange) Juice,CITRUS AURANTIUM DULCIS JUICE,CITRUS AURANTIUM DULCIS JUICE
CITRUS AURANTIUM DULCIS JUICE,CITRUS AURANTIUM DULCIS JUICE,CITRUS AURANTIUM DULCIS JUICE
Citrus Aurantium Dulcis Juice,CITRUS AURANTIUM DULCIS JUICE,CITRUS AURANTIUM DULCIS JUICE
CITRUS AURANTIUM DULCIS OIL,CITRUS AURANTIUM DULCIS OIL,CITRUS AURANTIUM DULCIS OIL
CITRUS AURANTIUM DULCIS PEEL EXTRACT,CITRUS AURANTIUM DULCIS PEEL EXTRACT,CITRUS AURANTIUM DULCIS PEEL EXTRACT
Citrus Aurantium Dulcis Peel Oil,CITRUS AURANTIUM DULCIS PEEL OIL,CITRUS AURANTIUM DULCIS PEEL OIL
Citrus Aurantium Dulcis (Orange) Peel Oil,CITRUS AURANTIUM DULCIS PEEL OIL,CITRUS AURANTIUM DULCIS PEEL OIL
CITRUS AURANTIUM DULCIS PEEL OIL,CITRUS AURANTIUM DULCIS PEEL OIL,CITRUS AURANTIUM DULCIS PEEL OIL
CITRUS AURANTIUM DULCIS PEEL OIL EXPRESSED,CITRUS AURANTIUM DULCIS PEEL OIL EXPRESSED,CITRUS AURANTIUM DULCIS PEEL OIL
Citrus Aurantium Dulcis Seed Oil,CITRUS AURANTIUM DULCIS SEED OIL,CITRUS AURANTIUM DULCIS SEED OIL
Citrus Aurantium (Neroli) Oil,CITRUS AURANTIUM OIL,CITRUS AURANTIUM OIL
Citrus Aurantium Peel Oil,CITRUS AURANTIUM PEEL OIL,CITRUS AURANTIUM PEEL OIL
CITRUS AURANTIUM PEEL OIL,CITRUS AURANTIUM PEEL OIL,CITRUS AURANTIUM PEEL OIL
Citrus Bergamia (Bergamot) Oil,CITRUS BERGAMIA OIL,CITRUS BERGAMIA OIL
CITRUS GRANDIS FRUIT EXTRACT,CITRUS GRANDIS FRUIT EXTRACT,CITRUS GRANDIS FRUIT EXTRACT
CITRUS GRANDIS SEED EXTRACT,CITRUS GRANDIS SEED EXTRACT,CITRUS GRANDIS SEED EXTRACT
Citrus Grandis (Grapefruit) Seed Extract,CITRUS GRANDIS SEED EXTRACT,CITRUS GRANDIS SEED EXTRACT
Citrus Junos Fruit Extract,CITRUS JUNOS FRUIT EXTRACT,CITRUS JUNOS FRUIT EXTRACT
CITRUS JUNOS FRUIT EXTRACT,CITRUS JUNOS FRUIT EXTRACT,CITRUS JUNOS FRUIT EXTRACT
CITRUS JUNOS PEEL EXTRACT,CITRUS JUNOS PEEL EXTRACT,CITRUS JUNOS PEEL EXTRACT
CITRUS JUNOS SEED OIL,CITRUS JUNOS SEED OIL,CITRUS JUNOS SEED OIL
CITRUS LATIFOLIA FRUIT JUICE,CITRUS LATIFOLIA FRUIT JUICE,CITRUS LATIFOLIA FRUIT JUICE
CITRUS LIMON FLOWER EXTRACT,CITRUS LIMON FLOWER EXTRACT,CITRUS LIMON FLOWER EXTRACT
Citrus Limon Fruit Extract,CITRUS LIMON FRUIT EXTRACT,CITRUS LIMON FRUIT EXTRACT
citrus limon fruit extract,CITRUS LIMON FRUIT EXTRACT,CITRUS LIMON FRUIT EXTRACT
CITRUS LIMON FRUIT EXTRACT,CITRUS LIMON FRUIT EXTRACT,CITRUS LIMON FRUIT EXTRACT
Citrus Limon (Lemon) Fruit Extract,CITRUS LIMON FRUIT EXTRACT,CITRUS LIMON FRUIT EXTRACT
CITRUS LIMON FRUIT WATER,CITRUS LIMON FRUIT WATER,CITRUS LIMON FRUIT WATER
Citrus Limon (Lemon) Fruit Water,CITRUS LIMON FRUIT WATER,CITRUS LIMON FRUIT WATER
Citrus Limon Oil,CITRUS LIMON OIL,CITRUS LIMON OIL
CITRUS LIMON PEEL EXTRACT,CITRUS LIMON PEEL EXTRACT,CITRUS LIMON PEEL EXTRACT
Citrus Limon (Lemon) Peel Oil,CITRUS LIMON PEEL OIL,CITRUS LIMON PEEL OIL
Citrus Limon Peel Oil,CITRUS LIMON PEEL OIL,CITRUS LIMON PEEL OIL
CITRUS LIMON PEEL OIL,CITRUS LIMON PEEL OIL,CITRUS LIMON PEEL OIL
Citrus Limon Peel Water,CITRUS LIMON PEEL WATER,CITRUS LIMON PEEL WATER
CITRUS LIMON SEED OIL,CITRUS LIMON SEED OIL,CITRUS LIMON SEED OIL
CITRUS NOBILIS FRUIT EXTRACT,CITRUS NOBILIS FRUIT EXTRACT,CITRUS NOBILIS FRUIT EXTRACT
Citrus Nobilis (Mandarin Orange) Fruit Extract,CITRUS NOBILIS FRUIT EXTRACT,CITRUS NOBILIS FRUIT EXTRACT
Citrus Nobilis Peel Oil,CITRUS NOBILIS PEEL OIL,CITRUS NOBILIS PEEL OIL
CITRUS NOBILIS PEEL OIL,CITRUS NOBILIS PEEL OIL,CITRUS NOBILIS PEEL OIL
CITRUS PARADISI FRUIT EXTRACT,CITRUS PARADISI FRUIT EXTRACT,CITRUS PARADISI FRUIT EXTRACT
Citrus Paradisi Peel Oil,CITRUS PARADISI PEEL OIL,CITRUS PARADISI PEEL OIL
CITRUS PARADISI PEEL OIL,CITRUS PARADISI PEEL OIL,CITRUS PARADISI PEEL OIL
CITRUS PARADISI SEED OIL,CITRUS PARADISI SEED OIL,CITRUS PARADISI SEED OIL
CITRUS SEEDAMIDOPROPYL OLEATE,CITRUS SEEDAMIDOPROPYL OLEATE,CITRUS SEEDAMIDOPROPYL OLEATE
Citrus Seedamidopropyl Oleate,CITRUS SEEDAMIDOPROPYL OLEATE,CITRUS SEEDAMIDOPROPYL OLEATE
Citrus Sinensis Fruit Extract,CITRUS SINENSIS FRUIT EXTRACT,CITRUS SINENSIS FRUIT EXTRACT
CITRUS SINENSIS PEEL OIL,CITRUS SINENSIS PEEL OIL,CITRUS SINENSIS PEEL OIL
Citrus Sinensis Peel Oil Expressed,CITRUS SINENSIS PEEL OIL EXPRESSED,CITRUS SINENSIS PEEL OIL
CITRUS TANGERINA PEEL OIL,CITRUS TANGERINA PEEL OIL,CITRUS TANGERINA PEEL OIL
Citrus Unshiu Peel Extract,CITRUS UNSHIU PEEL EXTRACT,CITRUS UNSHIU PEEL EXTRACT
CITRUS UNSHIU PEEL EXTRACT,CITRUS UNSHIU PEEL EXTRACT,CITRUS UNSHIU PEEL EXTRACT
Clitoria Ternatea Flower Extract,CLITORIA TERNATEA FLOWER EXTRACT,CLITORIA TERNATEA FLOWER EXTRACT
CLITORIA TERNATEA FLOWER EXTRACT,CLITORIA TERNATEA FLOWER EXTRACT,CLITORIA TERNATEA FLOWER EXTRACT
COCAMIDOPROPYL BETAINAMIDE MEA CHLORIDE,COCAMIDOPROPYL BETAINAMIDE MEA CHLORIDE,COCAMIDOPROPYL BETAINAMIDE MEA CHLORIDE
COCAMIDOPROPYL BETAINE,COCAMIDOPROPYL BETAINE,COCAMIDOPROPYL BETAINE
Cocamidopropyl Betaine,COCAMIDOPROPYL BETAINE,COCAMIDOPROPYL BETAINE
COCAMIDOPROPYL DIMETHYLAMINE,COCAMIDOPROPYL DIMETHYLAMINE,COCAMIDOPROPYL DIMETHYLAMINE
Cocamidopropyl Hydroxysultaine,COCAMIDOPROPYL HYDROXYSULTAINE,COCAMIDOPROPYL HYDROXYSULTAINE
COCAMIDOPROPYLAMINE OXIDE,COCAMIDOPROPYLAMINE OXIDE,COCAMIDOPROPYLAMINE OXIDE
Coccinia Indica Fruit Extract,COCCINIA INDICA FRUIT EXTRACT,COCCINIA INDICA FRUIT EXTRACT
coccinia indica fruit extract,COCCINIA INDICA FRUIT EXTRACT,COCCINIA INDICA FRUIT EXTRACT
COCCINIA INDICA FRUIT EXTRACT,COCCINIA INDICA FRUIT EXTRACT,COCCINIA INDICA FRUIT EXTRACT
Coceth-7,COCETH-7,COCETH-7
Coco -Caprylate,COCO -CAPRYLATE,COCO-CAPRYLATE
Coco Caprylate,COCO CAPRYLATE,COCO-CAPRYLATE
Coco Glucoside,COCO GLUCOSIDE,COCO-GLUCOSIDE
Coco-Betaine,COCO-BETAINE,COCO-BETAINE
COCO-BETAINE,COCO-BETAINE,COCO-BETAINE
coco-betaine,COCO-BETAINE,COCO-BETAINE
Coco-betaine,COCO-BETAINE,COCO-BETAINE
Coco-Caprylate,COCO-CAPRYLATE,COCO-CAPRYLATE
COCO-CAPRYLATE,COCO-CAPRYLATE,COCO-CAPRYLATE
Coco-Caprylate* (emolient pochodzenia roślinnego),COCO-CAPRYLATE,COCO-CAPRYLATE
COCO-CAPRYLATE-CAPRATE,COCO-CAPRYLATE-CAPRATE,COCO-CAPRYLATE
COCO-GLUCOSIDE,COCO-GLUCOSIDE,COCO-GLUCOSIDE
Coco-Glucoside,COCO-GLUCOSIDE,COCO-GLUCOSIDE
Cocoglycerides,COCOGLYCERIDES,COCOGLYCERIDES
COCOGLYCERIDES,COCOGLYCERIDES,COCOGLYCERIDES
Coconut Acid,COCONUT ACID,COCONUT ACID
COCONUT ACID,COCONUT ACID,COCONUT ACID
Coconut Adctivated Carbon,COCONUT ADCTIVATED CARBON,COCONUT ACTIVATED CARBON
Coconut Alkanes,COCONUT ALKANES,COCONUT ALKANES
COCONUT ALKANES,COCONUT ALKANES,COCONUT ALKANES
Coconut Fatty Acid,COCONUT FATTY ACID,COCONUT FATTY ACID
Coconut Fruit Juice,COCONUT FRUIT JUICE,COCONUT FRUIT JUICE
kokos,COCOS NUCIFERA,COCOS NUCIFERA
kokos Coco-Glucoside,COCOS NUCIFERA COCO-GLUCOSIDE,COCO-GLUCOSIDE
Cocos Nucifera Fruit Extract,COCOS NUCIFERA FRUIT EXTRACT,COCOS NUCIFERA FRUIT EXTRACT
Cocos Nucifera (Coconut) Fruit Extract,COCOS NUCIFERA FRUIT EXTRACT,COCOS NUCIFERA FRUIT EXTRACT
COCOS NUCIFERA (COCONUT) FRUIT EXTRACT,COCOS NUCIFERA FRUIT EXTRACT,COCOS NUCIFERA FRUIT EXTRACT
COCOS NUCIFERA FRUIT EXTRACT,COCOS NUCIFERA FRUIT EXTRACT,COCOS NUCIFERA FRUIT EXTRACT
Cocos Nucifera Fruit Juice,COCOS NUCIFERA FRUIT JUICE,COCOS NUCIFERA FRUIT JUICE
COCOS NUCIFERA FRUIT JUICE,COCOS NUCIFERA FRUIT JUICE,COCOS NUCIFERA FRUIT JUICE
COCOS NUCIFERA FRUIT WATER,COCOS NUCIFERA FRUIT WATER,COCOS NUCIFERA FRUIT WATER
Cocos Nucifera Oil,COCOS NUCIFERA OIL,COCOS NUCIFERA OIL
COCOS NUCIFERA OIL,COCOS NUCIFERA OIL,COCOS NUCIFERA OIL
Cocos Nucifera (Coconut) Oil,COCOS NUCIFERA OIL,COCOS NUCIFERA OIL
Cocos Nucifera (coconut ) Oil,COCOS NUCIFERA OIL,COCOS NUCIFERA OIL
kokos Sodium Lauryl Sulfate,COCOS NUCIFERA SODIUM LAURYL SULFATE,SODIUM LAURYL SULFATE
COCOS NUCIFERA WATER,COCOS NUCIFERA WATER,COCOS NUCIFERA WATER
Cocos Nucifera Water,COCOS NUCIFERA WATER,COCOS NUCIFERA WATER
COCOYL PROLINE,COCOYL PROLINE,COCOYL PROLINE
CODIUM TOMENTOSUM EXTRACT,CODIUM TOMENTOSUM EXTRACT,CODIUM TOMENTOSUM EXTRACT
COENOCHLORIS SIGNIENSIS EXTRACT,COENOCHLORIS SIGNIENSIS EXTRACT,COENOCHLORIS SIGNIENSIS EXTRACT
COFFEA ARABICA FRUIT EXTRACT,COFFEA ARABICA FRUIT EXTRACT,COFFEA ARABICA FRUIT EXTRACT
COFFEA ARABICA SEED EXTRACT,COFFEA ARABICA SEED EXTRACT,COFFEA ARABICA SEED EXTRACT
Coffea Arabica Seed Extract,COFFEA ARABICA SEED EXTRACT,COFFEA ARABICA SEED EXTRACT
COFFEA ARABICA SEED OIL,COFFEA ARABICA SEED OIL,COFFEA ARABICA SEED OIL
Coffea Robusta Seed Extract,COFFEA ROBUSTA SEED EXTRACT,COFFEA ROBUSTA SEED EXTRACT
Coffee & Peptides: Aqua,AQUA,AQUA
COIX LACRYMA-JOBI MA-YUEN SEED EXTRACT,COIX LACRYMA-JOBI MA-YUEN SEED EXTRACT,COIX LACRYMA-JOBI MA-YUEN SEED EXTRACT
Coix Lacryma-Jobi Ma-yuen Seed Extract,COIX LACRYMA-JOBI MA-YUEN SEED EXTRACT,COIX LACRYMA-JOBI MA-YUEN SEED EXTRACT
coix Lacryma-Jobi Ma-yuen Seed Extract,COIX LACRYMA-JOBI MA-YUEN SEED EXTRACT,COIX LACRYMA-JOBI MA-YUEN SEED EXTRACT
Coix Lacryma-Jobi Ma-Yuen Seed Extract,COIX LACRYMA-JOBI MA-YUEN SEED EXTRACT,COIX LACRYMA-JOBI MA-YUEN SEED EXTRACT
COIX LACRYMA-JOBI MA-YUEN SEED FERMENT FILTRATE,COIX LACRYMA-JOBI MA-YUEN SEED FERMENT FILTRATE,COIX LACRYMA-JOBI MA-YUEN SEED FERMENT FILTRATE
Coix Lacryma-Jobi Ma-yuen Seed Ferment Filtrate,COIX LACRYMA-JOBI MA-YUEN SEED FERMENT FILTRATE,COIX LACRYMA-JOBI MA-YUEN SEED FERMENT FILTRATE
COIX LACRYMA-JOBI MA-YUEN SEED WATER,COIX LACRYMA-JOBI MA-YUEN SEED WATER,COIX LACRYMA-JOBI MA-YUEN SEED WATER
Collagen,COLLAGEN,COLLAGEN
COLLAGEN,COLLAGEN,COLLAGEN
COLLAGEN AMINO ACIDS,COLLAGEN AMINO ACIDS,COLLAGEN AMINO ACIDS
Collagen Amino Acids,COLLAGEN AMINO ACIDS,COLLAGEN AMINO ACIDS
COLLAGEN EXTRACT,COLLAGEN EXTRACT,COLLAGEN EXTRACT
Collagen Extract,COLLAGEN EXTRACT,COLLAGEN EXTRACT
COLLAGEN WATER,COLLAGEN WATER,COLLAGEN WATER
COLLOIDAL GOLD,COLLOIDAL GOLD,COLLOIDAL GOLD
Colloidal Gold,COLLOIDAL GOLD,COLLOIDAL GOLD
Colloidal Oatmeal,COLLOIDAL OATMEAL,COLLOIDAL OATMEAL
Colloidal Platinum,COLLOIDAL PLATINUM,COLLOIDAL PLATINUM
COLLOIDAL PLATINUM,COLLOIDAL PLATINUM,COLLOIDAL PLATINUM
Colloidal Silver,COLLOIDAL SILVER,COLLOIDAL SILVER
Plastry do depilacji twarzy: Colophonium,COLOPHONIUM,COLOPHONIUM
COLOSTRUM,COLOSTRUM,COLOSTRUM
COMARIN,COMARIN,COMARIN
COMMIPHORA MYRRHA RESIN EXTRACT,COMMIPHORA MYRRHA RESIN EXTRACT,COMMIPHORA MYRRHA RESIN EXTRACT
Copaifera Officinalis Resin,COPAIFERA OFFICINALIS RESIN,COPAIFERA OFFICINALIS RESIN
COPAIFERA OFFICINALIS RESIN,COPAIFERA OFFICINALIS RESIN,COPAIFERA OFFICINALIS RESIN
COPEMICIA CERIFERA (CARNAUBA) WAX,COPEMICIA CERIFERA WAX,COPEMICIA CERIFERA WAX
COPERNICIA,COPERNICIA,COPERNICIA CERIFERA CERA
COPERNICIA CERIFERA CERA,COPERNICIA CERIFERA CERA,COPERNICIA CERIFERA CERA
Copernicia Cerifera Cera,COPERNICIA CERIFERA CERA,COPERNICIA CERIFERA CERA
Copernicia Cerifera (Carnauba) Wax,COPERNICIA CERIFERA WAX,COPERNICIA CERIFERA WAX
Copernicia Cerifera (Camauba) Wax (copernicia Cerifera Cera),COPERNICIA CERIFERA WAX,COPERNICIA CERIFERA WAX
COPERNICIA CERIFERA (CARNAUBA) WAX,COPERNICIA CERIFERA WAX,COPERNICIA CERIFERA WAX
COPERNICIA CERIFERA WAX,COPERNICIA CERIFERA WAX,COPERNICIA CERIFERA WAX
Copernicia CeriferaCera,COPERNICIA CERIFERACERA,COPERNICIA CERIFERA CERA
Copolymer,COPOLYMER,COPOLYMER
COPPER FERMENT,COPPER FERMENT,COPPER FERMENT
Copper Ferment,COPPER FERMENT,COPPER FERMENT
COPPER GLUCONATE,COPPER GLUCONATE,COPPER GLUCONATE
Copper PCA,COPPER PCA,COPPER PCA
COPPER PCA,COPPER PCA,COPPER PCA
COPPER SULFATE,COPPER SULFATE,COPPER SULFATE
Copper Sulfate,COPPER SULFATE,COPPER SULFATE
COPPER TRIPEPTIDE-1,COPPER TRIPEPTIDE-1,COPPER TRIPEPTIDE-1
Copper Tripeptide-1,COPPER TRIPEPTIDE-1,COPPER TRIPEPTIDE-1
COPTIS CHINENSIS ROOT EXTRACT,COPTIS CHINENSIS ROOT EXTRACT,COPTIS CHINENSIS ROOT EXTRACT
Coptis Chinensis Root Extract,COPTIS CHINENSIS ROOT EXTRACT,COPTIS CHINENSIS ROOT EXTRACT
COPTIS JAPONICA EXTRACT,COPTIS JAPONICA EXTRACT,COPTIS JAPONICA EXTRACT
Coptis Japonica Root Extract,COPTIS JAPONICA ROOT EXTRACT,COPTIS JAPONICA ROOT EXTRACT
COPTIS JAPONICA ROOT EXTRACT,COPTIS JAPONICA ROOT EXTRACT,COPTIS JAPONICA ROOT EXTRACT
corallina officinalis extract,CORALLINA OFFICINALIS EXTRACT,CORALLINA OFFICINALIS EXTRACT
CORALLINA OFFICINALIS EXTRACT,CORALLINA OFFICINALIS EXTRACT,CORALLINA OFFICINALIS EXTRACT
Corallina Officinalis Extract,CORALLINA OFFICINALIS EXTRACT,CORALLINA OFFICINALIS EXTRACT
CORCHORUS OLITORIUS LEAF EXTRACT,CORCHORUS OLITORIUS LEAF EXTRACT,CORCHORUS OLITORIUS LEAF EXTRACT
CORIANDRUM SATIVUM EXTRACT,CORIANDRUM SATIVUM EXTRACT,CORIANDRUM SATIVUM EXTRACT
CORIANDRUM SATIVUM FRUIT OIL,CORIANDRUM SATIVUM FRUIT OIL,CORIANDRUM SATIVUM FRUIT OIL
CORN GLUTEN AMINO ACIDS,CORN GLUTEN AMINO ACIDS,CORN GLUTEN AMINO ACIDS
Corn Starach,CORN STARACH,ZEA MAYS STARCH
Corn Starch,CORN STARCH,ZEA MAYS STARCH
Corydalis Turtschaninovii Root Extract,CORYDALIS TURTSCHANINOVII ROOT EXTRACT,CORYDALIS TURTSCHANINOVII ROOT EXTRACT
CORYDALIS TURTSCHANINOVII ROOT EXTRACT,CORYDALIS TURTSCHANINOVII ROOT EXTRACT,CORYDALIS TURTSCHANINOVII ROOT EXTRACT
Coumarin*. *zawiera alergeny,COUMARIN,COUMARIN
Coumarin*. zawiera alergeny,COUMARIN,COUMARIN
COUMARIN,COUMARIN,COUMARIN
Coumarin,COUMARIN,COUMARIN
Crambe Abyssinica Seed Oil,CRAMBE ABYSSINICA SEED OIL,CRAMBE ABYSSINICA SEED OIL
CRAMBE ABYSSINICA SEED OIL,CRAMBE ABYSSINICA SEED OIL,CRAMBE ABYSSINICA SEED OIL
Crataegus Monogyna (Hawthorn) Flower Extract,CRATAEGUS MONOGYNA FLOWER EXTRACT,CRATAEGUS MONOGYNA FLOWER EXTRACT
CRATAEGUS MONOGYNA FLOWER EXTRACT,CRATAEGUS MONOGYNA FLOWER EXTRACT,CRATAEGUS MONOGYNA FLOWER EXTRACT
Crataegus Monogyna Flower Extract,CRATAEGUS MONOGYNA FLOWER EXTRACT,CRATAEGUS MONOGYNA FLOWER EXTRACT
CREATINE,CREATINE,CREATINE
Creatine,CREATINE,CREATINE
Crithmum Maritimum Extract,CRITHMUM MARITIMUM EXTRACT,CRITHMUM MARITIMUM EXTRACT
Crithmum Maritimum (Sea Fennel) Extract,CRITHMUM MARITIMUM EXTRACT,CRITHMUM MARITIMUM EXTRACT
Crocus Chrysanthus Bulb Extract,CROCUS CHRYSANTHUS BULB EXTRACT,CROCUS CHRYSANTHUS BULB EXTRACT
CROCUS SATIVUS FLOWER EXTRACT,CROCUS SATIVUS FLOWER EXTRACT,CROCUS SATIVUS FLOWER EXTRACT
CROCUS SATIVUS STIGMA EXTRACT,CROCUS SATIVUS STIGMA EXTRACT,CROCUS SATIVUS STIGMA EXTRACT
Crocus Sativus Stigma Extract,CROCUS SATIVUS STIGMA EXTRACT,CROCUS SATIVUS STIGMA EXTRACT
Croscamellose,CROSCAMELLOSE,CROSCARMELLOSE
Croscarmellose,CROSCARMELLOSE,CROSCARMELLOSE
CROSCARMELLOSE,CROSCARMELLOSE,CROSCARMELLOSE
Crosspolymer,CROSSPOLYMER,CROSSPOLYMER
Crosspoplymer,CROSSPOPLYMER,CROSSPOLYMER
CROTON LECHLERI RESIN EXTRACT,CROTON LECHLERI RESIN EXTRACT,CROTON LECHLERI RESIN EXTRACT
Cryptomeria Japonica Bud Extract,CRYPTOMERIA JAPONICA BUD EXTRACT,CRYPTOMERIA JAPONICA BUD EXTRACT
CUCUMIS MELO FRUIT EXTRACT,CUCUMIS MELO FRUIT EXTRACT,CUCUMIS MELO FRUIT EXTRACT
Cucumis Melo (Melon) Fruit Extract,CUCUMIS MELO FRUIT EXTRACT,CUCUMIS MELO FRUIT EXTRACT
Cucumis Melo (Melon) Juice,CUCUMIS MELO JUICE,CUCUMIS MELO JUICE
Cucumis Sativus Extract,CUCUMIS SATIVUS EXTRACT,CUCUMIS SATIVUS EXTRACT
Cucumis Sativus (Cucumber) Extract,CUCUMIS SATIVUS EXTRACT,CUCUMIS SATIVUS EXTRACT
CUCUMIS SATIVUS (CUCUMBER) FRUIT EXTRACT,CUCUMIS SATIVUS FRUIT EXTRACT,CUCUMIS SATIVUS FRUIT EXTRACT
CUCUMIS SATIVUS FRUIT EXTRACT,CUCUMIS SATIVUS FRUIT EXTRACT,CUCUMIS SATIVUS FRUIT EXTRACT
Cucumis Sativus (Cucumber) Fruit Extract,CUCUMIS SATIVUS FRUIT EXTRACT,CUCUMIS SATIVUS FRUIT EXTRACT
Cucumis Sativus Fruit Extract,CUCUMIS SATIVUS FRUIT EXTRACT,CUCUMIS SATIVUS FRUIT EXTRACT
CUCURBITA PEPO FRUIT EXTRACT,CUCURBITA PEPO FRUIT EXTRACT,CUCURBITA PEPO FRUIT EXTRACT
Cucurbita Pepo Seed Extract,CUCURBITA PEPO SEED EXTRACT,CUCURBITA PEPO SEED EXTRACT
CUCURBITA PEPO SEED OIL,CUCURBITA PEPO SEED OIL,CUCURBITA PEPO SEED OIL
CUCURBITACEAE EXTRACT,CUCURBITACEAE EXTRACT,CUCURBITACEAE EXTRACT
CUPRESSUS SEMPERVIRENS OIL,CUPRESSUS SEMPERVIRENS OIL,CUPRESSUS SEMPERVIRENS OIL
CUPRESSUS SEMPERVIRENS SEED EXTRACT,CUPRESSUS SEMPERVIRENS SEED EXTRACT,CUPRESSUS SEMPERVIRENS SEED EXTRACT
CUPRIC CHLORIDE,CUPRIC CHLORIDE,CUPRIC CHLORIDE
Curcuma Longa (turmeric) Root Extract,CURCUMA LONGA ROOT EXTRACT,CURCUMA LONGA ROOT EXTRACT
Curcuma Longa Root Extract,CURCUMA LONGA ROOT EXTRACT,CURCUMA LONGA ROOT EXTRACT
curcuma longa (turmeric) root extract,CURCUMA LONGA ROOT EXTRACT,CURCUMA LONGA ROOT EXTRACT
CURCUMA LONGA ROOT EXTRACT,CURCUMA LONGA ROOT EXTRACT,CURCUMA LONGA ROOT EXTRACT
Curcuma Longa (Turmeric) Root Extract,CURCUMA LONGA ROOT EXTRACT,CURCUMA LONGA ROOT EXTRACT
Curcuma Soja (Soybean) Oil,CURCUMA SOJA OIL,CURCUMA SOJA OIL
Curcuma Zedoaria Rhizome Extract,CURCUMA ZEDOARIA RHIZOME EXTRACT,CURCUMA ZEDOARIA RHIZOME EXTRACT
CURCUMA ZEDOARIA RHIZOME EXTRACT,CURCUMA ZEDOARIA RHIZOME EXTRACT,CURCUMA ZEDOARIA RHIZOME EXTRACT
Curcumin,CURCUMIN,CURCUMIN
CURCUMIN,CURCUMIN,CURCUMIN
Cyamopsis Tetragonoloba (Guar) Gum,CYAMOPSIS TETRAGONOLOBA GUM,CYAMOPSIS TETRAGONOLOBA GUM
CYAMOPSIS TETRAGONOLOBA GUM,CYAMOPSIS TETRAGONOLOBA GUM,CYAMOPSIS TETRAGONOLOBA GUM
Cyanocobalamin,CYANOCOBALAMIN,CYANOCOBALAMIN
CYANOCOBALAMIN,CYANOCOBALAMIN,CYANOCOBALAMIN
Cyanocobalamina,CYANOCOBALAMINA,CYANOCOBALAMIN
CYCLODEXTRIN,CYCLODEXTRIN,CYCLODEXTRIN
Cyclodextrin,CYCLODEXTRIN,CYCLODEXTRIN
cyclohexasiloxane,CYCLOHEXASILOXANE,CYCLOHEXASILOXANE
Cyclohexasiloxane,CYCLOHEXASILOXANE,CYCLOHEXASILOXANE
CYCLOHEXASILOXANE,CYCLOHEXASILOXANE,CYCLOHEXASILOXANE
Cyclomethicone,CYCLOMETHICONE,CYCLOMETHICONE
Cyclopentasiloxane,CYCLOPENTASILOXANE,CYCLOPENTASILOXANE
CYCLOPENTASILOXANE,CYCLOPENTASILOXANE,CYCLOPENTASILOXANE
Cydonia Oblonga Leaf Extract,CYDONIA OBLONGA LEAF EXTRACT,CYDONIA OBLONGA LEAF EXTRACT
Cymbopogon Citratus (Lemon Grass) Extract,CYMBOPOGON CITRATUS EXTRACT,CYMBOPOGON CITRATUS EXTRACT
CYMBOPOGON CITRATUS EXTRACT,CYMBOPOGON CITRATUS EXTRACT,CYMBOPOGON CITRATUS EXTRACT
Cymbopogon Citratus Leaf Oil,CYMBOPOGON CITRATUS LEAF OIL,CYMBOPOGON CITRATUS LEAF OIL
Cymbopogon Flexuosus Herb Oil,CYMBOPOGON FLEXUOSUS HERB OIL,CYMBOPOGON FLEXUOSUS HERB OIL
CYMBOPOGON MARTINI OIL,CYMBOPOGON MARTINI OIL,CYMBOPOGON MARTINI OIL
Cymbopogon Schoenanthus Extract,CYMBOPOGON SCHOENANTHUS EXTRACT,CYMBOPOGON SCHOENANTHUS EXTRACT
CYNANCHUM ATRATUM EXTRACT,CYNANCHUM ATRATUM EXTRACT,CYNANCHUM ATRATUM EXTRACT
CYNARA SCOLYMUS LEAF EXTRACT,CYNARA SCOLYMUS LEAF EXTRACT,CYNARA SCOLYMUS LEAF EXTRACT
Cyperus Esculentus Tuber Extract,CYPERUS ESCULENTUS TUBER EXTRACT,CYPERUS ESCULENTUS TUBER EXTRACT
CYPERUS ESCULENTUS TUBER EXTRACT,CYPERUS ESCULENTUS TUBER EXTRACT,CYPERUS ESCULENTUS TUBER EXTRACT
CYPERUS ROTUNDUS ROOT EXTRACT,CYPERUS ROTUNDUS ROOT EXTRACT,CYPERUS ROTUNDUS ROOT EXTRACT
Cysteine,CYSTEINE,CYSTEINE
CYSTEINE,CYSTEINE,CYSTEINE
CYSTOSEIRA AMENTACEA,CYSTOSEIRA AMENTACEA,CYSTOSEIRA AMENTACEA
CYTOSINE,CYTOSINE,CYTOSINE
DAPHNOIDES,DAPHNOIDES,DAPHNOIDES
DARUTOSIDE,DARUTOSIDE,DARUTOSIDE
Darutoside,DARUTOSIDE,DARUTOSIDE
DAUCUS CAROTA SATIVA EXTRACT,DAUCUS CAROTA SATIVA EXTRACT,DAUCUS CAROTA SATIVA EXTRACT
DAUCUS CAROTA SATIVA (CARROT) ROOT EXTRACT,DAUCUS CAROTA SATIVA ROOT EXTRACT,DAUCUS CAROTA SATIVA ROOT EXTRACT
Daucus Carota Sativa (Carrot) Root Extract,DAUCUS CAROTA SATIVA ROOT EXTRACT,DAUCUS CAROTA SATIVA ROOT EXTRACT
DAUCUS CAROTA SATIVA ROOT EXTRACT,DAUCUS CAROTA SATIVA ROOT EXTRACT,DAUCUS CAROTA SATIVA ROOT EXTRACT
Daucus Carota Sativa Root Ferment Filtrate,DAUCUS CAROTA SATIVA ROOT FERMENT FILTRATE,DAUCUS CAROTA SATIVA ROOT FERMENT FILTRATE
Daucus Carota Sativa (Carrot) Seed Oil,DAUCUS CAROTA SATIVA SEED OIL,DAUCUS CAROTA SATIVA SEED OIL
DAUCUS CAROTA SATIVA SEED OIL,DAUCUS CAROTA SATIVA SEED OIL,DAUCUS CAROTA SATIVA SEED OIL
Davidsonia Jerseyana (Davidson’s Plum) Fruit Extract,DAVIDSONIA JERSEYANA FRUIT EXTRACT,DAVIDSONIA JERSEYANA FRUIT EXTRACT
DECARBOXY CARNOSINE HCl,DECARBOXY CARNOSINE HCL,DECARBOXY CARNOSINE HCL
Decyl Alcohol,DECYL ALCOHOL,DECYL ALCOHOL
DECYL ALCOHOL,DECYL ALCOHOL,DECYL ALCOHOL
Decyl Cocoate,DECYL COCOATE,DECYL COCOATE
DECYL COCOATE,DECYL COCOATE,DECYL COCOATE
DECYL GLUCOSIDE,DECYL GLUCOSIDE,DECYL GLUCOSIDE
Decyl Glucoside,DECYL GLUCOSIDE,DECYL GLUCOSIDE
DECYL OLEATE,DECYL OLEATE,DECYL OLEATE
Decyl Oleate,DECYL OLEATE,DECYL OLEATE
Decylene Glycol,DECYLENE GLYCOL,DECYLENE GLYCOL
DECYLENE GLYCOL,DECYLENE GLYCOL,DECYLENE GLYCOL
Dehydroacetic Acid,DEHYDROACETIC ACID,DEHYDROACETIC ACID
DEHYDROACETIC ACID,DEHYDROACETIC ACID,DEHYDROACETIC ACID
DEHYDROXANTHAN GUM,DEHYDROXANTHAN GUM,DEHYDROXANTHAN GUM
Dehydroxanthan Gum,DEHYDROXANTHAN GUM,DEHYDROXANTHAN GUM
Dendrobium Officinale Stem Extract,DENDROBIUM OFFICINALE STEM EXTRACT,DENDROBIUM OFFICINALE STEM EXTRACT
Dextran,DEXTRAN,DEXTRAN
DEXTRAN,DEXTRAN,DEXTRAN
Dextrin,DEXTRIN,DEXTRIN
DEXTRIN,DEXTRIN,DEXTRIN
DEXTRIN PALMITATE,DEXTRIN PALMITATE,DEXTRIN PALMITATE
Dextrin Palmitate,DEXTRIN PALMITATE,DEXTRIN PALMITATE
Diacetyl Boldine,DIACETYL BOLDINE,DIACETYL BOLDINE
Diamond Powder,DIAMOND POWDER,DIAMOND POWDER
DIATOMACEOUS EARTH,DIATOMACEOUS EARTH,DIATOMACEOUS EARTH
DIAZOLIDINYL UREA,DIAZOLIDINYL UREA,DIAZOLIDINYL UREA
Diazolidinyl Urea,DIAZOLIDINYL UREA,DIAZOLIDINYL UREA
Dibuthyl Ethylhexanoyl Glu-tamide,DIBUTHYL ETHYLHEXANOYL GLU-TAMIDE,DIBUTYL ETHYLHEXANOYL GLUTAMIDE
Dibuthyl Ethylhexanoyl Glutamide,DIBUTHYL ETHYLHEXANOYL GLUTAMIDE,DIBUTYL ETHYLHEXANOYL GLUTAMIDE
DIBUTYL ADIPATE,DIBUTYL ADIPATE,DIBUTYL ADIPATE
Dibutyl Adipate,DIBUTYL ADIPATE,DIBUTYL ADIPATE
DIBUTYL ETHYLHEXANOYL GLUTAMIDE,DIBUTYL ETHYLHEXANOYL GLUTAMIDE,DIBUTYL ETHYLHEXANOYL GLUTAMIDE
Dibutyl Lauroyl Glutamide,DIBUTYL LAUROYL GLUTAMIDE,DIBUTYL LAUROYL GLUTAMIDE
DIBUTYL LAUROYL GLUTAMIDE,DIBUTYL LAUROYL GLUTAMIDE,DIBUTYL LAUROYL GLUTAMIDE
Dicalcium Phosphate,DICALCIUM PHOSPHATE,DICALCIUM PHOSPHATE
Dicaprate,DICAPRATE,DICAPRATE
DICAPRATE,DICAPRATE,DICAPRATE
Dicaprylyl Carbonate,DICAPRYLYL CARBONATE,DICAPRYLYL CARBONATE
DICAPRYLYL CARBONATE,DICAPRYLYL CARBONATE,DICAPRYLYL CARBONATE
DICAPRYLYL ETHER,DICAPRYLYL ETHER,DICAPRYLYL ETHER
Dicaprylyl Ether,DICAPRYLYL ETHER,DICAPRYLYL ETHER
DICOCOYL PENTAERYTHRITYL DISTEARYL CITRATE,DICOCOYL PENTAERYTHRITYL DISTEARYL CITRATE,DICOCOYL PENTAERYTHRITYL DISTEARYL CITRATE
DICTYOPTERIS POLYPODIOIDES EXTRACT,DICTYOPTERIS POLYPODIOIDES EXTRACT,DICTYOPTERIS POLYPODIOIDES EXTRACT
DIDECYLDIMONIUM CHLORIDE,DIDECYLDIMONIUM CHLORIDE,DIDECYLDIMONIUM CHLORIDE
Die- thylamino Hydroxybenzoyl Hexyl Benzoate,DIE- THYLAMINO HYDROXYBENZOYL HEXYL BENZOATE,DIETHYLAMINO HYDROXYBENZOYL HEXYL BENZOATE
DIETHOXYETHYL SUCCINATE,DIETHOXYETHYL SUCCINATE,DIETHOXYETHYL SUCCINATE
Diethylamino Hydroxybenzoyl Hexyl Benzoate,DIETHYLAMINO HYDROXYBENZOYL HEXYL BENZOATE,DIETHYLAMINO HYDROXYBENZOYL HEXYL BENZOATE
DIETHYLAMINO HYDROXYBENZOYL HEXYL BENZOATE,DIETHYLAMINO HYDROXYBENZOYL HEXYL BENZOATE,DIETHYLAMINO HYDROXYBENZOYL HEXYL BENZOATE
Diethylhexyl Adipate,DIETHYLHEXYL ADIPATE,DIETHYLHEXYL ADIPATE
DIETHYLHEXYL BUTAMIDO TRIAZONE,DIETHYLHEXYL BUTAMIDO TRIAZONE,DIETHYLHEXYL BUTAMIDO TRIAZONE
Diethylhexyl Butamido Triazone,DIETHYLHEXYL BUTAMIDO TRIAZONE,DIETHYLHEXYL BUTAMIDO TRIAZONE
DIETHYLHEXYL CARBONATE,DIETHYLHEXYL CARBONATE,DIETHYLHEXYL CARBONATE
Diethylhexyl Carbonate,DIETHYLHEXYL CARBONATE,DIETHYLHEXYL CARBONATE
Diethylhexyl Sodium Sulfosuccinate,DIETHYLHEXYL SODIUM SULFOSUCCINATE,DIETHYLHEXYL SODIUM SULFOSUCCINATE
Diethylhexyl Syringylidene Malonate,DIETHYLHEXYL SYRINGYLIDENE MALONATE,DIETHYLHEXYL SYRINGYLIDENEMALONATE
Diethylhexyl Syringylidenemalonate,DIETHYLHEXYL SYRINGYLIDENEMALONATE,DIETHYLHEXYL SYRINGYLIDENEMALONATE
DIETHYLHEXYL SYRINGYLIDENEMALONATE,DIETHYLHEXYL SYRINGYLIDENEMALONATE,DIETHYLHEXYL SYRINGYLIDENEMALONATE
Diglycerin,DIGLYCERIN,DIGLYCERIN
DIGLYCERIN,DIGLYCERIN,DIGLYCERIN
Diheptyl Succinate,DIHEPTYL SUCCINATE,DIHEPTYL SUCCINATE
DIHYDROMYRICETIN,DIHYDROMYRICETIN,DIHYDROMYRICETIN
DIISOPROPYL ADIPATE,DIISOPROPYL ADIPATE,DIISOPROPYL ADIPATE
DIISOPROPYL SEBACATE,DIISOPROPYL SEBACATE,DIISOPROPYL SEBACATE
Diisopropyl Sebacate,DIISOPROPYL SEBACATE,DIISOPROPYL SEBACATE
Diisostearate,DIISOSTEARATE,DIISOSTEARATE
Diisostearoyl Polyglyceryl-3 Dimer,DIISOSTEAROYL POLYGLYCERYL-3 DIMER,DIISOSTEAROYL POLYGLYCERYL-3 DIMER DILINOLEATE
DIISOSTEAROYL POLYGLYCERYL-3 DIMER DILINOLEATE,DIISOSTEAROYL POLYGLYCERYL-3 DIMER DILINOLEATE,DIISOSTEAROYL POLYGLYCERYL-3 DIMER DILINOLEATE
Diisostearoyl Polyglyceryl-3 Dimer Dilinoleate,DIISOSTEAROYL POLYGLYCERYL-3 DIMER DILINOLEATE,DIISOSTEAROYL POLYGLYCERYL-3 DIMER DILINOLEATE
DIISOSTEARYL DIMER DILINOLEATE,DIISOSTEARYL DIMER DILINOLEATE,DIISOSTEARYL DIMER DILINOLEATE
Essence Juicy Glow Juicy Bomb Lip Oil 02 Strawberry Star: Diisostearyl Malate,DIISOSTEARYL MALATE,DIISOSTEARYL MALATE
Essence Juicy Glow Juicy Bomb Lip Oil 05 Cherry Cheer: Diisostearyl Malate,DIISOSTEARYL MALATE,DIISOSTEARYL MALATE
Essence Juicy Glow Juicy Bomb Lip Oil 04 Mint Magic: Diisostearyl Malate,DIISOSTEARYL MALATE,DIISOSTEARYL MALATE
Diisostearyl Malate,DIISOSTEARYL MALATE,DIISOSTEARYL MALATE
Essence Juicy Glow Juicy Bomb Lip Oil 01 Coconut Crush: Diisostearyl Malate,DIISOSTEARYL MALATE,DIISOSTEARYL MALATE
DIISOSTEARYL MALATE,DIISOSTEARYL MALATE,DIISOSTEARYL MALATE
Essence Juicy Glow Juicy Bomb Lip Oil 03 Mandarin Miracle: Diisostearyl Malate,DIISOSTEARYL MALATE,DIISOSTEARYL MALATE
Dilauryl Citrate,DILAURYL CITRATE,DILAURYL CITRATE
DILAURYL THIODIPROPIONATE,DILAURYL THIODIPROPIONATE,DILAURYL THIODIPROPIONATE
Dilinoleate,DILINOLEATE,DILINOLEATE
DILINOLEIC ACID,DILINOLEIC ACID,DILINOLEIC ACID
DILINOLEIC ACID/BUTANEDIOL COPOLYMER,DILINOLEIC ACID/BUTANEDIOL COPOLYMER,DILINOLEIC ACID
DIMER DILINOLEYL DIMER DILINOLEATE,DIMER DILINOLEYL DIMER DILINOLEATE,DIMER DILINOLEYL DIMER DILINOLEATE
Dimer Dilinoleyl Dimer Dilinoleate,DIMER DILINOLEYL DIMER DILINOLEATE,DIMER DILINOLEYL DIMER DILINOLEATE
DIMER DILINOLEYL DIMER DILINOLEATE/IPDI COPOLYMER,DIMER DILINOLEYL DIMER DILINOLEATE/IPDI COPOLYMER,DIMER DILINOLEYL DIMER DILINOLEATE
dimethicone,DIMETHICONE,DIMETHICONE
DIMETHICONE,DIMETHICONE,DIMETHICONE
Dimethicone,DIMETHICONE,DIMETHICONE
DIMETHICONE CROSSPOLYMER,DIMETHICONE CROSSPOLYMER,DIMETHICONE CROSSPOLYMER
Dimethicone Crosspolymer,DIMETHICONE CROSSPOLYMER,DIMETHICONE CROSSPOLYMER
Dimethicone/ Vinyl Dimethicone Crosspolymer,DIMETHICONE/ VINYL DIMETHICONE CROSSPOLYMER,DIMETHICONE
DIMETHICONE/PEG-10/15 CROSSPOLYMER,DIMETHICONE/PEG-10/15 CROSSPOLYMER,DIMETHICONE
Dimethicone/PEG-10/15 Crosspolymer,DIMETHICONE/PEG-10/15 CROSSPOLYMER,DIMETHICONE
dimethicone/peg-10/15 crosspolymer,DIMETHICONE/PEG-10/15 CROSSPOLYMER,DIMETHICONE
dimethicone/polyglycerin-3 crosspolymer,DIMETHICONE/POLYGLYCERIN-3 CROSSPOLYMER,DIMETHICONE
Dimethicone/Polyglycerin-3 Crosspolymer,DIMETHICONE/POLYGLYCERIN-3 CROSSPOLYMER,DIMETHICONE
Dimethicone/Vintl Dimethicone Crosspolymer,DIMETHICONE/VINTL DIMETHICONE CROSSPOLYMER,DIMETHICONE
Dimethicone/Vinyl Dimethicone Crosspolymer,DIMETHICONE/VINYL DIMETHICONE CROSSPOLYMER,DIMETHICONE
DIMETHICONE/VINYL DIMETHICONE CROSSPOLYMER,DIMETHICONE/VINYL DIMETHICONE CROSSPOLYMER,DIMETHICONE
DIMETHICONOL,DIMETHICONOL,DIMETHICONOL
Dimethiconol,DIMETHICONOL,DIMETHICONOL
Dimethyl Isosorbide,DIMETHYL ISOSORBIDE,DIMETHYL ISOSORBIDE
DIMETHYL ISOSORBIDE,DIMETHYL ISOSORBIDE,DIMETHYL ISOSORBIDE
Dimethyl Phenethyl Acetate,DIMETHYL PHENETHYL ACETATE,DIMETHYL PHENETHYL ACETATE
DIMETHYL PHENETHYL ACETATE,DIMETHYL PHENETHYL ACETATE,DIMETHYL PHENETHYL ACETATE
DIMETHYL SULFONE,DIMETHYL SULFONE,DIMETHYL SULFONE
Dimethylaminoethanol Tartrate,DIMETHYLAMINOETHANOL TARTRATE,DIMETHYLAMINOETHANOL TARTRATE
DIMETHYLAMINOETHANOL TARTRATE,DIMETHYLAMINOETHANOL TARTRATE,DIMETHYLAMINOETHANOL TARTRATE
Dimethylethanolamine,DIMETHYLETHANOLAMINE,DIMETHYLETHANOLAMINE
DIMETHYLIMIDAZOLIDINONE RICE STARCH,DIMETHYLIMIDAZOLIDINONE RICE STARCH,DIMETHYLIMIDAZOLIDINONE RICE STARCH
DIMETHYLMETHOXY CHROMANOL,DIMETHYLMETHOXY CHROMANOL,DIMETHYLMETHOXY CHROMANOL
Dimethylmethoxy Chromanyl Palmitate,DIMETHYLMETHOXY CHROMANYL PALMITATE,DIMETHYLMETHOXY CHROMANYL PALMITATE
Dimethylsilanol Hyaluronate,DIMETHYLSILANOL HYALURONATE,DIMETHYLSILANOL HYALURONATE
DIMETHYLSILANOL HYALURONATE,DIMETHYLSILANOL HYALURONATE,DIMETHYLSILANOL HYALURONATE
Dioscorea Japonica Root Extract,DIOSCOREA JAPONICA ROOT EXTRACT,DIOSCOREA JAPONICA ROOT EXTRACT
DIOSPYROS KAKI FRUIT EXTRACT,DIOSPYROS KAKI FRUIT EXTRACT,DIOSPYROS KAKI FRUIT EXTRACT
DIOSPYROS KAKI LEAF EXTRACT,DIOSPYROS KAKI LEAF EXTRACT,DIOSPYROS KAKI LEAF EXTRACT
Dipalmitoyl Hydroxyproline,DIPALMITOYL HYDROXYPROLINE,DIPALMITOYL HYDROXYPROLINE
DIPALMITOYL HYDROXYPROLINE,DIPALMITOYL HYDROXYPROLINE,DIPALMITOYL HYDROXYPROLINE
Dipentaerythirtyl Hexacaprylate,DIPENTAERYTHIRTYL HEXACAPRYLATE,DIPENTAERYTHRITYL HEXACAPRYLATE
Dipentaerythrityl Hexa C5-9 Acid Esters,DIPENTAERYTHRITYL HEXA C5-9 ACID ESTERS,DIPENTAERYTHRITYL HEXA C5-9 ACID ESTERS
DIPENTAERYTHRITYL HEXACAPRYLATE,DIPENTAERYTHRITYL HEXACAPRYLATE,DIPENTAERYTHRITYL HEXACAPRYLATE
Dipentaerythrityl Hexacaprylate,DIPENTAERYTHRITYL HEXACAPRYLATE,DIPENTAERYTHRITYL HEXACAPRYLATE
Dipeptide Diaminobutyroyl Benzylamide Diacetate,DIPEPTIDE DIAMINOBUTYROYL BENZYLAMIDE DIACETATE,DIPEPTIDE DIAMINOBUTYROYL BENZYLAMIDE DIACETATE
DIPEPTIDE DIAMINOBUTYROYL BENZYLAMIDE DIACETATE,DIPEPTIDE DIAMINOBUTYROYL BENZYLAMIDE DIACETATE,DIPEPTIDE DIAMINOBUTYROYL BENZYLAMIDE DIACETATE
Dipeptide-1 Cetyl Ester,DIPEPTIDE-1 CETYL ESTER,DIPEPTIDE-1 CETYL ESTER
DIPEPTIDE-15,DIPEPTIDE-15,DIPEPTIDE-15
DIPEPTIDE-2,DIPEPTIDE-2,DIPEPTIDE-2
Dipeptide-2,DIPEPTIDE-2,DIPEPTIDE-2
DIPEPTIDE-70 HYDROXYPROLYL TETRAPEPTIDE-106 AMIDOETHOXY ETHOXYACETIC ACID,DIPEPTIDE-70 HYDROXYPROLYL TETRAPEPTIDE-106 AMIDOETHOXY ETHOXYACETIC ACID,DIPEPTIDE-70 HYDROXYPROLYL TETRAPEPTIDE-106 AMIDOETHOXY ETHOXYACETIC ACID
Diphenyl Dimethicone,DIPHENYL DIMETHICONE,DIPHENYL DIMETHICONE
Diphosphonic Acid,DIPHOSPHONIC ACID,DIPHOSPHONIC ACID
Dipotassium Edta,DIPOTASSIUM EDTA,DIPOTASSIUM EDTA
Dipotassium Glycerrhizate,DIPOTASSIUM GLYCERRHIZATE,DIPOTASSIUM GLYCYRRHIZATE
Dipotassium Glycyrrhizate,DIPOTASSIUM GLYCYRRHIZATE,DIPOTASSIUM GLYCYRRHIZATE
DIPOTASSIUM GLYCYRRHIZATE,DIPOTASSIUM GLYCYRRHIZATE,DIPOTASSIUM GLYCYRRHIZATE
Dipotassium Glycyrrhizinate,DIPOTASSIUM GLYCYRRHIZINATE,DIPOTASSIUM GLYCYRRHIZATE
DIPOTASSIUM PHOSPHATE,DIPOTASSIUM PHOSPHATE,DIPOTASSIUM PHOSPHATE
Dipotassium Phosphate,DIPOTASSIUM PHOSPHATE,DIPOTASSIUM PHOSPHATE
Dipotassum Phosphate,DIPOTASSUM PHOSPHATE,DIPOTASSIUM PHOSPHATE
DiPPG-3 Myristyl Ether Adipate,DIPPG-3 MYRISTYL ETHER ADIPATE,DIPPG-3 MYRISTYL ETHER ADIPATE
Dipropylene Glyco,DIPROPYLENE GLYCO,DIPROPYLENE GLYCOL
Dipropylene Glycol,DIPROPYLENE GLYCOL,DIPROPYLENE GLYCOL
Dipropylene glycol,DIPROPYLENE GLYCOL,DIPROPYLENE GLYCOL
DIPROPYLENE GLYCOL,DIPROPYLENE GLYCOL,DIPROPYLENE GLYCOL
dipropylene glycol,DIPROPYLENE GLYCOL,DIPROPYLENE GLYCOL
Dipropylene Glycol Dibenzoate,DIPROPYLENE GLYCOL DIBENZOATE,DIPROPYLENE GLYCOL DIBENZOATE
DIPROPYLENE GLYCOL DIBENZOATE,DIPROPYLENE GLYCOL DIBENZOATE,DIPROPYLENE GLYCOL DIBENZOATE
Dipsacus Sylvestris Extract,DIPSACUS SYLVESTRIS EXTRACT,DIPSACUS SYLVESTRIS EXTRACT
Disiloxane,DISILOXANE,DISILOXANE
Diso- dium EDTA,DISO- DIUM EDTA,DISODIUM EDTA
DISODIUM CETEARYL SULFATE,DISODIUM CETEARYL SULFATE,DISODIUM CETEARYL SULFATE
Disodium Cetearyl Sulfosuccinate,DISODIUM CETEARYL SULFOSUCCINATE,DISODIUM CETEARYL SULFOSUCCINATE
DISODIUM CETEARYL SULFOSUCCINATE,DISODIUM CETEARYL SULFOSUCCINATE,DISODIUM CETEARYL SULFOSUCCINATE
DISODIUM COCOAMPHODIACETATE,DISODIUM COCOAMPHODIACETATE,DISODIUM COCOAMPHODIACETATE
Disodium Cocoamphodiacetate (biodegradowalny surfaktant roślinny),DISODIUM COCOAMPHODIACETATE,DISODIUM COCOAMPHODIACETATE
Disodium Cocoamphodiacetate,DISODIUM COCOAMPHODIACETATE,DISODIUM COCOAMPHODIACETATE
DISODIUM COCOYL GLUTAMATE,DISODIUM COCOYL GLUTAMATE,DISODIUM COCOYL GLUTAMATE
Disodium Cocoyl Glutamate,DISODIUM COCOYL GLUTAMATE,DISODIUM COCOYL GLUTAMATE
Disodium Edta,DISODIUM EDTA,DISODIUM EDTA
disodium edta,DISODIUM EDTA,DISODIUM EDTA
DISODIUM EDTA,DISODIUM EDTA,DISODIUM EDTA
Disodium EDTA,DISODIUM EDTA,DISODIUM EDTA
Disodium Ethylene Diamine Disuccinate,DISODIUM ETHYLENE DIAMINE DISUCCINATE,DISODIUM ETHYLENE DIAMINE DISUCCINATE
DISODIUM LAURETH SULFOSUCCINATE,DISODIUM LAURETH SULFOSUCCINATE,DISODIUM LAURETH SULFOSUCCINATE
DISODIUM LAURYL SULFOSUCCINATE,DISODIUM LAURYL SULFOSUCCINATE,DISODIUM LAURYL SULFOSUCCINATE
Disodium Oleate,DISODIUM OLEATE,DISODIUM OLEATE
Disodium Phenyl Dibenzimidazole Tetrasulfonate,DISODIUM PHENYL DIBENZIMIDAZOLE TETRASULFONATE,DISODIUM PHENYL DIBENZIMIDAZOLE TETRASULFONATE
DISODIUM PHENYL DIBENZIMIDAZOLE TETRASULFONATE,DISODIUM PHENYL DIBENZIMIDAZOLE TETRASULFONATE,DISODIUM PHENYL DIBENZIMIDAZOLE TETRASULFONATE
Disodium Phosphate,DISODIUM PHOSPHATE,DISODIUM PHOSPHATE
DISODIUM PHOSPHATE,DISODIUM PHOSPHATE,DISODIUM PHOSPHATE
DISODIUM STEAROYL GLUTAMATE,DISODIUM STEAROYL GLUTAMATE,DISODIUM STEAROYL GLUTAMATE
Disodium Stearoyl Glutamate,DISODIUM STEAROYL GLUTAMATE,DISODIUM STEAROYL GLUTAMATE
Disopropryl Adipate,DISOPROPRYL ADIPATE,DIISOPROPYL ADIPATE
Disopropyl Adipate,DISOPROPYL ADIPATE,DIISOPROPYL ADIPATE
Distarch Phosphate,DISTARCH PHOSPHATE,DISTARCH PHOSPHATE
DISTARCH PHOSPHATE,DISTARCH PHOSPHATE,DISTARCH PHOSPHATE
DISTARCH PHOSPHATE ACETATE,DISTARCH PHOSPHATE ACETATE,DISTARCH PHOSPHATE ACETATE
DISTEARDIMONIUM HECTORITE,DISTEARDIMONIUM HECTORITE,DISTEARDIMONIUM HECTORITE
disteardimonium hectorite,DISTEARDIMONIUM HECTORITE,DISTEARDIMONIUM HECTORITE
Disteardimonium Hectorite,DISTEARDIMONIUM HECTORITE,DISTEARDIMONIUM HECTORITE
DMDM Hydantoin,DMDM HYDANTOIN,DMDM HYDANTOIN
DMDM HYDANTOIN,DMDM HYDANTOIN,DMDM HYDANTOIN
DODECANE,DODECANE,DODECANE
Dophenylsiloxy Phenyl Trimethicone,DOPHENYLSILOXY PHENYL TRIMETHICONE,DOPHENYLSILOXY PHENYL TRIMETHICONE
DROMETRIZOLE TRISILOXANE,DROMETRIZOLE TRISILOXANE,DROMETRIZOLE TRISILOXANE
drometrizole Trisiloxane,DROMETRIZOLE TRISILOXANE,DROMETRIZOLE TRISILOXANE
Drometrizole Trisiloxane,DROMETRIZOLE TRISILOXANE,DROMETRIZOLE TRISILOXANE
Dunaliella Salina Extract,DUNALIELLA SALINA EXTRACT,DUNALIELLA SALINA EXTRACT
Dysprosium,DYSPROSIUM,DYSPROSIUM
Eau,EAU,AQUA
Echinacea Purpurea Extract,ECHINACEA PURPUREA EXTRACT,ECHINACEA PURPUREA EXTRACT
ECHINACEA PURPUREA EXTRACT,ECHINACEA PURPUREA EXTRACT,ECHINACEA PURPUREA EXTRACT
Echinacea Purpurea Flower,ECHINACEA PURPUREA FLOWER,ECHINACEA PURPUREA FLOWER
ECHINACEA PURPUREA ROOT EXTRACT,ECHINACEA PURPUREA ROOT EXTRACT,ECHINACEA PURPUREA ROOT EXTRACT
Echium Plantagineum Seed Oil,ECHIUM PLANTAGINEUM SEED OIL,ECHIUM PLANTAGINEUM SEED OIL
ECKLONIA CAVA EXTRACT,ECKLONIA CAVA EXTRACT,ECKLONIA CAVA EXTRACT
Ecklonia Cava Extract,ECKLONIA CAVA EXTRACT,ECKLONIA CAVA EXTRACT
ECLIPTA PROSTRATA EXTRACT,ECLIPTA PROSTRATA EXTRACT,ECLIPTA PROSTRATA EXTRACT
Eclipta Prostrata Extract,ECLIPTA PROSTRATA EXTRACT,ECLIPTA PROSTRATA EXTRACT
eclipta prostrata extract,ECLIPTA PROSTRATA EXTRACT,ECLIPTA PROSTRATA EXTRACT
Ection,ECTION,ECTOIN
ECTOIN,ECTOIN,ECTOIN
Ectoin,ECTOIN,ECTOIN
EDTA,EDTA,EDTA
EICOSADIOATE,EICOSADIOATE,EICOSADIOATE
EICOSANDIOATE,EICOSANDIOATE,EICOSADIOATE
Elaeis Guineensis Kernel Oil,ELAEIS GUINEENSIS KERNEL OIL,ELAEIS GUINEENSIS OIL
ELAEIS GUINEENSIS KERNEL OIL,ELAEIS GUINEENSIS KERNEL OIL,ELAEIS GUINEENSIS OIL
Elaeis Guineensis Oil,ELAEIS GUINEENSIS OIL,ELAEIS GUINEENSIS OIL
ELAEIS GUINEENSIS OIL,ELAEIS GUINEENSIS OIL,ELAEIS GUINEENSIS OIL
Elaeis Guineensis (Palm) Oil,ELAEIS GUINEENSIS OIL,ELAEIS GUINEENSIS OIL
ELASTIN,ELASTIN,ELASTIN
ELETTARIA CARDAMOMUM SEED EXTRACT,ELETTARIA CARDAMOMUM SEED EXTRACT,ELETTARIA CARDAMOMUM SEED EXTRACT
ENANTIA CHLORANTHA BARK EXTRACT,ENANTIA CHLORANTHA BARK EXTRACT,ENANTIA CHLORANTHA BARK EXTRACT
Enantia Chlorantha Bark Extract,ENANTIA CHLORANTHA BARK EXTRACT,ENANTIA CHLORANTHA BARK EXTRACT
Enteromorpha Compressa Extract,ENTEROMORPHA COMPRESSA EXTRACT,ENTEROMORPHA COMPRESSA EXTRACT
Epigallocatechin Gallate,EPIGALLOCATECHIN GALLATE,EPIGALLOCATECHIN GALLATE
EPIGALLOCATECHIN GALLATE,EPIGALLOCATECHIN GALLATE,EPIGALLOCATECHIN GALLATE
EPIGALLOCATECHIN GALLATYL GLUCOSIDE,EPIGALLOCATECHIN GALLATYL GLUCOSIDE,EPIGALLOCATECHIN GALLATYL GLUCOSIDE
Epigallocatechin Gallatyl Glucoside,EPIGALLOCATECHIN GALLATYL GLUCOSIDE,EPIGALLOCATECHIN GALLATYL GLUCOSIDE
EPILOBIUM ANGUSTIFOLIUM FLOWER,EPILOBIUM ANGUSTIFOLIUM FLOWER,EPILOBIUM ANGUSTIFOLIUM FLOWER
Equisetum Arvense Extract,EQUISETUM ARVENSE EXTRACT,EQUISETUM ARVENSE EXTRACT
EQUISETUM ARVENSE LEAF EXTRACT,EQUISETUM ARVENSE LEAF EXTRACT,EQUISETUM ARVENSE LEAF EXTRACT
Equisetum Arvense Leaf Extract,EQUISETUM ARVENSE LEAF EXTRACT,EQUISETUM ARVENSE LEAF EXTRACT
Eriophorum Spissum Flower,ERIOPHORUM SPISSUM FLOWER,ERIOPHORUM SPISSUM FLOWER
ERUCA SATIVA LEAF EXTRACT,ERUCA SATIVA LEAF EXTRACT,ERUCA SATIVA LEAF EXTRACT
ERYNGIUM MARITIMUM CALLUS CULTURE FILTRATE,ERYNGIUM MARITIMUM CALLUS CULTURE FILTRATE,ERYNGIUM MARITIMUM CALLUS CULTURE FILTRATE
Erythritol,ERYTHRITOL,ERYTHRITOL
ERYTHRITOL,ERYTHRITOL,ERYTHRITOL
Escin,ESCIN,ESCIN
Ethoxydiglycol,ETHOXYDIGLYCOL,ETHOXYDIGLYCOL
ETHOXYDIGLYCOL,ETHOXYDIGLYCOL,ETHOXYDIGLYCOL
ETHYL HEXANEDIOL,ETHYL HEXANEDIOL,ETHYL HEXANEDIOL
Ethyl Hexanediol,ETHYL HEXANEDIOL,ETHYL HEXANEDIOL
ETHYL LAUROYL ARGINATE HCl,ETHYL LAUROYL ARGINATE HCL,ETHYL LAUROYL ARGINATE HCL
Ethyl Linoleate,ETHYL LINOLEATE,ETHYL LINOLEATE
Ethyl Linolenate,ETHYL LINOLENATE,ETHYL LINOLEATE
Ethyl Menthane Carboxamide,ETHYL MENTHANE CARBOXAMIDE,ETHYL MENTHANE CARBOXAMIDE
ETHYL OLEATE,ETHYL OLEATE,ETHYL OLEATE
Ethyl Oleate,ETHYL OLEATE,ETHYL OLEATE
Ethyl Vanillin,ETHYL VANILLIN,ETHYL VANILLIN
ETHYL VANILLIN,ETHYL VANILLIN,ETHYL VANILLIN
Ethylcellulose,ETHYLCELLULOSE,ETHYLCELLULOSE
ETHYLCELLULOSE,ETHYLCELLULOSE,ETHYLCELLULOSE
ETHYLENE/PROPYLENE COPOLYMER,ETHYLENE/PROPYLENE COPOLYMER,ETHYLENE/PROPYLENE COPOLYMER
ETHYLENE/PROPYLENE/STYRENE COPOLYMER,ETHYLENE/PROPYLENE/STYRENE COPOLYMER,ETHYLENE/PROPYLENE/STYRENE COPOLYMER
Ethylene/Propylene/Styrene Copolymer,ETHYLENE/PROPYLENE/STYRENE COPOLYMER,ETHYLENE/PROPYLENE/STYRENE COPOLYMER
Ethylene/VA Copolymer,ETHYLENE/VA COPOLYMER,ETHYLENE/VA COPOLYMER
ETHYLENE/VA COPOLYMER,ETHYLENE/VA COPOLYMER,ETHYLENE/VA COPOLYMER
Ethylene/Va Copolymer,ETHYLENE/VA COPOLYMER,ETHYLENE/VA COPOLYMER
Ethylhexlglycerin,ETHYLHEXLGLYCERIN,ETHYLHEXLGLYCERIN
Ethylhexyglycerin,ETHYLHEXYGLYCERIN,ETHYLHEXYGLYCERIN
Ethylhexyl Cocoate,ETHYLHEXYL COCOATE,ETHYLHEXYL COCOATE
ETHYLHEXYL COCOATE,ETHYLHEXYL COCOATE,ETHYLHEXYL COCOATE
ETHYLHEXYL DIMETHYL PABA,ETHYLHEXYL DIMETHYL PABA,ETHYLHEXYL DIMETHYL PABA
Ethylhexyl Hydroxystearate,ETHYLHEXYL HYDROXYSTEARATE,ETHYLHEXYL HYDROXYSTEARATE
ETHYLHEXYL HYDROXYSTEARATE,ETHYLHEXYL HYDROXYSTEARATE,ETHYLHEXYL HYDROXYSTEARATE
ETHYLHEXYL ISONONANOATE,ETHYLHEXYL ISONONANOATE,ETHYLHEXYL ISONONANOATE
Ethylhexyl Methoxycinamate,ETHYLHEXYL METHOXYCINAMATE,ETHYLHEXYL METHOXYCINNAMATE
Ethylhexyl Methoxycinnamate,ETHYLHEXYL METHOXYCINNAMATE,ETHYLHEXYL METHOXYCINNAMATE
ETHYLHEXYL METHOXYCINNAMATE,ETHYLHEXYL METHOXYCINNAMATE,ETHYLHEXYL METHOXYCINNAMATE
ETHYLHEXYL OLIVATE,ETHYLHEXYL OLIVATE,ETHYLHEXYL OLIVATE
ETHYLHEXYL PALMITATE,ETHYLHEXYL PALMITATE,ETHYLHEXYL PALMITATE
Ethylhexyl Palmitate,ETHYLHEXYL PALMITATE,ETHYLHEXYL PALMITATE
Ethylhexyl Pelargonate,ETHYLHEXYL PELARGONATE,ETHYLHEXYL PELARGONATE
ETHYLHEXYL PELARGONATE,ETHYLHEXYL PELARGONATE,ETHYLHEXYL PELARGONATE
ETHYLHEXYL POLYHYDROXYSTEARATE,ETHYLHEXYL POLYHYDROXYSTEARATE,ETHYLHEXYL POLYHYDROXYSTEARATE
ETHYLHEXYL SALICYLATE,ETHYLHEXYL SALICYLATE,ETHYLHEXYL SALICYLATE
Ethylhexyl Salicylate,ETHYLHEXYL SALICYLATE,ETHYLHEXYL SALICYLATE
Ethylhexyl Stearate,ETHYLHEXYL STEARATE,ETHYLHEXYL STEARATE
ETHYLHEXYL STEARATE,ETHYLHEXYL STEARATE,ETHYLHEXYL STEARATE
Ethylhexyl Triazine,ETHYLHEXYL TRIAZINE,ETHYLHEXYL TRIAZONE
ETHYLHEXYL TRIAZONE,ETHYLHEXYL TRIAZONE,ETHYLHEXYL TRIAZONE
Ethylhexyl Triazone,ETHYLHEXYL TRIAZONE,ETHYLHEXYL TRIAZONE
Ethylhexyl Triazone ,ETHYLHEXYL TRIAZONE,ETHYLHEXYL TRIAZONE
Ethylhexylglyc - Erin,ETHYLHEXYLGLYC-ERIN,ETHYLHEXYLGLYCERIN
Ethylhexylglycein,ETHYLHEXYLGLYCEIN,ETHYLHEXYLGLYCERIN
Ethylhexylglycerin,ETHYLHEXYLGLYCERIN,ETHYLHEXYLGLYCERIN
ETHYLHEXYLGLYCERIN,ETHYLHEXYLGLYCERIN,ETHYLHEXYLGLYCERIN
ethylhexylglycerin,ETHYLHEXYLGLYCERIN,ETHYLHEXYLGLYCERIN
Ethylhexylglycerin Gold & Collagen: Aqua,AQUA,AQUA
Ethylhexylglycerin),ETHYLHEXYLGLYCERIN),ETHYLHEXYLGLYCERIN
Ethylhexylglyxerin,ETHYLHEXYLGLYXERIN,ETHYLHEXYLGLYCERIN
ETHYLPARABEN,ETHYLPARABEN,ETHYLPARABEN
Ethylparaben,ETHYLPARABEN,ETHYLPARABEN
Eucalyptus Globulus Leaf,EUCALYPTUS GLOBULUS LEAF,EUCALYPTUS GLOBULUS LEAF
Eucalyptus Globulus Leaf Extract,EUCALYPTUS GLOBULUS LEAF EXTRACT,EUCALYPTUS GLOBULUS LEAF EXTRACT
Eucalyptus Globulus Leaf Oil,EUCALYPTUS GLOBULUS LEAF OIL,EUCALYPTUS GLOBULUS LEAF OIL
EUCALYPTUS GLOBULUS LEAF OIL,EUCALYPTUS GLOBULUS LEAF OIL,EUCALYPTUS GLOBULUS LEAF OIL
EUCALYPTUS GLOBULUS LEAF WATER,EUCALYPTUS GLOBULUS LEAF WATER,EUCALYPTUS GLOBULUS LEAF WATER
EUCALYPTUS GLOBULUS OIL,EUCALYPTUS GLOBULUS OIL,EUCALYPTUS GLOBULUS OIL
Eucalyptus Globulus Oil,EUCALYPTUS GLOBULUS OIL,EUCALYPTUS GLOBULUS OIL
EUGENIA CARYOPHYLLUS (CLOVE) FLOWER OIL,EUGENIA CARYOPHYLLUS FLOWER OIL,EUGENIA CARYOPHYLLUS FLOWER OIL
Eugenia Caryophyllus (Clove) Leaf Oil,EUGENIA CARYOPHYLLUS LEAF OIL,EUGENIA CARYOPHYLLUS LEAF OIL
Eugenol,EUGENOL,EUGENOL
EUGENOL,EUGENOL,EUGENOL
EUGENYL ACETATE,EUGENYL ACETATE,EUGENYL ACETATE
EUGLENA GRACILIS POLYSACCHARIDE,EUGLENA GRACILIS POLYSACCHARIDE,EUGLENA GRACILIS POLYSACCHARIDE
Euglena Gracilis Polysaccharide,EUGLENA GRACILIS POLYSACCHARIDE,EUGLENA GRACILIS POLYSACCHARIDE
Euphorbia Cerifa (Candelilla) Wax,EUPHORBIA CERIFA WAX,EUPHORBIA CERIFERA WAX
EUPHORBIA CERIFERA CERA,EUPHORBIA CERIFERA CERA,EUPHORBIA CERIFERA CERA
Euphorbia Cerifera (Candelilla) Cera,EUPHORBIA CERIFERA CERA,EUPHORBIA CERIFERA CERA
Euphorbia Cerifera Cera,EUPHORBIA CERIFERA CERA,EUPHORBIA CERIFERA CERA
EUPHORBIA CERIFERA (CANDELILLA) WAX,EUPHORBIA CERIFERA WAX,EUPHORBIA CERIFERA WAX
EUPHORBIA CERIFERA WAX,EUPHORBIA CERIFERA WAX,EUPHORBIA CERIFERA WAX
Euphorbia Cerifera (Candelilla) Wax,EUPHORBIA CERIFERA WAX,EUPHORBIA CERIFERA WAX
EUPHRASIA OFFICINALIS EXTRACT,EUPHRASIA OFFICINALIS EXTRACT,EUPHRASIA OFFICINALIS EXTRACT
Euphrasia Officinalis Extract,EUPHRASIA OFFICINALIS EXTRACT,EUPHRASIA OFFICINALIS EXTRACT
Europium,EUROPIUM,EUROPIUM
Euteroclea Oleracea Fruit Extract,EUTEROCLEA OLERACEA FRUIT EXTRACT,EUTEROCLEA OLERACEA FRUIT EXTRACT
EUTERPE OLERACEA FRUIT EXTRACT,EUTERPE OLERACEA FRUIT EXTRACT,EUTERPE OLERACEA FRUIT EXTRACT
Euterpe Oleracea Fruit Extract,EUTERPE OLERACEA FRUIT EXTRACT,EUTERPE OLERACEA FRUIT EXTRACT
Euterpe Oleracea Fruit Extract (ekstrakt z owoców acai z certyfikatem naturalności),EUTERPE OLERACEA FRUIT EXTRACT,EUTERPE OLERACEA FRUIT EXTRACT
Euterpe Oleracea (Acai) Fruit Extract,EUTERPE OLERACEA FRUIT EXTRACT,EUTERPE OLERACEA FRUIT EXTRACT
Euterpe Oleracea Fruit Extract* (ekstrakt z owoców acai z certyfikatem naturalności) ,EUTERPE OLERACEA FRUIT EXTRACT* HYALURONIC ACID,EUTERPE OLERACEA FRUIT EXTRACT
EUTERPE OLERACEA FRUIT OIL,EUTERPE OLERACEA FRUIT OIL,EUTERPE OLERACEA FRUIT OIL
EVENING PRIMROSE OIL,EVENING PRIMROSE OIL,EVENING PRIMROSE OIL
EVODIA RUTAECARPA FRUIT EXTRACT,EVODIA RUTAECARPA FRUIT EXTRACT,EVODIA RUTAECARPA FRUIT EXTRACT
faex extract,FAEX EXTRACT,FAEX EXTRACT
FAEX EXTRACT,FAEX EXTRACT,FAEX EXTRACT
Faex Extract,FAEX EXTRACT,FAEX EXTRACT
Fagus Sylvatica Bud Extract,FAGUS SYLVATICA BUD EXTRACT,FAGUS SYLVATICA BUD EXTRACT
Farnesol,FARNESOL,FARNESOL
fermentacja melasy Pentylene Glycol,FERMENTACJA MELASY PENTYLENE GLYCOL,PENTYLENE GLYCOL
Ferula Galbaniflua Resin Oil,FERULA GALBANIFLUA RESIN OIL,FERULA GALBANIFLUA RESIN OIL
FERULA GALBANIFLUA RESIN OIL,FERULA GALBANIFLUA RESIN OIL,FERULA GALBANIFLUA RESIN OIL
Ferulic Acid,FERULIC ACID,FERULIC ACID
FERULIC ACID,FERULIC ACID,FERULIC ACID
Ficin,FICIN,FICIN
FICIN,FICIN,FICIN
FICUS CARICA FRUIT EXTRACT,FICUS CARICA FRUIT EXTRACT,FICUS CARICA FRUIT EXTRACT
Ficus Carica (Fig) Fruit Extract,FICUS CARICA FRUIT EXTRACT,FICUS CARICA FRUIT EXTRACT
Ficus Carica Fruit Extract,FICUS CARICA FRUIT EXTRACT,FICUS CARICA FRUIT EXTRACT
Filmexel,FILMEXEL,FILMEXEL
Flower,FLOWER,FLOWER
FLOWER,FLOWER,FLOWER
FLOWER EXTRACT,FLOWER EXTRACT,FLOWER EXTRACT
FOENICULUM VULGARE SEED EXTRACT,FOENICULUM VULGARE SEED EXTRACT,FOENICULUM VULGARE SEED EXTRACT
FOLIC ACID,FOLIC ACID,FOLIC ACID
Folic Acid,FOLIC ACID,FOLIC ACID
folic Acid Ferment Filtrate Extract,FOLIC ACID FERMENT FILTRATE EXTRACT,FOLIC ACID FERMENT FILTRATE EXTRACT
Folic Acid Ferment Filtrate Extract,FOLIC ACID FERMENT FILTRATE EXTRACT,FOLIC ACID FERMENT FILTRATE EXTRACT
Fomes Officinalis (Mushroom) Extract,FOMES OFFICINALIS EXTRACT,FOMES OFFICINALIS EXTRACT
FOMES OFFICINALIS EXTRACT,FOMES OFFICINALIS EXTRACT,FOMES OFFICINALIS EXTRACT
FORSYTHIA SUSPENSA FRUIT EXTRACT,FORSYTHIA SUSPENSA FRUIT EXTRACT,FORSYTHIA SUSPENSA FRUIT EXTRACT
Fragaria Ananassa Fruit Extract,FRAGARIA ANANASSA FRUIT EXTRACT,FRAGARIA ANANASSA FRUIT EXTRACT
FRAGARIA ANANASSA FRUIT EXTRACT,FRAGARIA ANANASSA FRUIT EXTRACT,FRAGARIA ANANASSA FRUIT EXTRACT
Fragaria Ananassa (Strawberry) Fruit Extract,FRAGARIA ANANASSA FRUIT EXTRACT,FRAGARIA ANANASSA FRUIT EXTRACT
Fragaria Chiloensis Ananassa Extract,FRAGARIA CHILOENSIS ANANASSA EXTRACT,FRAGARIA CHILOENSIS ANANASSA EXTRACT
Fragaria Chiloensis Fruit Extract,FRAGARIA CHILOENSIS FRUIT EXTRACT,FRAGARIA CHILOENSIS FRUIT EXTRACT
FRAGARIA CHILOENSIS FRUIT EXTRACT,FRAGARIA CHILOENSIS FRUIT EXTRACT,FRAGARIA CHILOENSIS FRUIT EXTRACT
FRAGARIA VESCA FRUIT EXTRACT,FRAGARIA VESCA FRUIT EXTRACT,FRAGARIA VESCA FRUIT EXTRACT
FRAGARIA VESCA JUICE,FRAGARIA VESCA JUICE,FRAGARIA VESCA JUICE
FRAGILIS,FRAGILIS,FRAGILIS
Fragra nce,FRAGRA NCE,FRAGRANCE
Fragrance,FRAGRANCE,FRAGRANCE
fragrance,FRAGRANCE,FRAGRANCE
Fragrance(Parfum),FRAGRANCE,FRAGRANCE
FRAGRANCE,FRAGRANCE,FRAGRANCE
Fragrance (Parfum),FRAGRANCE,FRAGRANCE
Fragrance (Supplement),FRAGRANCE,FRAGRANCE
Fragrance (F.I.L B182925,FRAGRANCE (F.I.L B182925,FRAGRANCE
Fragrance (F.I.L B197252,FRAGRANCE (F.I.L B197252,FRAGRANCE
Fragrance (F.I.l Z299156,FRAGRANCE (F.I.L Z299156,FRAGRANCE
Fragrance (FIL Z7001075,FRAGRANCE (FIL Z7001075,FRAGRANCE
Fragrance (fil Z70013153,FRAGRANCE (FIL Z70013153,FRAGRANCE
Fragrance . (F.I.L,FRAGRANCE . (F.I.L,FRAGRANCE
Fragrance Z70032052,FRAGRANCE Z70032052,FRAGRANCE
Fragrance. (F.I.L Z70011624,FRAGRANCE. (F.I.L Z70011624,FRAGRANCE
Fraxinus Excelsior Bark Extract,FRAXINUS EXCELSIOR BARK EXTRACT,FRAXINUS EXCELSIOR BARK EXTRACT
FRAXINUS EXCELSIOR BARK EXTRACT,FRAXINUS EXCELSIOR BARK EXTRACT,FRAXINUS EXCELSIOR BARK EXTRACT
FREESIA REFRACTA EXTRACT,FREESIA REFRACTA EXTRACT,FREESIA REFRACTA EXTRACT
FRUCTAN,FRUCTAN,FRUCTAN
Fructooligosaccharides,FRUCTOOLIGOSACCHARIDES,FRUCTOOLIGOSACCHARIDES
FRUCTOOLIGOSACCHARIDES,FRUCTOOLIGOSACCHARIDES,FRUCTOOLIGOSACCHARIDES
Fructose,FRUCTOSE,FRUCTOSE
FRUCTOSE,FRUCTOSE,FRUCTOSE
Fruit Acid Complex,FRUIT ACID COMPLEX,FRUIT ACID COMPLEX
FUCUS SERRATUS EXTRACT,FUCUS SERRATUS EXTRACT,FUCUS SERRATUS EXTRACT
Fucus Vesiculosus Extract,FUCUS VESICULOSUS EXTRACT,FUCUS VESICULOSUS EXTRACT
FUCUS VESICULOSUS EXTRACT,FUCUS VESICULOSUS EXTRACT,FUCUS VESICULOSUS EXTRACT
Fullerenes,FULLERENES,FULLERENES
FULLERENES,FULLERENES,FULLERENES
FUMARIC ACID,FUMARIC ACID,FUMARIC ACID
GALACTOARABINAN,GALACTOARABINAN,GALACTOARABINAN
GALACTOMYCES FERMENT FILTRATE,GALACTOMYCES FERMENT FILTRATE,GALACTOMYCES FERMENT FILTRATE
Galactomyces Ferment Filtrate,GALACTOMYCES FERMENT FILTRATE,GALACTOMYCES FERMENT FILTRATE
Galactomyces Ferment Filtrate(10,GALACTOMYCES FERMENT FILTRATE(10,GALACTOMYCES FERMENT FILTRATE
GALLIC ACID,GALLIC ACID,GALLIC ACID
Gallic Acid,GALLIC ACID,GALLIC ACID
GALLYL GLUCOSIDE,GALLYL GLUCOSIDE,GALLYL GLUCOSIDE
Ganoderma Lucidum (Mushroom) Extract,GANODERMA LUCIDUM EXTRACT,GANODERMA LUCIDUM EXTRACT
GANODERMA LUCIDUM EXTRACT,GANODERMA LUCIDUM EXTRACT,GANODERMA LUCIDUM EXTRACT
Garcinia Cambogia Ferment,GARCINIA CAMBOGIA FERMENT,GARCINIA CAMBOGIA FERMENT
GARCINIA INDICA SEED BUTTER,GARCINIA INDICA SEED BUTTER,GARCINIA INDICA SEED BUTTER
Garcinia Indica (Kokum) Seed Butter,GARCINIA INDICA SEED BUTTER,GARCINIA INDICA SEED BUTTER
Garcinia Indica Seed Butter,GARCINIA INDICA SEED BUTTER,GARCINIA INDICA SEED BUTTER
Garcinia Mangostana Peel Extract,GARCINIA MANGOSTANA PEEL EXTRACT,GARCINIA MANGOSTANA PEEL EXTRACT
GARDENIA FLORIDA FLOWER EXTRACT,GARDENIA FLORIDA FLOWER EXTRACT,GARDENIA FLORIDA FLOWER EXTRACT
GARDENIA FLORIDA FRUIT EXTRACT,GARDENIA FLORIDA FRUIT EXTRACT,GARDENIA FLORIDA FRUIT EXTRACT
Gardenia Florida Fruit Extract,GARDENIA FLORIDA FRUIT EXTRACT,GARDENIA FLORIDA FRUIT EXTRACT
GARDENIA JASMINOIDES FRUIT EXTRACT,GARDENIA JASMINOIDES FRUIT EXTRACT,GARDENIA JASMINOIDES FRUIT EXTRACT
Gardenia Jasminoides Maristem Cell Culture,GARDENIA JASMINOIDES MARISTEM CELL CULTURE,GARDENIA JASMINOIDES MERISTEM CELL CULTURE
Gardenia Jasminoides Meristem Cell Culture,GARDENIA JASMINOIDES MERISTEM CELL CULTURE,GARDENIA JASMINOIDES MERISTEM CELL CULTURE
GARDENIA JASMINOIDES MERISTEM CELL CULTURE,GARDENIA JASMINOIDES MERISTEM CELL CULTURE,GARDENIA JASMINOIDES MERISTEM CELL CULTURE
Gardenia Tahitensis Flower Extract,GARDENIA TAHITENSIS FLOWER EXTRACT,GARDENIA TAHITENSIS FLOWER EXTRACT
GARDENIA TAITENSIS FLOWER EXTRACT,GARDENIA TAITENSIS FLOWER EXTRACT,GARDENIA TAHITENSIS FLOWER EXTRACT
Gaultheria Procumbens (Wintergreen) Leaf Extract,GAULTHERIA PROCUMBENS LEAF EXTRACT,GAULTHERIA PROCUMBENS LEAF EXTRACT
GELATIN,GELATIN,GELATIN
Gelidium Cartilagineum Extract,GELIDIUM CARTILAGINEUM EXTRACT,GELIDIUM CARTILAGINEUM EXTRACT
Gellan Gum,GELLAN GUM,GELLAN GUM
GELLAN GUM,GELLAN GUM,GELLAN GUM
Gentiana Macrophylla Extract,GENTIANA MACROPHYLLA EXTRACT,GENTIANA MACROPHYLLA EXTRACT
Gentiana Scabra Extract,GENTIANA SCABRA EXTRACT,GENTIANA SCABRA EXTRACT
Gentiana Scabra Root Extract,GENTIANA SCABRA ROOT EXTRACT,GENTIANA SCABRA ROOT EXTRACT
geraniol,GERANIOL,GERANIOL
GERANIOL,GERANIOL,GERANIOL
Geraniol,GERANIOL,GERANIOL
Geraniol Hialu-Rose: Aqua,AQUA,AQUA
Geraniol Retinol & Vitamins: Aqua,AQUA,AQUA
Geraniol Snail & Vitamin C: Aqua,AQUA,AQUA
GERANIUM MACULATUM EXTRACT,GERANIUM MACULATUM EXTRACT,GERANIUM MACULATUM EXTRACT
GERANIUM MACULATUM OIL,GERANIUM MACULATUM OIL,GERANIUM MACULATUM OIL
Geranyl Acetate. *składniki pochodzenia naturalnego,GERANYL ACETATE,GERANYL ACETATE
Geranyl Acetate. **z kontrolowanych upraw ekologicznych,GERANYL ACETATE,GERANYL ACETATE
GERANYL ACETATE,GERANYL ACETATE,GERANYL ACETATE
Geranyl Acetate. *składnik pochodzenia naturalnego,GERANYL ACETATE,GERANYL ACETATE
Geranyl Acetate,GERANYL ACETATE,GERANYL ACETATE
GINKGO BILOBA LEAF EXTRACT,GINKGO BILOBA LEAF EXTRACT,GINKGO BILOBA LEAF EXTRACT
Ginkgo Biloba Leaf Extract,GINKGO BILOBA LEAF EXTRACT,GINKGO BILOBA LEAF EXTRACT
Ginkgo Biloba Nut Extract,GINKGO BILOBA NUT EXTRACT,GINKGO BILOBA NUT EXTRACT
GINKGO BILOBA NUT EXTRACT,GINKGO BILOBA NUT EXTRACT,GINKGO BILOBA NUT EXTRACT
Giycereth-26,GIYCERETH-26,GIYCERETH-26
GLEDITSIA TRIACANTHOS SEED EXTRACT,GLEDITSIA TRIACANTHOS SEED EXTRACT,GLEDITSIA TRIACANTHOS SEED EXTRACT
Globularia Alypum Leaf Extract,GLOBULARIA ALYPUM LEAF EXTRACT,GLOBULARIA ALYPUM LEAF EXTRACT
Globularia Cordifolia Callus Culture Extract,GLOBULARIA CORDIFOLIA CALLUS CULTURE EXTRACT,GLOBULARIA CORDIFOLIA CALLUS CULTURE EXTRACT
Glucomannan,GLUCOMANNAN,GLUCOMANNAN
GLUCOMANNAN,GLUCOMANNAN,GLUCOMANNAN
GLUCONIC ACID,GLUCONIC ACID,GLUCONIC ACID
Gluconic Acid,GLUCONIC ACID,GLUCONIC ACID
GLUCONOLACTONE,GLUCONOLACTONE,GLUCONOLACTONE
Gluconolactone,GLUCONOLACTONE,GLUCONOLACTONE
Glucose,GLUCOSE,GLUCOSE
GLUCOSE,GLUCOSE,GLUCOSE
Glucose Oxidase,GLUCOSE OXIDASE,GLUCOSE OXIDASE
Glucose Pentaacetate,GLUCOSE PENTAACETATE,GLUCOSE PENTAACETATE
GLUCOSYL CERAMIDE,GLUCOSYL CERAMIDE,GLUCOSYL CERAMIDE
Glucosyl Hesperidin,GLUCOSYL HESPERIDIN,GLUCOSYL HESPERIDIN
GLUCOSYL HESPERIDIN,GLUCOSYL HESPERIDIN,GLUCOSYL HESPERIDIN
GLUCOSYLRUTIN,GLUCOSYLRUTIN,GLUCOSYLRUTIN
GLUTAMIC ACID,GLUTAMIC ACID,GLUTAMIC ACID
Glutamic Acid,GLUTAMIC ACID,GLUTAMIC ACID
GLUTAMINE,GLUTAMINE,GLUTAMINE
Glutamylamidoethyl Imidazole,GLUTAMYLAMIDOETHYL IMIDAZOLE,GLUTAMYLAMIDOETHYL IMIDAZOLE
GLUTATHIONE,GLUTATHIONE,GLUTATHIONE
Glutathione,GLUTATHIONE,GLUTATHIONE
Glutathione(10.89 ppm),GLUTATHIONE,GLUTATHIONE
Gly- ceryl Stearate Citrate,GLY- CERYL STEARATE CITRATE,GLYCERYL STEARATE CITRATE
Gly - cine Soja Oil,GLY-CINE SOJA OIL,GLYCINE SOJA OIL
Glyce - rin,GLYCE-RIN,GLYCERIN
GLYCERETH-18,GLYCERETH-18,GLYCERETH-18 ETHYLHEXANOATE
GLYCERETH-18 ETHYLHEXANOATE,GLYCERETH-18 ETHYLHEXANOATE,GLYCERETH-18 ETHYLHEXANOATE
Glycereth-2 Cocoate,GLYCERETH-2 COCOATE,GLYCERETH-2 COCOATE
Glycereth-25 Isostearate,GLYCERETH-25 ISOSTEARATE,GLYCERETH-25 ISOSTEARATE
Glycereth-25 PCA Isostearate,GLYCERETH-25 PCA ISOSTEARATE,GLYCERETH-25 ISOSTEARATE
GLYCERETH-26,GLYCERETH-26,GLYCERETH-26 PCA ISOSTEARATE
Glycereth-26,GLYCERETH-26,GLYCERETH-26 PCA ISOSTEARATE
Glycereth-26 PCA Isostearate,GLYCERETH-26 PCA ISOSTEARATE,GLYCERETH-26 PCA ISOSTEARATE
Glycereth-7 Caprylate,GLYCERETH-7 CAPRYLATE,GLYCERETH-7 CAPRYLATE
GLYCERETH-7 CAPRYLATE,GLYCERETH-7 CAPRYLATE,GLYCERETH-7 CAPRYLATE
Glycerin,GLYCERIN,GLYCERIN
Glycerin (gliceryna pochodzenia roślinnego),GLYCERIN,GLYCERIN
Glycerin* (gliceryna pochodzenia roślinnego),GLYCERIN,GLYCERIN
glycerin,GLYCERIN,GLYCERIN
GLYCERIN,GLYCERIN,GLYCERIN
Glycerin (Plant Origin),GLYCERIN,GLYCERIN
Glycerin (Plant Origin) ,GLYCERIN,GLYCERIN
Glycerin ,GLYCERIN,GLYCERIN
Glyceryl 1 Caprylate,GLYCERYL 1 CAPRYLATE,GLYCERYL CAPRYLATE
GLYCERYL ACRYLATE/ACRYLIC ACID COPOLYMER,GLYCERYL ACRYLATE/ACRYLIC ACID COPOLYMER,GLYCERYL ACRYLATE/ACRYLIC ACID COPOLYMER
Glyceryl Acrylate/Acrylic Acid Copolymer,GLYCERYL ACRYLATE/ACRYLIC ACID COPOLYMER,GLYCERYL ACRYLATE/ACRYLIC ACID COPOLYMER
GLYCERYL BEHENATE,GLYCERYL BEHENATE,GLYCERYL BEHENATE
Glyceryl Behenate,GLYCERYL BEHENATE,GLYCERYL BEHENATE
Glyceryl Caprylate (Plant Origin),GLYCERYL CAPRYLATE,GLYCERYL CAPRYLATE
GLYCERYL CAPRYLATE,GLYCERYL CAPRYLATE,GLYCERYL CAPRYLATE
Glyceryl Caprylate,GLYCERYL CAPRYLATE,GLYCERYL CAPRYLATE
Glyceryl Citrate,GLYCERYL CITRATE,GLYCERYL CITRATE
Glyceryl Dibehenate,GLYCERYL DIBEHENATE,GLYCERYL DIBEHENATE
GLYCERYL DIOLEATE,GLYCERYL DIOLEATE,GLYCERYL DIOLEATE
Glyceryl Dioleate,GLYCERYL DIOLEATE,GLYCERYL DIOLEATE
GLYCERYL GLUCOSIDE,GLYCERYL GLUCOSIDE,GLYCERYL GLUCOSIDE
Glyceryl Glucoside,GLYCERYL GLUCOSIDE,GLYCERYL GLUCOSIDE
GLYCERYL ISOSTEARATE,GLYCERYL ISOSTEARATE,GLYCERYL ISOSTEARATE
Glyceryl Isostearate,GLYCERYL ISOSTEARATE,GLYCERYL ISOSTEARATE
Glyceryl Laurate,GLYCERYL LAURATE,GLYCERYL LAURATE
GLYCERYL LAURATE,GLYCERYL LAURATE,GLYCERYL LAURATE
GLYCERYL LINOLEATE,GLYCERYL LINOLEATE,GLYCERYL LINOLEATE
GLYCERYL LINOLENATE,GLYCERYL LINOLENATE,GLYCERYL LINOLEATE
GLYCERYL OLEATE,GLYCERYL OLEATE,GLYCERYL OLEATE
Glyceryl Oleate,GLYCERYL OLEATE,GLYCERYL OLEATE
GLYCERYL OLIVATE,GLYCERYL OLIVATE,GLYCERYL OLIVATE
GLYCERYL POLYACRYLATE,GLYCERYL POLYACRYLATE,GLYCERYL POLYACRYLATE
Glyceryl Polyacrylate,GLYCERYL POLYACRYLATE,GLYCERYL POLYACRYLATE
Glyceryl Polymethacrylate,GLYCERYL POLYMETHACRYLATE,GLYCERYL POLYMETHACRYLATE
GLYCERYL POLYMETHACRYLATE,GLYCERYL POLYMETHACRYLATE,GLYCERYL POLYMETHACRYLATE
GLYCERYL RICINOLEATE,GLYCERYL RICINOLEATE,GLYCERYL RICINOLEATE
Glyceryl Rosinate,GLYCERYL ROSINATE,GLYCERYL ROSINATE
GLYCERYL ROSINATE,GLYCERYL ROSINATE,GLYCERYL ROSINATE
Plastry do depilacji: Glyceryl Rosinate,GLYCERYL ROSINATE,GLYCERYL ROSINATE
Glyceryl Ste - arate,GLYCERYL STE-ARATE,GLYCERYL STEARATE
Glyceryl Stearate,GLYCERYL STEARATE,GLYCERYL STEARATE
GLYCERYL STEARATE,GLYCERYL STEARATE,GLYCERYL STEARATE
glyceryl stearate,GLYCERYL STEARATE,GLYCERYL STEARATE
Glyceryl stearate,GLYCERYL STEARATE,GLYCERYL STEARATE
GLYCERYL STEARATE CITRATE,GLYCERYL STEARATE CITRATE,GLYCERYL STEARATE CITRATE
Glyceryl Stearate Citrate,GLYCERYL STEARATE CITRATE,GLYCERYL STEARATE CITRATE
GLYCERYL STEARATE SE,GLYCERYL STEARATE SE,GLYCERYL STEARATE SE
Glyceryl Stearate SE* (emulgator pochodzenia roślinnego),GLYCERYL STEARATE SE,GLYCERYL STEARATE SE
Glyceryl Stearate SE,GLYCERYL STEARATE SE,GLYCERYL STEARATE SE
Glyceryl Stearate Se,GLYCERYL STEARATE SE,GLYCERYL STEARATE SE
GLYCERYL STEARATES,GLYCERYL STEARATES,GLYCERYL STEARATE
Glyceryl Stearates,GLYCERYL STEARATES,GLYCERYL STEARATE
Glyceryl Strearate,GLYCERYL STREARATE,GLYCERYL STEARATE
GLYCERYL TRIBEHENATE,GLYCERYL TRIBEHENATE,GLYCERYL TRIBEHENATE
GLYCERYL UNDECYLENATE,GLYCERYL UNDECYLENATE,GLYCERYL UNDECYLENATE
Glycine,GLYCINE,GLYCINE
GLYCINE,GLYCINE,GLYCINE
GLYCINE MAX SEED EXTRACT,GLYCINE MAX SEED EXTRACT,GLYCINE MAX SEED EXTRACT
Glycine Max (Soybean) Seed Extract,GLYCINE MAX SEED EXTRACT,GLYCINE MAX SEED EXTRACT
Glycine Soja Germ Extract,GLYCINE SOJA GERM EXTRACT,GLYCINE SOJA GERM EXTRACT
GLYCINE SOJA GERM EXTRACT,GLYCINE SOJA GERM EXTRACT,GLYCINE SOJA GERM EXTRACT
Glycine Soja Oil,GLYCINE SOJA OIL,GLYCINE SOJA OIL
Glycine soja (soybean) oil,GLYCINE SOJA OIL,GLYCINE SOJA OIL
GLYCINE SOJA OIL,GLYCINE SOJA OIL,GLYCINE SOJA OIL
GLYCINE SOJA (SOYBEAN) OIL,GLYCINE SOJA OIL,GLYCINE SOJA OIL
Glycine Soja (Soybean) Oil,GLYCINE SOJA OIL,GLYCINE SOJA OIL
Glycine Soja (Soybeen) Oil,GLYCINE SOJA OIL,GLYCINE SOJA OIL
Glycine Soja (soybean ) Oil,GLYCINE SOJA OIL,GLYCINE SOJA OIL
Glycine Soja (Soybean ) Oil,GLYCINE SOJA OIL,GLYCINE SOJA OIL
GLYCINE SOJA OIL FERMENT,GLYCINE SOJA OIL FERMENT,GLYCINE SOJA OIL FERMENT
Glycine Soja (Soybean) Oil Ferment,GLYCINE SOJA OIL FERMENT,GLYCINE SOJA OIL FERMENT
Glycine Soja Oil Unsaponifiables,GLYCINE SOJA OIL UNSAPONIFIABLES,GLYCINE SOJA OIL UNSAPONIFIABLES
GLYCINE SOJA OIL UNSAPONIFIABLES,GLYCINE SOJA OIL UNSAPONIFIABLES,GLYCINE SOJA OIL UNSAPONIFIABLES
Glycine Soja (Soybean) Oil* ,GLYCINE SOJA OIL,GLYCINE SOJA OIL
Glycine Soja Peptide,GLYCINE SOJA PEPTIDE,GLYCINE SOJA PEPTIDE
GLYCINE SOJA PEPTIDE,GLYCINE SOJA PEPTIDE,GLYCINE SOJA PEPTIDE
GLYCINE SOJA PHYTOPLACENTA EXTRACT,GLYCINE SOJA PHYTOPLACENTA EXTRACT,GLYCINE SOJA PHYTOPLACENTA EXTRACT
glycine soja protein,GLYCINE SOJA PROTEIN,GLYCINE SOJA PROTEIN
Glycine Soja Protein,GLYCINE SOJA PROTEIN,GLYCINE SOJA PROTEIN
GLYCINE SOJA PROTEIN,GLYCINE SOJA PROTEIN,GLYCINE SOJA PROTEIN
Glycine Soja (Soybean) Protein,GLYCINE SOJA PROTEIN,GLYCINE SOJA PROTEIN
Glycine Soja Seed Extract,GLYCINE SOJA SEED EXTRACT,GLYCINE SOJA SEED EXTRACT
GLYCINE SOJA SEED EXTRACT,GLYCINE SOJA SEED EXTRACT,GLYCINE SOJA SEED EXTRACT
GLYCINE SOJA STEROLS,GLYCINE SOJA STEROLS,GLYCINE SOJA STEROLS
Glycine Soja (Soybeen) Sterols,GLYCINE SOJA STEROLS,GLYCINE SOJA STEROLS
GLYCOGEN,GLYCOGEN,GLYCOGEN
GLYCOL,GLYCOL,GLYCOL
Glycol,GLYCOL,GLYCOL
GLYCOL DICAPRYLATE,GLYCOL DICAPRYLATE,GLYCOL DICAPRYLATE
Glycol Distearate,GLYCOL DISTEARATE,GLYCOL DISTEARATE
GLYCOL DISTEARATE,GLYCOL DISTEARATE,GLYCOL DISTEARATE
Glycolic Acid,GLYCOLIC ACID,GLYCOLIC ACID
GLYCOLIC ACID,GLYCOLIC ACID,GLYCOLIC ACID
Glycolipids,GLYCOLIPIDS,GLYCOLIPIDS
GLYCOLIPIDS,GLYCOLIPIDS,GLYCOLIPIDS
Glycyrrhiza Glabra Extract,GLYCYRRHIZA GLABRA EXTRACT,GLYCYRRHIZA GLABRA EXTRACT
Glycyrrhiza Glabra (Licorice) Root Extract,GLYCYRRHIZA GLABRA ROOT EXTRACT,GLYCYRRHIZA GLABRA ROOT EXTRACT
Glycyrrhiza Glabra Root Extract,GLYCYRRHIZA GLABRA ROOT EXTRACT,GLYCYRRHIZA GLABRA ROOT EXTRACT
GLYCYRRHIZA GLABRA ROOT EXTRACT,GLYCYRRHIZA GLABRA ROOT EXTRACT,GLYCYRRHIZA GLABRA ROOT EXTRACT
GLYCYRRHIZA GLABRA ROOT WATER,GLYCYRRHIZA GLABRA ROOT WATER,GLYCYRRHIZA GLABRA ROOT WATER
GLYCYRRHIZA INFLATA ROOT EXTRACT,GLYCYRRHIZA INFLATA ROOT EXTRACT,GLYCYRRHIZA INFLATA ROOT EXTRACT
Glycyrrhiza Inflata Root Extract,GLYCYRRHIZA INFLATA ROOT EXTRACT,GLYCYRRHIZA INFLATA ROOT EXTRACT
Glycyrrhiza Uralensis (Licorice) Root Extract,GLYCYRRHIZA URALENSIS ROOT EXTRACT,GLYCYRRHIZA URALENSIS ROOT EXTRACT
GLYCYRRHIZA URALENSIS ROOT EXTRACT,GLYCYRRHIZA URALENSIS ROOT EXTRACT,GLYCYRRHIZA URALENSIS ROOT EXTRACT
Glycyrrhiza Uralensis (Lic orice) Root Extract,GLYCYRRHIZA URALENSIS ROOT EXTRACT,GLYCYRRHIZA URALENSIS ROOT EXTRACT
Goat Milk Extract,GOAT MILK EXTRACT,GOAT MILK EXTRACT
GOAT MILK EXTRACT,GOAT MILK EXTRACT,GOAT MILK EXTRACT
Gold,GOLD,GOLD
GOLD,GOLD,GOLD
Gossypium Herbaceum (Cotton) Extract,GOSSYPIUM HERBACEUM EXTRACT,GOSSYPIUM HERBACEUM EXTRACT
Gossypium Herbaceum (cotton) Extract,GOSSYPIUM HERBACEUM EXTRACT,GOSSYPIUM HERBACEUM EXTRACT
GOSSYPIUM HERBACEUM FLOWER EXTRACT,GOSSYPIUM HERBACEUM FLOWER EXTRACT,GOSSYPIUM HERBACEUM FLOWER EXTRACT
GOSSYPIUM HERBACEUM SEED EXTRACT,GOSSYPIUM HERBACEUM SEED EXTRACT,GOSSYPIUM HERBACEUM SEED EXTRACT
GOSSYPIUM HERBACEUM SEED OIL,GOSSYPIUM HERBACEUM SEED OIL,GOSSYPIUM HERBACEUM SEED OIL
Gossypium Herbaceum Seed Oil,GOSSYPIUM HERBACEUM SEED OIL,GOSSYPIUM HERBACEUM SEED OIL
GOSSYPIUM HIRSUTUM SEED OIL,GOSSYPIUM HIRSUTUM SEED OIL,GOSSYPIUM HIRSUTUM SEED OIL
Granatum Seed Oil,GRANATUM SEED OIL,GRANATUM SEED OIL
Grape Ferment Extract,GRAPE FERMENT EXTRACT,GRAPE FERMENT EXTRACT
Grape Fruit Water,GRAPE FRUIT WATER,GRAPE FRUIT WATER
Grape Seed Extract,GRAPE SEED EXTRACT,GRAPE SEED EXTRACT
Gratissima (Avocado) Oil,GRATISSIMA OIL,GRATISSIMA OIL
Green Clay,GREEN CLAY,GREEN CLAY
GUAIAZULENE,GUAIAZULENE,GUAIAZULENE
Guaiazulene,GUAIAZULENE,GUAIAZULENE
GUANINE,GUANINE,GUANINE
Guar Hydroxypropyltrimonium Chloride,GUAR HYDROXYPROPYLTRIMONIUM CHLORIDE,GUAR HYDROXYPROPYLTRIMONIUM CHLORIDE
GUAR HYDROXYPROPYLTRIMONIUM CHLORIDE,GUAR HYDROXYPROPYLTRIMONIUM CHLORIDE,GUAR HYDROXYPROPYLTRIMONIUM CHLORIDE
GYNOSTEMMA PENTAPHYLLUM LEAF,GYNOSTEMMA PENTAPHYLLUM LEAF,GYNOSTEMMA PENTAPHYLLUM LEAF
Haematococcus Pluvialis Extract,HAEMATOCOCCUS PLUVIALIS EXTRACT,HAEMATOCOCCUS PLUVIALIS EXTRACT
Hamamelis Virginia (Witch Hazel) Water,HAMAMELIS VIRGINIA WATER,HAMAMELIS VIRGINIANA WATER
HAMAMELIS VIRGINIANA BARK,HAMAMELIS VIRGINIANA BARK,HAMAMELIS VIRGINIANA BARK
Hamamelis Virginiana (Witch Hazel) Extract,HAMAMELIS VIRGINIANA EXTRACT,HAMAMELIS VIRGINIANA EXTRACT
HAMAMELIS VIRGINIANA EXTRACT,HAMAMELIS VIRGINIANA EXTRACT,HAMAMELIS VIRGINIANA EXTRACT
Hamamelis Virginiana Extract,HAMAMELIS VIRGINIANA EXTRACT,HAMAMELIS VIRGINIANA EXTRACT
HAMAMELIS VIRGINIANA FLOWER WATER,HAMAMELIS VIRGINIANA FLOWER WATER,HAMAMELIS VIRGINIANA FLOWER WATER
Hamamelis Virginiana Leaf Extract,HAMAMELIS VIRGINIANA LEAF EXTRACT,HAMAMELIS VIRGINIANA LEAF EXTRACT
HAMAMELIS VIRGINIANA LEAF EXTRACT,HAMAMELIS VIRGINIANA LEAF EXTRACT,HAMAMELIS VIRGINIANA LEAF EXTRACT
Hamamelis Virginiana (Witch Hazel) Leaf Extract,HAMAMELIS VIRGINIANA LEAF EXTRACT,HAMAMELIS VIRGINIANA LEAF EXTRACT
Hamamelis Virginiana Leaf Water,HAMAMELIS VIRGINIANA LEAF WATER,HAMAMELIS VIRGINIANA LEAF WATER
Hamamelis Virginiana (Witch Hazel) Leaf Water,HAMAMELIS VIRGINIANA LEAF WATER,HAMAMELIS VIRGINIANA LEAF WATER
HAMAMELIS VIRGINIANA LEAF WATER,HAMAMELIS VIRGINIANA LEAF WATER,HAMAMELIS VIRGINIANA LEAF WATER
HAMAMELIS VIRGINIANA WATER,HAMAMELIS VIRGINIANA WATER,HAMAMELIS VIRGINIANA WATER
Hamamelis Virginiana (Witch Hazel) Water,HAMAMELIS VIRGINIANA WATER,HAMAMELIS VIRGINIANA WATER
Harungana Madagascariensis Extract,HARUNGANA MADAGASCARIENSIS EXTRACT,HARUNGANA MADAGASCARIENSIS EXTRACT
HDI/TRIMETHYLOL HEXYLLACTONE CROSSPOLYMER,HDI/TRIMETHYLOL HEXYLLACTONE CROSSPOLYMER,HDI/TRIMETHYLOL HEXYLLACTONE CROSSPOLYMER
HECTORITE,HECTORITE,HECTORITE
Hectorite,HECTORITE,HECTORITE
HEDERA HELIX EXTRACT,HEDERA HELIX EXTRACT,HEDERA HELIX EXTRACT
HEDERA HELIX LEAF,HEDERA HELIX LEAF,HEDERA HELIX LEAF
Hedera Helix (Ivy) Leaf,HEDERA HELIX LEAF,HEDERA HELIX LEAF
HEDERA HELIX STEM EXTRACT,HEDERA HELIX STEM EXTRACT,HEDERA HELIX STEM EXTRACT
Hedychium Coronarium Root Extract,HEDYCHIUM CORONARIUM ROOT EXTRACT,HEDYCHIUM CORONARIUM ROOT EXTRACT
HELIANTHUS ANNUS (SUNFLOWER) SEED OIL,HELIANTHUS ANNUS SEED OIL,HELIANTHUS ANNUUS SEED OIL
Helianthus Annus Seed Oil,HELIANTHUS ANNUS SEED OIL,HELIANTHUS ANNUUS SEED OIL
Helianthus Annus Seed Oil (Sunflower Oil),HELIANTHUS ANNUS SEED OIL,HELIANTHUS ANNUUS SEED OIL
Helianthus Annuus,HELIANTHUS ANNUUS,HELIANTHUS ANNUUS
Helianthus Annuus (Sunflower) Extract,HELIANTHUS ANNUUS EXTRACT,HELIANTHUS ANNUUS EXTRACT
HELIANTHUS ANNUUS FLOWER EXTRACT,HELIANTHUS ANNUUS FLOWER EXTRACT,HELIANTHUS ANNUUS FLOWER EXTRACT
Helianthus Annuus Hybrid Oil (Sunflower Oil),HELIANTHUS ANNUUS HYBRID OIL,HELIANTHUS ANNUUS HYBRID OIL
Helianthus Annuus Hybrid Oil,HELIANTHUS ANNUUS HYBRID OIL,HELIANTHUS ANNUUS HYBRID OIL
HELIANTHUS ANNUUS HYBRID OIL,HELIANTHUS ANNUUS HYBRID OIL,HELIANTHUS ANNUUS HYBRID OIL
Helianthus Annuus Hybrid Oil (Sun flower Oil),HELIANTHUS ANNUUS HYBRID OIL,HELIANTHUS ANNUUS HYBRID OIL
Helianthus Annuus Hybrid Oil (Sunflower oil),HELIANTHUS ANNUUS HYBRID OIL,HELIANTHUS ANNUUS HYBRID OIL
Helianthus Annuus Seed Cera (Sunflower Seed Wax),HELIANTHUS ANNUUS SEED CERA,HELIANTHUS ANNUUS SEED CERA
Helianthus Annuus Seed Cera (Sunflower Wax),HELIANTHUS ANNUUS SEED CERA,HELIANTHUS ANNUUS SEED CERA
Helianthus Annuus Seed Cera,HELIANTHUS ANNUUS SEED CERA,HELIANTHUS ANNUUS SEED CERA
HELIANTHUS ANNUUS SEED CERA,HELIANTHUS ANNUUS SEED CERA,HELIANTHUS ANNUUS SEED CERA
Helianthus Annuus Seed Oil (Sunflower Oil),HELIANTHUS ANNUUS SEED OIL,HELIANTHUS ANNUUS SEED OIL
HELIANTHUS ANNUUS SEED OIL,HELIANTHUS ANNUUS SEED OIL,HELIANTHUS ANNUUS SEED OIL
Helianthus Annuus Seed Oil,HELIANTHUS ANNUUS SEED OIL,HELIANTHUS ANNUUS SEED OIL
HELIANTHUS ANNUUS (SUNFLOWER) SEED OIL,HELIANTHUS ANNUUS SEED OIL,HELIANTHUS ANNUUS SEED OIL
Helianthus Annuus (Sunflower) Seed Oil,HELIANTHUS ANNUUS SEED OIL,HELIANTHUS ANNUUS SEED OIL
helianthus annuus (sunflower) seed oil,HELIANTHUS ANNUUS SEED OIL,HELIANTHUS ANNUUS SEED OIL
Helianthus Annuus Seed Oil (Sunflower oil),HELIANTHUS ANNUUS SEED OIL,HELIANTHUS ANNUUS SEED OIL
HELIANTHUS ANNUUS SEED OIL UNSAPONIFIABLES,HELIANTHUS ANNUUS SEED OIL UNSAPONIFIABLES,HELIANTHUS ANNUUS SEED OIL
Helianthus Annuus (sunflower) Seed Oil Unsaponifiables,HELIANTHUS ANNUUS SEED OIL UNSAPONIFIABLES,HELIANTHUS ANNUUS SEED OIL
Helianthus Annuus Seed Wax,HELIANTHUS ANNUUS SEED WAX,HELIANTHUS ANNUUS SEED WAX
HELIANTHUS ANNUUS SEED WAX,HELIANTHUS ANNUUS SEED WAX,HELIANTHUS ANNUUS SEED WAX
Helianthus Annuus (Sunflower) Seed Wax,HELIANTHUS ANNUUS SEED WAX,HELIANTHUS ANNUUS SEED WAX
Helianthus Annuus Sprout Extract,HELIANTHUS ANNUUS SPROUT EXTRACT,HELIANTHUS ANNUUS SPROUT EXTRACT
Helianthus Annuus (Sunflower) Sprout Extract,HELIANTHUS ANNUUS SPROUT EXTRACT,HELIANTHUS ANNUUS SPROUT EXTRACT
HELIANTHUS ANNUUS SPROUT EXTRACT,HELIANTHUS ANNUUS SPROUT EXTRACT,HELIANTHUS ANNUUS SPROUT EXTRACT
HELICHRYSUM ITALICUM FLOWER,HELICHRYSUM ITALICUM FLOWER,HELICHRYSUM ITALICUM FLOWER
Helichrysum Stoechas Extract,HELICHRYSUM STOECHAS EXTRACT,HELICHRYSUM STOECHAS EXTRACT
Helichrysum Stoechas Flower Extract,HELICHRYSUM STOECHAS FLOWER EXTRACT,HELICHRYSUM STOECHAS FLOWER EXTRACT
HEPTANOL,HEPTANOL,HEPTANOL
HEPTAPEPTIDE-7,HEPTAPEPTIDE-7,HEPTAPEPTIDE-7
Heptapeptide-7,HEPTAPEPTIDE-7,HEPTAPEPTIDE-7
Heptapeptide-8,HEPTAPEPTIDE-8,HEPTAPEPTIDE-8
HEPTYL GLUCOSIDE,HEPTYL GLUCOSIDE,HEPTYL GLUCOSIDE
Heptyl Glucoside,HEPTYL GLUCOSIDE,HEPTYL GLUCOSIDE
Heptyl Undecylenate,HEPTYL UNDECYLENATE,HEPTYL UNDECYLENATE
HEPTYL UNDECYLENATE,HEPTYL UNDECYLENATE,HEPTYL UNDECYLENATE
HESPERIDIN,HESPERIDIN,HESPERIDIN METHYL CHALCONE
Hesperidin Methyl Chalcone,HESPERIDIN METHYL CHALCONE,HESPERIDIN METHYL CHALCONE
HESPERIDIN METHYL CHALCONE,HESPERIDIN METHYL CHALCONE,HESPERIDIN METHYL CHALCONE
HEXACAPRATE,HEXACAPRATE,HEXACAPRATE
Hexacaprate,HEXACAPRATE,HEXACAPRATE
Hexamethyindanopryan,HEXAMETHYINDANOPRYAN,HEXAMETHYLINDANOPYRAN
Hexamethylindanopyan. *składnik pochodzenia naturalnego,HEXAMETHYLINDANOPYAN,HEXAMETHYLINDANOPYRAN
Hexamethylindanopyran. *składnik pochodzenia naturalnego,HEXAMETHYLINDANOPYRAN,HEXAMETHYLINDANOPYRAN
Hexamethylindanopyran. * składnik pochodzenia naturalnego,HEXAMETHYLINDANOPYRAN,HEXAMETHYLINDANOPYRAN
HEXAMETHYLINDANOPYRAN,HEXAMETHYLINDANOPYRAN,HEXAMETHYLINDANOPYRAN
Hexamethylindanopyran,HEXAMETHYLINDANOPYRAN,HEXAMETHYLINDANOPYRAN
Hexamethylindanopyran Linalyl,HEXAMETHYLINDANOPYRAN LINALYL,HEXAMETHYLINDANOPYRAN
Hexamethylindanylpyran,HEXAMETHYLINDANYLPYRAN,HEXAMETHYLINDANOPYRAN
HEXAMIDINE DIISETHIONATE,HEXAMIDINE DIISETHIONATE,HEXAMIDINE DIISETHIONATE
Hexamidine Diisethionate,HEXAMIDINE DIISETHIONATE,HEXAMIDINE DIISETHIONATE
HEXANOYL DIPEPTIDE-3 NORLEUCINE ACETATE,HEXANOYL DIPEPTIDE-3 NORLEUCINE ACETATE,HEXANOYL DIPEPTIDE-3 NORLEUCINE ACETATE
Hexapeptide-9,HEXAPEPTIDE-9,HEXAPEPTIDE-9
HEXAPEPTIDE-9,HEXAPEPTIDE-9,HEXAPEPTIDE-9
hexyl cinnamal,HEXYL CINNAMAL,HEXYL CINNAMAL
HEXYL CINNAMAL,HEXYL CINNAMAL,HEXYL CINNAMAL
Hexyl Cinnamal,HEXYL CINNAMAL,HEXYL CINNAMAL
HEXYL LAURATE,HEXYL LAURATE,HEXYL LAURATE
Hexyl Laurate,HEXYL LAURATE,HEXYL LAURATE
Hexyldecanol,HEXYLDECANOL,HEXYLDECANOL
Hexyldecyl Stearate,HEXYLDECYL STEARATE,HEXYLDECYL STEARATE
HEXYLENE GLYCOL,HEXYLENE GLYCOL,HEXYLENE GLYCOL
Hexylene Glycol,HEXYLENE GLYCOL,HEXYLENE GLYCOL
Hibiscus Esculentus Fruit Extract,HIBISCUS ESCULENTUS FRUIT EXTRACT,HIBISCUS ESCULENTUS FRUIT EXTRACT
HIBISCUS ESCULENTUS FRUIT EXTRACT,HIBISCUS ESCULENTUS FRUIT EXTRACT,HIBISCUS ESCULENTUS FRUIT EXTRACT
HIBISCUS MUTABILIS FLOWER EXTRACT,HIBISCUS MUTABILIS FLOWER EXTRACT,HIBISCUS MUTABILIS FLOWER EXTRACT
HIBISCUS SABDARIFFA CALLUS CULTURE FERMENT FILTRATE,HIBISCUS SABDARIFFA CALLUS CULTURE FERMENT FILTRATE,HIBISCUS SABDARIFFA CALLUS CULTURE FERMENT FILTRATE
HIBISCUS SABDARIFFA FLOWER EXTRACT,HIBISCUS SABDARIFFA FLOWER EXTRACT,HIBISCUS SABDARIFFA FLOWER EXTRACT
Hibiscus Sabdariffa Flower Extract,HIBISCUS SABDARIFFA FLOWER EXTRACT,HIBISCUS SABDARIFFA FLOWER EXTRACT
Hibiscus Syriacus Bark Extract,HIBISCUS SYRIACUS BARK EXTRACT,HIBISCUS SYRIACUS BARK EXTRACT
Himanthalia Elongata Extract,HIMANTHALIA ELONGATA EXTRACT,HIMANTHALIA ELONGATA EXTRACT
HIMANTHALIA ELONGATA EXTRACT,HIMANTHALIA ELONGATA EXTRACT,HIMANTHALIA ELONGATA EXTRACT
HIPPOPHAE RHAMNOIDES EXTRACT,HIPPOPHAE RHAMNOIDES EXTRACT,HIPPOPHAE RHAMNOIDES EXTRACT
HIPPOPHAE RHAMNOIDES FRUIT EXTRACT,HIPPOPHAE RHAMNOIDES FRUIT EXTRACT,HIPPOPHAE RHAMNOIDES FRUIT EXTRACT
Hippophae Rhamnoides Fruit Extract,HIPPOPHAE RHAMNOIDES FRUIT EXTRACT,HIPPOPHAE RHAMNOIDES FRUIT EXTRACT
Hippophae Rhamnoides (Sea Buckthorn) Fruit Extract,HIPPOPHAE RHAMNOIDES FRUIT EXTRACT,HIPPOPHAE RHAMNOIDES FRUIT EXTRACT
HIPPOPHAE RHAMNOIDES FRUIT OIL,HIPPOPHAE RHAMNOIDES FRUIT OIL,HIPPOPHAE RHAMNOIDES FRUIT OIL
Hippophae Rhamnoides Fruit Oil,HIPPOPHAE RHAMNOIDES FRUIT OIL,HIPPOPHAE RHAMNOIDES FRUIT OIL
Hippophae Rhamnoides Kernel Extract,HIPPOPHAE RHAMNOIDES KERNEL EXTRACT,HIPPOPHAE RHAMNOIDES KERNEL EXTRACT
Hippophae Rhamnoides (Sea Buckthorn) Oil,HIPPOPHAE RHAMNOIDES OIL,HIPPOPHAE RHAMNOIDES OIL
Hippophae Rhamnoides Oil,HIPPOPHAE RHAMNOIDES OIL,HIPPOPHAE RHAMNOIDES OIL
HIPPOPHAE RHAMNOIDES OIL,HIPPOPHAE RHAMNOIDES OIL,HIPPOPHAE RHAMNOIDES OIL
Hippophae Rhamnoides Seed Oil,HIPPOPHAE RHAMNOIDES SEED OIL,HIPPOPHAE RHAMNOIDES SEED OIL
HIPPOPHAE RHAMNOIDES WATER,HIPPOPHAE RHAMNOIDES WATER,HIPPOPHAE RHAMNOIDES WATER
HISTIDINE,HISTIDINE,HISTIDINE
Histidine,HISTIDINE,HISTIDINE
HIZIKIA FUSIFORME EXTRACT,HIZIKIA FUSIFORME EXTRACT,HIZIKIA FUSIFORME EXTRACT
Homosalate,HOMOSALATE,HOMOSALATE
HOMOSALATE,HOMOSALATE,HOMOSALATE
HONEY,HONEY,HONEY
Honey,HONEY,HONEY
Honey Extract,HONEY EXTRACT,HONEY EXTRACT
HONEY EXTRACT,HONEY EXTRACT,HONEY EXTRACT
Honey Extract (158ppm),HONEY EXTRACT,HONEY EXTRACT
HORDEUM DISTICHON EXTRACT,HORDEUM DISTICHON EXTRACT,HORDEUM DISTICHON EXTRACT
HORDEUM VULGARE EXTRACT,HORDEUM VULGARE EXTRACT,HORDEUM VULGARE EXTRACT
HORDEUM VULGARE POWDER,HORDEUM VULGARE POWDER,HORDEUM VULGARE POWDER
Hordeum Vulgare Powder,HORDEUM VULGARE POWDER,HORDEUM VULGARE POWDER
Hordeum Vulgare Seed Extract,HORDEUM VULGARE SEED EXTRACT,HORDEUM VULGARE SEED EXTRACT
HORDEUM VULGARE SEED EXTRACT,HORDEUM VULGARE SEED EXTRACT,HORDEUM VULGARE SEED EXTRACT
HOUTTUYNIA CORDATA EXTRACT,HOUTTUYNIA CORDATA EXTRACT,HOUTTUYNIA CORDATA EXTRACT
Houttuynia Cordata Extract,HOUTTUYNIA CORDATA EXTRACT,HOUTTUYNIA CORDATA EXTRACT
HOUTTUYNIA CORDATA WATER,HOUTTUYNIA CORDATA WATER,HOUTTUYNIA CORDATA WATER
HOYA LACUNOSA FLOWER EXTRACT,HOYA LACUNOSA FLOWER EXTRACT,HOYA LACUNOSA FLOWER EXTRACT
Hoya Lacunosa Flower Extract,HOYA LACUNOSA FLOWER EXTRACT,HOYA LACUNOSA FLOWER EXTRACT
Huile Minerale,HUILE MINERALE,HUILE MINERALE
Huile Minérale,HUILE MINÉRALE,HUILE MINERALE
Humulus Lupulus Extract,HUMULUS LUPULUS EXTRACT,HUMULUS LUPULUS EXTRACT
HUMULUS LUPULUS EXTRACT,HUMULUS LUPULUS EXTRACT,HUMULUS LUPULUS EXTRACT
Humulus Lupulus Flower Extract,HUMULUS LUPULUS FLOWER EXTRACT,HUMULUS LUPULUS FLOWER EXTRACT
Hy- drolyzed Adansonia Digitata Seed Extract,HY- DROLYZED ADANSONIA DIGITATA SEED EXTRACT,HYDROLYZED ADANSONIA DIGITATA SEED EXTRACT
HYACINTHUS ORIENTALIS EXTRACT,HYACINTHUS ORIENTALIS EXTRACT,HYACINTHUS ORIENTALIS EXTRACT
HYALURONIC ACID,HYALURONIC ACID,HYALURONIC ACID
Hyaluronic Acid,HYALURONIC ACID,HYALURONIC ACID
HYALURONIC ACID FERMENT FILTRATE,HYALURONIC ACID FERMENT FILTRATE,HYALURONIC ACID
Hyaluronic Acid Ferment Filtrate,HYALURONIC ACID FERMENT FILTRATE,HYALURONIC ACID
HYDRANGEA MACROPHYLLA LEAF EXTRACT,HYDRANGEA MACROPHYLLA LEAF EXTRACT,HYDRANGEA MACROPHYLLA LEAF EXTRACT
Hydrated Silica,HYDRATED SILICA,HYDRATED SILICA
HYDRATED SILICA,HYDRATED SILICA,HYDRATED SILICA
Hydrocolloid,HYDROCOLLOID,HYDROCOLLOID
Hydrogenated Castor oil,HYDROGENATED CASTOR OIL,HYDROGENATED CASTOR OIL
HYDROGENATED CASTOR OIL,HYDROGENATED CASTOR OIL,HYDROGENATED CASTOR OIL
Hydrogenated Castor Oil,HYDROGENATED CASTOR OIL,HYDROGENATED CASTOR OIL
HYDROGENATED CASTOR OIL BEHENYL ESTERS,HYDROGENATED CASTOR OIL BEHENYL ESTERS,HYDROGENATED CASTOR OIL BEHENYL ESTERS
Hydrogenated Castor Oil Dimer Dilinoleate,HYDROGENATED CASTOR OIL DIMER DILINOLEATE,HYDROGENATED CASTOR OIL DIMER DILINOLEATE
Hydrogenated Coco-Glycerides,HYDROGENATED COCO-GLYCERIDES,HYDROGENATED COCO-GLYCERIDES
HYDROGENATED COCO-GLYCERIDES,HYDROGENATED COCO-GLYCERIDES,HYDROGENATED COCO-GLYCERIDES
HYDROGENATED COCONUT ACID,HYDROGENATED COCONUT ACID,HYDROGENATED COCONUT ACID
HYDROGENATED COCONUT OIL,HYDROGENATED COCONUT OIL,HYDROGENATED COCONUT OIL
HYDROGENATED COTTONSEED OIL,HYDROGENATED COTTONSEED OIL,HYDROGENATED COTTON SEED OIL
HYDROGENATED DILINOLEYL HYDROGENATED DIMER DILINOLEATE,HYDROGENATED DILINOLEYL HYDROGENATED DIMER DILINOLEATE,HYDROGENATED DILINOLEYL HYDROGENATED DIMER DILINOLEATE
Hydrogenated Ethylhexyl Olivate,HYDROGENATED ETHYLHEXYL OLIVATE,HYDROGENATED ETHYLHEXYL OLIVATE
HYDROGENATED ETHYLHEXYL OLIVATE,HYDROGENATED ETHYLHEXYL OLIVATE,HYDROGENATED ETHYLHEXYL OLIVATE
HYDROGENATED FARNESENE,HYDROGENATED FARNESENE,HYDROGENATED FARNESENE
Hydrogenated Jojoba Oil,HYDROGENATED JOJOBA OIL,SIMMONDSIA CHINENSIS SEED OIL
Hydrogenated lecithin,HYDROGENATED LECITHIN,HYDROGENATED LECITHIN
HYDROGENATED LECITHIN,HYDROGENATED LECITHIN,HYDROGENATED LECITHIN
hydrogenated lecithin,HYDROGENATED LECITHIN,HYDROGENATED LECITHIN
Hydrogenated Lecithin,HYDROGENATED LECITHIN,HYDROGENATED LECITHIN
Hydrogenated Lectithin,HYDROGENATED LECTITHIN,HYDROGENATED LECITHIN
Hydrogenated Microcrystalline Wax,HYDROGENATED MICROCRYSTALLINE WAX,HYDROGENATED MICROCRYSTALLINE WAX
HYDROGENATED MICROCRYSTALLINE WAX,HYDROGENATED MICROCRYSTALLINE WAX,HYDROGENATED MICROCRYSTALLINE WAX
HYDROGENATED OLIVE OIL,HYDROGENATED OLIVE OIL,HYDROGENATED OLIVE OIL
Hydrogenated Olive Oil,HYDROGENATED OLIVE OIL,HYDROGENATED OLIVE OIL
HYDROGENATED OLIVE OIL CETYL ESTERS,HYDROGENATED OLIVE OIL CETYL ESTERS,HYDROGENATED OLIVE OIL CETYL ESTERS
HYDROGENATED OLIVE OIL DECYL ESTERS,HYDROGENATED OLIVE OIL DECYL ESTERS,HYDROGENATED OLIVE OIL DECYL ESTERS
Hydrogenated Olive Oil Stearyl Esters,HYDROGENATED OLIVE OIL STEARYL ESTERS,HYDROGENATED OLIVE OIL STEARYL ESTERS
HYDROGENATED OLIVE OIL STEARYL ESTERS,HYDROGENATED OLIVE OIL STEARYL ESTERS,HYDROGENATED OLIVE OIL STEARYL ESTERS
HYDROGENATED OLIVE OIL UNSAPONIFIABLES,HYDROGENATED OLIVE OIL UNSAPONIFIABLES,HYDROGENATED OLIVE OIL UNSAPONIFIABLES
Hydrogenated Olive Oil Unsaponifiables,HYDROGENATED OLIVE OIL UNSAPONIFIABLES,HYDROGENATED OLIVE OIL UNSAPONIFIABLES
Hydrogenated Palm Acid,HYDROGENATED PALM ACID,HYDROGENATED PALM ACID
HYDROGENATED PALM ACID,HYDROGENATED PALM ACID,HYDROGENATED PALM ACID
Hydrogenated Palm Glycerides,HYDROGENATED PALM GLYCERIDES,HYDROGENATED PALM GLYCERIDES
HYDROGENATED PALM GLYCERIDES,HYDROGENATED PALM GLYCERIDES,HYDROGENATED PALM GLYCERIDES
Hydrogenated Palm Glycerides Citrate,HYDROGENATED PALM GLYCERIDES CITRATE,HYDROGENATED PALM GLYCERIDES CITRATE
HYDROGENATED PALM GLYCERIDES CITRATE,HYDROGENATED PALM GLYCERIDES CITRATE,HYDROGENATED PALM GLYCERIDES CITRATE
Hydrogenated Palm Kernel Glycerides,HYDROGENATED PALM KERNEL GLYCERIDES,HYDROGENATED PALM KERNEL GLYCERIDES
HYDROGENATED PALM OIL,HYDROGENATED PALM OIL,HYDROGENATED PALM OIL
Hydrogenated Palm Oil,HYDROGENATED PALM OIL,HYDROGENATED PALM OIL
HYDROGENATED PHOSPHATIDYLCHOLINE,HYDROGENATED PHOSPHATIDYLCHOLINE,HYDROGENATED PHOSPHATIDYLCHOLINE
Hydrogenated Poly (C6-20 Olefin),HYDROGENATED POLY,HYDROGENATED POLY
Hydrogenated Poly(C6-14 Olefin),HYDROGENATED POLY,HYDROGENATED POLY
Hydrogenated Poly (C6-14 Olefin),HYDROGENATED POLY,HYDROGENATED POLY
HYDROGENATED POLY(C6-20 OLEFIN),HYDROGENATED POLY,HYDROGENATED POLY
HYDROGENATED POLY(C6-14 OLEFIN),HYDROGENATED POLY,HYDROGENATED POLY
Hydrogenated Poly(C6-20 Olefin),HYDROGENATED POLY,HYDROGENATED POLY
Hydrogenated Polycyclo-20 Olefin,HYDROGENATED POLYCYCLO-20 OLEFIN,HYDROGENATED POLYCYCLO-20 OLEFIN
Hydrogenated Polycyclopentadiene,HYDROGENATED POLYCYCLOPENTADIENE,HYDROGENATED POLYCYCLOPENTADIENE
HYDROGENATED POLYDECENE,HYDROGENATED POLYDECENE,HYDROGENATED POLYDECENE
Hydrogenated Polydecene,HYDROGENATED POLYDECENE,HYDROGENATED POLYDECENE
HYDROGENATED POLYISOBUTENE,HYDROGENATED POLYISOBUTENE,HYDROGENATED POLYISOBUTENE
Hydrogenated Polyisobutene,HYDROGENATED POLYISOBUTENE,HYDROGENATED POLYISOBUTENE
hydrogenated polyisobutene,HYDROGENATED POLYISOBUTENE,HYDROGENATED POLYISOBUTENE
HYDROGENATED RAPESEED ALCOHOL,HYDROGENATED RAPESEED ALCOHOL,HYDROGENATED RAPESEED ALCOHOL
HYDROGENATED RAPESEED OIL,HYDROGENATED RAPESEED OIL,HYDROGENATED RAPESEED OIL
Hydrogenated Rapeseed Oil,HYDROGENATED RAPESEED OIL,HYDROGENATED RAPESEED OIL
HYDROGENATED RICE BRAN OIL,HYDROGENATED RICE BRAN OIL,HYDROGENATED RICE BRAN OIL
HYDROGENATED SOY POLYGLYCERIDES,HYDROGENATED SOY POLYGLYCERIDES,HYDROGENATED SOY POLYGLYCERIDES
Hydrogenated Soybean Oil,HYDROGENATED SOYBEAN OIL,HYDROGENATED SOYBEAN OIL
HYDROGENATED SOYBEAN OIL,HYDROGENATED SOYBEAN OIL,HYDROGENATED SOYBEAN OIL
Hydrogenated Starch Hydrolysate,HYDROGENATED STARCH HYDROLYSATE,HYDROGENATED STARCH HYDROLYSATE
HYDROGENATED STARCH HYDROLYSATE,HYDROGENATED STARCH HYDROLYSATE,HYDROGENATED STARCH HYDROLYSATE
HYDROGENATED STYRENE/BUTADIENE COPOLYMER,HYDROGENATED STYRENE/BUTADIENE COPOLYMER,HYDROGENATED STYRENE/BUTADIENE COPOLYMER
HYDROGENATED STYRENE/ISOPRENE COPOLYMER,HYDROGENATED STYRENE/ISOPRENE COPOLYMER,HYDROGENATED STYRENE/ISOPRENE COPOLYMER
Hydrogenated Styrene/Isoprene Copolymer,HYDROGENATED STYRENE/ISOPRENE COPOLYMER,HYDROGENATED STYRENE/ISOPRENE COPOLYMER
PLASTRY Z WOSKIEM: Hydrogenated Styrene/Methyl Styrene/Indene Copolymer,HYDROGENATED STYRENE/METHYL STYRENE/INDENE COPOLYMER,HYDROGENATED STYRENE/METHYLSTYRENE/INDENE COPOLYMER
Hydrogenated Styrene/Methyl Styrene/Indene Copolymer,HYDROGENATED STYRENE/METHYL STYRENE/INDENE COPOLYMER,HYDROGENATED STYRENE/METHYLSTYRENE/INDENE COPOLYMER
HYDROGENATED STYRENE/METHYLSTYRENE/INDENE COPOLYMER,HYDROGENATED STYRENE/METHYLSTYRENE/INDENE COPOLYMER,HYDROGENATED STYRENE/METHYLSTYRENE/INDENE COPOLYMER
HYDROGENATED TETRADECENYL,HYDROGENATED TETRADECENYL,HYDROGENATED TETRADECENYL
HYDROGENATED VEGETABLE GLYCERIDES,HYDROGENATED VEGETABLE GLYCERIDES,HYDROGENATED VEGETABLE GLYCERIDES
HYDROGENATED VEGETABLE GLYCERIDES CITRATE,HYDROGENATED VEGETABLE GLYCERIDES CITRATE,HYDROGENATED VEGETABLE GLYCERIDES CITRATE
Hydrogenated Vegetable Glycerides Citrate,HYDROGENATED VEGETABLE GLYCERIDES CITRATE,HYDROGENATED VEGETABLE GLYCERIDES CITRATE
HYDROGENATED VEGETABLE OIL,HYDROGENATED VEGETABLE OIL,HYDROGENATED VEGETABLE OIL
Hydrogenated Vegetable Oil,HYDROGENATED VEGETABLE OIL,HYDROGENATED VEGETABLE OIL
HYDROGNATED COCO-GLYCERIDES,HYDROGNATED COCO-GLYCERIDES,HYDROGENATED COCO-GLYCERIDES
Hydrolized Sodium Hyaluronate,HYDROLIZED SODIUM HYALURONATE,HYDROLYZED SODIUM HYALURONATE
Hydrolysed Extensin,HYDROLYSED EXTENSIN,HYDROLYZED EXTENSIN
Hydrolysed Hyaluronic Acid,HYDROLYSED HYALURONIC ACID,HYALURONIC ACID
HYDROLYZED ADANSONIA DIGITATA EXTRACT,HYDROLYZED ADANSONIA DIGITATA EXTRACT,HYDROLYZED ADANSONIA DIGITATA EXTRACT
HYDROLYZED ADANSONIA DIGITATA SEED EXTRACT,HYDROLYZED ADANSONIA DIGITATA SEED EXTRACT,HYDROLYZED ADANSONIA DIGITATA SEED EXTRACT
Hydrolyzed Adansonia Digitata Seed Extract,HYDROLYZED ADANSONIA DIGITATA SEED EXTRACT,HYDROLYZED ADANSONIA DIGITATA SEED EXTRACT
HYDROLYZED ALGAE EXTRACT,HYDROLYZED ALGAE EXTRACT,HYDROLYZED ALGAE EXTRACT
HYDROLYZED ALGIN,HYDROLYZED ALGIN,HYDROLYZED ALGIN
Hydrolyzed Algin,HYDROLYZED ALGIN,HYDROLYZED ALGIN
Hydrolyzed Caesalpinia Spinosa Gum,HYDROLYZED CAESALPINIA SPINOSA GUM,HYDROLYZED CAESALPINIA SPINOSA GUM
HYDROLYZED CAESALPINIA SPINOSA GUM,HYDROLYZED CAESALPINIA SPINOSA GUM,HYDROLYZED CAESALPINIA SPINOSA GUM
Hydrolyzed Canadida Saitoana Extract,HYDROLYZED CANADIDA SAITOANA EXTRACT,HYDROLYZED CANDIDA SAITOANA EXTRACT
HYDROLYZED CANDIDA SAITOANA EXTRACT,HYDROLYZED CANDIDA SAITOANA EXTRACT,HYDROLYZED CANDIDA SAITOANA EXTRACT
Hydrolyzed Candida Saitoana Extract,HYDROLYZED CANDIDA SAITOANA EXTRACT,HYDROLYZED CANDIDA SAITOANA EXTRACT
Hydrolyzed Collagen,HYDROLYZED COLLAGEN,HYDROLYZED COLLAGEN
HYDROLYZED COLLAGEN,HYDROLYZED COLLAGEN,HYDROLYZED COLLAGEN
Hydrolyzed Collagen(0.1%),HYDROLYZED COLLAGEN,HYDROLYZED COLLAGEN
Hydrolyzed Collagen (1,HYDROLYZED COLLAGEN (1,HYDROLYZED COLLAGEN
Hydrolyzed Corn Starach,HYDROLYZED CORN STARACH,HYDROLYZED CORN STARCH
HYDROLYZED CORN STARCH,HYDROLYZED CORN STARCH,HYDROLYZED CORN STARCH
Hydrolyzed Corn Starch,HYDROLYZED CORN STARCH,HYDROLYZED CORN STARCH
HYDROLYZED DNA,HYDROLYZED DNA,HYDROLYZED DNA
Hydrolyzed Elastin,HYDROLYZED ELASTIN,HYDROLYZED ELASTIN
HYDROLYZED ELASTIN,HYDROLYZED ELASTIN,HYDROLYZED ELASTIN
HYDROLYZED EXTENSIN,HYDROLYZED EXTENSIN,HYDROLYZED EXTENSIN
Hydrolyzed Extensin,HYDROLYZED EXTENSIN,HYDROLYZED EXTENSIN
HYDROLYZED GARDENIA FLORIDA EXTRACT,HYDROLYZED GARDENIA FLORIDA EXTRACT,HYDROLYZED GARDENIA FLORIDA EXTRACT
Hydrolyzed Gardenia Florida Extract,HYDROLYZED GARDENIA FLORIDA EXTRACT,HYDROLYZED GARDENIA FLORIDA EXTRACT
HYDROLYZED GLYCOSAMINOGLYCANS,HYDROLYZED GLYCOSAMINOGLYCANS,HYDROLYZED GLYCOSAMINOGLYCANS
Hydrolyzed Glycosaminoglycans,HYDROLYZED GLYCOSAMINOGLYCANS,HYDROLYZED GLYCOSAMINOGLYCANS
HYDROLYZED HYALURONIC ACID,HYDROLYZED HYALURONIC ACID,HYDROLYZED HYALURONIC ACID
Hydrolyzed Hyaluronic acid,HYDROLYZED HYALURONIC ACID,HYDROLYZED HYALURONIC ACID
Hydrolyzed Hyaluronic Acid,HYDROLYZED HYALURONIC ACID,HYDROLYZED HYALURONIC ACID
HYDROLYZED JOJOBA ESTERS,HYDROLYZED JOJOBA ESTERS,HYDROLYZED JOJOBA ESTERS
Hydrolyzed Jojoba Esters,HYDROLYZED JOJOBA ESTERS,HYDROLYZED JOJOBA ESTERS
Hydrolyzed Lactoferrin,HYDROLYZED LACTOFERRIN,HYDROLYZED LACTOFERRIN
HYDROLYZED MYRTUS COMMUNIS LEAF EXTRACT,HYDROLYZED MYRTUS COMMUNIS LEAF EXTRACT,HYDROLYZED MYRTUS COMMUNIS LEAF EXTRACT
Hydrolyzed Myrtus Communis Leaf Extract,HYDROLYZED MYRTUS COMMUNIS LEAF EXTRACT,HYDROLYZED MYRTUS COMMUNIS LEAF EXTRACT
Hydrolyzed Oat Protein,HYDROLYZED OAT PROTEIN,HYDROLYZED OAT PROTEIN
Hydrolyzed Opuntia Ficus Indica Flower Extract,HYDROLYZED OPUNTIA FICUS INDICA FLOWER EXTRACT,HYDROLYZED OPUNTIA FICUS-INDICA FLOWER EXTRACT
Hydrolyzed Opuntia Ficus-Indica Flower Extract,HYDROLYZED OPUNTIA FICUS-INDICA FLOWER EXTRACT,HYDROLYZED OPUNTIA FICUS-INDICA FLOWER EXTRACT
HYDROLYZED PEARL,HYDROLYZED PEARL,HYDROLYZED PEARL
Hydrolyzed Pearl (Pearl Extract),HYDROLYZED PEARL,HYDROLYZED PEARL
Hydrolyzed Rhizobian Gum,HYDROLYZED RHIZOBIAN GUM,HYDROLYZED RHIZOBIAN GUM
HYDROLYZED RHODOPHYCEAE EXTRACT,HYDROLYZED RHODOPHYCEAE EXTRACT,HYDROLYZED RHODOPHYCEAE EXTRACT
Hydrolyzed Rhodophyceae Extract,HYDROLYZED RHODOPHYCEAE EXTRACT,HYDROLYZED RHODOPHYCEAE EXTRACT
Hydrolyzed Rice Bran Protein,HYDROLYZED RICE BRAN PROTEIN,HYDROLYZED RICE BRAN PROTEIN
HYDROLYZED RICE BRAN PROTEIN,HYDROLYZED RICE BRAN PROTEIN,HYDROLYZED RICE BRAN PROTEIN
HYDROLYZED RICE PROTEIN,HYDROLYZED RICE PROTEIN,HYDROLYZED RICE PROTEIN
Hydrolyzed Rice Protein,HYDROLYZED RICE PROTEIN,HYDROLYZED RICE PROTEIN
HYDROLYZED SCLEROTIUM GUM,HYDROLYZED SCLEROTIUM GUM,HYDROLYZED SCLEROTIUM GUM
HYDROLYZED SILK,HYDROLYZED SILK,HYDROLYZED SILK
Hydrolyzed Silk,HYDROLYZED SILK,HYDROLYZED SILK
HYDROLYZED SODIUM DNA,HYDROLYZED SODIUM DNA,HYDROLYZED SODIUM DNA
Hydrolyzed Sodium DNA,HYDROLYZED SODIUM DNA,HYDROLYZED SODIUM DNA
Hydrolyzed Sodium Hyaluronate,HYDROLYZED SODIUM HYALURONATE,HYDROLYZED SODIUM HYALURONATE
HYDROLYZED SODIUM HYALURONATE,HYDROLYZED SODIUM HYALURONATE,HYDROLYZED SODIUM HYALURONATE
hydrolyzed soy protein,HYDROLYZED SOY PROTEIN,HYDROLYZED SOY PROTEIN
Hydrolyzed Soy Protein,HYDROLYZED SOY PROTEIN,HYDROLYZED SOY PROTEIN
HYDROLYZED SOY PROTEIN,HYDROLYZED SOY PROTEIN,HYDROLYZED SOY PROTEIN
Hydrolyzed Sponge,HYDROLYZED SPONGE,HYDROLYZED SPONGE
HYDROLYZED SPONGE,HYDROLYZED SPONGE,HYDROLYZED SPONGE
HYDROLYZED SUNFLOWER SEED WAX,HYDROLYZED SUNFLOWER SEED WAX,HYDROLYZED SUNFLOWER SEED WAX
HYDROLYZED VEGETABLE PROTEIN,HYDROLYZED VEGETABLE PROTEIN,HYDROLYZED VEGETABLE PROTEIN
Hydrolyzed Vegetable Protein,HYDROLYZED VEGETABLE PROTEIN,HYDROLYZED VEGETABLE PROTEIN
Hydrolyzed Verbascum Thapsus Flower,HYDROLYZED VERBASCUM THAPSUS FLOWER,HYDROLYZED VERBASCUM THAPSUS FLOWER
HYDROLYZED WHEAT PROTEIN,HYDROLYZED WHEAT PROTEIN,HYDROLYZED WHEAT PROTEIN
Hydrolyzed Wheat Protein,HYDROLYZED WHEAT PROTEIN,HYDROLYZED WHEAT PROTEIN
HYDROLYZED WHEAT PROTEIN/PVP CROSSPOLYMER,HYDROLYZED WHEAT PROTEIN/PVP CROSSPOLYMER,HYDROLYZED WHEAT PROTEIN/PVP CROSSPOLYMER
Hydroxy Stearic Acid,HYDROXY STEARIC ACID,HYDROXYSTEARIC ACID
Hydroxy-Acetophenone,HYDROXY-ACETOPHENONE,HYDROXYACETOPHENONE
Hydroxyace Tophenone,HYDROXYACE TOPHENONE,HYDROXYACETOPHENONE
Hydroxyacetohpenone,HYDROXYACETOHPENONE,HYDROXYACETOPHENONE
Hydroxyacetophene,HYDROXYACETOPHENE,HYDROXYACETOPHENONE
HYDROXYACETOPHENONE,HYDROXYACETOPHENONE,HYDROXYACETOPHENONE
Hydroxyacetophenone,HYDROXYACETOPHENONE,HYDROXYACETOPHENONE
hydroxyacetophenone,HYDROXYACETOPHENONE,HYDROXYACETOPHENONE
Hydroxyactetophenone,HYDROXYACTETOPHENONE,HYDROXYACETOPHENONE
HYDROXYAPATITE,HYDROXYAPATITE,HYDROXYAPATITE
Hydroxyapatite,HYDROXYAPATITE,HYDROXYAPATITE
HYDROXYCINNAMIC ACID,HYDROXYCINNAMIC ACID,HYDROXYCINNAMIC ACID
HYDROXYCITRONELLAL,HYDROXYCITRONELLAL,HYDROXYCITRONELLAL
Hydroxycitronellal,HYDROXYCITRONELLAL,HYDROXYCITRONELLAL
HYDROXYDECYL UBIQUINONE,HYDROXYDECYL UBIQUINONE,HYDROXYDECYL UBIQUINONE
Hydroxyethyl Acrylate,HYDROXYETHYL ACRYLATE,HYDROXYETHYL ACRYLATE
Hydroxyethyl Acrylate/Sodium Acryloyldimethyl Tau - rate Copolymer,HYDROXYETHYL ACRYLATE/SODIUM ACRYLOYLDIMETHYL TAU-RATE COPOLYMER,HYDROXYETHYL ACRYLATE/SODIUM ACRYLOYLDIMETHYL TAURATE COPOLYMER
Hydroxyethyl Acrylate/Sodium Acryloyldimethyl Taurate Copolymer,HYDROXYETHYL ACRYLATE/SODIUM ACRYLOYLDIMETHYL TAURATE COPOLYMER,HYDROXYETHYL ACRYLATE/SODIUM ACRYLOYLDIMETHYL TAURATE COPOLYMER
Hydroxyethyl Acrylate/sodium Acryloyldimethyl Taurate Copolymer,HYDROXYETHYL ACRYLATE/SODIUM ACRYLOYLDIMETHYL TAURATE COPOLYMER,HYDROXYETHYL ACRYLATE/SODIUM ACRYLOYLDIMETHYL TAURATE COPOLYMER
HYDROXYETHYL ACRYLATE/SODIUM ACRYLOYLDIMETHYL TAURATE COPOLYMER,HYDROXYETHYL ACRYLATE/SODIUM ACRYLOYLDIMETHYL TAURATE COPOLYMER,HYDROXYETHYL ACRYLATE/SODIUM ACRYLOYLDIMETHYL TAURATE COPOLYMER
Hydroxyethyl Acrylate/Sodium Acryloyldimethyl taurate Copolymer,HYDROXYETHYL ACRYLATE/SODIUM ACRYLOYLDIMETHYL TAURATE COPOLYMER,HYDROXYETHYL ACRYLATE/SODIUM ACRYLOYLDIMETHYL TAURATE COPOLYMER
Hydroxyethyl Acrylate/Sodium Acryloyldimethyltaurate Copolymer,HYDROXYETHYL ACRYLATE/SODIUM ACRYLOYLDIMETHYLTAURATE COPOLYMER,HYDROXYETHYL ACRYLATE/SODIUM ACRYLOYLDIMETHYL TAURATE COPOLYMER
Hydroxyethyl Acryle/Sodium Acrylate/Sodium Acryloyldimethyl Taurate Copolymer,HYDROXYETHYL ACRYLE/SODIUM ACRYLATE/SODIUM ACRYLOYLDIMETHYL TAURATE COPOLYMER,HYDROXYETHYL ACRYLATE/SODIUM ACRYLOYLDIMETHYL TAURATE COPOLYMER
Hydroxyethyl cellulose,HYDROXYETHYL CELLULOSE,HYDROXYETHYLCELLULOSE
HYDROXYETHYL ETHYLCELLULOSE,HYDROXYETHYL ETHYLCELLULOSE,HYDROXYETHYL ETHYLCELLULOSE
Hydroxyethyl Urea,HYDROXYETHYL UREA,HYDROXYETHYL UREA
HYDROXYETHYL UREA,HYDROXYETHYL UREA,HYDROXYETHYL UREA
Hydroxyethylcellu - lose,HYDROXYETHYLCELLU-LOSE,HYDROXYETHYLCELLULOSE
HYDROXYETHYLCELLULOSE,HYDROXYETHYLCELLULOSE,HYDROXYETHYLCELLULOSE
Hydroxyethylcellulose,HYDROXYETHYLCELLULOSE,HYDROXYETHYLCELLULOSE
Hydroxyethylcellulose (Thickening Agent),HYDROXYETHYLCELLULOSE,HYDROXYETHYLCELLULOSE
Hydroxyethylcellulose,HYDROXYETHYLCELLULOSE,HYDROXYETHYLCELLULOSE
Hydroxyethylpiperazine Ethane Sulfonic Acid,HYDROXYETHYLPIPERAZINE ETHANE SULFONIC ACID,HYDROXYETHYLPIPERAZINE ETHANE SULFONIC ACID
hydroxyethylpiperazine ethane sulfonic acid,HYDROXYETHYLPIPERAZINE ETHANE SULFONIC ACID,HYDROXYETHYLPIPERAZINE ETHANE SULFONIC ACID
HYDROXYETHYLPIPERAZINE ETHANE SULFONIC ACID,HYDROXYETHYLPIPERAZINE ETHANE SULFONIC ACID,HYDROXYETHYLPIPERAZINE ETHANE SULFONIC ACID
Hydroxyhydrocinnamate,HYDROXYHYDROCINNAMATE,HYDROXYHYDROCINNAMATE
Hydroxypalmitoyl Sphinganine,HYDROXYPALMITOYL SPHINGANINE,HYDROXYPALMITOYL SPHINGANINE
Hydroxypinacolone Retinoate,HYDROXYPINACOLONE RETINOATE,HYDROXYPINACOLONE RETINOATE
HYDROXYPINACOLONE RETINOATE,HYDROXYPINACOLONE RETINOATE,HYDROXYPINACOLONE RETINOATE
HYDROXYPROLINE,HYDROXYPROLINE,HYDROXYPROLINE
Hydroxypropyl Cycdextrin,HYDROXYPROPYL CYCDEXTRIN,HYDROXYPROPYL CYCLODEXTRIN
Hydroxypropyl Cyclodextrin,HYDROXYPROPYL CYCLODEXTRIN,HYDROXYPROPYL CYCLODEXTRIN
HYDROXYPROPYL CYCLODEXTRIN,HYDROXYPROPYL CYCLODEXTRIN,HYDROXYPROPYL CYCLODEXTRIN
Hydroxypropyl Cylcodextrin,HYDROXYPROPYL CYLCODEXTRIN,HYDROXYPROPYL CYCLODEXTRIN
Hydroxypropyl Guar Hydroxypropyltrimonium Chloride,HYDROXYPROPYL GUAR HYDROXYPROPYLTRIMONIUM CHLORIDE,HYDROXYPROPYL GUAR HYDROXYPROPYLTRIMONIUM CHLORIDE
Hydroxypropyl Methylcellulose,HYDROXYPROPYL METHYLCELLULOSE,HYDROXYPROPYL METHYLCELLULOSE
HYDROXYPROPYL METHYLCELLULOSE,HYDROXYPROPYL METHYLCELLULOSE,HYDROXYPROPYL METHYLCELLULOSE
HYDROXYPROPYL METHYLCELLULOSE STEAROXY ETHER,HYDROXYPROPYL METHYLCELLULOSE STEAROXY ETHER,HYDROXYPROPYL METHYLCELLULOSE STEAROXY ETHER
Hydroxypropyl Starch Phosphate,HYDROXYPROPYL STARCH PHOSPHATE,HYDROXYPROPYL STARCH PHOSPHATE
HYDROXYPROPYL STARCH PHOSPHATE,HYDROXYPROPYL STARCH PHOSPHATE,HYDROXYPROPYL STARCH PHOSPHATE
HYDROXYPROPYL TETRAHYDROPYRANTRIOL,HYDROXYPROPYL TETRAHYDROPYRANTRIOL,HYDROXYPROPYL TETRAHYDROPYRANTRIOL
Hydroxypropyl Tetrahydropyrantriol,HYDROXYPROPYL TETRAHYDROPYRANTRIOL,HYDROXYPROPYL TETRAHYDROPYRANTRIOL
HYDROXYPROPYLCELLULOSE,HYDROXYPROPYLCELLULOSE,HYDROXYPROPYL CELLULOSE
Hydroxypropyltrimonium Hyaluronate,HYDROXYPROPYLTRIMONIUM HYALURONATE,HYDROXYPROPYLTRIMONIUM HYALURONATE
HYDROXYPROPYLTRIMONIUM HYALURONATE,HYDROXYPROPYLTRIMONIUM HYALURONATE,HYDROXYPROPYLTRIMONIUM HYALURONATE
Hydroxystearic,HYDROXYSTEARIC,HYDROXYSTEARIC ACID
Hydroxystearic Acid,HYDROXYSTEARIC ACID,HYDROXYSTEARIC ACID
HYDROXYSTEARIC ACID,HYDROXYSTEARIC ACID,HYDROXYSTEARIC ACID
HYLOCEREUS UNDATUS FRUIT EXTRACT,HYLOCEREUS UNDATUS FRUIT EXTRACT,HYLOCEREUS UNDATUS FRUIT EXTRACT
Hylocereus Undatus Fruit Extract,HYLOCEREUS UNDATUS FRUIT EXTRACT,HYLOCEREUS UNDATUS FRUIT EXTRACT
Hypericum Perforatum Flower,HYPERICUM PERFORATUM FLOWER,HYPERICUM PERFORATUM FLOWER
ILEX AQUIFOLIUM LEAF EXTRACT,ILEX AQUIFOLIUM LEAF EXTRACT,ILEX AQUIFOLIUM LEAF EXTRACT
Illicium Verum Fruit Extract,ILLICIUM VERUM FRUIT EXTRACT,ILLICIUM VERUM FRUIT EXTRACT
Illicium Verum (Anise) Fruit Extract,ILLICIUM VERUM FRUIT EXTRACT,ILLICIUM VERUM FRUIT EXTRACT
ILLICIUM VERUM FRUIT EXTRACT,ILLICIUM VERUM FRUIT EXTRACT,ILLICIUM VERUM FRUIT EXTRACT
ILLITE,ILLITE,ILLITE
Illite,ILLITE,ILLITE
IMPERATA CYLINDRICA ROOT FERMENT EXTRACT,IMPERATA CYLINDRICA ROOT FERMENT EXTRACT,IMPERATA CYLINDRICA ROOT FERMENT EXTRACT
INDIGOFERA TINCTORIA LEAF EXTRACT,INDIGOFERA TINCTORIA LEAF EXTRACT,INDIGOFERA TINCTORIA LEAF EXTRACT
Inonotus Obliquus Exrtact,INONOTUS OBLIQUUS EXRTACT,INONOTUS OBLIQUUS EXRTACT
Inositol,INOSITOL,INOSITOL
INOSITOL,INOSITOL,INOSITOL
Inulin,INULIN,INULIN
INULIN,INULIN,INULIN
Inulin Lauryl Carbamate,INULIN LAURYL CARBAMATE,INULIN LAURYL CARBAMATE
INULIN LAURYL CARBAMATE,INULIN LAURYL CARBAMATE,INULIN LAURYL CARBAMATE
IODOPROPYNYL BUTYLCARBAMATE,IODOPROPYNYL BUTYLCARBAMATE,IODOPROPYNYL BUTYLCARBAMATE
Iodopropynyl Butylcarbomate,IODOPROPYNYL BUTYLCARBOMATE,IODOPROPYNYL BUTYLCARBAMATE
Ipropanediol,IPROPANEDIOL,IPROPANEDIOL
IRIS FLORENTINA ROOT EXTRACT,IRIS FLORENTINA ROOT EXTRACT,IRIS FLORENTINA ROOT EXTRACT
Iris Florentina Root Extract,IRIS FLORENTINA ROOT EXTRACT,IRIS FLORENTINA ROOT EXTRACT
IRON FERMENT,IRON FERMENT,IRON FERMENT
Iron Ferment,IRON FERMENT,IRON FERMENT
ISOAMYL COCOATE,ISOAMYL COCOATE,ISOAMYL COCOATE
Isoamyl Cocoate,ISOAMYL COCOATE,ISOAMYL COCOATE
ISOAMYL LAURATE,ISOAMYL LAURATE,ISOAMYL LAURATE
Isoamyl Laurate,ISOAMYL LAURATE,ISOAMYL LAURATE
Isoamyl p-Methoxycinnamate,ISOAMYL P-METHOXYCINNAMATE,ISOAMYL P-METHOXYCINNAMATE
ISOAMYL P-METHOXYCINNAMATE,ISOAMYL P-METHOXYCINNAMATE,ISOAMYL P-METHOXYCINNAMATE
ISOBUTANE,ISOBUTANE,ISOBUTANE
isobutane,ISOBUTANE,ISOBUTANE
Isobutane,ISOBUTANE,ISOBUTANE
ISOBUTYLAMIDO THIAZOLYL RESORCINOL,ISOBUTYLAMIDO THIAZOLYL RESORCINOL,ISOBUTYLAMIDO THIAZOLYL RESORCINOL
Isobutylamido Thiazolyl Resorcinol (Thiamidol®),ISOBUTYLAMIDO THIAZOLYL RESORCINOL,ISOBUTYLAMIDO THIAZOLYL RESORCINOL
ISOCETYL ISOSTEARATE,ISOCETYL ISOSTEARATE,ISOCETYL ISOSTEARATE
Isocetyl Stearate,ISOCETYL STEARATE,ISOCETYL STEARATE
Isodecyl Neopen - tanoate,ISODECYL NEOPEN-TANOATE,ISODECYL NEOPENTANOATE
ISODECYL NEOPENTANOATE,ISODECYL NEOPENTANOATE,ISODECYL NEOPENTANOATE
Isodecyl Neopentanoate,ISODECYL NEOPENTANOATE,ISODECYL NEOPENTANOATE
ISODODECANE,ISODODECANE,ISODODECANE
Isododecane,ISODODECANE,ISODODECANE
Isodonis Japonicus Leaf,ISODONIS JAPONICUS LEAF,ISODONIS JAPONICUS LEAF
Isoeugenol,ISOEUGENOL,ISOEUGENOL
Isoeugenyl Acetate. *składniki pochodzenia naturalnego,ISOEUGENYL ACETATE,ISOEUGENYL ACETATE
ISOEUGENYL ACETATE,ISOEUGENYL ACETATE,ISOEUGENYL ACETATE
Isoeugenyl Acetate,ISOEUGENYL ACETATE,ISOEUGENYL ACETATE
isohexadecane,ISOHEXADECANE,ISOHEXADECANE
ISOHEXADECANE,ISOHEXADECANE,ISOHEXADECANE
Isohexadecane,ISOHEXADECANE,ISOHEXADECANE
ISOLEUCINE,ISOLEUCINE,ISOLEUCINE
Isoleucine,ISOLEUCINE,ISOLEUCINE
Isomalt,ISOMALT,ISOMALT
Isoniacinamide,ISONIACINAMIDE,ISONIACINAMIDE
ISONIACINAMIDE,ISONIACINAMIDE,ISONIACINAMIDE
Isononyl Isononanoate,ISONONYL ISONONANOATE,ISONONYL ISONONANOATE
isononyl isononanoate,ISONONYL ISONONANOATE,ISONONYL ISONONANOATE
ISONONYL ISONONANOATE,ISONONYL ISONONANOATE,ISONONYL ISONONANOATE
ISOPENTYLDIOL,ISOPENTYLDIOL,ISOPENTYLDIOL
Isopentyldiol,ISOPENTYLDIOL,ISOPENTYLDIOL
Isopropyl Alcohol,ISOPROPYL ALCOHOL,ISOPROPYL ALCOHOL
isopropyl isostearate,ISOPROPYL ISOSTEARATE,ISOPROPYL ISOSTEARATE
ISOPROPYL ISOSTEARATE,ISOPROPYL ISOSTEARATE,ISOPROPYL ISOSTEARATE
Isopropyl Isostearate,ISOPROPYL ISOSTEARATE,ISOPROPYL ISOSTEARATE
ISOPROPYL LAURATE,ISOPROPYL LAURATE,ISOPROPYL LAURATE
Isopropyl Lauroyl Sarcosinate,ISOPROPYL LAUROYL SARCOSINATE,ISOPROPYL LAUROYL SARCOSINATE
ISOPROPYL LAUROYL SARCOSINATE,ISOPROPYL LAUROYL SARCOSINATE,ISOPROPYL LAUROYL SARCOSINATE
ISOPROPYL MYRISTATE,ISOPROPYL MYRISTATE,ISOPROPYL MYRISTATE
Isopropyl Myristate,ISOPROPYL MYRISTATE,ISOPROPYL MYRISTATE
Isopropyl Palmiate,ISOPROPYL PALMIATE,ISOPROPYL PALMITATE
Isopropyl Palmitate,ISOPROPYL PALMITATE,ISOPROPYL PALMITATE
ISOPROPYL PALMITATE,ISOPROPYL PALMITATE,ISOPROPYL PALMITATE
Isopropyl Stearate,ISOPROPYL STEARATE,ISOPROPYL STEARATE
Isopropyl Titanium Triisostearate,ISOPROPYL TITANIUM TRIISOSTEARATE,ISOPROPYL TITANIUM TRIISOSTEARATE
Isopropyt Myristate,ISOPROPYT MYRISTATE,ISOPROPYL MYRISTATE
ISOQUERCITRIN,ISOQUERCITRIN,ISOQUERCITRIN
ISOSTEARAMIDOPROPYL DIMETHYLAMINE,ISOSTEARAMIDOPROPYL DIMETHYLAMINE,ISOSTEARAMIDOPROPYL DIMETHYLAMINE
ISOSTEARAMIDOPROPYL ETHYLDIMONIUM ETHOSULFATE,ISOSTEARAMIDOPROPYL ETHYLDIMONIUM ETHOSULFATE,ISOSTEARAMIDOPROPYL ETHYLDIMONIUM ETHOSULFATE
ISOSTEARATE,ISOSTEARATE,ISOSTEARATE
Isostearic Acid,ISOSTEARIC ACID,ISOSTEARIC ACID
ISOSTEARIC ACID,ISOSTEARIC ACID,ISOSTEARIC ACID
ISOSTEARYL,ISOSTEARYL,ISOSTEARYL
Isostearyl,ISOSTEARYL,ISOSTEARYL
ISOSTEARYL ALCOHOL,ISOSTEARYL ALCOHOL,ISOSTEARYL ALCOHOL
Isostearyl Alcohol,ISOSTEARYL ALCOHOL,ISOSTEARYL ALCOHOL
Isostearyl Hydroxystearate,ISOSTEARYL HYDROXYSTEARATE,ISOSTEARYL HYDROXYSTEARATE
ISOSTEARYL HYDROXYSTEARATE,ISOSTEARYL HYDROXYSTEARATE,ISOSTEARYL HYDROXYSTEARATE
Isostearyl Iso-stearate,ISOSTEARYL ISO-STEARATE,ISOSTEARYL ISOSTEARATE
Isostearyl Isostearate,ISOSTEARYL ISOSTEARATE,ISOSTEARYL ISOSTEARATE
ISOSTEARYL ISOSTEARATE,ISOSTEARYL ISOSTEARATE,ISOSTEARYL ISOSTEARATE
ISOSTEARYL LACTATE,ISOSTEARYL LACTATE,ISOSTEARYL LACTATE
JANIA RUBENS EXTRACT,JANIA RUBENS EXTRACT,JANIA RUBENS EXTRACT
Jania Rubens Extract,JANIA RUBENS EXTRACT,JANIA RUBENS EXTRACT
JASMINE OIL,JASMINE OIL,JASMINE OIL
Jasmine Oil,JASMINE OIL,JASMINE OIL
JASMINUM OFFICINALE EXTRACT,JASMINUM OFFICINALE EXTRACT,JASMINUM OFFICINALE EXTRACT
Jasminum Officinale Flower Extract,JASMINUM OFFICINALE FLOWER EXTRACT,JASMINUM OFFICINALE FLOWER EXTRACT
JASMINUM OFFICINALE FLOWER EXTRACT,JASMINUM OFFICINALE FLOWER EXTRACT,JASMINUM OFFICINALE FLOWER EXTRACT
Jasminum Sambac (Jasmine) Flower Extract,JASMINUM SAMBAC FLOWER EXTRACT,JASMINUM SAMBAC FLOWER EXTRACT
JASMINUM SAMBAC FLOWER EXTRACT,JASMINUM SAMBAC FLOWER EXTRACT,JASMINUM SAMBAC FLOWER EXTRACT
Jasminum Sambac (jasmine) Flower Extract,JASMINUM SAMBAC FLOWER EXTRACT,JASMINUM SAMBAC FLOWER EXTRACT
JOJOBA,JOJOBA,SIMMONDSIA CHINENSIS SEED OIL
Jojoba,JOJOBA,SIMMONDSIA CHINENSIS SEED OIL
Jojoba Butter,JOJOBA BUTTER,JOJOBA BUTTER
Jojoba Esters,JOJOBA ESTERS,JOJOBA ESTERS
JOJOBA ESTERS,JOJOBA ESTERS,JOJOBA ESTERS
Jojoba Seed Oil,JOJOBA SEED OIL,SIMMONDSIA CHINENSIS SEED OIL
Juglans Regia Seed Oil,JUGLANS REGIA SEED OIL,JUGLANS REGIA SEED OIL
JUGLANS REGIA SHELL POWDER,JUGLANS REGIA SHELL POWDER,JUGLANS REGIA SHELL POWDER
Juglans Regia Shell Powder,JUGLANS REGIA SHELL POWDER,JUGLANS REGIA SHELL POWDER
JUNIPERUS MEXICANA OIL,JUNIPERUS MEXICANA OIL,JUNIPERUS MEXICANA OIL
Juniperus Mexicana Oil,JUNIPERUS MEXICANA OIL,JUNIPERUS MEXICANA OIL
Juniperus Virginiana Oil,JUNIPERUS VIRGINIANA OIL,JUNIPERUS VIRGINIANA OIL
JUNIPERUS VIRGINIANA OIL,JUNIPERUS VIRGINIANA OIL,JUNIPERUS VIRGINIANA OIL
Kalanchoe Pinnata Leaf Extract,KALANCHOE PINNATA LEAF EXTRACT,KALANCHOE PINNATA LEAF EXTRACT
Kaolin (8%),KAOLIN,KAOLIN
Kaolin,KAOLIN,KAOLIN
KAOLIN,KAOLIN,KAOLIN
KAPPAPHYCUS ALVAREZII EXTRACT,KAPPAPHYCUS ALVAREZII EXTRACT,KAPPAPHYCUS ALVAREZII EXTRACT
Kappaphycus Alvarezii Extract,KAPPAPHYCUS ALVAREZII EXTRACT,KAPPAPHYCUS ALVAREZII EXTRACT
KELP FERMENT FILTRATE,KELP FERMENT FILTRATE,KELP FERMENT FILTRATE
KHAYA SENEGALENSIS BARK EXTRACT,KHAYA SENEGALENSIS BARK EXTRACT,KHAYA SENEGALENSIS BARK EXTRACT
KJELLMANIELLA GYRATA EXTRACT,KJELLMANIELLA GYRATA EXTRACT,KJELLMANIELLA GYRATA EXTRACT
KOJIC ACID,KOJIC ACID,KOJIC ACID
kolby kukurydzy,KOLBY ZEA MAYS SEED EXTRACT,ZEA MAYS SEED EXTRACT
Kombucha,KOMBUCHA,KOMBUCHA
Krem-lifting pod oczy: Aqua (Water),AQUA,AQUA
KUMMEROWIA STRIATA EXTRACT,KUMMEROWIA STRIATA EXTRACT,KUMMEROWIA STRIATA EXTRACT
L-Proline,L-PROLINE,L-PROLINE
L-proline,L-PROLINE,L-PROLINE
LAC,LAC,LAC
Lactic Acid,LACTIC ACID,LACTIC ACID
LACTIC ACID,LACTIC ACID,LACTIC ACID
Lactic Acid. *składniki pochodzenia naturalnego,LACTIC ACID,LACTIC ACID
LACTOBACCILLUS,LACTOBACCILLUS,LACTOBACILLUS
Lactobacillus,LACTOBACILLUS,LACTOBACILLUS
LACTOBACILLUS,LACTOBACILLUS,LACTOBACILLUS
Lactobacillus Extracellular Vasicles,LACTOBACILLUS EXTRACELLULAR VASICLES,LACTOBACILLUS EXTRACELLULAR VESICLES
Lactobacillus Extracellular Vesicles,LACTOBACILLUS EXTRACELLULAR VESICLES,LACTOBACILLUS EXTRACELLULAR VESICLES
LACTOBACILLUS EXTRACELLULAR VESICLES,LACTOBACILLUS EXTRACELLULAR VESICLES,LACTOBACILLUS EXTRACELLULAR VESICLES
Lactobacillus Ferment,LACTOBACILLUS FERMENT,LACTOBACILLUS FERMENT
LACTOBACILLUS FERMENT,LACTOBACILLUS FERMENT,LACTOBACILLUS FERMENT
LACTOBACILLUS FERMENT LYSATE,LACTOBACILLUS FERMENT LYSATE,LACTOBACILLUS FERMENT LYSATE
Lactobacillus Ferment Lysate,LACTOBACILLUS FERMENT LYSATE,LACTOBACILLUS FERMENT LYSATE
LACTOBIONIC ACID,LACTOBIONIC ACID,LACTOBIONIC ACID
Lactobionic Acid,LACTOBIONIC ACID,LACTOBIONIC ACID
LACTOCOCCUS,LACTOCOCCUS,LACTOCOCCUS
Lactococcus,LACTOCOCCUS,LACTOCOCCUS
LACTOCOCCUS FERMENT,LACTOCOCCUS FERMENT,LACTOCOCCUS FERMENT
Lactococcus Ferment Extract,LACTOCOCCUS FERMENT EXTRACT,LACTOCOCCUS FERMENT EXTRACT
LACTOCOCCUS FERMENT EXTRACT,LACTOCOCCUS FERMENT EXTRACT,LACTOCOCCUS FERMENT EXTRACT
Lactococcus Ferment Lysate,LACTOCOCCUS FERMENT LYSATE,LACTOCOCCUS FERMENT LYSATE
LACTOCOCCUS FERMENT LYSATE,LACTOCOCCUS FERMENT LYSATE,LACTOCOCCUS FERMENT LYSATE
Lactoferricin,LACTOFERRICIN,LACTOFERRICIN
Lactoferrin,LACTOFERRIN,LACTOFERRIN
Lactoperoxidase,LACTOPEROXIDASE,LACTOPEROXIDASE
Lactose,LACTOSE,LACTOSE
LACTOSE,LACTOSE,LACTOSE
Laminaria Digitata Extract,LAMINARIA DIGITATA EXTRACT,LAMINARIA DIGITATA EXTRACT
LAMINARIA DIGITATA WATER,LAMINARIA DIGITATA WATER,LAMINARIA DIGITATA WATER
LAMINARIA HYPERBOREA EXTRACT,LAMINARIA HYPERBOREA EXTRACT,LAMINARIA HYPERBOREA EXTRACT
Laminaria Hyperborea Extract,LAMINARIA HYPERBOREA EXTRACT,LAMINARIA HYPERBOREA EXTRACT
LAMINARIA JAPONICA EXTRACT,LAMINARIA JAPONICA EXTRACT,LAMINARIA JAPONICA EXTRACT
Laminaria Japonica Extract,LAMINARIA JAPONICA EXTRACT,LAMINARIA JAPONICA EXTRACT
LAMINARIA OCHROLEUCA EXTRACT,LAMINARIA OCHROLEUCA EXTRACT,LAMINARIA OCHROLEUCA EXTRACT
LAMINARIA SACCHARINA EXTRACT,LAMINARIA SACCHARINA EXTRACT,LAMINARIA SACCHARINA EXTRACT
LANOLIN,LANOLIN,LANOLIN
Lanolin,LANOLIN,LANOLIN
Lanolin Alcohol,LANOLIN ALCOHOL,LANOLIN ALCOHOL
LANOLIN ALCOHOL,LANOLIN ALCOHOL,LANOLIN ALCOHOL
Lanosterol Esters,LANOSTEROL ESTERS,LANOSTEROL ESTERS
LANOSTEROL ESTERS,LANOSTEROL ESTERS,LANOSTEROL ESTERS
Larix Leptolepis Wood Extract,LARIX LEPTOLEPIS WOOD EXTRACT,LARIX LEPTOLEPIS WOOD EXTRACT
LARIX SIBIRICA WOOD EXTRACT,LARIX SIBIRICA WOOD EXTRACT,LARIX SIBIRICA WOOD EXTRACT
LAURDIMONIUM HYDROXYPROPYL HYDROLYZED SOY PROTEIN,LAURDIMONIUM HYDROXYPROPYL HYDROLYZED SOY PROTEIN,LAURDIMONIUM HYDROXYPROPYL HYDROLYZED SOY PROTEIN
Laurdimonium Hydroxypropyl Hydrolyzed Soy Protein,LAURDIMONIUM HYDROXYPROPYL HYDROLYZED SOY PROTEIN,LAURDIMONIUM HYDROXYPROPYL HYDROLYZED SOY PROTEIN
Laurdimonium Hydroxypropyl Hydrolyzed Wheat Protein,LAURDIMONIUM HYDROXYPROPYL HYDROLYZED WHEAT PROTEIN,LAURDIMONIUM HYDROXYPROPYL HYDROLYZED WHEAT PROTEIN
Laurdimonium Hydroxypropyl Hydrolyzed Wheat Starch,LAURDIMONIUM HYDROXYPROPYL HYDROLYZED WHEAT STARCH,LAURDIMONIUM HYDROXYPROPYL HYDROLYZED WHEAT STARCH
Laureth-2,LAURETH-2,LAURETH-2
LAURETH-3,LAURETH-3,LAURETH-3
Laureth-3,LAURETH-3,LAURETH-3
LAURETH-4,LAURETH-4,LAURETH-4
Laureth-7,LAURETH-7,LAURETH-7
LAURETH-7,LAURETH-7,LAURETH-7
LAURETH-7 CITRATE,LAURETH-7 CITRATE,LAURETH-7 CITRATE
LAURIC ACID,LAURIC ACID,LAURIC ACID
Lauric Acid,LAURIC ACID,LAURIC ACID
Lauroyl,LAUROYL,LAUROYL LYSINE
LAUROYL LYSINE,LAUROYL LYSINE,LAUROYL LYSINE
Lauroyl Lysine,LAUROYL LYSINE,LAUROYL LYSINE
LAURYL ALCOHOL,LAURYL ALCOHOL,LAURYL ALCOHOL
Lauryl Alcohol,LAURYL ALCOHOL,LAURYL ALCOHOL
Lauryl Alcohol Diphosphonic Acid,LAURYL ALCOHOL DIPHOSPHONIC ACID,LAURYL ALCOHOL DIPHOSPHONIC ACID
LAURYL ALCOHOL DIPHOSPHONIC ACID,LAURYL ALCOHOL DIPHOSPHONIC ACID,LAURYL ALCOHOL DIPHOSPHONIC ACID
LAURYL GLUCOSIDE,LAURYL GLUCOSIDE,LAURYL GLUCOSIDE
Lauryl Glucoside,LAURYL GLUCOSIDE,LAURYL GLUCOSIDE
Lauryl Hydroxysultaine,LAURYL HYDROXYSULTAINE,LAURYL HYDROXYSULTAINE
Lauryl Oleate,LAURYL OLEATE,LAURYL OLEATE
Lauryl Olivate,LAURYL OLIVATE,LAURYL OLIVATE
LAURYL OLIVATE,LAURYL OLIVATE,LAURYL OLIVATE
LAURYL PEG,LAURYL PEG,LAURYL PEG
Lauryl PEG,LAURYL PEG,LAURYL PEG
LAURYL PEG-8 DIMETHICONE,LAURYL PEG-8 DIMETHICONE,LAURYL PEG-8 DIMETHICONE
LAURYL PEG-9 POLYDIMETHYLSILOXYETHYL DIMETHICONE,LAURYL PEG-9 POLYDIMETHYLSILOXYETHYL DIMETHICONE,LAURYL PEG-9 POLYDIMETHYLSILOXYETHYL DIMETHICONE
Lauryl Polyglyceryl-3 Polydimethylsiloxyethyl Dimethicone,LAURYL POLYGLYCERYL-3 POLYDIMETHYLSILOXYETHYL DIMETHICONE,LAURYL POLYGLYCERYL-3 POLYDIMETHYLSILOXYETHYL DIMETHICONE
Lavandula Angustifolia (Lavender) Extract,LAVANDULA ANGUSTIFOLIA EXTRACT,LAVANDULA ANGUSTIFOLIA EXTRACT
LAVANDULA ANGUSTIFOLIA EXTRACT,LAVANDULA ANGUSTIFOLIA EXTRACT,LAVANDULA ANGUSTIFOLIA EXTRACT
Lavandula Angustifolia (Lavender) Flower Extract,LAVANDULA ANGUSTIFOLIA FLOWER EXTRACT,LAVANDULA ANGUSTIFOLIA FLOWER EXTRACT
Lavandula Angustifolia (Lavender) flower Extract,LAVANDULA ANGUSTIFOLIA FLOWER EXTRACT,LAVANDULA ANGUSTIFOLIA FLOWER EXTRACT
Lavandula Angustifolia Flower Extract,LAVANDULA ANGUSTIFOLIA FLOWER EXTRACT,LAVANDULA ANGUSTIFOLIA FLOWER EXTRACT
LAVANDULA ANGUSTIFOLIA FLOWER EXTRACT,LAVANDULA ANGUSTIFOLIA FLOWER EXTRACT,LAVANDULA ANGUSTIFOLIA FLOWER EXTRACT
LAVANDULA ANGUSTIFOLIA FLOWER WATER,LAVANDULA ANGUSTIFOLIA FLOWER WATER,LAVANDULA ANGUSTIFOLIA FLOWER WATER
Lavandula Angustifolia (Lavender) Flower Water,LAVANDULA ANGUSTIFOLIA FLOWER WATER,LAVANDULA ANGUSTIFOLIA FLOWER WATER
Lavandula Angustifolia (Lavender) FlowerOil,LAVANDULA ANGUSTIFOLIA FLOWEROIL,LAVANDULA ANGUSTIFOLIA FLOWER OIL
Lavandula Angustifolia Oil,LAVANDULA ANGUSTIFOLIA OIL,LAVANDULA ANGUSTIFOLIA OIL
Lavandula Angustifolia (Lavender) Oil,LAVANDULA ANGUSTIFOLIA OIL,LAVANDULA ANGUSTIFOLIA OIL
Lavandula Angustifolia Oil (Lavender Oil),LAVANDULA ANGUSTIFOLIA OIL,LAVANDULA ANGUSTIFOLIA OIL
LAVANDULA ANGUSTIFOLIA OIL,LAVANDULA ANGUSTIFOLIA OIL,LAVANDULA ANGUSTIFOLIA OIL
Lavandula Hybrida Oil,LAVANDULA HYBRIDA OIL,LAVANDULA HYBRIDA OIL
LAVANDULA HYBRIDA OIL,LAVANDULA HYBRIDA OIL,LAVANDULA HYBRIDA OIL
LAVANDULA OIL,LAVANDULA OIL,LAVANDULA OIL
Lavandula Oil,LAVANDULA OIL,LAVANDULA OIL
Lavandula Stoechas Extract,LAVANDULA STOECHAS EXTRACT,LAVANDULA STOECHAS EXTRACT
Lavandulo Angustifolia Flower,LAVANDULO ANGUSTIFOLIA FLOWER,LAVANDULA ANGUSTIFOLIA FLOWER
Lavender Oil,LAVENDER OIL,LAVANDULA OIL
LEAF,LEAF,LEAF
Leaf,LEAF,LEAF
Leaf Extract,LEAF EXTRACT,LEAF EXTRACT
LEAF EXTRACT,LEAF EXTRACT,LEAF EXTRACT
Lecithin,LECITHIN,LECITHIN
LECITHIN,LECITHIN,LECITHIN
Lecithin (Sunflower Lecithin),LECITHIN,LECITHIN
Lecythis Minor Seed Oil,LECYTHIS MINOR SEED OIL,LECYTHIS MINOR SEED OIL
Lemon Fruit Extract,LEMON FRUIT EXTRACT,LEMON FRUIT EXTRACT
lemon fruit extract,LEMON FRUIT EXTRACT,LEMON FRUIT EXTRACT
LEMONGRASS OIL,LEMONGRASS OIL,LEMONGRASS OIL
LENS ESCULENTA SEED EXTRACT,LENS ESCULENTA SEED EXTRACT,LENS ESCULENTA SEED EXTRACT
LENTINUS EDODES EXTRACT,LENTINUS EDODES EXTRACT,LENTINUS EDODES EXTRACT
Lentiscus Gum,LENTISCUS GUM,LENTISCUS GUM
Leontopodium Alpinum Flower,LEONTOPODIUM ALPINUM FLOWER,LEONTOPODIUM ALPINUM FLOWER
LEONTOPODIUM ALPINUM FLOWER,LEONTOPODIUM ALPINUM FLOWER,LEONTOPODIUM ALPINUM FLOWER
LEPTOSPERMUM SCOPARIUM LEAF EXTRACT,LEPTOSPERMUM SCOPARIUM LEAF EXTRACT,LEPTOSPERMUM SCOPARIUM LEAF EXTRACT
Leptospermum Scoparium Leaf Extract,LEPTOSPERMUM SCOPARIUM LEAF EXTRACT,LEPTOSPERMUM SCOPARIUM LEAF EXTRACT
Leucine,LEUCINE,LEUCINE
LEUCINE,LEUCINE,LEUCINE
LEUCONOSTOC,LEUCONOSTOC,LEUCONOSTOC
Leuconostoc,LEUCONOSTOC,LEUCONOSTOC
LEVULINIC ACID,LEVULINIC ACID,LEVULINIC ACID
Levulinic Acid,LEVULINIC ACID,LEVULINIC ACID
LILIUM TIGRINUM EXTRACT,LILIUM TIGRINUM EXTRACT,LILIUM TIGRINUM EXTRACT
Lilium Tigrinum Extract,LILIUM TIGRINUM EXTRACT,LILIUM TIGRINUM EXTRACT
Limnanthes Alba (meadowfoam) Seed Oil,LIMNANTHES ALBA SEED OIL,LIMNANTHES ALBA SEED OIL
LIMNANTHES ALBA SEED OIL,LIMNANTHES ALBA SEED OIL,LIMNANTHES ALBA SEED OIL
limnanthes alba seed oil,LIMNANTHES ALBA SEED OIL,LIMNANTHES ALBA SEED OIL
Limnanthes Alba Seed Oil,LIMNANTHES ALBA SEED OIL,LIMNANTHES ALBA SEED OIL
Limnanthes Alba (Meadowfoam) Seed Oil,LIMNANTHES ALBA SEED OIL,LIMNANTHES ALBA SEED OIL
Limo - nene,LIMO-NENE,LIMONENE
limonene,LIMONENE,LIMONENE
Limonene. *składnik pochodzenia naturalnego,LIMONENE,LIMONENE
Limonene,LIMONENE,LIMONENE
LIMONENE,LIMONENE,LIMONENE
linalool,LINALOOL,LINALOOL
LINALOOL,LINALOOL,LINALOOL
Linalool. *składnik pochodzenia naturalnego,LINALOOL,LINALOOL
Linalool,LINALOOL,LINALOOL
Linalool. *składniki pochodzenia naturalnego,LINALOOL,LINALOOL
Linalool ,LINALOOL,LINALOOL
Linalool. *Składniki naturalne i pochodzenia naturalnego,LINALOOL. *SKŁADNIKI NATURALNE I POCHODZENIA NATURALNEGO,LINALOOL
Linalyi Acetate,LINALYI ACETATE,LINALYL ACETATE
LINALYL ACETATE,LINALYL ACETATE,LINALYL ACETATE
Linalyl Acetate,LINALYL ACETATE,LINALYL ACETATE
Linlool. *składnik pochodzenia naturalnego,LINLOOL,LINALOOL
LINOLEIC,LINOLEIC,LINOLEIC ACID
Linoleic,LINOLEIC,LINOLEIC ACID
LINOLEIC ACID,LINOLEIC ACID,LINOLEIC ACID
Linoleic Acid,LINOLEIC ACID,LINOLEIC ACID
Linoleic Acid (Vitamin F),LINOLEIC ACID,LINOLEIC ACID
Linolenic Acid,LINOLENIC ACID,LINOLEIC ACID
LINOLENIC ACID,LINOLENIC ACID,LINOLEIC ACID
LINOLENIC POLYGLYCERIDES,LINOLENIC POLYGLYCERIDES,LINOLEIC POLYGLYCERIDES
LINSEED ACID,LINSEED ACID,LINSEED ACID
Linseed Ferment Extract,LINSEED FERMENT EXTRACT,LINSEED FERMENT EXTRACT
Linum Usitatissimum Extract,LINUM USITATISSIMUM EXTRACT,LINUM USITATISSIMUM EXTRACT
LINUM USITATISSIMUM SEED EXTRACT,LINUM USITATISSIMUM SEED EXTRACT,LINUM USITATISSIMUM SEED EXTRACT
Linum Usitatissimum Seed Extract,LINUM USITATISSIMUM SEED EXTRACT,LINUM USITATISSIMUM SEED EXTRACT
LINUM USITATISSIMUM SEED OIL,LINUM USITATISSIMUM SEED OIL,LINUM USITATISSIMUM SEED OIL
Linum Usitatissimum Seed Oil,LINUM USITATISSIMUM SEED OIL,LINUM USITATISSIMUM SEED OIL
LITCHI CHINENSIS FRUIT EXTRACT,LITCHI CHINENSIS FRUIT EXTRACT,LITCHI CHINENSIS FRUIT EXTRACT
Lithops Pseudotruncatella Callus Lysate,LITHOPS PSEUDOTRUNCATELLA CALLUS LYSATE,LITHOPS PSEUDOTRUNCATELLA CALLUS LYSATE
Lithospermum Erythrorhizon Root Extract,LITHOSPERMUM ERYTHRORHIZON ROOT EXTRACT,LITHOSPERMUM ERYTHRORHIZON ROOT EXTRACT
LITHOSPERMUM ERYTHRORHIZON ROOT EXTRACT,LITHOSPERMUM ERYTHRORHIZON ROOT EXTRACT,LITHOSPERMUM ERYTHRORHIZON ROOT EXTRACT
LITHOSPERMUM ERYTHRORHIZON ROOT OIL,LITHOSPERMUM ERYTHRORHIZON ROOT OIL,LITHOSPERMUM ERYTHRORHIZON ROOT OIL
Lithothamnion Calcareum Extract,LITHOTHAMNION CALCAREUM EXTRACT,LITHOTHAMNION CALCAREUM EXTRACT
LITHOTHAMNION CALCAREUM EXTRACT,LITHOTHAMNION CALCAREUM EXTRACT,LITHOTHAMNION CALCAREUM EXTRACT
Lllite,LLLITE,LLLITE
lodopropynyl Butylcarbamate,LODOPROPYNYL BUTYLCARBAMATE,IODOPROPYNYL BUTYLCARBAMATE
LONICERA CAPRIFOLIUM FLOWER EXTRACT,LONICERA CAPRIFOLIUM FLOWER EXTRACT,LONICERA CAPRIFOLIUM FLOWER EXTRACT
LONICERA JAPONICA FLOWER EXTRACT,LONICERA JAPONICA FLOWER EXTRACT,LONICERA JAPONICA FLOWER EXTRACT
Lophatherum Gracile Leaf Extract,LOPHATHERUM GRACILE LEAF EXTRACT,LOPHATHERUM GRACILE LEAF EXTRACT
LOTUS CORNICULATUS SEED EXTRACT,LOTUS CORNICULATUS SEED EXTRACT,LOTUS CORNICULATUS SEED EXTRACT
Low Molecular Hyaluronic Acid,LOW MOLECULAR HYALURONIC ACID,LOW MOLECULAR HYALURONIC ACID
LUFFA CYLINDRICA FRUIT EXTRACT,LUFFA CYLINDRICA FRUIT EXTRACT,LUFFA CYLINDRICA FRUIT EXTRACT
Luffa Cylindrica Seed Oil,LUFFA CYLINDRICA SEED OIL,LUFFA CYLINDRICA SEED OIL
LUFFA CYLINDRICA SEED OIL,LUFFA CYLINDRICA SEED OIL,LUFFA CYLINDRICA SEED OIL
LUPINUS ALBUS SEED EXTRACT,LUPINUS ALBUS SEED EXTRACT,LUPINUS ALBUS SEED EXTRACT
Lycium Barbarum (Goji) Fruit Extract,LYCIUM BARBARUM FRUIT EXTRACT,LYCIUM BARBARUM FRUIT EXTRACT
Lycium Chinense Fruit Extract,LYCIUM CHINENSE FRUIT EXTRACT,LYCIUM CHINENSE FRUIT EXTRACT
LYSINE,LYSINE,LYSINE
Lysine,LYSINE,LYSINE
LYSINE HCL,LYSINE HCL,LYSINE HCL
Lysine HCl,LYSINE HCL,LYSINE HCL
LYSINE HCl,LYSINE HCL,LYSINE HCL
LYSOLECITHIN,LYSOLECITHIN,LYSOLECITHIN
Lysolecithin,LYSOLECITHIN,LYSOLECITHIN
Macadamia Integrifolia,MACADAMIA INTEGRIFOLIA,MACADAMIA INTEGRIFOLIA
MACADAMIA INTEGRIFOLIA,MACADAMIA INTEGRIFOLIA,MACADAMIA INTEGRIFOLIA
MACADAMIA INTEGRIFOLIA SEED OIL,MACADAMIA INTEGRIFOLIA SEED OIL,MACADAMIA INTEGRIFOLIA SEED OIL
Macadamia Integrifolia Seed Oil,MACADAMIA INTEGRIFOLIA SEED OIL,MACADAMIA INTEGRIFOLIA SEED OIL
Macadamia Seed Oil Polyglyceryl-4 Esters,MACADAMIA SEED OIL POLYGLYCERYL-4 ESTERS,MACADAMIA SEED OIL POLYGLYCERYL-4 ESTERS
MACADAMIA TERNIFOLIA SEED OIL,MACADAMIA TERNIFOLIA SEED OIL,MACADAMIA TERNIFOLIA SEED OIL
Macadamia Ternifolia Seed Oil,MACADAMIA TERNIFOLIA SEED OIL,MACADAMIA TERNIFOLIA SEED OIL
Macadamia ternifolia seed oil,MACADAMIA TERNIFOLIA SEED OIL,MACADAMIA TERNIFOLIA SEED OIL
Macadamia Ternifolia Seed Oil* (olej makadamia),MACADAMIA TERNIFOLIA SEED OIL,MACADAMIA TERNIFOLIA SEED OIL
Macadmia Ternifolia Seed Oil,MACADMIA TERNIFOLIA SEED OIL,MACADAMIA TERNIFOLIA SEED OIL
Machilus Thunbergii Bark Extract,MACHILUS THUNBERGII BARK EXTRACT,MACHILUS THUNBERGII BARK EXTRACT
MACHILUS THUNBERGII BARK EXTRACT,MACHILUS THUNBERGII BARK EXTRACT,MACHILUS THUNBERGII BARK EXTRACT
Macrocystis Pyrifera Extract,MACROCYSTIS PYRIFERA EXTRACT,MACROCYSTIS PYRIFERA EXTRACT
MACROCYSTIS PYRIFERA (KELP) EXTRACT,MACROCYSTIS PYRIFERA EXTRACT,MACROCYSTIS PYRIFERA EXTRACT
MACROCYSTIS PYRIFERA EXTRACT,MACROCYSTIS PYRIFERA EXTRACT,MACROCYSTIS PYRIFERA EXTRACT
Macrocystis Pyrifera (Kelp) Extract,MACROCYSTIS PYRIFERA EXTRACT,MACROCYSTIS PYRIFERA EXTRACT
MADECASSIC ACID,MADECASSIC ACID,MADECASSIC ACID
Madecassic Acid,MADECASSIC ACID,MADECASSIC ACID
MADECASSOSIDE,MADECASSOSIDE,MADECASSOSIDE
Madecassoside,MADECASSOSIDE,MADECASSOSIDE
Madeccaic Acid,MADECCAIC ACID,MADECASSIC ACID
Magnesium Aluminium Silicate* (krzemian glinowo-megnezowy -zagęstnik pochodzenia naturalnego),MAGNESIUM ALUMINIUM SILICATE,MAGNESIUM ALUMINIUM SILICATE
MAGNESIUM ALUMINUM SILICATE,MAGNESIUM ALUMINUM SILICATE,MAGNESIUM ALUMINIUM SILICATE
Magnesium Ascorbyl Phosphate,MAGNESIUM ASCORBYL PHOSPHATE,MAGNESIUM ASCORBYL PHOSPHATE
MAGNESIUM ASPARTATE,MAGNESIUM ASPARTATE,MAGNESIUM ASPARTATE
Magnesium Chloride,MAGNESIUM CHLORIDE,MAGNESIUM CHLORIDE
MAGNESIUM CHLORIDE,MAGNESIUM CHLORIDE,MAGNESIUM CHLORIDE
MAGNESIUM FERMENT,MAGNESIUM FERMENT,MAGNESIUM FERMENT
Magnesium Ferment,MAGNESIUM FERMENT,MAGNESIUM FERMENT
MAGNESIUM GLUCONATE,MAGNESIUM GLUCONATE,MAGNESIUM GLUCONATE
Magnesium Gluconate,MAGNESIUM GLUCONATE,MAGNESIUM GLUCONATE
Magnesium Hydroxide,MAGNESIUM HYDROXIDE,MAGNESIUM HYDROXIDE
MAGNESIUM HYDROXIDE,MAGNESIUM HYDROXIDE,MAGNESIUM HYDROXIDE
MAGNESIUM HYDROXIDE STEARATE,MAGNESIUM HYDROXIDE STEARATE,MAGNESIUM HYDROXIDE STEARATE
MAGNESIUM LACTATE,MAGNESIUM LACTATE,MAGNESIUM LACTATE
Magnesium Lactate,MAGNESIUM LACTATE,MAGNESIUM LACTATE
Magnesium Myristate,MAGNESIUM MYRISTATE,MAGNESIUM MYRISTATE
MAGNESIUM OXIDE,MAGNESIUM OXIDE,MAGNESIUM OXIDE
MAGNESIUM PCA,MAGNESIUM PCA,MAGNESIUM PCA
Magnesium PCA,MAGNESIUM PCA,MAGNESIUM PCA
Magnesium Silicate,MAGNESIUM SILICATE,MAGNESIUM SILICATE
MAGNESIUM STEARATE,MAGNESIUM STEARATE,MAGNESIUM STEARATE
Magnesium Stearate,MAGNESIUM STEARATE,MAGNESIUM STEARATE
Magnesium Sulfate,MAGNESIUM SULFATE,MAGNESIUM SULFATE
MAGNESIUM SULFATE,MAGNESIUM SULFATE,MAGNESIUM SULFATE
MAGNOLIA BIONDII BUD,MAGNOLIA BIONDII BUD,MAGNOLIA BIONDII BUD
MAGNOLIA DENUDATA FLOWER EXTRACT,MAGNOLIA DENUDATA FLOWER EXTRACT,MAGNOLIA DENUDATA FLOWER EXTRACT
MAGNOLIA KOBUS FLOWER EXTRACT,MAGNOLIA KOBUS FLOWER EXTRACT,MAGNOLIA KOBUS FLOWER EXTRACT
Magnolia Officinalis Bark Extract,MAGNOLIA OFFICINALIS BARK EXTRACT,MAGNOLIA OFFICINALIS BARK EXTRACT
MAGNOLIA OFFICINALIS BARK EXTRACT,MAGNOLIA OFFICINALIS BARK EXTRACT,MAGNOLIA OFFICINALIS BARK EXTRACT
MALACHITE EXTRACT,MALACHITE EXTRACT,MALACHITE EXTRACT
Malachite Extract,MALACHITE EXTRACT,MALACHITE EXTRACT
MALEATED SOYBEAN OIL GLYCERYL,MALEATED SOYBEAN OIL GLYCERYL,MALEATED SOYBEAN OIL GLYCERYL
MALEIC ACID,MALEIC ACID,MALEIC ACID
Malic Acid,MALIC ACID,MALIC ACID
MALIC ACID,MALIC ACID,MALIC ACID
Malic Acid ,MALIC ACID,MALIC ACID
Malpighia Emarginata (Acerola) Seed Extract,MALPIGHIA EMARGINATA SEED EXTRACT,MALPIGHIA EMARGINATA SEED EXTRACT
Malpighia Glabra Fruit Extract,MALPIGHIA GLABRA FRUIT EXTRACT,MALPIGHIA GLABRA FRUIT EXTRACT
MALPIGHIA GLABRA FRUIT EXTRACT,MALPIGHIA GLABRA FRUIT EXTRACT,MALPIGHIA GLABRA FRUIT EXTRACT
Malpighia Glabra (Acerola) Fruit Extract,MALPIGHIA GLABRA FRUIT EXTRACT,MALPIGHIA GLABRA FRUIT EXTRACT
Malpighia Glabra Fruit Extract* (ekstrakt z aceroli),MALPIGHIA GLABRA FRUIT EXTRACT,MALPIGHIA GLABRA FRUIT EXTRACT
Malpighia Glabra Fruit Juice,MALPIGHIA GLABRA FRUIT JUICE,MALPIGHIA GLABRA FRUIT JUICE
MALPIGHIA GLABRA FRUIT JUICE,MALPIGHIA GLABRA FRUIT JUICE,MALPIGHIA GLABRA FRUIT JUICE
Malpighia Punicifolia Fruit Extract,MALPIGHIA PUNICIFOLIA FRUIT EXTRACT,MALPIGHIA PUNICIFOLIA FRUIT EXTRACT
MALT EXTRACT,MALT EXTRACT,MALT EXTRACT
MALTITOL,MALTITOL,MALTITOL
MALTOBIONIC ACID,MALTOBIONIC ACID,MALTOBIONIC ACID
Maltobionic Acid,MALTOBIONIC ACID,MALTOBIONIC ACID
Maltodextrin,MALTODEXTRIN,MALTODEXTRIN
MALTODEXTRIN,MALTODEXTRIN,MALTODEXTRIN
MALTODEXTRINE,MALTODEXTRINE,MALTODEXTRIN
Maltoligoosyl Glucoside,MALTOLIGOOSYL GLUCOSIDE,MALTOOLIGOSYL GLUCOSIDE
Maltooligosyl Glucoside,MALTOOLIGOSYL GLUCOSIDE,MALTOOLIGOSYL GLUCOSIDE
MALTOOLIGOSYL GLUCOSIDE,MALTOOLIGOSYL GLUCOSIDE,MALTOOLIGOSYL GLUCOSIDE
MALTOSE,MALTOSE,MALTOSE
Maltose,MALTOSE,MALTOSE
Maltose Hydrogenated Lecithin,MALTOSE HYDROGENATED LECITHIN,MALTOSE HYDROGENATED LECITHIN
Malus Domestica Fruit Celi Culture Extract,MALUS DOMESTICA FRUIT CELI CULTURE EXTRACT,MALUS DOMESTICA FRUIT CELL CULTURE EXTRACT
Malus Domestica Fruit Cell Culture Extract,MALUS DOMESTICA FRUIT CELL CULTURE EXTRACT,MALUS DOMESTICA FRUIT CELL CULTURE EXTRACT
MALUS DOMESTICA FRUIT CELL CULTURE EXTRACT,MALUS DOMESTICA FRUIT CELL CULTURE EXTRACT,MALUS DOMESTICA FRUIT CELL CULTURE EXTRACT
MALUS DOMESTICA FRUIT EXTRACT,MALUS DOMESTICA FRUIT EXTRACT,MALUS DOMESTICA FRUIT EXTRACT
Mandelic Acid,MANDELIC ACID,MANDELIC ACID
MANDELIC ACID,MANDELIC ACID,MANDELIC ACID
Mandelica Acid,MANDELICA ACID,MANDELIC ACID
MANGANESE CHLORIDE,MANGANESE CHLORIDE,MANGANESE CHLORIDE
Manganese Chloride,MANGANESE CHLORIDE,MANGANESE CHLORIDE
MANGANESE PCA,MANGANESE PCA,MANGANESE PCA
Manganese PCA,MANGANESE PCA,MANGANESE PCA
MANGANESE VIOLET (CI 77742),MANGANESE VIOLET,MANGANESE VIOLET
MANGIFERA INDICA FRUIT EXTRACT,MANGIFERA INDICA FRUIT EXTRACT,MANGIFERA INDICA FRUIT EXTRACT
Mangifera Indica (Mango) Fruit Extract,MANGIFERA INDICA FRUIT EXTRACT,MANGIFERA INDICA FRUIT EXTRACT
Mangifera Indica (Mango) Leaf Extract,MANGIFERA INDICA LEAF EXTRACT,MANGIFERA INDICA LEAF EXTRACT
Mangifera Indica (Mango) Seed Butter,MANGIFERA INDICA SEED BUTTER,MANGIFERA INDICA SEED BUTTER
Mangifera Indica Seed Butter,MANGIFERA INDICA SEED BUTTER,MANGIFERA INDICA SEED BUTTER
MANGIFERA INDICA SEED BUTTER,MANGIFERA INDICA SEED BUTTER,MANGIFERA INDICA SEED BUTTER
Mannitol,MANNITOL,MANNITOL
MANNITOL,MANNITOL,MANNITOL
Mannose,MANNOSE,MANNOSE
MANNOSE,MANNOSE,MANNOSE
MARIS AQUA,MARIS AQUA,MARIS AQUA
Maris Aqua,MARIS AQUA,MARIS AQUA
Maris Limus (Sea Silt) Extract,MARIS LIMUS EXTRACT,MARIS LIMUS EXTRACT
Maris Limus Extract,MARIS LIMUS EXTRACT,MARIS LIMUS EXTRACT
Maris Sal (Sea Salt),MARIS SAL,MARIS SAL
MARIS SAL,MARIS SAL,MARIS SAL
Maris Sal,MARIS SAL,MARIS SAL
sól morska Sodium Hyaluronate,SODIUM HYALURONATE,SODIUM HYALURONATE
Marrubium Vulgare Extract,MARRUBIUM VULGARE EXTRACT,MARRUBIUM VULGARE EXTRACT
Matricaria Flower Extract,MATRICARIA FLOWER EXTRACT,MATRICARIA FLOWER EXTRACT
MAURITIA FLEXUOSA FRUIT OIL,MAURITIA FLEXUOSA FRUIT OIL,MAURITIA FLEXUOSA FRUIT OIL
Mauritia Flexuosa Fruit Oil,MAURITIA FLEXUOSA FRUIT OIL,MAURITIA FLEXUOSA FRUIT OIL
Meadowfoam Estolide,MEADOWFOAM ESTOLIDE,MEADOWFOAM ESTOLIDE
meadowfoam seed oil,MEADOWFOAM SEED OIL,MEADOWFOAM SEED OIL
Medecassoside,MEDECASSOSIDE,MEDECASSOSIDE
MEDICAGO SATIVA EXTRACT,MEDICAGO SATIVA EXTRACT,MEDICAGO SATIVA EXTRACT
MEDICAGO SATIVA LEAF EXTRACT,MEDICAGO SATIVA LEAF EXTRACT,MEDICAGO SATIVA LEAF EXTRACT
MEL,MEL,MEL
Mel,MEL,MEL
MEL EXTRACT,MEL EXTRACT,MEL EXTRACT
Mel Extract,MEL EXTRACT,MEL EXTRACT
MELALEUCA ALTERNIFOLIA EXTRACT,MELALEUCA ALTERNIFOLIA EXTRACT,MELALEUCA ALTERNIFOLIA EXTRACT
Melaleuca Alternifolia Leaf Extract,MELALEUCA ALTERNIFOLIA LEAF EXTRACT,MELALEUCA ALTERNIFOLIA LEAF EXTRACT
MELALEUCA ALTERNIFOLIA LEAF EXTRACT,MELALEUCA ALTERNIFOLIA LEAF EXTRACT,MELALEUCA ALTERNIFOLIA LEAF EXTRACT
Melaleuca Alternifolia (Tea Tree) Leaf Extract,MELALEUCA ALTERNIFOLIA LEAF EXTRACT,MELALEUCA ALTERNIFOLIA LEAF EXTRACT
Melaleuca Alternifolia (Tea Tree) Leaf Oil,MELALEUCA ALTERNIFOLIA LEAF OIL,MELALEUCA ALTERNIFOLIA LEAF OIL
Melaleuca Alternifolia Leaf Oil,MELALEUCA ALTERNIFOLIA LEAF OIL,MELALEUCA ALTERNIFOLIA LEAF OIL
MELALEUCA ALTERNIFOLIA LEAF OIL,MELALEUCA ALTERNIFOLIA LEAF OIL,MELALEUCA ALTERNIFOLIA LEAF OIL
MELALEUCA ALTERNIFOLIA LEAF WATER,MELALEUCA ALTERNIFOLIA LEAF WATER,MELALEUCA ALTERNIFOLIA LEAF WATER
Melaleuca Alternifolia (Tea Tree) Leaf Water,MELALEUCA ALTERNIFOLIA LEAF WATER,MELALEUCA ALTERNIFOLIA LEAF WATER
MELANIN,MELANIN,MELANIN
MELATONIN,MELATONIN,MELATONIN
Melatonin,MELATONIN,MELATONIN
Melia Azadirachta Bark Extract,MELIA AZADIRACHTA BARK EXTRACT,MELIA AZADIRACHTA BARK EXTRACT
Melia Azadirachta Bark extract,MELIA AZADIRACHTA BARK EXTRACT,MELIA AZADIRACHTA BARK EXTRACT
melia azadirachta flower extract,MELIA AZADIRACHTA FLOWER EXTRACT,MELIA AZADIRACHTA FLOWER EXTRACT
MELIA AZADIRACHTA FLOWER EXTRACT,MELIA AZADIRACHTA FLOWER EXTRACT,MELIA AZADIRACHTA FLOWER EXTRACT
Melia Azadirachta Flower Extract,MELIA AZADIRACHTA FLOWER EXTRACT,MELIA AZADIRACHTA FLOWER EXTRACT
Melia Azadirachta Leaf Extract,MELIA AZADIRACHTA LEAF EXTRACT,MELIA AZADIRACHTA LEAF EXTRACT
MELIA AZADIRACHTA LEAF EXTRACT,MELIA AZADIRACHTA LEAF EXTRACT,MELIA AZADIRACHTA LEAF EXTRACT
melia azadirachta leaf extract,MELIA AZADIRACHTA LEAF EXTRACT,MELIA AZADIRACHTA LEAF EXTRACT
Melissa Officinalis Extract,MELISSA OFFICINALIS EXTRACT,MELISSA OFFICINALIS EXTRACT
MELISSA OFFICINALIS LEAF EXTRACT,MELISSA OFFICINALIS LEAF EXTRACT,MELISSA OFFICINALIS LEAF EXTRACT
Melissa Officinalis Leaf Extract,MELISSA OFFICINALIS LEAF EXTRACT,MELISSA OFFICINALIS LEAF EXTRACT
MENADIONE,MENADIONE,MENADIONE
MENTHA AQUATICA EXTRACT,MENTHA AQUATICA EXTRACT,MENTHA AQUATICA EXTRACT
MENTHA ARVENSIS LEAF OIL,MENTHA ARVENSIS LEAF OIL,MENTHA ARVENSIS LEAF OIL
Mentha Piperita (Peppermint) Leaf Extract,MENTHA PIPERITA LEAF EXTRACT,MENTHA PIPERITA LEAF EXTRACT
MENTHA PIPERITA LEAF EXTRACT,MENTHA PIPERITA LEAF EXTRACT,MENTHA PIPERITA LEAF EXTRACT
MENTHA PIPERITA LEAF JUICE,MENTHA PIPERITA LEAF JUICE,MENTHA PIPERITA LEAF JUICE
Mentha Piperita Leaf Water,MENTHA PIPERITA LEAF WATER,MENTHA PIPERITA LEAF WATER
Mentha Piperita Oil,MENTHA PIPERITA OIL,MENTHA PIPERITA OIL
MENTHA PIPERITA OIL,MENTHA PIPERITA OIL,MENTHA PIPERITA OIL
MENTHA PIPERITA (PEPPERMINT) OIL,MENTHA PIPERITA OIL,MENTHA PIPERITA OIL
Mentha Piperta (Peppermint) Oil,MENTHA PIPERTA OIL,MENTHA PIPERITA OIL
MENTHA VIRIDIS LEAF OIL,MENTHA VIRIDIS LEAF OIL,MENTHA VIRIDIS LEAF OIL
Mentha Viridis (Spearmint) Leaf Oil,MENTHA VIRIDIS LEAF OIL,MENTHA VIRIDIS LEAF OIL
MENTHOL,MENTHOL,MENTHOL
Menthol,MENTHOL,MENTHOL
MENTHONE GLYCERIN ACETAL,MENTHONE GLYCERIN ACETAL,MENTHONE GLYCERIN ACETAL
Menthoxypropanediol,MENTHOXYPROPANEDIOL,MENTHOXYPROPANEDIOL
MENTHYL ETHYLAMIDO OXALATE,MENTHYL ETHYLAMIDO OXALATE,MENTHYL ETHYLAMIDO OXALATE
MENTHYL LACTATE,MENTHYL LACTATE,MENTHYL LACTATE
Menthyl Lactate,MENTHYL LACTATE,MENTHYL LACTATE
METHICONE,METHICONE,METHICONE
METHIONINE,METHIONINE,METHIONINE
Methionine,METHIONINE,METHIONINE
Methyl 2-Octynoate,METHYL 2-OCTYNOATE,METHYL 2-OCTYNOATE
Methyl Acetate,METHYL ACETATE,METHYL ACETATE
Methyl Benzoate,METHYL BENZOATE,METHYL BENZOATE
Methyl Cellulose,METHYL CELLULOSE,METHYLCELLULOSE
METHYL GLUCETH-20,METHYL GLUCETH-20,METHYL GLUCETH-20
Methyl Gluceth-20,METHYL GLUCETH-20,METHYL GLUCETH-20
METHYL GLUCOSE SESQUISTEARATE,METHYL GLUCOSE SESQUISTEARATE,METHYL GLUCOSE SESQUISTEARATE
Methyl Glucose Sesquistearate,METHYL GLUCOSE SESQUISTEARATE,METHYL GLUCOSE SESQUISTEARATE
Methyl Methacrylate Crosspolymer,METHYL METHACRYLATE CROSSPOLYMER,METHYL METHACRYLATE CROSSPOLYMER
METHYL METHACRYLATE CROSSPOLYMER,METHYL METHACRYLATE CROSSPOLYMER,METHYL METHACRYLATE CROSSPOLYMER
METHYL RAPESEEDATE FERMENT,METHYL RAPESEEDATE FERMENT,METHYL RAPESEEDATE FERMENT
Methyl Rapeseedate Ferment,METHYL RAPESEEDATE FERMENT,METHYL RAPESEEDATE FERMENT
methyl Repeseedate Ferment,METHYL REPESEEDATE FERMENT,METHYL RAPESEEDATE FERMENT
METHYL SALICYLATE,METHYL SALICYLATE,METHYL SALICYLATE
METHYL SOYATE,METHYL SOYATE,METHYL SOYATE
METHYL TRIMETHICONE,METHYL TRIMETHICONE,METHYL TRIMETHICONE
Methyl Trimethicone,METHYL TRIMETHICONE,METHYL TRIMETHICONE
Methyl-paraben,METHYL-PARABEN,METHYLPARABEN
Methylcellulose,METHYLCELLULOSE,METHYLCELLULOSE
METHYLCELLULOSE,METHYLCELLULOSE,METHYLCELLULOSE
Methylene Bis-Benzotriazolyl,METHYLENE BIS-BENZOTRIAZOLYL,METHYLENE BIS-BENZOTRIAZOLYL TETRAMETHYLBUTYLPHENOL
METHYLENE BIS-BENZOTRIAZOLYL TETRAMETHYLBUTYLPHENOL(NANO),METHYLENE BIS-BENZOTRIAZOLYL TETRAMETHYLBUTYLPHENOL,METHYLENE BIS-BENZOTRIAZOLYL TETRAMETHYLBUTYLPHENOL
Methylene Bis-Benzotriazolyl Tetramethylbutylphenol nano,METHYLENE BIS-BENZOTRIAZOLYL TETRAMETHYLBUTYLPHENOL,METHYLENE BIS-BENZOTRIAZOLYL TETRAMETHYLBUTYLPHENOL
METHYLENE BIS-BENZOTRIAZOLYL TETRAMETHYLBUTYLPHENOL,METHYLENE BIS-BENZOTRIAZOLYL TETRAMETHYLBUTYLPHENOL,METHYLENE BIS-BENZOTRIAZOLYL TETRAMETHYLBUTYLPHENOL
METHYLENE BIS-BENZOTRIAZOLYL TETRAMETHYLBUTYLPHENOL (NANO),METHYLENE BIS-BENZOTRIAZOLYL TETRAMETHYLBUTYLPHENOL,METHYLENE BIS-BENZOTRIAZOLYL TETRAMETHYLBUTYLPHENOL
Methylene Bis-Benzotriazolyl Tetramethylbutylphenol,METHYLENE BIS-BENZOTRIAZOLYL TETRAMETHYLBUTYLPHENOL,METHYLENE BIS-BENZOTRIAZOLYL TETRAMETHYLBUTYLPHENOL
Methylene Bis-Benzotriazolyl Tetramethylbutylphenol (nano),METHYLENE BIS-BENZOTRIAZOLYL TETRAMETHYLBUTYLPHENOL,METHYLENE BIS-BENZOTRIAZOLYL TETRAMETHYLBUTYLPHENOL
Methylheptylglycerin,METHYLHEPTYLGLYCERIN,METHYLHEPTYLGLYCERIN
Methylopropanediol,METHYLOPROPANEDIOL,METHYLOPROPANEDIOL
Methylparabem,METHYLPARABEM,METHYLPARABEN
METHYLPARABEN,METHYLPARABEN,METHYLPARABEN
Methylparaben,METHYLPARABEN,METHYLPARABEN
METHYLPENTADECENE,METHYLPENTADECENE,METHYLPENTADECENE
Methylpropananediol,METHYLPROPANANEDIOL,METHYLPROPANEDIOL
Methylpropanediol,METHYLPROPANEDIOL,METHYLPROPANEDIOL
METHYLPROPANEDIOL,METHYLPROPANEDIOL,METHYLPROPANEDIOL
Methylsilanol Hydroxyproline Aspartate,METHYLSILANOL HYDROXYPROLINE ASPARTATE,METHYLSILANOL HYDROXYPROLINE ASPARTATE
Methylsilanol Mannuronate,METHYLSILANOL MANNURONATE,METHYLSILANOL MANNURONATE
METHYLSILANOL MANNURONATE,METHYLSILANOL MANNURONATE,METHYLSILANOL MANNURONATE
METHYLSILANOL/SILICATE CROSSPOLYMER,METHYLSILANOL/SILICATE CROSSPOLYMER,METHYLSILANOL/SILICATE CROSSPOLYMER
Methypropandiol,METHYPROPANDIOL,METHYPROPANDIOL
MICROCRYSTALLINE CELLULOSE,MICROCRYSTALLINE CELLULOSE,MICROCRYSTALLINE CELLULOSE
Microcrystalline Cellulose,MICROCRYSTALLINE CELLULOSE,MICROCRYSTALLINE CELLULOSE
Microcrystalline Wax,MICROCRYSTALLINE WAX,MICROCRYSTALLINE WAX
Microcrystalline Wax (Cera Microcristallina),MICROCRYSTALLINE WAX,MICROCRYSTALLINE WAX
MICROCRYSTALLINE WAX,MICROCRYSTALLINE WAX,MICROCRYSTALLINE WAX
Milk Ferment Filtrate,MILK FERMENT FILTRATE,MILK FERMENT FILTRATE
Milk Protein Extract,MILK PROTEIN EXTRACT,MILK PROTEIN EXTRACT
Milk Solids,MILK SOLIDS,MILK SOLIDS
MILK SOLIDS,MILK SOLIDS,MILK SOLIDS
Milt Extract,MILT EXTRACT,MILT EXTRACT
MINERAL OIL,MINERAL OIL,MINERAL OIL
Mineral Oil,MINERAL OIL,MINERAL OIL
Mineral Salts,MINERAL SALTS,MINERAL SALTS
MINERAL SALTS,MINERAL SALTS,MINERAL SALTS
Momordica Charantia Fruit Extract,MOMORDICA CHARANTIA FRUIT EXTRACT,MOMORDICA CHARANTIA FRUIT EXTRACT
MOMORDICA CHARANTIA FRUIT EXTRACT,MOMORDICA CHARANTIA FRUIT EXTRACT,MOMORDICA CHARANTIA FRUIT EXTRACT
MONARDA DIDYMA LEAF EXTRACT,MONARDA DIDYMA LEAF EXTRACT,MONARDA DIDYMA LEAF EXTRACT
MONASCUS,MONASCUS,MONASCUS
Montmorillonite,MONTMORILLONITE,MONTMORILLONITE
MONTMORILLONITE,MONTMORILLONITE,MONTMORILLONITE
Moonstone Extract,MOONSTONE EXTRACT,MOONSTONE EXTRACT
Morinda Citrifolia Extract,MORINDA CITRIFOLIA EXTRACT,MORINDA CITRIFOLIA EXTRACT
Moringa Oleifera Leaf Extract,MORINGA OLEIFERA LEAF EXTRACT,MORINGA OLEIFERA LEAF EXTRACT
MORINGA OLEIFERA SEED EXTRACT,MORINGA OLEIFERA SEED EXTRACT,MORINGA OLEIFERA SEED EXTRACT
Moringa Oleifera Seed Oil,MORINGA OLEIFERA SEED OIL,MORINGA OLEIFERA SEED OIL
MORINGA OLEIFERA SEED OIL,MORINGA OLEIFERA SEED OIL,MORINGA OLEIFERA SEED OIL
moringa oleifera seed oil,MORINGA OLEIFERA SEED OIL,MORINGA OLEIFERA SEED OIL
MORUS ALBA BARK EXTRACT,MORUS ALBA BARK EXTRACT,MORUS ALBA BARK EXTRACT
Morus Alba Bark Extract,MORUS ALBA BARK EXTRACT,MORUS ALBA BARK EXTRACT
MORUS ALBA FRUIT EXTRACT,MORUS ALBA FRUIT EXTRACT,MORUS ALBA FRUIT EXTRACT
Morus Alba Fruit Extract,MORUS ALBA FRUIT EXTRACT,MORUS ALBA FRUIT EXTRACT
MORUS ALBA LEAF EXTRACT,MORUS ALBA LEAF EXTRACT,MORUS ALBA LEAF EXTRACT
Morus Alba (White Mulberry) Leaf Extract,MORUS ALBA LEAF EXTRACT,MORUS ALBA LEAF EXTRACT
Morus Alba Leaf Extract,MORUS ALBA LEAF EXTRACT,MORUS ALBA LEAF EXTRACT
Morus Alba (White Mullberry) Leaf Extract,MORUS ALBA LEAF EXTRACT,MORUS ALBA LEAF EXTRACT
MORUS BOMBYCIS LEAF EXTRACT,MORUS BOMBYCIS LEAF EXTRACT,MORUS BOMBYCIS LEAF EXTRACT
MORUS NIGRA LEAF EXTRACT,MORUS NIGRA LEAF EXTRACT,MORUS NIGRA LEAF EXTRACT
MUSA PARADISIACA FRUIT JUICE,MUSA PARADISIACA FRUIT JUICE,MUSA PARADISIACA FRUIT JUICE
Musa Sapientium Extract,MUSA SAPIENTIUM EXTRACT,MUSA SAPIENTIUM EXTRACT
MUSA SAPIENTUM FLOWER EXTRACT,MUSA SAPIENTUM FLOWER EXTRACT,MUSA SAPIENTUM FLOWER EXTRACT
Musa Sapientum (Banana) Fruit Extract,MUSA SAPIENTUM FRUIT EXTRACT,MUSA SAPIENTUM FRUIT EXTRACT
MUSA SAPIENTUM FRUIT EXTRACT,MUSA SAPIENTUM FRUIT EXTRACT,MUSA SAPIENTUM FRUIT EXTRACT
MYOSOTIS SYLVATICA FLOWER,MYOSOTIS SYLVATICA FLOWER,MYOSOTIS SYLVATICA FLOWER
Myrciaria Dubia Fruit Extract,MYRCIARIA DUBIA FRUIT EXTRACT,MYRCIARIA DUBIA FRUIT EXTRACT
MYRISTIC,MYRISTIC,MYRISTIC ACID
Myristic,MYRISTIC,MYRISTIC ACID
myristic acid,MYRISTIC ACID,MYRISTIC ACID
Myristic Acid,MYRISTIC ACID,MYRISTIC ACID
MYRISTIC ACID,MYRISTIC ACID,MYRISTIC ACID
Myristoyl Methyl Glucamide,MYRISTOYL METHYL GLUCAMIDE,MYRISTOYL METHYL GLUCAMIDE
MYRISTYL ALCOHOL,MYRISTYL ALCOHOL,MYRISTYL ALCOHOL
Myristyl Alcohol,MYRISTYL ALCOHOL,MYRISTYL ALCOHOL
MYRISTYL GLUCOSIDE,MYRISTYL GLUCOSIDE,MYRISTYL GLUCOSIDE
Myristyl Glucoside,MYRISTYL GLUCOSIDE,MYRISTYL GLUCOSIDE
Myristyl Lactate,MYRISTYL LACTATE,MYRISTYL LACTATE
MYRISTYL MALATE PHOSPHONIC ACID,MYRISTYL MALATE PHOSPHONIC ACID,MYRISTYL MALATE PHOSPHONIC ACID
myristyl myristate,MYRISTYL MYRISTATE,MYRISTYL MYRISTATE
MYRISTYL MYRISTATE,MYRISTYL MYRISTATE,MYRISTYL MYRISTATE
Myristyl Myristate,MYRISTYL MYRISTATE,MYRISTYL MYRISTATE
MYROTHAMNUS FLABELLIFOLIA CALLUS CULTURE EXTRACT,MYROTHAMNUS FLABELLIFOLIA CALLUS CULTURE EXTRACT,MYROTHAMNUS FLABELLIFOLIA CALLUS CULTURE EXTRACT
Myrtrimonium Bromide,MYRTRIMONIUM BROMIDE,MYRTRIMONIUM BROMIDE
N-Prolyl Palmitoyl Tripeptide-56 Acetate,N-PROLYL PALMITOYL TRIPEPTIDE-56 ACETATE,N-PROLYL PALMITOYL TRIPEPTIDE-56 ACETATE
N-PROLYL PALMITOYL TRIPEPTIDE-56 ACETATE,N-PROLYL PALMITOYL TRIPEPTIDE-56 ACETATE,N-PROLYL PALMITOYL TRIPEPTIDE-56 ACETATE
N-prolyl Palmitoyl Tripeptide-56 Acetate,N-PROLYL PALMITOYL TRIPEPTIDE-56 ACETATE,N-PROLYL PALMITOYL TRIPEPTIDE-56 ACETATE
N-Propylpalmitoyl Tripeptide-56 Acetate,N-PROPYLPALMITOYL TRIPEPTIDE-56 ACETATE,N-PROLYL PALMITOYL TRIPEPTIDE-56 ACETATE
Nacinamide,NACINAMIDE,NIACINAMIDE
NARCISSUS POETICUS CALLUS EXTRACT,NARCISSUS POETICUS CALLUS EXTRACT,NARCISSUS POETICUS CALLUS EXTRACT
Natto Gum,NATTO GUM,NATTO GUM
NELUMBO NUCIFERA CALLUS CULTURE EXTRACT,NELUMBO NUCIFERA CALLUS CULTURE EXTRACT,NELUMBO NUCIFERA CALLUS CULTURE EXTRACT
NELUMBO NUCIFERA FLOWER EXTRACT,NELUMBO NUCIFERA FLOWER EXTRACT,NELUMBO NUCIFERA FLOWER EXTRACT
Nelumbo Nucifera Flower Extract,NELUMBO NUCIFERA FLOWER EXTRACT,NELUMBO NUCIFERA FLOWER EXTRACT
NEOFINETIA FALCATA CALLUS CULTURE EXTRACT,NEOFINETIA FALCATA CALLUS CULTURE EXTRACT,NEOFINETIA FALCATA CALLUS CULTURE EXTRACT
Neohesperidin Dihydrochalcone,NEOHESPERIDIN DIHYDROCHALCONE,NEOHESPERIDIN DIHYDROCHALCONE
NEOHESPERIDIN DIHYDROCHALCONE,NEOHESPERIDIN DIHYDROCHALCONE,NEOHESPERIDIN DIHYDROCHALCONE
Neopentyl Glycol Diheptanoate,NEOPENTYL GLYCOL DIHEPTANOATE,NEOPENTYL GLYCOL DIHEPTANOATE
NEOPENTYL GLYCOL DIHEPTANOATE,NEOPENTYL GLYCOL DIHEPTANOATE,NEOPENTYL GLYCOL DIHEPTANOATE
NEOTAME,NEOTAME,NEOTAME
Nettle Extract,NETTLE EXTRACT,NETTLE EXTRACT
Niacin,NIACIN,NIACIN
NIACIN,NIACIN,NIACIN
Niacinaide,NIACINAIDE,NIACINAMIDE
Niacinamide,NIACINAMIDE,NIACINAMIDE
Niacinamide (Vitamin B3),NIACINAMIDE,NIACINAMIDE
NIACINAMIDE,NIACINAMIDE,NIACINAMIDE
Niacynamide,NIACINAMIDE,NIACINAMIDE
niacinamide,NIACINAMIDE,NIACINAMIDE
Nicotinamide Adenine Dinucleotide,NICOTINAMIDE ADENINE DINUCLEOTIDE,NICOTINAMIDE ADENINE DINUCLEOTIDE
NICOTINAMIDE ADENINE DINUCLEOTIDE,NICOTINAMIDE ADENINE DINUCLEOTIDE,NICOTINAMIDE ADENINE DINUCLEOTIDE
Nigella Sativa (Black Cumin) Seed Oil,NIGELLA SATIVA SEED OIL,NIGELLA SATIVA SEED OIL
Nigella Sativa Seed Oil,NIGELLA SATIVA SEED OIL,NIGELLA SATIVA SEED OIL
Nonapeptide-1,NONAPEPTIDE-1,NONAPEPTIDE-1
NONAPEPTIDE-1,NONAPEPTIDE-1,NONAPEPTIDE-1
NYLON-12,NYLON-12,NYLON-12
nylon-12,NYLON-12,NYLON-12
Nylon-12,NYLON-12,NYLON-12
NYMPHAEA ALBA FLOWER EXTRACT,NYMPHAEA ALBA FLOWER EXTRACT,NYMPHAEA ALBA FLOWER EXTRACT
Nymphaea Coerulea Flower Extract,NYMPHAEA COERULEA FLOWER EXTRACT,NYMPHAEA COERULEA FLOWER EXTRACT
O-CYMEN-5-OL,O-CYMEN-5-OL,O-CYMEN-5-OL
O-Cymen-5-OL,O-CYMEN-5-OL,O-CYMEN-5-OL
o-Cymen-5-ol,O-CYMEN-5-OL,O-CYMEN-5-OL
Ocimum Basilicum (Basil) Leaf Extract,OCIMUM BASILICUM LEAF EXTRACT,OCIMUM BASILICUM LEAF EXTRACT
Ocimum Sanctum Leaf Extract,OCIMUM SANCTUM LEAF EXTRACT,OCIMUM SANCTUM LEAF EXTRACT
OCIMUM SANCTUM LEAF EXTRACT,OCIMUM SANCTUM LEAF EXTRACT,OCIMUM SANCTUM LEAF EXTRACT
ocimumsanctum leaf extract,OCIMUMSANCTUM LEAF EXTRACT,OCIMUM SANCTUM LEAF EXTRACT
OCTADECYL DI-T-BUTYL-4-HYDROXYHYDROCINNAMATE,OCTADECYL DI-T-BUTYL-4-HYDROXYHYDROCINNAMATE,OCTADECYL DI-T-BUTYL-4-HYDROXYHYDROCINNAMATE
Octadecyl Di-T-Butyl-4-Hydroxyhydrocinnamate,OCTADECYL DI-T-BUTYL-4-HYDROXYHYDROCINNAMATE,OCTADECYL DI-T-BUTYL-4-HYDROXYHYDROCINNAMATE
Octadecyl DIT-Butyl-4-Hydroxyhydrocinnamate,OCTADECYL DIT-BUTYL-4-HYDROXYHYDROCINNAMATE,OCTADECYL DI-T-BUTYL-4-HYDROXYHYDROCINNAMATE
OCTANEDIOL,OCTANEDIOL,OCTANEDIOL
OCTOCRYLENE,OCTOCRYLENE,OCTOCRYLENE
Octocrylene,OCTOCRYLENE,OCTOCRYLENE
OCTYLDODECANOL,OCTYLDODECANOL,OCTYLDODECANOL
OCTYLDODECANOL ESTERS,OCTYLDODECANOL,OCTYLDODECANOL
Octyldodecanol,OCTYLDODECANOL,OCTYLDODECANOL
Octyldodeceth-16,OCTYLDODECETH-16,OCTYLDODECETH-16
OCTYLDODECETH-16,OCTYLDODECETH-16,OCTYLDODECETH-16
Octyldodecyl Lauroyl Glutamate,OCTYLDODECYL LAUROYL GLUTAMATE,OCTYLDODECYL LAUROYL GLUTAMATE
OCTYLDODECYL LAUROYL GLUTAMATE,OCTYLDODECYL LAUROYL GLUTAMATE,OCTYLDODECYL LAUROYL GLUTAMATE
OCTYLDODECYL OLEATE,OCTYLDODECYL OLEATE,OCTYLDODECYL OLEATE
OCTYLDODECYL STEAROYL STEARATE,OCTYLDODECYL STEAROYL STEARATE,OCTYLDODECYL STEAROYL STEARATE
Octyldodecyl Xyloside,OCTYLDODECYL XYLOSIDE,OCTYLDODECYL XYLOSIDE
Oenothera Biennis (Evening Primrose) Flower,OENOTHERA BIENNIS FLOWER,OENOTHERA BIENNIS FLOWER
Oenothera Biennis (evening Primrose) Flower Extract,OENOTHERA BIENNIS FLOWER EXTRACT,OENOTHERA BIENNIS FLOWER EXTRACT
OENOTHERA BIENNIS FLOWER EXTRACT,OENOTHERA BIENNIS FLOWER EXTRACT,OENOTHERA BIENNIS FLOWER EXTRACT
Oenothera Biennis (Evening Primrose) Flower Extract,OENOTHERA BIENNIS FLOWER EXTRACT,OENOTHERA BIENNIS FLOWER EXTRACT
Oenothera Biennis Oil,OENOTHERA BIENNIS OIL,OENOTHERA BIENNIS OIL
OENOTHERA BIENNIS OIL,OENOTHERA BIENNIS OIL,OENOTHERA BIENNIS OIL
Oenothera Biennis (Evening Primrose) Oil,OENOTHERA BIENNIS OIL,OENOTHERA BIENNIS OIL
Olea Europaea (olive) Fruit Oil,OLEA EUROPAEA FRUIT OIL,OLEA EUROPAEA FRUIT OIL
Olea Europaea (Olive ) Fruit Oil,OLEA EUROPAEA FRUIT OIL,OLEA EUROPAEA FRUIT OIL
OLEA EUROPAEA FRUIT OIL,OLEA EUROPAEA FRUIT OIL,OLEA EUROPAEA FRUIT OIL
OLEA EUROPAEA (OLIVE) FRUIT OIL,OLEA EUROPAEA FRUIT OIL,OLEA EUROPAEA FRUIT OIL
Olea Europaea (Olive) Fruit Oil,OLEA EUROPAEA FRUIT OIL,OLEA EUROPAEA FRUIT OIL
Olea Europaea Fruit Oil,OLEA EUROPAEA FRUIT OIL,OLEA EUROPAEA FRUIT OIL
olea europaea(olive) fruit oil,OLEA EUROPAEA FRUIT OIL,OLEA EUROPAEA FRUIT OIL
OLEA EUROPAEA HUSK OIL,OLEA EUROPAEA HUSK OIL,OLEA EUROPAEA HUSK OIL
Olea Europaea (Olive) Husk Oil,OLEA EUROPAEA HUSK OIL,OLEA EUROPAEA HUSK OIL
Olea Europaea Husk Oil,OLEA EUROPAEA HUSK OIL,OLEA EUROPAEA HUSK OIL
OLEA EUROPAEA LEAF EXTRACT,OLEA EUROPAEA LEAF EXTRACT,OLEA EUROPAEA LEAF EXTRACT
Olea Europaea Leaf Extract,OLEA EUROPAEA LEAF EXTRACT,OLEA EUROPAEA LEAF EXTRACT
Olea Europaea (Olive) Oil,OLEA EUROPAEA OIL,OLEA EUROPAEA OIL
OLEA EUROPAEA OIL UNSAPONIFIABLES,OLEA EUROPAEA OIL UNSAPONIFIABLES,OLEA EUROPAEA OIL UNSAPONIFIABLES
Olea Europaea Oil Unsaponifiables,OLEA EUROPAEA OIL UNSAPONIFIABLES,OLEA EUROPAEA OIL UNSAPONIFIABLES
Olea Europaea (Olive) Pomace Extract,OLEA EUROPAEA POMACE EXTRACT,OLEA EUROPAEA POMACE EXTRACT
Olea Europaea Seed Powder,OLEA EUROPAEA SEED POWDER,OLEA EUROPAEA SEED POWDER
Olea Europea Fruit Oil,OLEA EUROPEA FRUIT OIL,OLEA EUROPEA FRUIT OIL
OLEANOLIC ACID,OLEANOLIC ACID,OLEANOLIC ACID
Oleanolic Acid,OLEANOLIC ACID,OLEANOLIC ACID
OLEIC,OLEIC,OLEIC ACID
OLEIC ACID,OLEIC ACID,OLEIC ACID
Oleic Acid,OLEIC ACID,OLEIC ACID
Oleic Glycerides,OLEIC GLYCERIDES,OLEIC GLYCERIDES
Oleyl Alcohol,OLEYL ALCOHOL,OLEYL ALCOHOL
OLEYL ERUCATE,OLEYL ERUCATE,OLEYL ERUCATE
OLIGOPEPTIDE-1,OLIGOPEPTIDE-1,OLIGOPEPTIDE-1
Oligopeptide-1,OLIGOPEPTIDE-1,OLIGOPEPTIDE-1
OLIGOPEPTIDE-2,OLIGOPEPTIDE-2,OLIGOPEPTIDE-2
OLIGOPEPTIDE-28,OLIGOPEPTIDE-28,OLIGOPEPTIDE-28
OLIGOPEPTIDE-29,OLIGOPEPTIDE-29,OLIGOPEPTIDE-29
OLIGOPEPTIDE-32,OLIGOPEPTIDE-32,OLIGOPEPTIDE-32
Oligopeptide-6,OLIGOPEPTIDE-6,OLIGOPEPTIDE-6
OLIGOPEPTIDE-68,OLIGOPEPTIDE-68,OLIGOPEPTIDE-68
Oligopeptide-68,OLIGOPEPTIDE-68,OLIGOPEPTIDE-68
OLIVE GLYCERIDES,OLIVE GLYCERIDES,OLIVE GLYCERIDES
Olive Glycerides,OLIVE GLYCERIDES,OLIVE GLYCERIDES
OLIVE OIL DECYL ESTERS,OLIVE OIL DECYL ESTERS,OLIVE OIL DECYL ESTERS
Olive Oil Decyl Esters,OLIVE OIL DECYL ESTERS,OLIVE OIL DECYL ESTERS
Olive Oil Glycereth-8 Esters,OLIVE OIL GLYCERETH-8 ESTERS,OLIVE OIL GLYCERETH-8 ESTERS
OLIVE OIL GLYCERETH-8 ESTERS,OLIVE OIL GLYCERETH-8 ESTERS,OLIVE OIL GLYCERETH-8 ESTERS
Olive Oil PEG-7,OLIVE OIL PEG-7,OLIVE OIL PEG-7
Olive Oil PEG-7 Esters,OLIVE OIL PEG-7 ESTERS,OLIVE OIL PEG-7 ESTERS
OLIVE OIL PEG-7 ESTERS,OLIVE OIL PEG-7 ESTERS,OLIVE OIL PEG-7 ESTERS
OLIVE OIL POLYGLYCERYL-4 ESTERS,OLIVE OIL POLYGLYCERYL-4 ESTERS,OLIVE OIL POLYGLYCERYL-4 ESTERS
Olus,OLUS,OLUS OIL
Olus Oil,OLUS OIL,OLUS OIL
Olus (Vegetable) Oil,OLUS OIL,OLUS OIL
OLUS OIL,OLUS OIL,OLUS OIL
Olus (Vegetable ) Oil,OLUS OIL,OLUS OIL
Olus* Oil (olej roślinny - mieszanina naturalnych trójglicerydów),OLUS* OIL,OLUS OIL
Onsen-Sui,ONSEN-SUI,ONSEN-SUI
Ophiopogon Japonicus Root Extract,OPHIOPOGON JAPONICUS ROOT EXTRACT,OPHIOPOGON JAPONICUS ROOT EXTRACT
Opuntia Dillenii Extract,OPUNTIA DILLENII EXTRACT,OPUNTIA DILLENII EXTRACT
Opuntia Ficus Indica Fruit Extract,OPUNTIA FICUS INDICA FRUIT EXTRACT,OPUNTIA FICUS-INDICA FRUIT EXTRACT
Opuntia Ficus-Indica Extract,OPUNTIA FICUS-INDICA EXTRACT,OPUNTIA FICUS-INDICA EXTRACT
Opuntia Ficus-Indica Fruit Extract,OPUNTIA FICUS-INDICA FRUIT EXTRACT,OPUNTIA FICUS-INDICA FRUIT EXTRACT
Opuntia Ficus-Indica Seed Oil,OPUNTIA FICUS-INDICA SEED OIL,OPUNTIA FICUS-INDICA SEED OIL
OPUNTIA FICUS-INDICA SEED OIL,OPUNTIA FICUS-INDICA SEED OIL,OPUNTIA FICUS-INDICA SEED OIL
Opuntia Ficus-lndica Seed Oil,OPUNTIA FICUS-LNDICA SEED OIL,OPUNTIA FICUS-INDICA SEED OIL
Orange 4,ORANGE 4,CI 15510
Orange Juice,ORANGE JUICE,ORANGE JUICE
Orange Roughy Oil,ORANGE ROUGHY OIL,ORANGE ROUGHY OIL
Orbignya Oleifera (babassu ) Seed Oil,ORBIGNYA OLEIFERA SEED OIL,ORBIGNYA OLEIFERA SEED OIL
Orbignya Oleifera (Babassu ) Seed Oil,ORBIGNYA OLEIFERA SEED OIL,ORBIGNYA OLEIFERA SEED OIL
Orbignya Oleifera Seed Oil,ORBIGNYA OLEIFERA SEED OIL,ORBIGNYA OLEIFERA SEED OIL
Orbignya Oleifera (Babassu) Seed Oil,ORBIGNYA OLEIFERA SEED OIL,ORBIGNYA OLEIFERA SEED OIL
ORBIGNYA OLEIFERA SEED OIL,ORBIGNYA OLEIFERA SEED OIL,ORBIGNYA OLEIFERA SEED OIL
Orchid Extract,ORCHID EXTRACT,ORCHID EXTRACT
ORCHIS MASCULA FLOWER EXTRACT,ORCHIS MASCULA FLOWER EXTRACT,ORCHIS MASCULA FLOWER EXTRACT
ORNITHINE HCl,ORNITHINE HCL,ORNITHINE HCL
Ornithine HCl,ORNITHINE HCL,ORNITHINE HCL
ORYZA SATIVA BRAN CERA,ORYZA SATIVA BRAN CERA,ORYZA SATIVA BRAN CERA
ORYZA SATIVA BRAN EXTRACT,ORYZA SATIVA BRAN EXTRACT,ORYZA SATIVA BRAN EXTRACT
ORYZA SATIVA BRAN OIL,ORYZA SATIVA BRAN OIL,ORYZA SATIVA BRAN OIL
Oryza Sativa Bran Oil,ORYZA SATIVA BRAN OIL,ORYZA SATIVA BRAN OIL
Oryza Sativa (rice ) Bran Oil,ORYZA SATIVA BRAN OIL,ORYZA SATIVA BRAN OIL
Oryza Sativa (Rice) Bran Oil,ORYZA SATIVA BRAN OIL,ORYZA SATIVA BRAN OIL
ORYZA SATIVA BRAN WAX,ORYZA SATIVA BRAN WAX,ORYZA SATIVA BRAN WAX
Oryza Sativa Bran Wax,ORYZA SATIVA BRAN WAX,ORYZA SATIVA BRAN WAX
Oryza Sativa (Rice) Bran Wax,ORYZA SATIVA BRAN WAX,ORYZA SATIVA BRAN WAX
ORYZA SATIVA CALLUS CULTURE EXTRACT,ORYZA SATIVA CALLUS CULTURE EXTRACT,ORYZA SATIVA CALLUS CULTURE EXTRACT
Oryza Sativa (Rice) Extract,ORYZA SATIVA EXTRACT,ORYZA SATIVA EXTRACT
ORYZA SATIVA EXTRACT,ORYZA SATIVA EXTRACT,ORYZA SATIVA EXTRACT
Oryza Sativa Extract,ORYZA SATIVA EXTRACT,ORYZA SATIVA EXTRACT
ORYZA SATIVA GERM EXTRACT,ORYZA SATIVA GERM EXTRACT,ORYZA SATIVA GERM EXTRACT
Oryza Sativa (Rice) Germ Oil,ORYZA SATIVA GERM OIL,ORYZA SATIVA GERM OIL
ORYZA SATIVA GERM OIL,ORYZA SATIVA GERM OIL,ORYZA SATIVA GERM OIL
Oryza Sativa Germ Powder,ORYZA SATIVA GERM POWDER,ORYZA SATIVA GERM POWDER
ORYZA SATIVA GERM POWDER,ORYZA SATIVA GERM POWDER,ORYZA SATIVA GERM POWDER
Oryza Sativa Hull Powder,ORYZA SATIVA HULL POWDER,ORYZA SATIVA HULL POWDER
Oryza Sativa Oil,ORYZA SATIVA OIL,ORYZA SATIVA OIL
ORYZA SATIVA POWDER,ORYZA SATIVA POWDER,ORYZA SATIVA POWDER
Oryza Sativa (Rice) Powder,ORYZA SATIVA POWDER,ORYZA SATIVA POWDER
ORYZA SATIVA BRAN WATER,ORYZA SATIVA SEED WATER,ORYZA SATIVA SEED WATER
ORYZA SATIVA SEED WATER,ORYZA SATIVA SEED WATER,ORYZA SATIVA SEED WATER
Oryza Sativa (Rice) Seed Water,ORYZA SATIVA SEED WATER,ORYZA SATIVA SEED WATER
Oryza Sativa (Rice) Bran Water,ORYZA SATIVA SEED WATER,ORYZA SATIVA SEED WATER
ORYZA SATIVA STARCH,ORYZA SATIVA STARCH,ORYZA SATIVA STARCH
Oryza Sativa Starch,ORYZA SATIVA STARCH,ORYZA SATIVA STARCH
ORYZANOL,ORYZANOL,ORYZANOL
OSMANTHUS FRAGRANS FLOWER EXTRACT,OSMANTHUS FRAGRANS FLOWER EXTRACT,OSMANTHUS FRAGRANS FLOWER EXTRACT
Ostrea Shell Extract,OSTREA SHELL EXTRACT,OSTREA SHELL EXTRACT
Oxidized Atarach Acetate,OXIDIZED ATARACH ACETATE,OXIDIZED ATARACH ACETATE
OXIDIZED GLUTATHIONE,OXIDIZED GLUTATHIONE,OXIDIZED GLUTATHIONE
Oxidized Starach Acetate,OXIDIZED STARACH ACETATE,OXIDIZED STARCH ACETATE
OXIDIZED STARCH ACETATE,OXIDIZED STARCH ACETATE,OXIDIZED STARCH ACETATE
Oxidized Starch Acetate,OXIDIZED STARCH ACETATE,OXIDIZED STARCH ACETATE
Oxothiazolidine,OXOTHIAZOLIDINE,OXOTHIAZOLIDINE
oxothiazolidinecarboxylic acid,OXOTHIAZOLIDINECARBOXYLIC ACID,OXOTHIAZOLIDINECARBOXYLIC ACID
OXYCOCCUS PALUSTRIS SEED OIL,OXYCOCCUS PALUSTRIS SEED OIL,OXYCOCCUS PALUSTRIS SEED OIL
Ozokerite,OZOKERITE,OZOKERITE
OZOKERITE,OZOKERITE,OZOKERITE
Ozonized Olive Oil,OZONIZED OLIVE OIL,OZONIZED OLIVE OIL
p-Anisic Acid,P-ANISIC ACID,P-ANISIC ACID
P-ANISIC ACID,P-ANISIC ACID,P-ANISIC ACID
P-Anisic Acid,P-ANISIC ACID,P-ANISIC ACID
Paeonia Albiflora Flower Extract,PAEONIA ALBIFLORA FLOWER EXTRACT,PAEONIA ALBIFLORA FLOWER EXTRACT
PAEONIA ALBIFLORA ROOT EXTRACT,PAEONIA ALBIFLORA ROOT EXTRACT,PAEONIA ALBIFLORA ROOT EXTRACT
Paeonia Albiflora Root Extract,PAEONIA ALBIFLORA ROOT EXTRACT,PAEONIA ALBIFLORA ROOT EXTRACT
Paeonia Lactiflora Extract,PAEONIA LACTIFLORA EXTRACT,PAEONIA LACTIFLORA EXTRACT
PAEONIA LACTIFLORA FLOWER EXTRACT,PAEONIA LACTIFLORA FLOWER EXTRACT,PAEONIA LACTIFLORA FLOWER EXTRACT
Paeonia Lactiflora Root Extract,PAEONIA LACTIFLORA ROOT EXTRACT,PAEONIA LACTIFLORA ROOT EXTRACT
PAEONIA LACTIFLORA ROOT EXTRACT,PAEONIA LACTIFLORA ROOT EXTRACT,PAEONIA LACTIFLORA ROOT EXTRACT
Paeonia Officinalis Flower Extract,PAEONIA OFFICINALIS FLOWER EXTRACT,PAEONIA OFFICINALIS FLOWER EXTRACT
PAEONIA OFFICINALIS FLOWER EXTRACT,PAEONIA OFFICINALIS FLOWER EXTRACT,PAEONIA OFFICINALIS FLOWER EXTRACT
PAEONIA SUFFRUTICOSA BRANCH,PAEONIA SUFFRUTICOSA BRANCH,PAEONIA SUFFRUTICOSA BRANCH
PAEONIA SUFFRUTICOSA EXTRACT,PAEONIA SUFFRUTICOSA EXTRACT,PAEONIA SUFFRUTICOSA EXTRACT
Paeonia Suffruticosa Root Extract,PAEONIA SUFFRUTICOSA ROOT EXTRACT,PAEONIA SUFFRUTICOSA ROOT EXTRACT
PAEONIA SUFFRUTICOSA ROOT EXTRACT,PAEONIA SUFFRUTICOSA ROOT EXTRACT,PAEONIA SUFFRUTICOSA ROOT EXTRACT
Pal- mitoyl Dipeptide-5 Diaminobutyroyl Hydroxythreonine,PAL- MITOYL DIPEPTIDE-5 DIAMINOBUTYROYL HYDROXYTHREONINE,PALMITOYL DIPEPTIDE-5 DIAMINOBUTYROYL HYDROXYTHREONINE
Pal - mitoyl Dipeptide-5 Diaminobutyroyl Hydroxythreonine,PAL-MITOYL DIPEPTIDE-5 DIAMINOBUTYROYL HYDROXYTHREONINE,PALMITOYL DIPEPTIDE-5 DIAMINOBUTYROYL HYDROXYTHREONINE
Palmaria Palmata Extract,PALMARIA PALMATA EXTRACT,PALMARIA PALMATA EXTRACT
PALMARIA PALMATA EXTRACT,PALMARIA PALMATA EXTRACT,PALMARIA PALMATA EXTRACT
Palmi- toyl Tripeptide-5,PALMI- TOYL TRIPEPTIDE-5,PALMITOYL TRIPEPTIDE-5
Palmitamide MEA,PALMITAMIDE MEA,PALMITAMIDE MEA
Palmitic Acid,PALMITIC ACID,PALMITIC ACID
PALMITIC ACID,PALMITIC ACID,PALMITIC ACID
palmitic acid,PALMITIC ACID,PALMITIC ACID
Palmitoyl Dipeptide-10,PALMITOYL DIPEPTIDE-10,PALMITOYL DIPEPTIDE-10
Palmitoyl Dipeptide-5 Diami- nobutyroyl Hydroxythreonine,PALMITOYL DIPEPTIDE-5 DIAMI- NOBUTYROYL HYDROXYTHREONINE,PALMITOYL DIPEPTIDE-5 DIAMINOBUTYROYL HYDROXYTHREONINE
PALMITOYL DIPEPTIDE-5 DIAMINOBUTYROYL HYDROXYTHREONINE,PALMITOYL DIPEPTIDE-5 DIAMINOBUTYROYL HYDROXYTHREONINE,PALMITOYL DIPEPTIDE-5 DIAMINOBUTYROYL HYDROXYTHREONINE
Palmitoyl Dipeptide-5 Diaminobutyroyl Hydroxythreonine,PALMITOYL DIPEPTIDE-5 DIAMINOBUTYROYL HYDROXYTHREONINE,PALMITOYL DIPEPTIDE-5 DIAMINOBUTYROYL HYDROXYTHREONINE
Palmitoyl Glycine,PALMITOYL GLYCINE,PALMITOYL GLYCINE
PALMITOYL HEXAPEPTIDE-12,PALMITOYL HEXAPEPTIDE-12,PALMITOYL HEXAPEPTIDE-12
Palmitoyl Hexapeptide-12,PALMITOYL HEXAPEPTIDE-12,PALMITOYL HEXAPEPTIDE-12
Palmitoyl Oligopeptide,PALMITOYL OLIGOPEPTIDE,PALMITOYL OLIGOPEPTIDE
Palmitoyl Pentapeptide-4,PALMITOYL PENTAPEPTIDE-4,PALMITOYL PENTAPEPTIDE-4
PALMITOYL PENTAPEPTIDE-4,PALMITOYL PENTAPEPTIDE-4,PALMITOYL PENTAPEPTIDE-4
Palmitoyl Tetrapeptide- 7,PALMITOYL TETRAPEPTIDE- 7,PALMITOYL TETRAPEPTIDE-7
Palmitoyl Tetrapeptide-7,PALMITOYL TETRAPEPTIDE-7,PALMITOYL TETRAPEPTIDE-7
PALMITOYL TETRAPEPTIDE-7,PALMITOYL TETRAPEPTIDE-7,PALMITOYL TETRAPEPTIDE-7
Palmitoyl Totrapeptide-7,PALMITOYL TOTRAPEPTIDE-7,PALMITOYL TETRAPEPTIDE-7
Palmitoyl Tripep-tide-38,PALMITOYL TRIPEP-TIDE-38,PALMITOYL TETRAPEPTIDE-38
Palmitoyl Tripeptide - -5,PALMITOYL TRIPEPTIDE--5,PALMITOYL TRIPEPTIDE-5
PALMITOYL TRIPEPTIDE-1,PALMITOYL TRIPEPTIDE-1,PALMITOYL TRIPEPTIDE-1
Palmitoyl Tripeptide-1,PALMITOYL TRIPEPTIDE-1,PALMITOYL TRIPEPTIDE-1
PALMITOYL TRIPEPTIDE-38,PALMITOYL TRIPEPTIDE-38,PALMITOYL TRIPEPTIDE-38
Palmitoyl Tripeptide-38,PALMITOYL TRIPEPTIDE-38,PALMITOYL TRIPEPTIDE-38
Palmitoyl Tripeptide-5,PALMITOYL TRIPEPTIDE-5,PALMITOYL TRIPEPTIDE-5
PALMITOYL TRIPEPTIDE-5,PALMITOYL TRIPEPTIDE-5,PALMITOYL TRIPEPTIDE-5
Palmitoyl Tripeptide-8,PALMITOYL TRIPEPTIDE-8,PALMITOYL TRIPEPTIDE-8
PALMITOYL TRIPEPTIDE-8,PALMITOYL TRIPEPTIDE-8,PALMITOYL TRIPEPTIDE-8
Panax Ginseng Berry Extract,PANAX GINSENG BERRY EXTRACT,PANAX GINSENG BERRY EXTRACT
PANAX GINSENG BERRY EXTRACT FERMENT FILTRATE,PANAX GINSENG BERRY EXTRACT FERMENT FILTRATE,PANAX GINSENG BERRY EXTRACT FERMENT FILTRATE
Panax Ginseng Callus Culture Extract,PANAX GINSENG CALLUS CULTURE EXTRACT,PANAX GINSENG CALLUS CULTURE EXTRACT
PANAX GINSENG ROOT EXTRACT,PANAX GINSENG ROOT EXTRACT,PANAX GINSENG ROOT EXTRACT
panax ginseng root extract,PANAX GINSENG ROOT EXTRACT,PANAX GINSENG ROOT EXTRACT
Panax Ginseng root Extract,PANAX GINSENG ROOT EXTRACT,PANAX GINSENG ROOT EXTRACT
Panax Ginseng Root extract,PANAX GINSENG ROOT EXTRACT,PANAX GINSENG ROOT EXTRACT
Panax Ginseng Root Extract,PANAX GINSENG ROOT EXTRACT,PANAX GINSENG ROOT EXTRACT
PANAX GINSENG ROOT FERMENT FILTRATE,PANAX GINSENG ROOT FERMENT FILTRATE,PANAX GINSENG ROOT FERMENT FILTRATE
Panax Ginseng Root Ferment Filtrate,PANAX GINSENG ROOT FERMENT FILTRATE,PANAX GINSENG ROOT FERMENT FILTRATE
PANAX GINSENG ROOT WATER,PANAX GINSENG ROOT WATER,PANAX GINSENG ROOT WATER
Panax Ginseng Root Water,PANAX GINSENG ROOT WATER,PANAX GINSENG ROOT WATER
panax ginseng seed oil,PANAX GINSENG SEED OIL,PANAX GINSENG SEED OIL
panax ginsengberry extract,PANAX GINSENGBERRY EXTRACT,PANAX GINSENG BERRY EXTRACT
panaxginseng root extract,PANAXGINSENG ROOT EXTRACT,PANAX GINSENG ROOT EXTRACT
PANTHENOL,PANTHENOL,PANTHENOL
Panthenol,PANTHENOL,PANTHENOL
Panthenol (Provitamin B5),PANTHENOL,PANTHENOL
Panthenol (Pro-Vitamin B5),PANTHENOL,PANTHENOL
PANTHENYL TRIACETATE,PANTHENYL TRIACETATE,PANTHENYL TRIACETATE
PANTOLACTONE,PANTOLACTONE,PANTOLACTONE
Pantolactone,PANTOLACTONE,PANTOLACTONE
PANTOTHENIC ACID,PANTOTHENIC ACID,PANTOTHENIC ACID
Pantothenic Acid,PANTOTHENIC ACID,PANTOTHENIC ACID
Papain,PAPAIN,PAPAIN
PAPAIN,PAPAIN,PAPAIN
Papaver Rhoeas Extract,PAPAVER RHOEAS EXTRACT,PAPAVER RHOEAS EXTRACT
PAPAVER RHOEAS FLOWER EXTRACT,PAPAVER RHOEAS FLOWER EXTRACT,PAPAVER RHOEAS FLOWER EXTRACT
Papaver Somniferum Seed Oil,PAPAVER SOMNIFERUM SEED OIL,PAPAVER SOMNIFERUM SEED OIL
PARAFFIN,PARAFFIN,PARAFFIN
Paraffin,PARAFFIN,PARAFFIN
PARAFFINUM LIQUIDUM,PARAFFINUM LIQUIDUM,PARAFFINUM LIQUIDUM
CHUSTECZKA: PARAFFINUM LIQUIDUM,PARAFFINUM LIQUIDUM,PARAFFINUM LIQUIDUM
Chusteczki ingredients: Ingredients: Paraffinum Liquidum,PARAFFINUM LIQUIDUM,PARAFFINUM LIQUIDUM
CHUSTECZKA Z OLEJKIEM PO DEPILACJI: PARAFFINUM LIQUIDUM,PARAFFINUM LIQUIDUM,PARAFFINUM LIQUIDUM
Paraffinum Liquidum,PARAFFINUM LIQUIDUM,PARAFFINUM LIQUIDUM
Paraffinum Liquidum (Mineral Oil),PARAFFINUM LIQUIDUM,PARAFFINUM LIQUIDUM
Oliwka łagodząca: Paraffinum Liquidum,PARAFFINUM LIQUIDUM,PARAFFINUM LIQUIDUM
Caprylic/Capric Triglyceride,CAPRYLIC/CAPRIC TRIGLYCERIDE,CAPRYLIC/CAPRIC TRIGLYCERIDE
Pareth-12,PARETH-12,PARETH-12
Parfum *składniki posiadające certyfikat naturalności,PARFUM,FRAGRANCE
parfum,PARFUM,FRAGRANCE
Parfum (fragrance ),PARFUM,FRAGRANCE
Parfum. *składniki pochodzenia naturalnego,PARFUM,FRAGRANCE
Parfum (fragrance),PARFUM,FRAGRANCE
Parfum** (kompozycja zapachowa bez alergenów),PARFUM,FRAGRANCE
Parfum,PARFUM,FRAGRANCE
PARFUM,PARFUM,FRAGRANCE
Parfum (Fragrance),PARFUM,FRAGRANCE
Parfum (Fragrance ),PARFUM,FRAGRANCE
Parfum (kompozycja zapachowa bez alergenów),PARFUM,FRAGRANCE
Parfum (Fragrance) ,PARFUM,FRAGRANCE
Parfum Ingredients,PARFUM,FRAGRANCE
Parfum. *Składniki naturalne i pochodzenia naturalnego,PARFUM. *SKŁADNIKI NATURALNE I POCHODZENIA NATURALNEGO,FRAGRANCE
Parfume,PARFUME,FRAGRANCE
PASSIFLORA EDULIS FRUIT EXTRACT,PASSIFLORA EDULIS FRUIT EXTRACT,PASSIFLORA EDULIS FRUIT EXTRACT
Passiflora Edulis Fruit Extract,PASSIFLORA EDULIS FRUIT EXTRACT,PASSIFLORA EDULIS FRUIT EXTRACT
Passiflora Edulis Seed Oil,PASSIFLORA EDULIS SEED OIL,PASSIFLORA EDULIS SEED OIL
PASSIFLORA EDULIS SEED OIL,PASSIFLORA EDULIS SEED OIL,PASSIFLORA EDULIS SEED OIL
PASSIFLORA INCARNATA FLOWER EXTRACT,PASSIFLORA INCARNATA FLOWER EXTRACT,PASSIFLORA INCARNATA FLOWER EXTRACT
PASSIFLORA INCARNATA SEED OIL,PASSIFLORA INCARNATA SEED OIL,PASSIFLORA INCARNATA SEED OIL
Passiflora Incarnata Seed Oil,PASSIFLORA INCARNATA SEED OIL,PASSIFLORA INCARNATA SEED OIL
Paullinia Cupana Fruit Extract,PAULLINIA CUPANA FRUIT EXTRACT,PAULLINIA CUPANA FRUIT EXTRACT
PAULLINIA CUPANA SEED EXTRACT,PAULLINIA CUPANA SEED EXTRACT,PAULLINIA CUPANA SEED EXTRACT
PCA,PCA,PCA
PCA ETHYL COCOYL ARGINATE,PCA ETHYL COCOYL ARGINATE,PCA ETHYL COCOYL ARGINATE
Pca Zinc,PCA ZINC,PCA ZINC
PCA Zinc,PCA ZINC,PCA ZINC
Pearl Extract,PEARL EXTRACT,PEARL EXTRACT
PEARL EXTRACT,PEARL EXTRACT,PEARL EXTRACT
Pearl Extract (158ppm),PEARL EXTRACT,PEARL EXTRACT
Pearl Powder (0.01%),PEARL POWDER,PEARL POWDER
PEARL POWDER,PEARL POWDER,PEARL POWDER
Peat Extract* (torf tołpa®),PEAT EXTRACT,PEAT EXTRACT
Peat Extract,PEAT EXTRACT,PEAT EXTRACT
PEAT EXTRACT,PEAT EXTRACT,PEAT EXTRACT
Peat Extract (torf tołpa),PEAT EXTRACT,PEAT EXTRACT
PECTIN,PECTIN,PECTIN
peg,PEG,PEG
PEG,PEG,PEG
PEG-10,PEG-10,PEG-10
PEG-10 DIMETHICONE,PEG-10 DIMETHICONE,PEG-10 DIMETHICONE
PEG-10 Dimethicone,PEG-10 DIMETHICONE,PEG-10 DIMETHICONE
peg-10 dimethicone,PEG-10 DIMETHICONE,PEG-10 DIMETHICONE
PEG-10 Dimethicone/Vinyl Dimethicone Crosspolymer,PEG-10 DIMETHICONE/VINYL DIMETHICONE CROSSPOLYMER,PEG-10 DIMETHICONE
PEG-10 ISOSTEARATE,PEG-10 ISOSTEARATE,PEG-10 ISOSTEARATE
PEG-10 Isostearate,PEG-10 ISOSTEARATE,PEG-10 ISOSTEARATE
PEG-10 Phyosterol,PEG-10 PHYOSTEROL,PEG-10 PHYOSTEROL
PEG-100 Stearate,PEG-100 STEARATE,PEG-100 STEARATE
PEG-100 STEARATE,PEG-100 STEARATE,PEG-100 STEARATE
peg-100 stearate,PEG-100 STEARATE,PEG-100 STEARATE
Peg-100 Stearate,PEG-100 STEARATE,PEG-100 STEARATE
Methylene Bis-Benzotrazolyl Tetramethylbutylphenol (nano),METHYLENE BIS-BENZOTRAZOLYL TETRAMETHYLBUTYLPHENOL,METHYLENE BIS-BENZOTRIAZOLYL TETRAMETHYLBUTYLPHENOL
PEG-12 DIMETHICONE,PEG-12 DIMETHICONE,PEG-12 DIMETHICONE
PEG-12 Dimethicone,PEG-12 DIMETHICONE,PEG-12 DIMETHICONE
PEG-120 METHYL GLUCOSE DIOLEATE,PEG-120 METHYL GLUCOSE DIOLEATE,PEG-120 METHYL GLUCOSE DIOLEATE
PEG-120 Methyl Glucose Dioleate,PEG-120 METHYL GLUCOSE DIOLEATE,PEG-120 METHYL GLUCOSE DIOLEATE
PEG-150 Pentaerythrityl Tetra Stearate,PEG-150 PENTAERYTHRITYL TETRA STEARATE,PEG-150 PENTAERYTHRITYL TETRASTEARATE
Peg-150 Pentaerythrityl Tetrastearate,PEG-150 PENTAERYTHRITYL TETRASTEARATE,PEG-150 PENTAERYTHRITYL TETRASTEARATE
PEG-150 PENTAERYTHRITYL TETRASTEARATE,PEG-150 PENTAERYTHRITYL TETRASTEARATE,PEG-150 PENTAERYTHRITYL TETRASTEARATE
PEG-20 Glyceryl Isostearate,PEG-20 GLYCERYL ISOSTEARATE,PEG-20 GLYCERYL ISOSTEARATE
PEG-20 GLYCERYL LAURATE,PEG-20 GLYCERYL LAURATE,PEG-20 GLYCERYL LAURATE
PEG-20 Glyceryl Laurate,PEG-20 GLYCERYL LAURATE,PEG-20 GLYCERYL LAURATE
PEG-20 Glyceryl Triisostearate,PEG-20 GLYCERYL TRIISOSTEARATE,PEG-20 GLYCERYL TRIISOSTEARATE
PEG-20 GLYCERYL TRIISOSTEARATE,PEG-20 GLYCERYL TRIISOSTEARATE,PEG-20 GLYCERYL TRIISOSTEARATE
PEG-20 METHYL GLUCOSE SESQUISTEARATE,PEG-20 METHYL GLUCOSE SESQUISTEARATE,PEG-20 METHYL GLUCOSE SESQUISTEARATE
PEG-20 Methyl Glucose Sesquistearate,PEG-20 METHYL GLUCOSE SESQUISTEARATE,PEG-20 METHYL GLUCOSE SESQUISTEARATE
Peg-20 Methyl Glucose Sesquistearate,PEG-20 METHYL GLUCOSE SESQUISTEARATE,PEG-20 METHYL GLUCOSE SESQUISTEARATE
PEG-20 SORBITAN ISOSTEARATE,PEG-20 SORBITAN ISOSTEARATE,PEG-20 SORBITAN ISOSTEARATE
PEG-20 Stearate,PEG-20 STEARATE,PEG-20 STEARATE
peg-20 stearate,PEG-20 STEARATE,PEG-20 STEARATE
PEG-200 Hydrogenated Glyceryl Palmate,PEG-200 HYDROGENATED GLYCERYL PALMATE,PEG-200 HYDROGENATED GLYCERYL PALMATE
PEG-30 Dipolyhydroxystearate,PEG-30 DIPOLYHYDROXYSTEARATE,PEG-30 DIPOLYHYDROXYSTEARATE
PEG-30 DIPOLYHYDROXYSTEARATE,PEG-30 DIPOLYHYDROXYSTEARATE,PEG-30 DIPOLYHYDROXYSTEARATE
peg-30 dipolyhydroxystearate,PEG-30 DIPOLYHYDROXYSTEARATE,PEG-30 DIPOLYHYDROXYSTEARATE
PEG-32,PEG-32,PEG-32
PEG-35 Castor Oil,PEG-35 CASTOR OIL,PEG-35 CASTOR OIL
PEG-35 CASTOR OIL,PEG-35 CASTOR OIL,PEG-35 CASTOR OIL
PEG-40 Glyceryl Cocoate,PEG-40 GLYCERYL COCOATE,PEG-40 GLYCERYL COCOATE
PEG-40 HYDROGENATED CASTOR OIL,PEG-40 HYDROGENATED CASTOR OIL,PEG-40 HYDROGENATED CASTOR OIL
PEG-40 Hydrogenated Castor Oil,PEG-40 HYDROGENATED CASTOR OIL,PEG-40 HYDROGENATED CASTOR OIL
Peg-40 Hydrogenated Castor Oil,PEG-40 HYDROGENATED CASTOR OIL,PEG-40 HYDROGENATED CASTOR OIL
PEG-40 Hydrogenated Castroil,PEG-40 HYDROGENATED CASTROIL,PEG-40 HYDROGENATED CASTOR OIL
PEG-40 SORBITAN PEROLEATE,PEG-40 SORBITAN PEROLEATE,PEG-40 SORBITAN PEROLEATE
PEG-40 Stearate,PEG-40 STEARATE,PEG-40 STEARATE
Peg-40 Stearate,PEG-40 STEARATE,PEG-40 STEARATE
peg-40 stearate,PEG-40 STEARATE,PEG-40 STEARATE
Peg-6 Caprylic,PEG-6 CAPRYLIC,PEG-6 CAPRYLIC
PEG-6 CAPRYLIC,PEG-6 CAPRYLIC,PEG-6 CAPRYLIC
PEG-6 Caprylic,PEG-6 CAPRYLIC,PEG-6 CAPRYLIC
PEG-60 Almond Glycerides,PEG-60 ALMOND GLYCERIDES,PEG-60 ALMOND GLYCERIDES
PEG-60 Hydrogenated,PEG-60 HYDROGENATED,PEG-60 HYDROGENATED CASTOR OIL
PEG-60 Hydrogenated Castor Oil,PEG-60 HYDROGENATED CASTOR OIL,PEG-60 HYDROGENATED CASTOR OIL
Peg-60 Hydrogenated Castor Oil,PEG-60 HYDROGENATED CASTOR OIL,PEG-60 HYDROGENATED CASTOR OIL
PEG-60 HYDROGENATED CASTOR OIL,PEG-60 HYDROGENATED CASTOR OIL,PEG-60 HYDROGENATED CASTOR OIL
Peg-60 Hydrogenated Castor Oli,PEG-60 HYDROGENATED CASTOR OLI,PEG-60 HYDROGENATED CASTOR OIL
PEG-6O Hydrogenated Castor Oil,PEG-6O HYDROGENATED CASTOR OIL,PEG-60 HYDROGENATED CASTOR OIL
PEG-7 Glyceryl Cocoate,PEG-7 GLYCERYL COCOATE,PEG-7 GLYCERYL COCOATE
PEG-7 GLYCERYL COCOATE,PEG-7 GLYCERYL COCOATE,PEG-7 GLYCERYL COCOATE
PEG-75,PEG-75,PEG-75 STEARATE
PEG-75 Stearate,PEG-75 STEARATE,PEG-75 STEARATE
PEG-75 STEARATE,PEG-75 STEARATE,PEG-75 STEARATE
Peg-8,PEG-8,PEG-8
PEG-8,PEG-8,PEG-8
PEG-8 DIOLEATE,PEG-8 DIOLEATE,PEG-8 DIOLEATE
PEG-8 Laurate,PEG-8 LAURATE,PEG-8 LAURATE
PEG-8 LAURATE,PEG-8 LAURATE,PEG-8 LAURATE
Peg-8.1,PEG-8.1,PEG-8.1
PEG-80 SORBITAN LAURATE,PEG-80 SORBITAN LAURATE,PEG-80 SORBITAN LAURATE
PEG/PPG-16/6 Copolymer,PEG/PPG-16/6 COPOLYMER,PEG/PPG-16/6 COPOLYMER
PEG/PPG-17/6 COPOLYMER,PEG/PPG-17/6 COPOLYMER,PEG/PPG-17/6 COPOLYMER
PEG/PPG-17/6 Copolymer,PEG/PPG-17/6 COPOLYMER,PEG/PPG-17/6 COPOLYMER
Pelargonium Graveolens Flower Oil,PELARGONIUM GRAVEOLENS FLOWER OIL,PELARGONIUM GRAVEOLENS FLOWER OIL
PELARGONIUM GRAVEOLENS FLOWER OIL,PELARGONIUM GRAVEOLENS FLOWER OIL,PELARGONIUM GRAVEOLENS FLOWER OIL
PELARGONIUM GRAVEOLENS FLOWER WATER,PELARGONIUM GRAVEOLENS FLOWER WATER,PELARGONIUM GRAVEOLENS FLOWER WATER
PELARGONIUM GRAVEOLENS WATER,PELARGONIUM GRAVEOLENS WATER,PELARGONIUM GRAVEOLENS WATER
Pelvetia Canaliculata Extract,PELVETIA CANALICULATA EXTRACT,PELVETIA CANALICULATA EXTRACT
Pentaerythrityl,PENTAERYTHRITYL,PENTAERYTHRITYL
PENTAERYTHRITYL DISTEARATE,PENTAERYTHRITYL DISTEARATE,PENTAERYTHRITYL DISTEARATE
Pentaerythrityl Distearate,PENTAERYTHRITYL DISTEARATE,PENTAERYTHRITYL DISTEARATE
Pentaerythrityl Tetra-Di-T-Butyl,PENTAERYTHRITYL TETRA-DI-T-BUTYL,PENTAERYTHRITYL TETRA-DI-T-BUTYL
pentaerythrityl tetra-di-t-butyl hydroxyhydrocinnamate,PENTAERYTHRITYL TETRA-DI-T-BUTYL HYDROXYHYDROCINNAMATE,PENTAERYTHRITYL TETRA-DI-T-BUTYL HYDROXYHYDROCINNAMATE
Pentaerythrityl Tetra-Di-t-Butyl hydroxyhydrocinnamate,PENTAERYTHRITYL TETRA-DI-T-BUTYL HYDROXYHYDROCINNAMATE,PENTAERYTHRITYL TETRA-DI-T-BUTYL HYDROXYHYDROCINNAMATE
Pentaerythrityl Tetra-di-t-butyl Hydroxyhydrocinnamate,PENTAERYTHRITYL TETRA-DI-T-BUTYL HYDROXYHYDROCINNAMATE,PENTAERYTHRITYL TETRA-DI-T-BUTYL HYDROXYHYDROCINNAMATE
Pentaerythrityl Tetra-Di-t-Butyl Hydroxyhydrocinnamate,PENTAERYTHRITYL TETRA-DI-T-BUTYL HYDROXYHYDROCINNAMATE,PENTAERYTHRITYL TETRA-DI-T-BUTYL HYDROXYHYDROCINNAMATE
PENTAERYTHRITYL TETRA-DI-T-BUTYL HYDROXYHYDROCINNAMATE,PENTAERYTHRITYL TETRA-DI-T-BUTYL HYDROXYHYDROCINNAMATE,PENTAERYTHRITYL TETRA-DI-T-BUTYL HYDROXYHYDROCINNAMATE
Pentaerythrityl Tetra-Di-T-Butyl Hydroxyhydrocinnamate,PENTAERYTHRITYL TETRA-DI-T-BUTYL HYDROXYHYDROCINNAMATE,PENTAERYTHRITYL TETRA-DI-T-BUTYL HYDROXYHYDROCINNAMATE
Pentaerythrityl Tetra-di-t-butylhydroxyhydrocinnamate,PENTAERYTHRITYL TETRA-DI-T-BUTYLHYDROXYHYDROCINNAMATE,PENTAERYTHRITYL TETRA-DI-T-BUTYL HYDROXYHYDROCINNAMATE
PENTAERYTHRITYL TETRAETHYLHEXANOATE,PENTAERYTHRITYL TETRAETHYLHEXANOATE,PENTAERYTHRITYL TETRAETHYLHEXANOATE
Pentaerythrityl Tetraethylhexanoate,PENTAERYTHRITYL TETRAETHYLHEXANOATE,PENTAERYTHRITYL TETRAETHYLHEXANOATE
Pentaerythrityl Tetraisostearate,PENTAERYTHRITYL TETRAISOSTEARATE,PENTAERYTHRITYL TETRAISOSTEARATE
PENTAERYTHRITYL TETRAISOSTEARATE,PENTAERYTHRITYL TETRAISOSTEARATE,PENTAERYTHRITYL TETRAISOSTEARATE
Pentapeptide-18,PENTAPEPTIDE-18,PENTAPEPTIDE-18
PENTAPEPTIDE-18,PENTAPEPTIDE-18,PENTAPEPTIDE-18
Pentapeptide-3,PENTAPEPTIDE-3,PENTAPEPTIDE-3
PENTASODIUM TRIPHOSPHATE,PENTASODIUM TRIPHOSPHATE,PENTASODIUM TRIPHOSPHATE
pentylene glycol,PENTYLENE GLYCOL,PENTYLENE GLYCOL
Pentylene Glycol,PENTYLENE GLYCOL,PENTYLENE GLYCOL
PENTYLENE GLYCOL,PENTYLENE GLYCOL,PENTYLENE GLYCOL
Pentylene Gycol,PENTYLENE GYCOL,PENTYLENE GLYCOL
PERILLA FRUTESCENS LEAF EXTRACT,PERILLA FRUTESCENS LEAF EXTRACT,PERILLA FRUTESCENS LEAF EXTRACT
Perilla Ocymoides Leaf Extract,PERILLA OCYMOIDES LEAF EXTRACT,PERILLA OCYMOIDES LEAF EXTRACT
Perilla Ocymoides Seed Extract,PERILLA OCYMOIDES SEED EXTRACT,PERILLA OCYMOIDES SEED EXTRACT
PERILLA OCYMOIDES SEED EXTRACT,PERILLA OCYMOIDES SEED EXTRACT,PERILLA OCYMOIDES SEED EXTRACT
PERLITE,PERLITE,PERLITE
Perlite,PERLITE,PERLITE
Perlite Caprylic,PERLITE CAPRYLIC,PERLITE CAPRYLIC
Persea,PERSEA,PERSEA
PERSEA GRATISSIMA FRUIT EXTRACT,PERSEA GRATISSIMA FRUIT EXTRACT,PERSEA GRATISSIMA FRUIT EXTRACT
Persea Gratissima Fruit Extract,PERSEA GRATISSIMA FRUIT EXTRACT,PERSEA GRATISSIMA FRUIT EXTRACT
Persea Gratissima (Avocado) Fruit Extract,PERSEA GRATISSIMA FRUIT EXTRACT,PERSEA GRATISSIMA FRUIT EXTRACT
Persea Gratissima (avocado) Oil,PERSEA GRATISSIMA OIL,PERSEA GRATISSIMA OIL
Persea Gratissima (Avocado) Oil,PERSEA GRATISSIMA OIL,PERSEA GRATISSIMA OIL
Persea Gratissima Oil,PERSEA GRATISSIMA OIL,PERSEA GRATISSIMA OIL
PERSEA GRATISSIMA OIL,PERSEA GRATISSIMA OIL,PERSEA GRATISSIMA OIL
Persea Gratissima (Avocado ) Oil,PERSEA GRATISSIMA OIL,PERSEA GRATISSIMA OIL
Persea Gratissima (Avocado) Oil Unsaponifiables,PERSEA GRATISSIMA OIL UNSAPONIFIABLES,PERSEA GRATISSIMA OIL UNSAPONIFIABLES
Persicaria Hydropiper Extract,PERSICARIA HYDROPIPER EXTRACT,PERSICARIA HYDROPIPER EXTRACT
PERSICARIA HYDROPIPER EXTRACT,PERSICARIA HYDROPIPER EXTRACT,PERSICARIA HYDROPIPER EXTRACT
Petrolatum,PETROLATUM,PETROLATUM
Ingredients: Petrolatum,PETROLATUM,PETROLATUM
PETROLATUM,PETROLATUM,PETROLATUM
PHAEODACTYLUM TRICORNUTUM EXTRACT,PHAEODACTYLUM TRICORNUTUM EXTRACT,PHAEODACTYLUM TRICORNUTUM EXTRACT
Phaseolus Angularis Seed Extract,PHASEOLUS ANGULARIS SEED EXTRACT,PHASEOLUS ANGULARIS SEED EXTRACT
PHASEOLUS ANGULARIS SEED EXTRACT,PHASEOLUS ANGULARIS SEED EXTRACT,PHASEOLUS ANGULARIS SEED EXTRACT
Phaseolus Angularis Seed Powder,PHASEOLUS ANGULARIS SEED POWDER,PHASEOLUS ANGULARIS SEED POWDER
PHASEOLUS ANGULARIS SEED POWDER,PHASEOLUS ANGULARIS SEED POWDER,PHASEOLUS ANGULARIS SEED POWDER
Phaseolus Radiatus Seed Extract,PHASEOLUS RADIATUS SEED EXTRACT,PHASEOLUS RADIATUS SEED EXTRACT
PHELLINUS LINTEUS EXTRACT,PHELLINUS LINTEUS EXTRACT,PHELLINUS LINTEUS EXTRACT
Phellodendron Amurense Bark Extract,PHELLODENDRON AMURENSE BARK EXTRACT,PHELLODENDRON AMURENSE BARK EXTRACT
Phenethyl Alcohol,PHENETHYL ALCOHOL,PHENETHYL ALCOHOL
PHENETHYL ALCOHOL,PHENETHYL ALCOHOL,PHENETHYL ALCOHOL
phenethyl alcohol,PHENETHYL ALCOHOL,PHENETHYL ALCOHOL
Phenoethyl Alcohol,PHENOETHYL ALCOHOL,PHENETHYL ALCOHOL
Phenoxxyethanol,PHENOXXYETHANOL,PHENOXYETHANOL
Phenoxyehanol,PHENOXYEHANOL,PHENOXYETHANOL
PHENOXYETHANOL,PHENOXYETHANOL,PHENOXYETHANOL
phenoxyethanol,PHENOXYETHANOL,PHENOXYETHANOL
Phenoxyethanol,PHENOXYETHANOL,PHENOXYETHANOL
Phenoxyethanol. *składnik pochodzenia naturalnego,PHENOXYETHANOL,PHENOXYETHANOL
Phenoxyethanol N4105,PHENOXYETHANOL N4105,PHENOXYETHANOL
PHENOXYETHYL CAPRYLATE,PHENOXYETHYL CAPRYLATE,PHENOXYETHYL CAPRYLATE
PHENYL TRIMETHICONE,PHENYL TRIMETHICONE,PHENYL TRIMETHICONE
Phenyl Trimethicone,PHENYL TRIMETHICONE,PHENYL TRIMETHICONE
PHENYLALANINE,PHENYLALANINE,PHENYLALANINE
Phenylalanine,PHENYLALANINE,PHENYLALANINE
Phenylbenzimidazle Sulfonic Acid,PHENYLBENZIMIDAZLE SULFONIC ACID,PHENYLBENZIMIDAZOLE SULFONIC ACID
Phenylbenzimidazole Sulfonic Acid,PHENYLBENZIMIDAZOLE SULFONIC ACID,PHENYLBENZIMIDAZOLE SULFONIC ACID
PHENYLBENZIMIDAZOLE SULFONIC ACID,PHENYLBENZIMIDAZOLE SULFONIC ACID,PHENYLBENZIMIDAZOLE SULFONIC ACID
Phenylethyl Resorcinol,PHENYLETHYL RESORCINOL,PHENYLETHYL RESORCINOL
phenylethyl resorcinol,PHENYLETHYL RESORCINOL,PHENYLETHYL RESORCINOL
Phenylpro- panol,PHENYLPRO- PANOL,PHENYLPROPANOL
PHENYLPROPANOL,PHENYLPROPANOL,PHENYLPROPANOL
Phloroglucinol Trimethyl Ether,PHLOROGLUCINOL TRIMETHYL ETHER,PHLOROGLUCINOL TRIMETHYL ETHER
PHORMIDIUM PERSICINUM EXTRACT,PHORMIDIUM PERSICINUM EXTRACT,PHORMIDIUM PERSICINUM EXTRACT
Phosphatidylcholine,PHOSPHATIDYLCHOLINE,PHOSPHATIDYLCHOLINE
PHOSPHATIDYLCHOLINE,PHOSPHATIDYLCHOLINE,PHOSPHATIDYLCHOLINE
Phosphatidylserine,PHOSPHATIDYLSERINE,PHOSPHATIDYLSERINE
PHOSPHATIDYLSERINE,PHOSPHATIDYLSERINE,PHOSPHATIDYLSERINE
Phospholipids,PHOSPHOLIPIDS,PHOSPHOLIPIDS
PHOSPHOLIPIDS,PHOSPHOLIPIDS,PHOSPHOLIPIDS
PHOSPHORIC ACID,PHOSPHORIC ACID,PHOSPHORIC ACID
PHYLLOSTACHYS PUBESCENS SHOOT BARK EXTRACT,PHYLLOSTACHYS PUBESCENS SHOOT BARK EXTRACT,PHYLLOSTACHYS PUBESCENS SHOOT BARK EXTRACT
Phytic Acid,PHYTIC ACID,PHYTIC ACID
PHYTIC ACID,PHYTIC ACID,PHYTIC ACID
Phytosphingosi - ne,PHYTOSPHINGOSI-NE,PHYTOSPHINGOSINE
PHYTOSPHINGOSINE,PHYTOSPHINGOSINE,PHYTOSPHINGOSINE
Phytosphingosine,PHYTOSPHINGOSINE,PHYTOSPHINGOSINE
PHYTOSTEROLS,PHYTOSTEROLS,PHYTOSTEROLS
Phytosterols,PHYTOSTEROLS,PHYTOSTEROLS
Phytosteryl,PHYTOSTERYL,PHYTOSTERYL
PHYTOSTERYL,PHYTOSTERYL,PHYTOSTERYL
Phytosteryl Dimer Dilinoleyl Dimer Dilinoleate,PHYTOSTERYL DIMER DILINOLEYL DIMER DILINOLEATE,PHYTOSTERYL DIMER DILINOLEYL DIMER DILINOLEATE
PHYTOSTERYL DIMER DILINOLEYL DIMER DILINOLEATE,PHYTOSTERYL DIMER DILINOLEYL DIMER DILINOLEATE,PHYTOSTERYL DIMER DILINOLEYL DIMER DILINOLEATE
Phytosteryl Macadamiate,PHYTOSTERYL MACADAMIATE,PHYTOSTERYL MACADAMIATE
Phytosteryl Oleate,PHYTOSTERYL OLEATE,PHYTOSTERYL OLEATE
Pimpinella Anisum Fruit Extract,PIMPINELLA ANISUM FRUIT EXTRACT,PIMPINELLA ANISUM FRUIT EXTRACT
pineapple fruit extract,PINEAPPLE FRUIT EXTRACT,PINEAPPLE FRUIT EXTRACT
PINENE,PINENE,PINENE
Pinene,PINENE,PINENE
Pink Clay,PINK CLAY,PINK CLAY
Pinus Palustris Leaf Extract,PINUS PALUSTRIS LEAF EXTRACT,PINUS PALUSTRIS LEAF EXTRACT
PINUS PALUSTRIS LEAF EXTRACT,PINUS PALUSTRIS LEAF EXTRACT,PINUS PALUSTRIS LEAF EXTRACT
Pinus Sylvestris (Pine) Bud Extract,PINUS SYLVESTRIS BUD EXTRACT,PINUS SYLVESTRIS BUD EXTRACT
Pinus Sylvestris Leaf Extract,PINUS SYLVESTRIS LEAF EXTRACT,PINUS SYLVESTRIS LEAF EXTRACT
Pinus Sylvestris Leaf Oil,PINUS SYLVESTRIS LEAF OIL,PINUS SYLVESTRIS LEAF OIL
Piper Methysticum Leaf,PIPER METHYSTICUM LEAF,PIPER METHYSTICUM LEAF
Piridoxine HCl,PIRIDOXINE HCL,PIRIDOXINE HCL
PIROCTONE OLAMINE,PIROCTONE OLAMINE,PIROCTONE OLAMINE
Piroctone Olamine,PIROCTONE OLAMINE,PIROCTONE OLAMINE
Pistacia,PISTACIA,PISTACIA
PISTACIA LENTISCUS GUM,PISTACIA LENTISCUS GUM,PISTACIA LENTISCUS GUM
PISTACIA VERA SEED OIL,PISTACIA VERA SEED OIL,PISTACIA VERA SEED OIL
Pistacia Vera Seed Oil,PISTACIA VERA SEED OIL,PISTACIA VERA SEED OIL
Pisum Sativum Peptide,PISUM SATIVUM PEPTIDE,PISUM SATIVUM PEPTIDE
Plankton Extract,PLANKTON EXTRACT,PLANKTON EXTRACT
PLANKTON EXTRACT,PLANKTON EXTRACT,PLANKTON EXTRACT
Plantago Lanceolata Leaf Extract,PLANTAGO LANCEOLATA LEAF EXTRACT,PLANTAGO LANCEOLATA LEAF EXTRACT
PLANTAGO LANCEOLATA SEED EXTRACT,PLANTAGO LANCEOLATA SEED EXTRACT,PLANTAGO LANCEOLATA SEED EXTRACT
Plantago Lanceolata Seed Extract,PLANTAGO LANCEOLATA SEED EXTRACT,PLANTAGO LANCEOLATA SEED EXTRACT
Ployquaternium-7,PLOYQUATERNIUM-7,PLOYQUATERNIUM-7
Plukenetia Volubilis Seed Oil,PLUKENETIA VOLUBILIS SEED OIL,PLUKENETIA VOLUBILIS SEED OIL
PLUKENETIA VOLUBILIS SEED OIL,PLUKENETIA VOLUBILIS SEED OIL,PLUKENETIA VOLUBILIS SEED OIL
Plukenetia Volubilisseed Oil,PLUKENETIA VOLUBILISSEED OIL,PLUKENETIA VOLUBILIS SEED OIL
Pogostemon Cabilin Oil,POGOSTEMON CABILIN OIL,POGOSTEMON CABLIN OIL
Pogostemon Cabin Oil,POGOSTEMON CABIN OIL,POGOSTEMON CABLIN OIL
POGOSTEMON CABLIN OIL,POGOSTEMON CABLIN OIL,POGOSTEMON CABLIN OIL
Pogostemon Cablin Oil,POGOSTEMON CABLIN OIL,POGOSTEMON CABLIN OIL
poliakrylan sodu 4%,POLIAKRYLAN SODU,SODIUM POLYACRYLATE
POLIANTHES TUBEROSA CALLUS EXTRACT,POLIANTHES TUBEROSA CALLUS EXTRACT,POLIANTHES TUBEROSA CALLUS EXTRACT
Polivinyl Alcohol,POLIVINYL ALCOHOL,POLIVINYL ALCOHOL
POLLEN EXTRACT,POLLEN EXTRACT,POLLEN EXTRACT
Poloxamer 124,POLOXAMER 124,POLOXAMER 124
Poloxamer 184,POLOXAMER 184,POLOXAMER 184
POLOXAMER 184,POLOXAMER 184,POLOXAMER 184
POLOXAMER 188,POLOXAMER 188,POLOXAMER 188
POLOXAMER 338,POLOXAMER 338,POLOXAMER 338
Poloxamer 338,POLOXAMER 338,POLOXAMER 338
POLOXAMER 407,POLOXAMER 407,POLOXAMER 407
Poloxamer 407,POLOXAMER 407,POLOXAMER 407
POLY C10-30 ALKYL ACRYLATE,POLY C10-30 ALKYL ACRYLATE,POLY C10-30 ALKYL ACRYLATE
Poly C10-30 Alkyl Acrylate,POLY C10-30 ALKYL ACRYLATE,POLY C10-30 ALKYL ACRYLATE
Poly glyceryl-10 Myristate,POLY GLYCERYL-10 MYRISTATE,POLY GLYCERYL-10 MYRISTATE
Polyacrylamide,POLYACRYLAMIDE,POLYACRYLAMIDE
POLYACRYLAMIDE,POLYACRYLAMIDE,POLYACRYLAMIDE
POLYACRYLATE CROSSPOLYMER-11,POLYACRYLATE CROSSPOLYMER-11,POLYACRYLATE CROSSPOLYMER-11
Polyacrylate Crosspolymer-11,POLYACRYLATE CROSSPOLYMER-11,POLYACRYLATE CROSSPOLYMER-11
Polyacrylate Crosspolymer-6,POLYACRYLATE CROSSPOLYMER-6,POLYACRYLATE CROSSPOLYMER-6
POLYACRYLATE CROSSPOLYMER-6,POLYACRYLATE CROSSPOLYMER-6,POLYACRYLATE CROSSPOLYMER-6
Polyacrylate Crosspolymer - 6,POLYACRYLATE CROSSPOLYMER-6,POLYACRYLATE CROSSPOLYMER-6
Polyacrylate-13,POLYACRYLATE-13,POLYACRYLATE-13
POLYACRYLATE-13,POLYACRYLATE-13,POLYACRYLATE-13
Polyacrylic Acid,POLYACRYLIC ACID,POLYACRYLIC ACID
POLYACRYLIC ACID,POLYACRYLIC ACID,POLYACRYLIC ACID
POLYAMIDE-3,POLYAMIDE-3,POLYAMIDE-3
POLYAMIDE-8,POLYAMIDE-8,POLYAMIDE-8
POLYAMINOPROPYL BIGUANIDE,POLYAMINOPROPYL BIGUANIDE,POLYAMINOPROPYL BIGUANIDE
Polyaminopropyl Biguanide,POLYAMINOPROPYL BIGUANIDE,POLYAMINOPROPYL BIGUANIDE
POLYBUTENE,POLYBUTENE,POLYBUTENE
Polybutene,POLYBUTENE,POLYBUTENE
Polybutenes,POLYBUTENES,POLYBUTENE
polybutylene glycol-8,POLYBUTYLENE GLYCOL-8,POLYBUTYLENE GLYCOL-8
POLYBUTYLENE GLYCOL-8,POLYBUTYLENE GLYCOL-8,POLYBUTYLENE GLYCOL-8
Polybutylene Glycol-8,POLYBUTYLENE GLYCOL-8,POLYBUTYLENE GLYCOL-8
Polydextrose,POLYDEXTROSE,POLYDEXTROSE
POLYDEXTROSE,POLYDEXTROSE,POLYDEXTROSE
Polydiethyleneglycol Adipate/IPDI Copolymer,POLYDIETHYLENEGLYCOL ADIPATE/IPDI COPOLYMER,POLYDIETHYLENEGLYCOL ADIPATE/IPDI COPOLYMER
Polyepsilon-Lysine,POLYEPSILON-LYSINE,POLYEPSILON-LYSINE
POLYETHER-1,POLYETHER-1,POLYETHER-1
Polyethylene,POLYETHYLENE,POLYETHYLENE
POLYETHYLENE,POLYETHYLENE,POLYETHYLENE
POLYETHYLENE TEREPHTHALATE,POLYETHYLENE TEREPHTHALATE,POLYETHYLENE TEREPHTHALATE
Polyglutamic Acid,POLYGLUTAMIC ACID,POLYGLUTAMIC ACID
POLYGLUTAMIC ACID,POLYGLUTAMIC ACID,POLYGLUTAMIC ACID
Polyglycerin-10,POLYGLYCERIN-10,POLYGLYCERIN-10
POLYGLYCERIN-10,POLYGLYCERIN-10,POLYGLYCERIN-10
Polyglycerin-3,POLYGLYCERIN-3,POLYGLYCERIN-3
POLYGLYCERIN-3,POLYGLYCERIN-3,POLYGLYCERIN-3
Polyglycerin-4,POLYGLYCERIN-4,POLYGLYCERIN-4
POLYGLYCERIN-6,POLYGLYCERIN-6,POLYGLYCERIN-6
Polyglycerul-2-Dipolyhydroxystearate,POLYGLYCERUL-2-DIPOLYHYDROXYSTEARATEPOLYGLYCERYL-2 CAPRATE-DIPOLYHYDROXYSTEARATEE,POLYGLYCERYL-2 DIPOLYHYDROXYSTEARATE
Polyglyceryl 2 Isostearate/ Dimer Dilinoleate Copolymer,POLYGLYCERYL 2 ISOSTEARATE/ DIMER DILINOLEATE COPOLYMER,POLYGLYCERYL-2 ISOSTEARATE/DIMER DILINOLEATE COPOLYMER
Polyglyceryl 3-Cocoate,POLYGLYCERYL 3-COCOATE,POLYGLYCERYL 3-COCOATE
POLYGLYCERYL-10 CAPRYLATE,POLYGLYCERYL-10 CAPRYLATE,POLYGLYCERYL-10 CAPRYLATE
Polyglyceryl-10 Caprylate,POLYGLYCERYL-10 CAPRYLATE,POLYGLYCERYL-10 CAPRYLATE
Polyglyceryl-10 Decaoleate,POLYGLYCERYL-10 DECAOLEATE,POLYGLYCERYL-10 DECAOLEATE
POLYGLYCERYL-10 HYDROXYSTEARATE,POLYGLYCERYL-10 HYDROXYSTEARATE,POLYGLYCERYL-10 HYDROXYSTEARATE
POLYGLYCERYL-10 ISOSTEARATE,POLYGLYCERYL-10 ISOSTEARATE,POLYGLYCERYL-10 ISOSTEARATE
Polyglyceryl-10 Isostearate,POLYGLYCERYL-10 ISOSTEARATE,POLYGLYCERYL-10 ISOSTEARATE
POLYGLYCERYL-10 LAURATE,POLYGLYCERYL-10 LAURATE,POLYGLYCERYL-10 LAURATE
Polyglyceryl-10 Laurate,POLYGLYCERYL-10 LAURATE,POLYGLYCERYL-10 LAURATE
POLYGLYCERYL-10 MYRISTATE,POLYGLYCERYL-10 MYRISTATE,POLYGLYCERYL-10 MYRISTATE
Polyglyceryl-10 Myristate,POLYGLYCERYL-10 MYRISTATE,POLYGLYCERYL-10 MYRISTATE
POLYGLYCERYL-10 OLEATE,POLYGLYCERYL-10 OLEATE,POLYGLYCERYL-10 OLEATE
Polyglyceryl-10 Oleate,POLYGLYCERYL-10 OLEATE,POLYGLYCERYL-10 OLEATE
Polyglyceryl-10 Pentaisostearate,POLYGLYCERYL-10 PENTAISOSTEARATE,POLYGLYCERYL-10 PENTAISOSTEARATE
Polyglyceryl-10 Stearate,POLYGLYCERYL-10 STEARATE,POLYGLYCERYL-10 STEARATE
POLYGLYCERYL-10 STEARATE,POLYGLYCERYL-10 STEARATE,POLYGLYCERYL-10 STEARATE
Polyglyceryl-10stearate,POLYGLYCERYL-10STEARATE,POLYGLYCERYL-10 STEARATE
POLYGLYCERYL-2 CAPRATE,POLYGLYCERYL-2 CAPRATE,POLYGLYCERYL-2 CAPRATE
Polyglyceryl-2 Caprate,POLYGLYCERYL-2 CAPRATE,POLYGLYCERYL-2 CAPRATE
POLYGLYCERYL-2 DIISOSTEARATE,POLYGLYCERYL-2 DIISOSTEARATE,POLYGLYCERYL-2 DIISOSTEARATE
Polyglyceryl-2 Diisostearate,POLYGLYCERYL-2 DIISOSTEARATE,POLYGLYCERYL-2 DIISOSTEARATE
Polyglyceryl-2 Dipolyhydroxystearate,POLYGLYCERYL-2 DIPOLYHYDROXYSTEARATE,POLYGLYCERYL-2 DIPOLYHYDROXYSTEARATE
POLYGLYCERYL-2 DIPOLYHYDROXYSTEARATE,POLYGLYCERYL-2 DIPOLYHYDROXYSTEARATE,POLYGLYCERYL-2 DIPOLYHYDROXYSTEARATE
Polyglyceryl-2 Isostearate,POLYGLYCERYL-2 ISOSTEARATE,POLYGLYCERYL-2 ISOSTEARATE
POLYGLYCERYL-2 ISOSTEARATE,POLYGLYCERYL-2 ISOSTEARATE,POLYGLYCERYL-2 ISOSTEARATE
POLYGLYCERYL-2 ISOSTEARATE/DIMER DILINOLEATE COPOLYMER,POLYGLYCERYL-2 ISOSTEARATE/DIMER DILINOLEATE COPOLYMER,POLYGLYCERYL-2 ISOSTEARATE/DIMER DILINOLEATE COPOLYMER
Polyglyceryl-2 Isostearate/Dimer Dilinoleate Copolymer,POLYGLYCERYL-2 ISOSTEARATE/DIMER DILINOLEATE COPOLYMER,POLYGLYCERYL-2 ISOSTEARATE/DIMER DILINOLEATE COPOLYMER
Polyglyceryl-2 Oleate,POLYGLYCERYL-2 OLEATE,POLYGLYCERYL-2 OLEATE
POLYGLYCERYL-2 SESQUIOLEATE,POLYGLYCERYL-2 SESQUIOLEATE,POLYGLYCERYL-2 SESQUIOLEATE
POLYGLYCERYL-2 STEARATE,POLYGLYCERYL-2 STEARATE,POLYGLYCERYL-2 STEARATE
Polyglyceryl-2 Stearate,POLYGLYCERYL-2 STEARATE,POLYGLYCERYL-2 STEARATE
Polyglyceryl-2 Tetraisostearate,POLYGLYCERYL-2 TETRAISOSTEARATE,POLYGLYCERYL-2 TETRAISOSTEARATE
POLYGLYCERYL-2 TETRAISOSTEARATE,POLYGLYCERYL-2 TETRAISOSTEARATE,POLYGLYCERYL-2 TETRAISOSTEARATE
POLYGLYCERYL-2 TRIISOSTEARATE,POLYGLYCERYL-2 TRIISOSTEARATE,POLYGLYCERYL-2 TRIISOSTEARATE
Polyglyceryl-2 triisostearate,POLYGLYCERYL-2 TRIISOSTEARATE,POLYGLYCERYL-2 TRIISOSTEARATE
Polyglyceryl-2 Triisostearate,POLYGLYCERYL-2 TRIISOSTEARATE,POLYGLYCERYL-2 TRIISOSTEARATE
Polyglyceryl-2 Triisostearte,POLYGLYCERYL-2 TRIISOSTEARTE,POLYGLYCERYL-2 TRIISOSTEARATE
TOCOPHEROL,TOCOPHEROL,TOCOPHEROL
Polyglyceryl-3 Beeswax,POLYGLYCERYL-3 BEESWAX,POLYGLYCERYL-3 BEESWAX
POLYGLYCERYL-3 CAPRATE,POLYGLYCERYL-3 CAPRATE,POLYGLYCERYL-3 CAPRATE
Polyglyceryl-3 Caprate,POLYGLYCERYL-3 CAPRATE,POLYGLYCERYL-3 CAPRATE
Polyglyceryl-3 Cocoate,POLYGLYCERYL-3 COCOATE,POLYGLYCERYL-3 COCOATE
POLYGLYCERYL-3 DICITRATE,POLYGLYCERYL-3 DICITRATE,POLYGLYCERYL-3 DICITRATE
Polyglyceryl-3 Dicitrate,POLYGLYCERYL-3 DICITRATE,POLYGLYCERYL-3 DICITRATE
polyglyceryl-3 Diisostearate,POLYGLYCERYL-3 DIISOSTEARATE,POLYGLYCERYL-3 DIISOSTEARATE
Polyglyceryl - 3 Diisostearate,POLYGLYCERYL-3 DIISOSTEARATE,POLYGLYCERYL-3 DIISOSTEARATE
POLYGLYCERYL-3 DIISOSTEARATE,POLYGLYCERYL-3 DIISOSTEARATE,POLYGLYCERYL-3 DIISOSTEARATE
Polyglyceryl-3 Diisostearate,POLYGLYCERYL-3 DIISOSTEARATE,POLYGLYCERYL-3 DIISOSTEARATE
Polyglyceryl-3 Disostearate,POLYGLYCERYL-3 DISOSTEARATE,POLYGLYCERYL-3 DIISOSTEARATE
POLYGLYCERYL-3 DISTEARATE,POLYGLYCERYL-3 DISTEARATE,POLYGLYCERYL-3 DISTEARATE
Polyglyceryl-3 Distearate,POLYGLYCERYL-3 DISTEARATE,POLYGLYCERYL-3 DISTEARATE
Ingredients: Polyglyceryl-3 Laurate,POLYGLYCERYL-3 LAURATE,POLYGLYCERYL-3 LAURATE
POLYGLYCERYL-3 METHYLGLUCOSE DISTEARATE,POLYGLYCERYL-3 METHYLGLUCOSE DISTEARATE,POLYGLYCERYL-3 METHYLGLUCOSE DISTEARATE
Polyglyceryl-3 Methylglucose Distearate,POLYGLYCERYL-3 METHYLGLUCOSE DISTEARATE,POLYGLYCERYL-3 METHYLGLUCOSE DISTEARATE
Polyglyceryl-3 Oleate,POLYGLYCERYL-3 OLEATE,POLYGLYCERYL-3 OLEATE
Polyglyceryl-3 PCA,POLYGLYCERYL-3 PCA,POLYGLYCERYL-3 PCA
POLYGLYCERYL-3 PCA,POLYGLYCERYL-3 PCA,POLYGLYCERYL-3 PCA
Polyglyceryl-3 Polydimethylsiloxyethyl Dimethicone,POLYGLYCERYL-3 POLYDIMETHYLSILOXYETHYL DIMETHICONE,POLYGLYCERYL-3 POLYDIMETHYLSILOXYETHYL DIMETHICONE
Polyglyceryl-3 Polyricinoleate,POLYGLYCERYL-3 POLYRICINOLEATE,POLYGLYCERYL-3 POLYRICINOLEATE
POLYGLYCERYL-3 POLYRICINOLEATE,POLYGLYCERYL-3 POLYRICINOLEATE,POLYGLYCERYL-3 POLYRICINOLEATE
Polyglyceryl-3 Rice Branate,POLYGLYCERYL-3 RICE BRANATE,POLYGLYCERYL-3 RICE BRANATE
POLYGLYCERYL-3 RICE BRANATE,POLYGLYCERYL-3 RICE BRANATE,POLYGLYCERYL-3 RICE BRANATE
POLYGLYCERYL-3 RICINOLEATE,POLYGLYCERYL-3 RICINOLEATE,POLYGLYCERYL-3 RICINOLEATE
Polyglyceryl-3 Ricinoleate,POLYGLYCERYL-3 RICINOLEATE,POLYGLYCERYL-3 RICINOLEATE
POLYGLYCERYL-3 STEARATE,POLYGLYCERYL-3 STEARATE,POLYGLYCERYL-3 STEARATE
Polyglyceryl-3 Stearate,POLYGLYCERYL-3 STEARATE,POLYGLYCERYL-3 STEARATE
Polyglyceryl-4,POLYGLYCERYL-4,POLYGLYCERYL-4 CAPRATE
Polyglyceryl-4 Caprate (biodegradowalny surfaktant roślinny),POLYGLYCERYL-4 CAPRATE,POLYGLYCERYL-4 CAPRATE
POLYGLYCERYL-4 CAPRATE,POLYGLYCERYL-4 CAPRATE,POLYGLYCERYL-4 CAPRATE
Polyglyceryl-4 Caprate,POLYGLYCERYL-4 CAPRATE,POLYGLYCERYL-4 CAPRATE
Polyglyceryl-4 Diisostearate,POLYGLYCERYL-4 DIISOSTEARATE,POLYGLYCERYL-4 DIISOSTEARATE
POLYGLYCERYL-4 DIISOSTEARATE,POLYGLYCERYL-4 DIISOSTEARATE,POLYGLYCERYL-4 DIISOSTEARATE
POLYGLYCERYL-4 DIISOSTEARATE-POLYHYDROXYSTEARATE-SEBACATE,POLYGLYCERYL-4 DIISOSTEARATE-POLYHYDROXYSTEARATE-SEBACATE,POLYGLYCERYL-4 DIISOSTEARATE-POLYHYDROXYSTEARATE-SEBACATE
Polyglyceryl-4 Isooleate,POLYGLYCERYL-4 ISOOLEATE,POLYGLYCERYL-4 ISOOLEATE
POLYGLYCERYL-4 ISOSTEARATE,POLYGLYCERYL-4 ISOSTEARATE,POLYGLYCERYL-4 ISOSTEARATE
Polyglyceryl-4 Isostearate,POLYGLYCERYL-4 ISOSTEARATE,POLYGLYCERYL-4 ISOSTEARATE
Polyglyceryl-4 Laurate,POLYGLYCERYL-4 LAURATE,POLYGLYCERYL-4 LAURATE
Polyglyceryl - 4 Laurate,POLYGLYCERYL-4 LAURATE,POLYGLYCERYL-4 LAURATE
POLYGLYCERYL-4 LAURATE,POLYGLYCERYL-4 LAURATE,POLYGLYCERYL-4 LAURATE
Polyglyceryl-4 Oleate,POLYGLYCERYL-4 OLEATE,POLYGLYCERYL-4 OLEATE
POLYGLYCERYL-4 OLEATE,POLYGLYCERYL-4 OLEATE,POLYGLYCERYL-4 OLEATE
Polyglyceryl-4 Pelargonate,POLYGLYCERYL-4 PELARGONATE,POLYGLYCERYL-4 PELARGONATE
POLYGLYCERYL-4 PELARGONATE,POLYGLYCERYL-4 PELARGONATE,POLYGLYCERYL-4 PELARGONATE
Polyglyceryl-6 Behenate,POLYGLYCERYL-6 BEHENATE,POLYGLYCERYL-6 BEHENATE
POLYGLYCERYL-6 BEHENATE,POLYGLYCERYL-6 BEHENATE,POLYGLYCERYL-6 BEHENATE
Polyglyceryl-6 Caprylate,POLYGLYCERYL-6 CAPRYLATE,POLYGLYCERYL-6 CAPRYLATE
Polyglyceryl - 6 Caprylate,POLYGLYCERYL-6 CAPRYLATE,POLYGLYCERYL-6 CAPRYLATE
POLYGLYCERYL-6 CAPRYLATE,POLYGLYCERYL-6 CAPRYLATE,POLYGLYCERYL-6 CAPRYLATE
POLYGLYCERYL-6 DISTEARATE,POLYGLYCERYL-6 DISTEARATE,POLYGLYCERYL-6 DISTEARATE
POLYGLYCERYL-6 LAURATE,POLYGLYCERYL-6 LAURATE,POLYGLYCERYL-6 LAURATE
Polyglyceryl-6 Laurate,POLYGLYCERYL-6 LAURATE,POLYGLYCERYL-6 LAURATE
Polyglyceryl-6 Oleate (Plant Origin),POLYGLYCERYL-6 OLEATE,POLYGLYCERYL-6 OLEATE
Polyglyceryl-6 Oleate (Plant origin),POLYGLYCERYL-6 OLEATE,POLYGLYCERYL-6 OLEATE
POLYGLYCERYL-6 OLEATE,POLYGLYCERYL-6 OLEATE,POLYGLYCERYL-6 OLEATE
POLYGLYCERYL-6 PALMITATE,POLYGLYCERYL-6 PALMITATE,POLYGLYCERYL-6 PALMITATE
POLYGLYCERYL-6 POLYRICINOLEATE,POLYGLYCERYL-6 POLYRICINOLEATE,POLYGLYCERYL-6 POLYRICINOLEATE
Polyglyceryl-6 Polyricinoleate,POLYGLYCERYL-6 POLYRICINOLEATE,POLYGLYCERYL-6 POLYRICINOLEATE
Polyglyceryl-6 Ricinoleate,POLYGLYCERYL-6 RICINOLEATE,POLYGLYCERYL-6 RICINOLEATE
Polyglyceryl-6 Stearate,POLYGLYCERYL-6 STEARATE,POLYGLYCERYL-6 STEARATE
POLYGLYCERYL-6 STEARATE,POLYGLYCERYL-6 STEARATE,POLYGLYCERYL-6 STEARATE
POLYGONATUM MULTIFLORUM RHIZOME,POLYGONATUM MULTIFLORUM RHIZOME,POLYGONATUM MULTIFLORUM RHIZOME
Polygonum Cuspidatum Extract,POLYGONUM CUSPIDATUM EXTRACT,POLYGONUM CUSPIDATUM EXTRACT
Polygonum Cuspidatum R oot Extract,POLYGONUM CUSPIDATUM R OOT EXTRACT,POLYGONUM CUSPIDATUM ROOT EXTRACT
Polygonum Cuspidatum Root Extract,POLYGONUM CUSPIDATUM ROOT EXTRACT,POLYGONUM CUSPIDATUM ROOT EXTRACT
POLYGONUM CUSPIDATUM ROOT EXTRACT,POLYGONUM CUSPIDATUM ROOT EXTRACT,POLYGONUM CUSPIDATUM ROOT EXTRACT
POLYGONUM FAGOPYRUM SEED EXTRACT,POLYGONUM FAGOPYRUM SEED EXTRACT,POLYGONUM FAGOPYRUM SEED EXTRACT
POLYGONUM MULTIFLORUM ROOT EXTRACT,POLYGONUM MULTIFLORUM ROOT EXTRACT,POLYGONUM MULTIFLORUM ROOT EXTRACT
Polygonum Tinctorium Leaf Extract,POLYGONUM TINCTORIUM LEAF EXTRACT,POLYGONUM TINCTORIUM LEAF EXTRACT
Polygycerin-6,POLYGYCERIN-6,POLYGYCERIN-6
POLYHYDROXYSTEARATE,POLYHYDROXYSTEARATE,POLYHYDROXYSTEARATE
Polyhydroxystearate,POLYHYDROXYSTEARATE,POLYHYDROXYSTEARATE
Polyhydroxystearic Acid,POLYHYDROXYSTEARIC ACID,POLYHYDROXYSTEARIC ACID
POLYHYDROXYSTEARIC ACID,POLYHYDROXYSTEARIC ACID,POLYHYDROXYSTEARIC ACID
Polyisobutene,POLYISOBUTENE,POLYISOBUTENE
POLYISOBUTENE,POLYISOBUTENE,POLYISOBUTENE
Polymethyl Methacrylate,POLYMETHYL METHACRYLATE,POLYMETHYL METHACRYLATE
POLYMETHYL METHACRYLATE,POLYMETHYL METHACRYLATE,POLYMETHYL METHACRYLATE
Polymethyl Taurate,POLYMETHYL TAURATE,POLYMETHYL TAURATE
POLYMETHYLSILSESQUIOXANE,POLYMETHYLSILSESQUIOXANE,POLYMETHYLSILSESQUIOXANE
Polymethylsilsesquioxane,POLYMETHYLSILSESQUIOXANE,POLYMETHYLSILSESQUIOXANE
POLYMETHYLSILSESQUIOXANE/SILICA CROSSPOLYMER,POLYMETHYLSILSESQUIOXANE/SILICA CROSSPOLYMER,POLYMETHYLSILSESQUIOXANE
Polymina Sonchifolia Root Juice,POLYMINA SONCHIFOLIA ROOT JUICE,POLYMNIA SONCHIFOLIA ROOT JUICE
Polymnia Sonchifolia Root Juice,POLYMNIA SONCHIFOLIA ROOT JUICE,POLYMNIA SONCHIFOLIA ROOT JUICE
POLYMNIA SONCHIFOLIA ROOT JUICE,POLYMNIA SONCHIFOLIA ROOT JUICE,POLYMNIA SONCHIFOLIA ROOT JUICE
POLYPROPYLSILSESQUIOXANE,POLYPROPYLSILSESQUIOXANE,POLYPROPYLSILSESQUIOXANE
Polyquarternium-51,POLYQUARTERNIUM-51,POLYQUATERNIUM-51
Polyquaternium-10,POLYQUATERNIUM-10,POLYQUATERNIUM-10
POLYQUATERNIUM-37,POLYQUATERNIUM-37,POLYQUATERNIUM-37
Polyquaternium-51,POLYQUATERNIUM-51,POLYQUATERNIUM-51
POLYQUATERNIUM-51,POLYQUATERNIUM-51,POLYQUATERNIUM-51
POLYQUATERNIUM-67,POLYQUATERNIUM-67,POLYQUATERNIUM-67
Polyquaternium-67,POLYQUATERNIUM-67,POLYQUATERNIUM-67
POLYQUATERNIUM-7,POLYQUATERNIUM-7,POLYQUATERNIUM-7
Polyquaternium-7,POLYQUATERNIUM-7,POLYQUATERNIUM-7
POLYSILICONE-11,POLYSILICONE-11,POLYSILICONE-11
Polysilicone-11,POLYSILICONE-11,POLYSILICONE-11
Polysilicone-15,POLYSILICONE-15,POLYSILICONE-15
POLYSILICONE-15,POLYSILICONE-15,POLYSILICONE-15
POLYSORBATE 20,POLYSORBATE 20,POLYSORBATE 20
Polysorbate 20,POLYSORBATE 20,POLYSORBATE 20
Polysorbate 60,POLYSORBATE 60,POLYSORBATE 60
POLYSORBATE 60,POLYSORBATE 60,POLYSORBATE 60
POLYSORBATE 80,POLYSORBATE 80,POLYSORBATE 80
polysorbate 80,POLYSORBATE 80,POLYSORBATE 80
Polysorbate 80,POLYSORBATE 80,POLYSORBATE 80
Polysorbate-20,POLYSORBATE-20,POLYSORBATE-20
POLYURETHANE-1,POLYURETHANE-1,POLYURETHANE-1
POLYURETHANE-35,POLYURETHANE-35,POLYURETHANE-35
Polyvinyl Alcohol,POLYVINYL ALCOHOL,POLYVINYL ALCOHOL
POLYVINYL ALCOHOL,POLYVINYL ALCOHOL,POLYVINYL ALCOHOL
Populus Tremuloides Bark Extract,POPULUS TREMULOIDES BARK EXTRACT,POPULUS TREMULOIDES BARK EXTRACT
POPULUS TREMULOIDES BARK EXTRACT,POPULUS TREMULOIDES BARK EXTRACT,POPULUS TREMULOIDES BARK EXTRACT
Porphyra Umbilicalis Extract,PORPHYRA UMBILICALIS EXTRACT,PORPHYRA UMBILICALIS EXTRACT
PORTULACA OLERACEA EXTRACT,PORTULACA OLERACEA EXTRACT,PORTULACA OLERACEA EXTRACT
Portulaca Oleracea Extract,PORTULACA OLERACEA EXTRACT,PORTULACA OLERACEA EXTRACT
Potassium Acrylates/C10-30 Alkyl Acrylate Crosspolymer,POTASSIUM ACRYLATES/C10-30 ALKYL ACRYLATE CROSSPOLYMER,POTASSIUM ACRYLATES/C10-30 ALKYL ACRYLATE CROSSPOLYMER
POTASSIUM ACRYLATES/C10-30 ALKYL ACRYLATE CROSSPOLYMER,POTASSIUM ACRYLATES/C10-30 ALKYL ACRYLATE CROSSPOLYMER,POTASSIUM ACRYLATES/C10-30 ALKYL ACRYLATE CROSSPOLYMER
Potassium Azeloyl Diglycinate,POTASSIUM AZELOYL DIGLYCINATE,POTASSIUM AZELOYL DIGLYCINATE
POTASSIUM AZELOYL DIGLYCINATE,POTASSIUM AZELOYL DIGLYCINATE,POTASSIUM AZELOYL DIGLYCINATE
Potassium Benzoate,POTASSIUM BENZOATE,POTASSIUM BENZOATE
POTASSIUM BENZOATE,POTASSIUM BENZOATE,POTASSIUM BENZOATE
Potassium Cetyl Phosphate,POTASSIUM CETYL PHOSPHATE,POTASSIUM CETYL PHOSPHATE
POTASSIUM CETYL PHOSPHATE,POTASSIUM CETYL PHOSPHATE,POTASSIUM CETYL PHOSPHATE
POTASSIUM CHLORIDE,POTASSIUM CHLORIDE,POTASSIUM CHLORIDE
Potassium Chloride,POTASSIUM CHLORIDE,POTASSIUM CHLORIDE
Potassium Citrate,POTASSIUM CITRATE,POTASSIUM CITRATE
POTASSIUM COCOATE,POTASSIUM COCOATE,POTASSIUM COCOATE
Potassium Cocoate,POTASSIUM COCOATE,POTASSIUM COCOATE
Potassium Cocoyl Glycinate,POTASSIUM COCOYL GLYCINATE,POTASSIUM COCOYL GLYCINATE
POTASSIUM COCOYL GLYCINATE,POTASSIUM COCOYL GLYCINATE,POTASSIUM COCOYL GLYCINATE
POTASSIUM COCOYL RICE AMINO ACIDS,POTASSIUM COCOYL RICE AMINO ACIDS,POTASSIUM COCOYL RICE AMINO ACIDS
Potassium Hyaluronate,POTASSIUM HYALURONATE,POTASSIUM HYALURONATE
POTASSIUM HYALURONATE,POTASSIUM HYALURONATE,POTASSIUM HYALURONATE
POTASSIUM HYDROXIDE,POTASSIUM HYDROXIDE,POTASSIUM HYDROXIDE
Potassium Hydroxide,POTASSIUM HYDROXIDE,POTASSIUM HYDROXIDE
Potassium Hydroxide ,POTASSIUM HYDROXIDE,POTASSIUM HYDROXIDE
POTASSIUM LACTATE,POTASSIUM LACTATE,POTASSIUM LACTATE
Potassium Lactate,POTASSIUM LACTATE,POTASSIUM LACTATE
POTASSIUM OLIVOYL PCA,POTASSIUM OLIVOYL PCA,POTASSIUM OLIVOYL PCA
Potassium Palmitoyl Hydrolyzed Oat Protein,POTASSIUM PALMITOYL HYDROLYZED OAT PROTEIN,POTASSIUM PALMITOYL HYDROLYZED OAT PROTEIN
Potassium Palmitoyl Hydrolyzed Wheat Protein,POTASSIUM PALMITOYL HYDROLYZED WHEAT PROTEIN,POTASSIUM PALMITOYL HYDROLYZED WHEAT PROTEIN
POTASSIUM PCA,POTASSIUM PCA,POTASSIUM PCA
Potassium Phosphate,POTASSIUM PHOSPHATE,POTASSIUM PHOSPHATE
POTASSIUM PHOSPHATE,POTASSIUM PHOSPHATE,POTASSIUM PHOSPHATE
Potassium Silicate,POTASSIUM SILICATE,POTASSIUM SILICATE
Potassium Sor - bate,POTASSIUM SOR-BATE,POTASSIUM SORBATE
Potassium Sorbate,POTASSIUM SORBATE,POTASSIUM SORBATE
potassium sorbate,POTASSIUM SORBATE,POTASSIUM SORBATE
POTASSIUM SORBATE,POTASSIUM SORBATE,POTASSIUM SORBATE
Potassium Sorbate.?? *składniki pochodzenia naturalnego,POTASSIUM SORBATE.??,POTASSIUM SORBATE
Potassium Thiocyanate,POTASSIUM THIOCYANATE,POTASSIUM THIOCYANATE
Potato Extract Ferment Filtrate,POTATO EXTRACT FERMENT FILTRATE,POTATO EXTRACT FERMENT FILTRATE
POTATO EXTRACT FERMENT FILTRATE,POTATO EXTRACT FERMENT FILTRATE,POTATO EXTRACT FERMENT FILTRATE
POTATO STARCH MODIFIED,POTATO STARCH MODIFIED,POTATO STARCH MODIFIED
Potentilla Tormentilla,POTENTILLA TORMENTILLA,POTENTILLA TORMENTILLA
POUTERIA LUCUMA PULP EXTRACT,POUTERIA LUCUMA PULP EXTRACT,POUTERIA LUCUMA PULP EXTRACT
ppg,PPG,PPG
PPG,PPG,PPG
PPG* 10 Methyl Glucose Ether,PPG* 10 METHYL GLUCOSE ETHER,PPG-10 METHYL GLUCOSE ETHER
PPG-1-PEG-9 Lauryl Glycol Ether,PPG-1-PEG-9 LAURYL GLYCOL ETHER,PPG-1-PEG-9 LAURYL GLYCOL ETHER
PPG-10,PPG-10,PPG-10
PPG-120,PPG-120,PPG-120
PPG-13-Decyltetradeceth-24,PPG-13-DECYLTETRADECETH-24,PPG-13-DECYLTETRADECETH-24
PPG-14,PPG-14,PPG-14
Ppg-16,PPG-16,PPG-16
PPG-16,PPG-16,PPG-16
PPG-17,PPG-17,PPG-17
PPG-18,PPG-18,PPG-18
PPG-26-BUTETH-26,PPG-26-BUTETH-26,PPG-26-BUTETH-26
PPG-26-Buteth-26,PPG-26-BUTETH-26,PPG-26-BUTETH-26
Ppg-26-Buteth-26,PPG-26-BUTETH-26,PPG-26-BUTETH-26
PPG-3 BENZYL ETHER MYRISTATE,PPG-3 BENZYL ETHER MYRISTATE,PPG-3 BENZYL ETHER MYRISTATE
PPG-3 CAPRYLYL ETHER,PPG-3 CAPRYLYL ETHER,PPG-3 CAPRYLYL ETHER
PPG-3 Myristyl Ether,PPG-3 MYRISTYL ETHER,PPG-3 MYRISTYL ETHER
Ppg-5-ceteth-20,PPG-5-CETETH-20,PPG-5-CETETH-20
PPG-5-CETETH-20,PPG-5-CETETH-20,PPG-5-CETETH-20
Ppg-5-ceteth20,PPG-5-CETETH20,PPG-5-CETETH-20
Ppg-6-Decyltetradeceth-30,PPG-6-DECYLTETRADECETH-30,PPG-6-DECYLTETRADECETH-30
PPG16,PPG16,PPG-16
Proline,PROLINE,PROLINE
PROLINE,PROLINE,PROLINE
Propa- nediol,PROPA- NEDIOL,PROPANEDIOL
PROPANE,PROPANE,PROPANE
Propanediol,PROPANEDIOL,PROPANEDIOL
PROPANEDIOL,PROPANEDIOL,PROPANEDIOL
Propanediol (Plant Origin),PROPANEDIOL,PROPANEDIOL
Propanediol Dicaprylate,PROPANEDIOL DICAPRYLATE,PROPANEDIOL DICAPRYLATE
PROPANEDIOL DICAPRYLATE,PROPANEDIOL DICAPRYLATE,PROPANEDIOL DICAPRYLATE
PROPOLIS EXTRACT,PROPOLIS EXTRACT,PROPOLIS EXTRACT
Propyl Gallate,PROPYL GALLATE,PROPYL GALLATE
PROPYL GALLATE,PROPYL GALLATE,PROPYL GALLATE
PROPYLENE CARBONATE,PROPYLENE CARBONATE,PROPYLENE CARBONATE
Propylene Carbonate,PROPYLENE CARBONATE,PROPYLENE CARBONATE
PROPYLENE GLYCOL,PROPYLENE GLYCOL,PROPYLENE GLYCOL
Propylene Glycol,PROPYLENE GLYCOL,PROPYLENE GLYCOL
Propylene glycol,PROPYLENE GLYCOL,PROPYLENE GLYCOL
Propylene Glycol Cetrimonium Chloride,PROPYLENE GLYCOL CETRIMONIUM CHLORIDE,PROPYLENE GLYCOL CETRIMONIUM CHLORIDE
PROPYLENE GLYCOL DIBENZOATE,PROPYLENE GLYCOL DIBENZOATE,PROPYLENE GLYCOL DIBENZOATE
Propylene Glycol Dibenzoate,PROPYLENE GLYCOL DIBENZOATE,PROPYLENE GLYCOL DIBENZOATE
PROPYLENE GLYCOL DICAPRYLATE,PROPYLENE GLYCOL DICAPRYLATE,PROPYLENE GLYCOL DICAPRYLATE
PROPYLENE GLYCOL DIHEPTANOATE,PROPYLENE GLYCOL DIHEPTANOATE,PROPYLENE GLYCOL DIHEPTANOATE
Propylene Glycol Laurate,PROPYLENE GLYCOL LAURATE,PROPYLENE GLYCOL LAURATE
Propylenen Glycol,PROPYLENEN GLYCOL,PROPYLENE GLYCOL
Propylheptyl Caprylate,PROPYLHEPTYL CAPRYLATE,PROPYLHEPTYL CAPRYLATE
PROPYLHEPTYL CAPRYLATE,PROPYLHEPTYL CAPRYLATE,PROPYLHEPTYL CAPRYLATE
PROPYLPARABEN,PROPYLPARABEN,PROPYLPARABEN
Propylparaben,PROPYLPARABEN,PROPYLPARABEN
Propylparaben DMDM Hydantoin,PROPYLPARABEN DMDM HYDANTOIN,PROPYLPARABEN
Propylparaben DMDM Hydantoin,PROPYLPARABEN DMDM HYDANTOIN,DMDM HYDANTOIN
Protease,PROTEASE,PROTEASE
PRUNELLA VULGARIS LEAF EXTRACT,PRUNELLA VULGARIS LEAF EXTRACT,PRUNELLA VULGARIS LEAF EXTRACT
Prunus Amygdalus Dilcis Oil,PRUNUS AMYGDALUS DILCIS OIL,PRUNUS AMYGDALUS DULCIS OIL
PRUNUS AMYGDALUS DULCIS FRUIT EXTRACT,PRUNUS AMYGDALUS DULCIS FRUIT EXTRACT,PRUNUS AMYGDALUS DULCIS FRUIT EXTRACT
Prunus Amygdalus Dulcis Fruit Extract,PRUNUS AMYGDALUS DULCIS FRUIT EXTRACT,PRUNUS AMYGDALUS DULCIS FRUIT EXTRACT
Prunus Amygdalus Dulcis (Sweet Almond ) Oil,PRUNUS AMYGDALUS DULCIS OIL,PRUNUS AMYGDALUS DULCIS OIL
PRUNUS AMYGDALUS DULCIS OIL,PRUNUS AMYGDALUS DULCIS OIL,PRUNUS AMYGDALUS DULCIS OIL
Prunus Amygdalus (sweet Almond) Dulcis Oil,PRUNUS AMYGDALUS DULCIS OIL,PRUNUS AMYGDALUS DULCIS OIL
CHUSTECZKA KOSMETYCZNA: PRUNUS AMYGDALUS DULCIS OIL,PRUNUS AMYGDALUS DULCIS OIL,PRUNUS AMYGDALUS DULCIS OIL
Prunus Amygdalus Dulcis Oil,PRUNUS AMYGDALUS DULCIS OIL,PRUNUS AMYGDALUS DULCIS OIL
Prunus Amygdalus Dulcis (Sweet Almond) Oil,PRUNUS AMYGDALUS DULCIS OIL,PRUNUS AMYGDALUS DULCIS OIL
UnsaponifiablesTocopheryl Acetate,TOCOPHERYL ACETATE,TOCOPHERYL ACETATE
Prunus Amygdalus Dulcis Oleosomes,PRUNUS AMYGDALUS DULCIS OLEOSOMES,PRUNUS AMYGDALUS DULCIS OLEOSOMES
Prunus Amygdalus Dulcis Oli,PRUNUS AMYGDALUS DULCIS OLI,PRUNUS AMYGDALUS DULCIS OIL
Prunus Amygdalus Dulcis (Sweet Almond) Seed Extract,PRUNUS AMYGDALUS DULCIS SEED EXTRACT,PRUNUS AMYGDALUS DULCIS SEED EXTRACT
Prunus Amygdalus Dulcis Seed Extract,PRUNUS AMYGDALUS DULCIS SEED EXTRACT,PRUNUS AMYGDALUS DULCIS SEED EXTRACT
PRUNUS AMYGDALUS DULCIS SEED EXTRACT,PRUNUS AMYGDALUS DULCIS SEED EXTRACT,PRUNUS AMYGDALUS DULCIS SEED EXTRACT
Prunus Amygdalus Dulcius Oil,PRUNUS AMYGDALUS DULCIUS OIL,PRUNUS AMYGDALUS DULCIS OIL
PRUNUS ARMENIACA FRUIT EXTRACT,PRUNUS ARMENIACA FRUIT EXTRACT,PRUNUS ARMENIACA FRUIT EXTRACT
Prunus Armeniaca (Apricot) Kernel Oil,PRUNUS ARMENIACA KERNEL OIL,PRUNUS ARMENIACA KERNEL OIL
Prunus Armeniaca Kernel Oil,PRUNUS ARMENIACA KERNEL OIL,PRUNUS ARMENIACA KERNEL OIL
prunus armeniaca kernel oil,PRUNUS ARMENIACA KERNEL OIL,PRUNUS ARMENIACA KERNEL OIL
PRUNUS ARMENIACA KERNEL OIL,PRUNUS ARMENIACA KERNEL OIL,PRUNUS ARMENIACA KERNEL OIL
PRUNUS ARMENIACA SEED POWDER,PRUNUS ARMENIACA SEED POWDER,PRUNUS ARMENIACA SEED POWDER
Prunus Avium Fruit Juice,PRUNUS AVIUM FRUIT JUICE,PRUNUS AVIUM FRUIT JUICE
Prunus Avium Seed Oil*(olejek z pestek wiśni - surowiec pozyskiwany wg filozofii ZERO WASTE),PRUNUS AVIUM SEED OIL,PRUNUS AVIUM SEED OIL
Prunus Avium Seed Oil,PRUNUS AVIUM SEED OIL,PRUNUS AVIUM SEED OIL
Prunus Avium (Sweet Cherry) Seed Oil,PRUNUS AVIUM SEED OIL,PRUNUS AVIUM SEED OIL
PRUNUS AVIUM SEED OIL,PRUNUS AVIUM SEED OIL,PRUNUS AVIUM SEED OIL
Prunus Avium Seed Oil (olej z pestek wiśni - surowiec pozyskiwany wg filozofii ZERO WASTE),PRUNUS AVIUM SEED OIL,PRUNUS AVIUM SEED OIL
PRUNUS CERASUS FLOWER EXTRACT,PRUNUS CERASUS FLOWER EXTRACT,PRUNUS CERASUS FLOWER EXTRACT
Prunus Cerasus Fruit Extract,PRUNUS CERASUS FRUIT EXTRACT,PRUNUS CERASUS FRUIT EXTRACT
PRUNUS CERASUS FRUIT EXTRACT,PRUNUS CERASUS FRUIT EXTRACT,PRUNUS CERASUS FRUIT EXTRACT
Prunus Cerasus (Bitter Cherry) Seed Oil,PRUNUS CERASUS SEED OIL,PRUNUS CERASUS SEED OIL
Prunus Domestica (Plum) Fruit Extract,PRUNUS DOMESTICA FRUIT EXTRACT,PRUNUS DOMESTICA FRUIT EXTRACT
Prunus Domestica Seed Oil,PRUNUS DOMESTICA SEED OIL,PRUNUS DOMESTICA SEED OIL
Prunus Malus Fruit Extract,PRUNUS MALUS FRUIT EXTRACT,PRUNUS MALUS FRUIT EXTRACT
Prunus Mume Flower Water,PRUNUS MUME FLOWER WATER,PRUNUS MUME FLOWER WATER
Prunus Mume Fruit Extract,PRUNUS MUME FRUIT EXTRACT,PRUNUS MUME FRUIT EXTRACT
PRUNUS MUME FRUIT EXTRACT,PRUNUS MUME FRUIT EXTRACT,PRUNUS MUME FRUIT EXTRACT
Prunus Mume Fruit Water,PRUNUS MUME FRUIT WATER,PRUNUS MUME FRUIT WATER
PRUNUS PERSICA FLOWER EXTRACT,PRUNUS PERSICA FLOWER EXTRACT,PRUNUS PERSICA FLOWER EXTRACT
Prunus Persica Fruit Extract,PRUNUS PERSICA FRUIT EXTRACT,PRUNUS PERSICA FRUIT EXTRACT
PRUNUS PERSICA FRUIT EXTRACT,PRUNUS PERSICA FRUIT EXTRACT,PRUNUS PERSICA FRUIT EXTRACT
PRUNUS PERSICA JUICE,PRUNUS PERSICA JUICE,PRUNUS PERSICA JUICE
PRUNUS PERSICA KERNEL OIL,PRUNUS PERSICA KERNEL OIL,PRUNUS PERSICA KERNEL OIL
Prunus Persica Kernel Oil,PRUNUS PERSICA KERNEL OIL,PRUNUS PERSICA KERNEL OIL
PRUNUS PERSICA LEAF EXTRACT,PRUNUS PERSICA LEAF EXTRACT,PRUNUS PERSICA LEAF EXTRACT
PRUNUS SERRULATA FLOWER EXTRACT,PRUNUS SERRULATA FLOWER EXTRACT,PRUNUS SERRULATA FLOWER EXTRACT
Prunus Serrulata Flower Extract,PRUNUS SERRULATA FLOWER EXTRACT,PRUNUS SERRULATA FLOWER EXTRACT
PSEUDOALTEROMONAS FERMENT EXTRACT,PSEUDOALTEROMONAS FERMENT EXTRACT,PSEUDOALTEROMONAS FERMENT EXTRACT
Pseudoalteromonas Ferment Extract,PSEUDOALTEROMONAS FERMENT EXTRACT,PSEUDOALTEROMONAS FERMENT EXTRACT
Pseudozyma Epicola,PSEUDOZYMA EPICOLA,PSEUDOZYMA EPICOLA
PSIDIUM GUAJAVA FRUIT EXTRACT,PSIDIUM GUAJAVA FRUIT EXTRACT,PSIDIUM GUAJAVA FRUIT EXTRACT
PSIDIUM GUAJAVA LEAF EXTRACT,PSIDIUM GUAJAVA LEAF EXTRACT,PSIDIUM GUAJAVA LEAF EXTRACT
Ptfe,PTFE,PTFE
Pueraria Lobata Root Extract,PUERARIA LOBATA ROOT EXTRACT,PUERARIA LOBATA ROOT EXTRACT
PUERARIA LOBATA ROOT EXTRACT,PUERARIA LOBATA ROOT EXTRACT,PUERARIA LOBATA ROOT EXTRACT
Pueraria Mirifica Root Extract,PUERARIA MIRIFICA ROOT EXTRACT,PUERARIA MIRIFICA ROOT EXTRACT
Pullulan,PULLULAN,PULLULAN
PULLULAN,PULLULAN,PULLULAN
PULSATILLA KOREANA EXTRACT,PULSATILLA KOREANA EXTRACT,PULSATILLA KOREANA EXTRACT
PUMICE,PUMICE,PUMICE
Pumice,PUMICE,PUMICE
PUMPKIN FERMENT EXTRACT,PUMPKIN FERMENT EXTRACT,PUMPKIN FERMENT EXTRACT
PUMPKIN FRUIT FERMENT FILTRATE,PUMPKIN FRUIT FERMENT FILTRATE,PUMPKIN FRUIT FERMENT FILTRATE
Pumpkin Fruit Ferment Filtrate,PUMPKIN FRUIT FERMENT FILTRATE,PUMPKIN FRUIT FERMENT FILTRATE
Punica,PUNICA,PUNICA
Punica Granatum Extract,PUNICA GRANATUM EXTRACT,PUNICA GRANATUM EXTRACT
PUNICA GRANATUM FLOWER EXTRACT,PUNICA GRANATUM FLOWER EXTRACT,PUNICA GRANATUM FLOWER EXTRACT
Punica Granatum Fruit Extract,PUNICA GRANATUM FRUIT EXTRACT,PUNICA GRANATUM FRUIT EXTRACT
Punica Granatum (Pomegranate) Fruit Extract,PUNICA GRANATUM FRUIT EXTRACT,PUNICA GRANATUM FRUIT EXTRACT
PUNICA GRANATUM FRUIT EXTRACT,PUNICA GRANATUM FRUIT EXTRACT,PUNICA GRANATUM FRUIT EXTRACT
Punica Granatum Fruit Ferment Extract (21 mg),PUNICA GRANATUM FRUIT FERMENT EXTRACT,PUNICA GRANATUM FRUIT FERMENT EXTRACT
PUNICA GRANATUM FRUIT JUICE,PUNICA GRANATUM FRUIT JUICE,PUNICA GRANATUM FRUIT JUICE
PUNICA GRANATUM SEED OIL,PUNICA GRANATUM SEED OIL,PUNICA GRANATUM SEED OIL
Punica Granatum Seed Oil,PUNICA GRANATUM SEED OIL,PUNICA GRANATUM SEED OIL
Punica Granatum Sterols,PUNICA GRANATUM STEROLS,PUNICA GRANATUM STEROLS
PunicaGranatum Seed Oil,PUNICAGRANATUM SEED OIL,PUNICA GRANATUM SEED OIL
Purified Water,PURIFIED WATER,AQUA
PURPUREA BARK EXTRACT,PURPUREA BARK EXTRACT,PURPUREA BARK EXTRACT
maska: PVC,PVC,PVC
Pvm/Ma Copolymer,PVM/MA COPOLYMER,PVM/MA COPOLYMER
PVM/MA COPOLYMER,PVM/MA COPOLYMER,PVM/MA COPOLYMER
PVM/MA Copolymer,PVM/MA COPOLYMER,PVM/MA COPOLYMER
Pvp,PVP,PVP
PVP,PVP,PVP
Pyridoxine HCI,PYRIDOXINE HCI,PYRIDOXINE HCL
PYRIDOXINE HCl,PYRIDOXINE HCL,PYRIDOXINE HCL
Pyridoxine HCl,PYRIDOXINE HCL,PYRIDOXINE HCL
Pyridoxine HCL,PYRIDOXINE HCL,PYRIDOXINE HCL
PYRUS COMMUNIS FRUIT EXTRACT,PYRUS COMMUNIS FRUIT EXTRACT,PYRUS COMMUNIS FRUIT EXTRACT
Pyrus Communis (Pear) Fruit Extract,PYRUS COMMUNIS FRUIT EXTRACT,PYRUS COMMUNIS FRUIT EXTRACT
PYRUS MALUS FIBER,PYRUS MALUS FIBER,PYRUS MALUS FIBER
Pyrus Malus(Apple) Fruit Extract,PYRUS MALUS FRUIT EXTRACT,PYRUS MALUS FRUIT EXTRACT
Pyrus Malus Fruit Extract,PYRUS MALUS FRUIT EXTRACT,PYRUS MALUS FRUIT EXTRACT
Pyrus Malus (Apple) Fruit Extract,PYRUS MALUS FRUIT EXTRACT,PYRUS MALUS FRUIT EXTRACT
PYRUS MALUS FRUIT EXTRACT,PYRUS MALUS FRUIT EXTRACT,PYRUS MALUS FRUIT EXTRACT
Pyrus Malus Fruit Water,PYRUS MALUS FRUIT WATER,PYRUS MALUS FRUIT WATER
PYRUS MALUS JUICE,PYRUS MALUS JUICE,PYRUS MALUS JUICE
PYRUS MALUS LEAF EXTRACT,PYRUS MALUS LEAF EXTRACT,PYRUS MALUS LEAF EXTRACT
PYRUS MALUS SEED OIL,PYRUS MALUS SEED OIL,PYRUS MALUS SEED OIL
Pyrus Malus Seed Oil,PYRUS MALUS SEED OIL,PYRUS MALUS SEED OIL
Pyrus Malus Seed Oil (olej z pestek jabłka - surowiec pozyskiwany wg filozofii ZERO WASTE),PYRUS MALUS SEED OIL,PYRUS MALUS SEED OIL
Pyrus Malus Seed oil* (olejek z pestek jabłka - surowiec pozyskiwany wg filozofii ZERO WASTE),PYRUS MALUS SEED OIL,PYRUS MALUS SEED OIL
PYRUS PYRIFOLIA FRUIT EXTRACT,PYRUS PYRIFOLIA FRUIT EXTRACT,PYRUS PYRIFOLIA FRUIT EXTRACT
Pyruvic Acid,PYRUVIC ACID,PYRUVIC ACID
QUARTZ,QUARTZ,QUARTZ
QUATERNIUM-73,QUATERNIUM-73,QUATERNIUM-73
Quercetin,QUERCETIN,QUERCETIN
Quercus Mongolica Leaf Extract,QUERCUS MONGOLICA LEAF EXTRACT,QUERCUS MONGOLICA LEAF EXTRACT
QUERCUS MONGOLICA LEAF EXTRACT,QUERCUS MONGOLICA LEAF EXTRACT,QUERCUS MONGOLICA LEAF EXTRACT
Quercus Suber Bark Extract,QUERCUS SUBER BARK EXTRACT,QUERCUS SUBER BARK EXTRACT
Quillaja Saponaria Bark Extract,QUILLAJA SAPONARIA BARK EXTRACT,QUILLAJA SAPONARIA BARK EXTRACT
R osmarinus Officinalis (Rosemary) Leaf Extract,R OSMARINUS OFFICINALIS LEAF EXTRACT,ROSMARINUS OFFICINALIS LEAF EXTRACT
radish Root Ferment Filtrate,RADISH ROOT FERMENT FILTRATE,RADISH ROOT FERMENT FILTRATE
Radish Root Ferment Filtrate,RADISH ROOT FERMENT FILTRATE,RADISH ROOT FERMENT FILTRATE
RADISH ROOT FERMENT FILTRATE,RADISH ROOT FERMENT FILTRATE,RADISH ROOT FERMENT FILTRATE
RASPBERRY KETONE,RASPBERRY KETONE,RASPBERRY KETONE
Raspberry Ketone,RASPBERRY KETONE,RASPBERRY KETONE
Rebaudioside A,REBAUDIOSIDE A,REBAUDIOSIDE A
Resveratrol,RESVERATROL,RESVERATROL
RESVERATROL,RESVERATROL,RESVERATROL
Retimyl Palmitate,RETIMYL PALMITATE,RETINYL PALMITATE
Retinal,RETINAL,RETINAL
RETINAL,RETINAL,RETINAL
Retinol,RETINOL,RETINOL
RETINOL,RETINOL,RETINOL
RETINOL (CZERWONE AMPUŁKI): AQUA,AQUA,AQUA
RETINYL ACETATE,RETINYL ACETATE,RETINYL ACETATE
RETINYL LINOLEATE,RETINYL LINOLEATE,RETINYL LINOLEATE
retinyl palmitate,RETINYL PALMITATE,RETINYL PALMITATE
Retinyl Palmitate (Vitamin A),RETINYL PALMITATE,RETINYL PALMITATE
RETINYL PALMITATE,RETINYL PALMITATE,RETINYL PALMITATE
Retinyl Palmitate,RETINYL PALMITATE,RETINYL PALMITATE
Hydroxyacetophenone Składniki aktywne: Retinyl palmitate 17000 j.m.,RETINYL PALMITATE 17000 J.M,RETINYL PALMITATE
Reuterin,REUTERIN,REUTERIN
Rhamnose,RHAMNOSE,RHAMNOSE
Rheum Palmatum Root,RHEUM PALMATUM ROOT,RHEUM PALMATUM ROOT
RHEUM PALMATUM ROOT,RHEUM PALMATUM ROOT,RHEUM PALMATUM ROOT
RHEUM PALMATUM ROOT EXTRACT,RHEUM PALMATUM ROOT EXTRACT,RHEUM PALMATUM ROOT EXTRACT
Rheum Palmatum Root Extract,RHEUM PALMATUM ROOT EXTRACT,RHEUM PALMATUM ROOT EXTRACT
Rhodiola Rosea Root Extract,RHODIOLA ROSEA ROOT EXTRACT,RHODIOLA ROSEA ROOT EXTRACT
RHODIOLA ROSEA ROOT EXTRACT,RHODIOLA ROSEA ROOT EXTRACT,RHODIOLA ROSEA ROOT EXTRACT
Rhododendron Feffugineum Leaf Cell Culture Extract,RHODODENDRON FEFFUGINEUM LEAF CELL CULTURE EXTRACT,RHODODENDRON FERRUGINEUM LEAF CELL CULTURE EXTRACT
Rhododendron Ferrugineum Extract,RHODODENDRON FERRUGINEUM EXTRACT,RHODODENDRON FERRUGINEUM EXTRACT
RHODOMYRTUS TOMENTOSA FRUIT EXTRACT,RHODOMYRTUS TOMENTOSA FRUIT EXTRACT,RHODOMYRTUS TOMENTOSA FRUIT EXTRACT
Rhus Semialata Extract,RHUS SEMIALATA EXTRACT,RHUS SEMIALATA EXTRACT
Rhus Succedanea Fruit Cera,RHUS SUCCEDANEA FRUIT CERA,RHUS SUCCEDANEA FRUIT CERA
RHUS SUCCEDANEA FRUIT CERA,RHUS SUCCEDANEA FRUIT CERA,RHUS SUCCEDANEA FRUIT CERA
RHUS SUCCEDANEA FRUIT WAX,RHUS SUCCEDANEA FRUIT WAX,RHUS SUCCEDANEA FRUIT WAX
Rhus Succedanea Fruit Wax,RHUS SUCCEDANEA FRUIT WAX,RHUS SUCCEDANEA FRUIT WAX
Rhus Verniciflua Peel Cera,RHUS VERNICIFLUA PEEL CERA,RHUS VERNICIFLUA PEEL CERA
RHUS VERNICIFLUA PEEL CERA,RHUS VERNICIFLUA PEEL CERA,RHUS VERNICIFLUA PEEL CERA
Rhus Verniciflua Peel Cera (Wax),RHUS VERNICIFLUA PEEL CERA,RHUS VERNICIFLUA PEEL CERA
Ribes Nigrum (Black Currant) Bud Extract,RIBES NIGRUM BUD EXTRACT,RIBES NIGRUM BUD EXTRACT
Ribes Nigrum Fruit Powder,RIBES NIGRUM FRUIT POWDER,RIBES NIGRUM FRUIT POWDER
RIBES NIGRUM LEAF EXTRACT,RIBES NIGRUM LEAF EXTRACT,RIBES NIGRUM LEAF EXTRACT
RIBES NIGRUM SEED OIL,RIBES NIGRUM SEED OIL,RIBES NIGRUM SEED OIL
Ribes Nigrum Seed Oil,RIBES NIGRUM SEED OIL,RIBES NIGRUM SEED OIL
RIBOFLAVIN,RIBOFLAVIN,RIBOFLAVIN
Rice Amino Acids,RICE AMINO ACIDS,RICE AMINO ACIDS
RICE AMINO ACIDS,RICE AMINO ACIDS,RICE AMINO ACIDS
Rice Bran Ferment,RICE BRAN FERMENT,RICE BRAN FERMENT
Rice Bran Oil,RICE BRAN OIL,RICE BRAN OIL
Rice Bran Polyglyceryl-3 Esters,RICE BRAN POLYGLYCERYL-3 ESTERS,RICE BRAN POLYGLYCERYL-3 ESTERS
RICE BRAN POLYGLYCERYL-3 ESTERS,RICE BRAN POLYGLYCERYL-3 ESTERS,RICE BRAN POLYGLYCERYL-3 ESTERS
RICE FERMENT,RICE FERMENT,RICE FERMENT
Rice Ferment,RICE FERMENT,RICE FERMENT
Rice Ferment Extract,RICE FERMENT EXTRACT,RICE FERMENT EXTRACT
RICE FERMENT FILTRATE,RICE FERMENT FILTRATE,RICE FERMENT FILTRATE
Rice Ferment Filtrate,RICE FERMENT FILTRATE,RICE FERMENT FILTRATE
Rice Ferment Filtrate (Sake),RICE FERMENT FILTRATE,RICE FERMENT FILTRATE
RICE sh-OLIGOPEPTIDE-1,RICE SH-OLIGOPEPTIDE-1,RICE SH-OLIGOPEPTIDE-1
Ricinus Communis Oil,RICINUS COMMUNIS OIL,RICINUS COMMUNIS OIL
Ricinus Communis Seed Oil,RICINUS COMMUNIS SEED OIL,RICINUS COMMUNIS SEED OIL
RICINUS COMMUNIS SEED OIL,RICINUS COMMUNIS SEED OIL,RICINUS COMMUNIS SEED OIL
Ricinus Communis (Castor) Seed Oil,RICINUS COMMUNIS SEED OIL,RICINUS COMMUNIS SEED OIL
100% Ricinus Communis Seed Oil,RICINUS COMMUNIS SEED OIL,RICINUS COMMUNIS SEED OIL
Ricinus Communis Seed Oil (Castor Oil),RICINUS COMMUNIS SEED OIL,RICINUS COMMUNIS SEED OIL
RICINUS COMMUNIS (CASTOR) SEED OIL,RICINUS COMMUNIS SEED OIL,RICINUS COMMUNIS SEED OIL
Root,ROOT,ROOT
ROOT EXTRACT,ROOT EXTRACT,ROOT EXTRACT
ROSA CANINA FLOWER EXTRACT,ROSA CANINA FLOWER EXTRACT,ROSA CANINA FLOWER EXTRACT
Rosa Canina Flower Oil,ROSA CANINA FLOWER OIL,ROSA CANINA FLOWER OIL
ROSA CANINA FLOWER POWDER,ROSA CANINA FLOWER POWDER,ROSA CANINA FLOWER POWDER
Rosa Canina Fruit,ROSA CANINA FRUIT,ROSA CANINA FRUIT
ROSA CANINA FRUIT EXTRACT,ROSA CANINA FRUIT EXTRACT,ROSA CANINA FRUIT EXTRACT
Rosa Canina Fruit Extract,ROSA CANINA FRUIT EXTRACT,ROSA CANINA FRUIT EXTRACT
ROSA CANINA FRUIT OIL,ROSA CANINA FRUIT OIL,ROSA CANINA FRUIT OIL
Rosa Canina Fruit Oil,ROSA CANINA FRUIT OIL,ROSA CANINA FRUIT OIL
Rosa Canina Fruit Oil (Rosehip Oil),ROSA CANINA FRUIT OIL,ROSA CANINA FRUIT OIL
Rosa Canina (Rosehip) Oil*. *Składniki pochodzące z upraw ekologicznych,ROSA CANINA OIL,ROSA CANINA OIL
ROSA CANINA SEED OIL,ROSA CANINA SEED OIL,ROSA CANINA SEED OIL
Rosa Canina Seed Oil,ROSA CANINA SEED OIL,ROSA CANINA SEED OIL
ROSA CENTIFOLIA EXTRACT,ROSA CENTIFOLIA EXTRACT,ROSA CENTIFOLIA EXTRACT
Rosa Centifolia Flower,ROSA CENTIFOLIA FLOWER,ROSA CENTIFOLIA FLOWER
Rosa Centifolia Flower Extract,ROSA CENTIFOLIA FLOWER EXTRACT,ROSA CENTIFOLIA FLOWER EXTRACT
Rosa Centifolia Flower Water,ROSA CENTIFOLIA FLOWER WATER,ROSA CENTIFOLIA FLOWER WATER
ROSA CENTIFOLIA FLOWER WATER,ROSA CENTIFOLIA FLOWER WATER,ROSA CENTIFOLIA FLOWER WATER
ROSA DAMASCENA EXTRACT,ROSA DAMASCENA EXTRACT,ROSA DAMASCENA EXTRACT
ROSA DAMASCENA FLOWER,ROSA DAMASCENA FLOWER,ROSA DAMASCENA FLOWER
ROSA DAMASCENA FLOWER EXTRACT,ROSA DAMASCENA FLOWER EXTRACT,ROSA DAMASCENA FLOWER EXTRACT
ROSA DAMASCENA FLOWER OIL,ROSA DAMASCENA FLOWER OIL,ROSA DAMASCENA FLOWER OIL
Rosa Damascena Flower Oil,ROSA DAMASCENA FLOWER OIL,ROSA DAMASCENA FLOWER OIL
ROSA DAMASCENA FLOWER WATER,ROSA DAMASCENA FLOWER WATER,ROSA DAMASCENA FLOWER WATER
Rosa Damascena Flower Water,ROSA DAMASCENA FLOWER WATER,ROSA DAMASCENA FLOWER WATER
Rosa Damascena (Rose) Flower Water,ROSA DAMASCENA FLOWER WATER,ROSA DAMASCENA FLOWER WATER
Rosa Gallica Flower Extract,ROSA GALLICA FLOWER EXTRACT,ROSA GALLICA FLOWER EXTRACT
ROSA GALLICA FLOWER EXTRACT,ROSA GALLICA FLOWER EXTRACT,ROSA GALLICA FLOWER EXTRACT
ROSA HYBRID FLOWER EXTRACT,ROSA HYBRID FLOWER EXTRACT,ROSA HYBRID FLOWER EXTRACT
Rosa Hybrid Flower Extract,ROSA HYBRID FLOWER EXTRACT,ROSA HYBRID FLOWER EXTRACT
ROSA MOSCHATA SEED OIL,ROSA MOSCHATA SEED OIL,ROSA MOSCHATA SEED OIL
ROSA RUBIGINOSA SEED OIL,ROSA RUBIGINOSA SEED OIL,ROSA RUBIGINOSA SEED OIL
ROSA RUGOSA FLOWER EXTRACT,ROSA RUGOSA FLOWER EXTRACT,ROSA RUGOSA FLOWER EXTRACT
ROSA RUGOSA FLOWER OIL,ROSA RUGOSA FLOWER OIL,ROSA RUGOSA FLOWER OIL
ROSA RUGOSA FLOWER WATER,ROSA RUGOSA FLOWER WATER,ROSA RUGOSA FLOWER WATER
Rosa Rugosa Flower Water,ROSA RUGOSA FLOWER WATER,ROSA RUGOSA FLOWER WATER
ROSE EXTRACT,ROSE EXTRACT,ROSE EXTRACT
ROSE FLOWER OIL,ROSE FLOWER OIL,ROSE FLOWER OIL
Rose Flower Oil,ROSE FLOWER OIL,ROSE FLOWER OIL
ROSE KETONES,ROSE KETONES,ROSE KETONES
Rose Ketones,ROSE KETONES,ROSE KETONES
Rosmarinus Officinalis Extract,ROSMARINUS OFFICINALIS EXTRACT,ROSMARINUS OFFICINALIS EXTRACT
ROSMARINUS OFFICINALIS EXTRACT,ROSMARINUS OFFICINALIS EXTRACT,ROSMARINUS OFFICINALIS EXTRACT
Rosmarinus Officinalis (Rosemary) Extract,ROSMARINUS OFFICINALIS EXTRACT,ROSMARINUS OFFICINALIS EXTRACT
Rosmarinus Officinalis Leaf Extract,ROSMARINUS OFFICINALIS LEAF EXTRACT,ROSMARINUS OFFICINALIS LEAF EXTRACT
ROSMARINUS OFFICINALIS LEAF EXTRACT,ROSMARINUS OFFICINALIS LEAF EXTRACT,ROSMARINUS OFFICINALIS LEAF EXTRACT
Rosmarinus Officinalis (Rosemary) Leaf Extract,ROSMARINUS OFFICINALIS LEAF EXTRACT,ROSMARINUS OFFICINALIS LEAF EXTRACT
ROSMARINUS OFFICINALIS LEAF OIL,ROSMARINUS OFFICINALIS LEAF OIL,ROSMARINUS OFFICINALIS LEAF OIL
Rosmarinus Officinalis (Rosemary) Leaf Oil,ROSMARINUS OFFICINALIS LEAF OIL,ROSMARINUS OFFICINALIS LEAF OIL
ROSMARINUS OFFICINALIS LEAF WATER,ROSMARINUS OFFICINALIS LEAF WATER,ROSMARINUS OFFICINALIS LEAF WATER
ROYAL JELLY,ROYAL JELLY,ROYAL JELLY
ROYAL JELLY EXTRACT,ROYAL JELLY EXTRACT,ROYAL JELLY EXTRACT
RUBUS CHAMAEMORUS FRUIT EXTRACT,RUBUS CHAMAEMORUS FRUIT EXTRACT,RUBUS CHAMAEMORUS FRUIT EXTRACT
RUBUS CHAMAEMORUS SEED EXTRACT,RUBUS CHAMAEMORUS SEED EXTRACT,RUBUS CHAMAEMORUS SEED EXTRACT
RUBUS CHAMAEMORUS SEED OIL,RUBUS CHAMAEMORUS SEED OIL,RUBUS CHAMAEMORUS SEED OIL
Rubus Fruticosus (Blackberry) Fruit Extract,RUBUS FRUTICOSUS FRUIT EXTRACT,RUBUS FRUTICOSUS FRUIT EXTRACT
RUBUS FRUTICOSUS FRUIT EXTRACT,RUBUS FRUTICOSUS FRUIT EXTRACT,RUBUS FRUTICOSUS FRUIT EXTRACT
Rubus Fruticosus Fruit Extract,RUBUS FRUTICOSUS FRUIT EXTRACT,RUBUS FRUTICOSUS FRUIT EXTRACT
Rubus Idaeus (Raspberry),RUBUS IDAEUS,RUBUS IDAEUS
Rubus Idaeus Fruit Extract,RUBUS IDAEUS FRUIT EXTRACT,RUBUS IDAEUS FRUIT EXTRACT
RUBUS IDAEUS FRUIT EXTRACT,RUBUS IDAEUS FRUIT EXTRACT,RUBUS IDAEUS FRUIT EXTRACT
Rubus Idaeus (Raspberry) Fruit Extract,RUBUS IDAEUS FRUIT EXTRACT,RUBUS IDAEUS FRUIT EXTRACT
RUBUS IDAEUS JUICE,RUBUS IDAEUS JUICE,RUBUS IDAEUS JUICE
RUBUS IDAEUS LEAF EXTRACT,RUBUS IDAEUS LEAF EXTRACT,RUBUS IDAEUS LEAF EXTRACT
Rubus Idaeus Seed Oil,RUBUS IDAEUS SEED OIL,RUBUS IDAEUS SEED OIL
Rubus Idaeus (Raspberry) Seed Oil,RUBUS IDAEUS SEED OIL,RUBUS IDAEUS SEED OIL
RUBUS IDAEUS SEED OIL,RUBUS IDAEUS SEED OIL,RUBUS IDAEUS SEED OIL
RUBUS SUAVISSIMUS LEAF EXTRACT,RUBUS SUAVISSIMUS LEAF EXTRACT,RUBUS SUAVISSIMUS LEAF EXTRACT
Ruscus Aculeatus Root Extract,RUSCUS ACULEATUS ROOT EXTRACT,RUSCUS ACULEATUS ROOT EXTRACT
RUTIN,RUTIN,RUTIN
Rye Seed Extract,RYE SEED EXTRACT,RYE SEED EXTRACT
Saccharide Hydrolysate,SACCHARIDE HYDROLYSATE,SACCHARIDE HYDROLYSATE
Saccharide Iso- merate,SACCHARIDE ISO- MERATE,SACCHARIDE ISOMERATE
SACCHARIDE ISOMERATE,SACCHARIDE ISOMERATE,SACCHARIDE ISOMERATE
Saccharide Isomerate,SACCHARIDE ISOMERATE,SACCHARIDE ISOMERATE
SACCHARIN,SACCHARIN,SACCHARIN
Saccharin,SACCHARIN,SACCHARIN
Saccharomyces,SACCHAROMYCES,SACCHAROMYCES
SACCHAROMYCES,SACCHAROMYCES,SACCHAROMYCES
SACCHAROMYCES CEREVISIAE EXTRACT,SACCHAROMYCES CEREVISIAE EXTRACT,SACCHAROMYCES CEREVISIAE EXTRACT
Saccharomyces Cerevisiae Extract,SACCHAROMYCES CEREVISIAE EXTRACT,SACCHAROMYCES CEREVISIAE EXTRACT
SACCHAROMYCES FERMENT,SACCHAROMYCES FERMENT,SACCHAROMYCES FERMENT
Saccharomyces Ferment,SACCHAROMYCES FERMENT,SACCHAROMYCES FERMENT
SACCHAROMYCES FERMENT FILTRATE,SACCHAROMYCES FERMENT FILTRATE,SACCHAROMYCES FERMENT FILTRATE
Saccharomyces Ferment Filtrate,SACCHAROMYCES FERMENT FILTRATE,SACCHAROMYCES FERMENT FILTRATE
Saccharomyces Ferment Lysate Filtrate,SACCHAROMYCES FERMENT LYSATE FILTRATE,SACCHAROMYCES FERMENT LYSATE FILTRATE
SACCHAROMYCES FERMENT LYSATE FILTRATE,SACCHAROMYCES FERMENT LYSATE FILTRATE,SACCHAROMYCES FERMENT LYSATE FILTRATE
SACCHAROMYCES LYSATE EXTRACT,SACCHAROMYCES LYSATE EXTRACT,SACCHAROMYCES LYSATE EXTRACT
Saccharomyces Lysate Extract,SACCHAROMYCES LYSATE EXTRACT,SACCHAROMYCES LYSATE EXTRACT
Saccharum Officinarum (Sugar Cane) Extract,SACCHARUM OFFICINARUM EXTRACT,SACCHARUM OFFICINARUM EXTRACT
SACCHARUM OFFICINARUM EXTRACT,SACCHARUM OFFICINARUM EXTRACT,SACCHARUM OFFICINARUM EXTRACT
SACCHARUM OFFICINARUM (SUGARCANE) EXTRACT,SACCHARUM OFFICINARUM EXTRACT,SACCHARUM OFFICINARUM EXTRACT
Saccharum Officinarum (Sugarcane) Extract,SACCHARUM OFFICINARUM EXTRACT,SACCHARUM OFFICINARUM EXTRACT
SAFFLOWER SEED OIL PIPERONYL ESTERS,SAFFLOWER SEED OIL PIPERONYL ESTERS,SAFFLOWER SEED OIL PIPERONYL ESTERS
Salicornia Herbacea Extract,SALICORNIA HERBACEA EXTRACT,SALICORNIA HERBACEA EXTRACT
SALICYLIC ACID,SALICYLIC ACID,SALICYLIC ACID
Salicylic Acid,SALICYLIC ACID,SALICYLIC ACID
salicylic acid,SALICYLIC ACID,SALICYLIC ACID
SALICYLOYL DECAPEPTIDE-10,SALICYLOYL DECAPEPTIDE-10,SALICYLOYL DECAPEPTIDE-10
salicyloyl phytosphingosine,SALICYLOYL PHYTOSPHINGOSINE,SALICYLOYL PHYTOSPHINGOSINE
Salicyloyl Phytosphingosine,SALICYLOYL PHYTOSPHINGOSINE,SALICYLOYL PHYTOSPHINGOSINE
SALICYLOYL PHYTOSPHINGOSINE,SALICYLOYL PHYTOSPHINGOSINE,SALICYLOYL PHYTOSPHINGOSINE
SALIX ALBA,SALIX ALBA,SALIX ALBA
SALIX ALBA BARK EXTRACT,SALIX ALBA BARK EXTRACT,SALIX ALBA BARK EXTRACT
Salix Alba Bark Extract,SALIX ALBA BARK EXTRACT,SALIX ALBA BARK EXTRACT
Salix Alba Bark Water,SALIX ALBA BARK WATER,SALIX ALBA BARK WATER
SALIX PURPUREA BARK FERMENT EXTRACT,SALIX PURPUREA BARK FERMENT EXTRACT,SALIX PURPUREA BARK FERMENT EXTRACT
SALMON EGG EXTRACT,SALMON EGG EXTRACT,SALMON EGG EXTRACT
Salvia Hispanica Seed Oil,SALVIA HISPANICA SEED OIL,SALVIA HISPANICA SEED OIL
SALVIA HISPANICA SEED OIL,SALVIA HISPANICA SEED OIL,SALVIA HISPANICA SEED OIL
SALVIA MILTIORRHIZA ROOT EXTRACT,SALVIA MILTIORRHIZA ROOT EXTRACT,SALVIA MILTIORRHIZA ROOT EXTRACT
Salvia Officinalis Leaf Extract,SALVIA OFFICINALIS LEAF EXTRACT,SALVIA OFFICINALIS LEAF EXTRACT
SALVIA OFFICINALIS LEAF EXTRACT,SALVIA OFFICINALIS LEAF EXTRACT,SALVIA OFFICINALIS LEAF EXTRACT
Salvia Officinalis (Sage) Oil,SALVIA OFFICINALIS OIL,SALVIA OFFICINALIS OIL
SALVIA OFFICINALIS OIL,SALVIA OFFICINALIS OIL,SALVIA OFFICINALIS OIL
Salvia Sclarea Extract,SALVIA SCLAREA EXTRACT,SALVIA SCLAREA EXTRACT
SALVIA SCLAREA EXTRACT,SALVIA SCLAREA EXTRACT,SALVIA SCLAREA EXTRACT
SALVIA SCLAREA OIL,SALVIA SCLAREA OIL,SALVIA SCLAREA OIL
Salvia Sclarea (Clary) Oil,SALVIA SCLAREA OIL,SALVIA SCLAREA OIL
SAMBUCUS NIGRA FLOWER EXTRACT,SAMBUCUS NIGRA FLOWER EXTRACT,SAMBUCUS NIGRA FLOWER EXTRACT
Sambucus Nigra Flower Extract,SAMBUCUS NIGRA FLOWER EXTRACT,SAMBUCUS NIGRA FLOWER EXTRACT
SAMBUCUS NIGRA FLOWER WATER,SAMBUCUS NIGRA FLOWER WATER,SAMBUCUS NIGRA FLOWER WATER
SAMBUCUS NIGRA FRUIT EXTRACT,SAMBUCUS NIGRA FRUIT EXTRACT,SAMBUCUS NIGRA FRUIT EXTRACT
SANTALUM ALBUM EXTRACT,SANTALUM ALBUM EXTRACT,SANTALUM ALBUM EXTRACT
Saower Seed Oil Ferment Extract Filtrate,SAOWER SEED OIL FERMENT EXTRACT FILTRATE,SAOWER SEED OIL FERMENT EXTRACT FILTRATE
Saponaria Officinalis Root Extract,SAPONARIA OFFICINALIS ROOT EXTRACT,SAPONARIA OFFICINALIS ROOT EXTRACT
SAPOSHNIKOVIA DIVARICATA ROOT EXTRACT,SAPOSHNIKOVIA DIVARICATA ROOT EXTRACT,SAPOSHNIKOVIA DIVARICATA ROOT EXTRACT
Sarcosine,SARCOSINE,SARCOSINE
SARCOSINE,SARCOSINE,SARCOSINE
SARGASSUM FULVELLUM EXTRACT,SARGASSUM FULVELLUM EXTRACT,SARGASSUM FULVELLUM EXTRACT
SARGASSUM PALLIDUM EXTRACT,SARGASSUM PALLIDUM EXTRACT,SARGASSUM PALLIDUM EXTRACT
Sasa QuelpaertensisExtract,SASA QUELPAERTENSISEXTRACT,SASA QUELPAERTENSISEXTRACT
SAUSSUREA INVOLUCRATA EXTRACT,SAUSSUREA INVOLUCRATA EXTRACT,SAUSSUREA INVOLUCRATA EXTRACT
Schisandra Chinensis Fruit Extr Act,SCHISANDRA CHINENSIS FRUIT EXTR ACT,SCHISANDRA CHINENSIS FRUIT EXTRACT
Schisandra Chinensis Fruit Extract,SCHISANDRA CHINENSIS FRUIT EXTRACT,SCHISANDRA CHINENSIS FRUIT EXTRACT
SCHISANDRA CHINENSIS FRUIT EXTRACT,SCHISANDRA CHINENSIS FRUIT EXTRACT,SCHISANDRA CHINENSIS FRUIT EXTRACT
Sciadopitys Verticillata Root Extract,SCIADOPITYS VERTICILLATA ROOT EXTRACT,SCIADOPITYS VERTICILLATA ROOT EXTRACT
Sclerocarya Birrea Seed Oil,SCLEROCARYA BIRREA SEED OIL,SCLEROCARYA BIRREA SEED OIL
Sclerocarya Birrea (Marula) Seed Oil,SCLEROCARYA BIRREA SEED OIL,SCLEROCARYA BIRREA SEED OIL
SCLEROTIUM GUM,SCLEROTIUM GUM,SCLEROTIUM GUM
Sclerotium Gum,SCLEROTIUM GUM,SCLEROTIUM GUM
Scutellari a Baicalensis Root Extract,SCUTELLARI A BAICALENSIS ROOT EXTRACT,SCUTELLARIA BAICALENSIS ROOT EXTRACT
SCUTELLARIA ALPINA FLOWER,SCUTELLARIA ALPINA FLOWER,SCUTELLARIA ALPINA FLOWER
SCUTELLARIA BAICALENSIS ROOT EXTRACT,SCUTELLARIA BAICALENSIS ROOT EXTRACT,SCUTELLARIA BAICALENSIS ROOT EXTRACT
Scutellaria Baicalensis Root Extract,SCUTELLARIA BAICALENSIS ROOT EXTRACT,SCUTELLARIA BAICALENSIS ROOT EXTRACT
ScutellariaBaicalensis Root Extract,SCUTELLARIABAICALENSIS ROOT EXTRACT,SCUTELLARIA BAICALENSIS ROOT EXTRACT
SEA SALT,SEA SALT,SEA SALT
Sea Water,SEA WATER,MARIS AQUA
SEA WATER,SEA WATER,MARIS AQUA
Sebacate,SEBACATE,SEBACATE
SEBACATE,SEBACATE,SEBACATE
Secale Cereale Extract,SECALE CEREALE EXTRACT,SECALE CEREALE EXTRACT
Secale Cereale Seed Extract,SECALE CEREALE SEED EXTRACT,SECALE CEREALE SEED EXTRACT
Sedum Sarmentosum Extract,SEDUM SARMENTOSUM EXTRACT,SEDUM SARMENTOSUM EXTRACT
Seed Oil,SEED OIL,SEED OIL
SELAGINELLA LEPIDOPHYLLA EXTRACT,SELAGINELLA LEPIDOPHYLLA EXTRACT,SELAGINELLA LEPIDOPHYLLA EXTRACT
Sepiolite,SEPIOLITE,SEPIOLITE
SEPIOLITE,SEPIOLITE,SEPIOLITE
SERICIN,SERICIN,SERICIN
Serine,SERINE,SERINE
SERINE,SERINE,SERINE
SESAMUM INDICUM SEED EXTRACT,SESAMUM INDICUM SEED EXTRACT,SESAMUM INDICUM SEED EXTRACT
SESAMUM INDICUM SEED OIL,SESAMUM INDICUM SEED OIL,SESAMUM INDICUM SEED OIL
Sesamum Indicum (Sesame) Seed Oil,SESAMUM INDICUM SEED OIL,SESAMUM INDICUM SEED OIL
Sesamum Indicum Seed Oil,SESAMUM INDICUM SEED OIL,SESAMUM INDICUM SEED OIL
sh-Decapeptide-5 SP,SH-DECAPEPTIDE-5 SP,SH-DECAPEPTIDE-5 SP
Sh-DECAPEPTIDE-5 SP,SH-DECAPEPTIDE-5 SP,SH-DECAPEPTIDE-5 SP
Sh-decapeptide-5 Sp,SH-DECAPEPTIDE-5 SP,SH-DECAPEPTIDE-5 SP
Sh-DECAPEPTIDE-7,SH-DECAPEPTIDE-7,SH-DECAPEPTIDE-7
Sh-DECAPEPTIDE-9,SH-DECAPEPTIDE-9,SH-DECAPEPTIDE-9
Sh-OCTAPEPTIDE-4,SH-OCTAPEPTIDE-4,SH-OCTAPEPTIDE-4
Sh-OLIGOPEPTIDE-1,SH-OLIGOPEPTIDE-1,SH-OLIGOPEPTIDE-1
sh-Oligopeptide-1,SH-OLIGOPEPTIDE-1,SH-OLIGOPEPTIDE-1
Sh-Oligopeptide-1,SH-OLIGOPEPTIDE-1,SH-OLIGOPEPTIDE-1
Sh-oligopeptide-1,SH-OLIGOPEPTIDE-1,SH-OLIGOPEPTIDE-1
sh-Oligopeptide-2,SH-OLIGOPEPTIDE-2,SH-OLIGOPEPTIDE-2
Sh-oligopeptide-2,SH-OLIGOPEPTIDE-2,SH-OLIGOPEPTIDE-2
Sh-Oligopeptide-2,SH-OLIGOPEPTIDE-2,SH-OLIGOPEPTIDE-2
Sh-PENTAPEPTIDE-19,SH-PENTAPEPTIDE-19,SH-PENTAPEPTIDE-19
sh-Peptide-11,SH-PEPTIDE-11,SH-PEPTIDE-11
sh-Peptide-9,SH-PEPTIDE-9,SH-PEPTIDE-9
Sh-polypeptide-1,SH-POLYPEPTIDE-1,SH-POLYPEPTIDE-1
sh-Polypeptide-1,SH-POLYPEPTIDE-1,SH-POLYPEPTIDE-1
Sh-Polypeptide-1,SH-POLYPEPTIDE-1,SH-POLYPEPTIDE-1
Sh-POLYPEPTIDE-1,SH-POLYPEPTIDE-1,SH-POLYPEPTIDE-1
Sh-polypeptide-11,SH-POLYPEPTIDE-11,SH-POLYPEPTIDE-11
sh-Polypeptide-11,SH-POLYPEPTIDE-11,SH-POLYPEPTIDE-11
Sh-Polypeptide-11,SH-POLYPEPTIDE-11,SH-POLYPEPTIDE-11
Sh-POLYPEPTIDE-22,SH-POLYPEPTIDE-22,SH-POLYPEPTIDE-22
Sh-POLYPEPTIDE-3,SH-POLYPEPTIDE-3,SH-POLYPEPTIDE-3
Sh-POLYPEPTIDE-69,SH-POLYPEPTIDE-69,SH-POLYPEPTIDE-69
sh-Polypeptide-69,SH-POLYPEPTIDE-69,SH-POLYPEPTIDE-69
sh-Polypeptide-9,SH-POLYPEPTIDE-9,SH-POLYPEPTIDE-9
Sh-polypeptide-9,SH-POLYPEPTIDE-9,SH-POLYPEPTIDE-9
Sh-Polypeptide-9,SH-POLYPEPTIDE-9,SH-POLYPEPTIDE-9
sh-Polypeptide-9.1,SH-POLYPEPTIDE-9.1,SH-POLYPEPTIDE-9
SHEA BUTTER,SHEA BUTTER,BUTYROSPERMUM PARKII BUTTER
shea butter,SHEA BUTTER,BUTYROSPERMUM PARKII BUTTER
Shea Butter,SHEA BUTTER,BUTYROSPERMUM PARKII BUTTER
SHEA BUTTER ETHYL ESTERS,SHEA BUTTER ETHYL ESTERS,SHEA BUTTER ETHYL ESTERS
Shea Butter Ethyl Esters,SHEA BUTTER ETHYL ESTERS,SHEA BUTTER ETHYL ESTERS
Shea Butter Glycereth-8 Esters,SHEA BUTTER GLYCERETH-8 ESTERS,SHEA BUTTER GLYCERETH-8 ESTERS
Shorea Robusta Resin,SHOREA ROBUSTA RESIN,SHOREA ROBUSTA RESIN
Shorea Robusta Seed Butter,SHOREA ROBUSTA SEED BUTTER,SHOREA ROBUSTA SEED BUTTER
shorea robusta seed butter,SHOREA ROBUSTA SEED BUTTER,SHOREA ROBUSTA SEED BUTTER
SHOREA STENOPTERA SEED BUTTER,SHOREA STENOPTERA SEED BUTTER,SHOREA STENOPTERA SEED BUTTER
Shorea Stenoptera Seed Butter,SHOREA STENOPTERA SEED BUTTER,SHOREA STENOPTERA SEED BUTTER
Short Chain Hyaluronic Acid,SHORT CHAIN HYALURONIC ACID,SHORT CHAIN HYALURONIC ACID
Shpingolipids,SHPINGOLIPIDS,SHPINGOLIPIDS
Silanetriol,SILANETRIOL,SILANETRIOL
SILANETRIOL,SILANETRIOL,SILANETRIOL
Silica,SILICA,SILICA
SILICA,SILICA,SILICA
Silica Nano,SILICA,SILICA
SILICA DIMETHYL SILYLATE,SILICA DIMETHYL SILYLATE,SILICA DIMETHYL SILYLATE
Silica Dimethyl Silylate,SILICA DIMETHYL SILYLATE,SILICA DIMETHYL SILYLATE
SILICA SILYLATE,SILICA SILYLATE,SILICA SILYLATE
Silica Silylate,SILICA SILYLATE,SILICA SILYLATE
SILICON,SILICON,SILICON
Silicon Ferment,SILICON FERMENT,SILICON FERMENT
SILICON FERMENT,SILICON FERMENT,SILICON FERMENT
100 % silikon,SILIKON,SILICON
silikon medyczny,SILIKON MEDYCZNY,SILICON
Silk Amino Acids,SILK AMINO ACIDS,SILK AMINO ACIDS
SILOXANETRIOL ALGINATE,SILOXANETRIOL ALGINATE,SILOXANETRIOL ALGINATE
SILVER CARBOXYMETHYLALANINATE,SILVER CARBOXYMETHYLALANINATE,SILVER CARBOXYMETHYLALANINATE
SILVER CITRATE,SILVER CITRATE,SILVER CITRATE
Silybum Marianum Extract,SILYBUM MARIANUM EXTRACT,SILYBUM MARIANUM EXTRACT
Silybum Marianum Fruit Extract,SILYBUM MARIANUM FRUIT EXTRACT,SILYBUM MARIANUM FRUIT EXTRACT
SILYBUM MARIANUM SEED EXTRACT,SILYBUM MARIANUM SEED EXTRACT,SILYBUM MARIANUM SEED EXTRACT
SILYBUM MARIANUM SEED OIL,SILYBUM MARIANUM SEED OIL,SILYBUM MARIANUM SEED OIL
Silybum Marianum Seed Oil,SILYBUM MARIANUM SEED OIL,SILYBUM MARIANUM SEED OIL
Silybym Marianum Fruit Extract,SILYBYM MARIANUM FRUIT EXTRACT,SILYBUM MARIANUM FRUIT EXTRACT
Simethicone,SIMETHICONE,SIMETHICONE
SIMETHICONE,SIMETHICONE,SIMETHICONE
Simmondia Chinensis Seed Oil,SIMMONDIA CHINENSIS SEED OIL,SIMMONDSIA CHINENSIS SEED OIL
Simmondsia Chinensis Butter,SIMMONDSIA CHINENSIS BUTTER,SIMMONDSIA CHINENSIS BUTTER
Simmondsia Chinensis (jojoba) Seed Oil,SIMMONDSIA CHINENSIS SEED OIL,SIMMONDSIA CHINENSIS SEED OIL
SIMMONDSIA CHINENSIS SEED OIL,SIMMONDSIA CHINENSIS SEED OIL,SIMMONDSIA CHINENSIS SEED OIL
SIMMONDSIA CHINENSIS (JOJOBA) SEED OIL,SIMMONDSIA CHINENSIS SEED OIL,SIMMONDSIA CHINENSIS SEED OIL
Simmondsia Chinensis Seed Oil,SIMMONDSIA CHINENSIS SEED OIL,SIMMONDSIA CHINENSIS SEED OIL
Simmondsia Chinensis Seed Oil (Jojoba Oil),SIMMONDSIA CHINENSIS SEED OIL,SIMMONDSIA CHINENSIS SEED OIL
Simmondsia Chinensis (Jojoba) Seed Oil,SIMMONDSIA CHINENSIS SEED OIL,SIMMONDSIA CHINENSIS SEED OIL
SIMMONDSIA CHINENSIS SEED WAX,SIMMONDSIA CHINENSIS SEED WAX,SIMMONDSIA CHINENSIS SEED WAX
Sitostearin,SITOSTEARIN,SITOSTEARIN
Smithsonite Extract,SMITHSONITE EXTRACT,SMITHSONITE EXTRACT
Snail Secretion Filtrate,SNAIL SECRETION FILTRATE,SNAIL SECRETION FILTRATE
SNAIL SECRETION FILTRATE,SNAIL SECRETION FILTRATE,SNAIL SECRETION FILTRATE
Sodium,SODIUM,SODIUM
SODIUM ACETATE,SODIUM ACETATE,SODIUM ACETATE
Sodium Acetate,SODIUM ACETATE,SODIUM ACETATE
Sodium Acetylated Hyaluronate,SODIUM ACETYLATED HYALURONATE,SODIUM ACETYLATED HYALURONATE
Sodium acetylated hyaluronate,SODIUM ACETYLATED HYALURONATE,SODIUM ACETYLATED HYALURONATE
sodium acetylated hyaluronate,SODIUM ACETYLATED HYALURONATE,SODIUM ACETYLATED HYALURONATE
SODIUM ACETYLATED HYALURONATE,SODIUM ACETYLATED HYALURONATE,SODIUM ACETYLATED HYALURONATE
Sodium Acrylamide/Sodium Acryloylmethyltaurate Copolymer,SODIUM ACRYLAMIDE/SODIUM ACRYLOYLMETHYLTAURATE COPOLYMER,SODIUM ACRYLAMIDE/SODIUM ACRYLOYLMETHYLTAURATE COPOLYMER
Sodium Acrylate/Acryloyldimethyltaurate/Dimethylacrylamide Crosspolymer,SODIUM ACRYLATE/ACRYLOYLDIMETHYLTAURATE/DIMETHYLACRYLAMIDE CROSSPOLYMER,SODIUM ACRYLATE/ACRYLOYLDIMETHYLTAURATE/DIMETHYLACRYLAMIDE CROSSPOLYMER
SODIUM ACRYLATE/ACRYLOYLDIMETHYLTAURATE/DIMETHYLACRYLAMIDE CROSSPOLYMER,SODIUM ACRYLATE/ACRYLOYLDIMETHYLTAURATE/DIMETHYLACRYLAMIDE CROSSPOLYMER,SODIUM ACRYLATE/ACRYLOYLDIMETHYLTAURATE/DIMETHYLACRYLAMIDE CROSSPOLYMER
SODIUM ACRYLATE/SODIUM ACRYLOYLDIMETHYL TAURATE COPOLYMER,SODIUM ACRYLATE/SODIUM ACRYLOYLDIMETHYL TAURATE COPOLYMER,SODIUM ACRYLATE/SODIUM ACRYLOYLDIMETHYL TAURATE COPOLYMER
Sodium Acrylate/sodium Acryloyldimethyl Taurate Copolymer,SODIUM ACRYLATE/SODIUM ACRYLOYLDIMETHYL TAURATE COPOLYMER,SODIUM ACRYLATE/SODIUM ACRYLOYLDIMETHYL TAURATE COPOLYMER
Sodium Acrylate/Sodium Acryloyldimethyl Taurate Copolymer,SODIUM ACRYLATE/SODIUM ACRYLOYLDIMETHYL TAURATE COPOLYMER,SODIUM ACRYLATE/SODIUM ACRYLOYLDIMETHYL TAURATE COPOLYMER
sodium acrylates copolymer,SODIUM ACRYLATES COPOLYMER,SODIUM ACRYLATES COPOLYMER
SODIUM ACRYLATES COPOLYMER,SODIUM ACRYLATES COPOLYMER,SODIUM ACRYLATES COPOLYMER
Sodium Acrylates Copolymer,SODIUM ACRYLATES COPOLYMER,SODIUM ACRYLATES COPOLYMER
SODIUM ACRYLATES CROSSPOLYMER-2,SODIUM ACRYLATES CROSSPOLYMER-2,SODIUM ACRYLATES CROSSPOLYMER-2
Sodium Acrylic Acid/MA Copolymer,SODIUM ACRYLIC ACID/MA COPOLYMER,SODIUM ACRYLIC ACID/MA COPOLYMER
Sodium Anisate,SODIUM ANISATE,SODIUM ANISATE
SODIUM ANISATE,SODIUM ANISATE,SODIUM ANISATE
Sodium Aniste,SODIUM ANISTE,SODIUM ANISATE
SODIUM ASCORBATE,SODIUM ASCORBATE,SODIUM ASCORBATE
SODIUM ASCORBYL PHOSPHATE,SODIUM ASCORBYL PHOSPHATE,SODIUM ASCORBYL PHOSPHATE
Sodium Ascorbyl Phosphate,SODIUM ASCORBYL PHOSPHATE,SODIUM ASCORBYL PHOSPHATE
Sodium Babassuamphoacetate,SODIUM BABASSUAMPHOACETATE,SODIUM BABASSUAMPHOACETATE
Sodium Benzoate*. *składniki pochodzenia naturalnego,SODIUM BENZOATE,SODIUM BENZOATE
Sodium Benzoate,SODIUM BENZOATE,SODIUM BENZOATE
sodium benzoate,SODIUM BENZOATE,SODIUM BENZOATE
SODIUM BENZOATE,SODIUM BENZOATE,SODIUM BENZOATE
Sodium Benzoate. (,SODIUM BENZOATE. (,SODIUM BENZOATE
SODIUM BENZOTRIAZOLYL BUTYLPHENOL SULFONATE,SODIUM BENZOTRIAZOLYL BUTYLPHENOL SULFONATE,SODIUM BENZOTRIAZOLYL BUTYLPHENOL SULFONATE
Sodium Benzotriazolyl Butylphenol Sulfonate,SODIUM BENZOTRIAZOLYL BUTYLPHENOL SULFONATE,SODIUM BENZOTRIAZOLYL BUTYLPHENOL SULFONATE
SODIUM BICARBONATE,SODIUM BICARBONATE,SODIUM BICARBONATE
SODIUM BISULFITE,SODIUM BISULFITE,SODIUM BISULFITE
Sodium Carbomer,SODIUM CARBOMER,SODIUM CARBOMER
SODIUM CARBOMER,SODIUM CARBOMER,SODIUM CARBOMER
SODIUM CARBONATE,SODIUM CARBONATE,SODIUM CARBONATE
SODIUM CARBOXYMETHYL STARCH,SODIUM CARBOXYMETHYL STARCH,SODIUM CARBOXYMETHYL STARCH
SODIUM CARRAGEENAN,SODIUM CARRAGEENAN,SODIUM CARRAGEENAN
Sodium Carrageenan,SODIUM CARRAGEENAN,SODIUM CARRAGEENAN
SODIUM CETEARYL SULFATE,SODIUM CETEARYL SULFATE,SODIUM CETEARYL SULFATE
Sodium Cetearyl Sulfate,SODIUM CETEARYL SULFATE,SODIUM CETEARYL SULFATE
Sodium Chlorde,SODIUM CHLORDE,SODIUM CHLORIDE
Sodium Chloride,SODIUM CHLORIDE,SODIUM CHLORIDE
SODIUM CHLORIDE,SODIUM CHLORIDE,SODIUM CHLORIDE
SODIUM CHONDROITIN SULFATE,SODIUM CHONDROITIN SULFATE,SODIUM CHONDROITIN SULFATE
Sodium Citrate,SODIUM CITRATE,SODIUM CITRATE
sodium citrate,SODIUM CITRATE,SODIUM CITRATE
SODIUM CITRATE,SODIUM CITRATE,SODIUM CITRATE
Sodium Coceth Sulfate,SODIUM COCETH SULFATE,SODIUM COCO-SULFATE
Sodium Coco-Sulfate,SODIUM COCO-SULFATE,SODIUM COCO-SULFATE
SODIUM COCO-SULFATE,SODIUM COCO-SULFATE,SODIUM COCO-SULFATE
SODIUM COCOAMPHOACETATE,SODIUM COCOAMPHOACETATE,SODIUM COCOAMPHOACETATE
Sodium Cocoamphoacetate,SODIUM COCOAMPHOACETATE,SODIUM COCOAMPHOACETATE
Sodium Cocoampoacetate,SODIUM COCOAMPOACETATE,SODIUM COCOAMPHOACETATE
Sodium Cocoyl Alaninate,SODIUM COCOYL ALANINATE,SODIUM COCOYL ALANINATE
SODIUM COCOYL APPLE AMINO ACIDS,SODIUM COCOYL APPLE AMINO ACIDS,SODIUM COCOYL APPLE AMINO ACIDS
SODIUM COCOYL GLUTAMATE,SODIUM COCOYL GLUTAMATE,SODIUM COCOYL GLUTAMATE
Sodium Cocoyl Glutamate,SODIUM COCOYL GLUTAMATE,SODIUM COCOYL GLUTAMATE
sodium cocoyl glutamate,SODIUM COCOYL GLUTAMATE,SODIUM COCOYL GLUTAMATE
Sodium Cocoyl Glutamate (Plant Origin),SODIUM COCOYL GLUTAMATE,SODIUM COCOYL GLUTAMATE
SODIUM COCOYL GLYCINATE,SODIUM COCOYL GLYCINATE,SODIUM COCOYL GLYCINATE
SODIUM COCOYL ISETHIONATE,SODIUM COCOYL ISETHIONATE,SODIUM COCOYL ISETHIONATE
Sodium Cocoyl Isethionate,SODIUM COCOYL ISETHIONATE,SODIUM COCOYL ISETHIONATE
SODIUM DEHYDROACETATE,SODIUM DEHYDROACETATE,SODIUM DEHYDROACETATE
Sodium Dehydroacetate,SODIUM DEHYDROACETATE,SODIUM DEHYDROACETATE
Sodium Dextran Sulfate,SODIUM DEXTRAN SULFATE,SODIUM DEXTRAN SULFATE
SODIUM DEXTRAN SULFATE,SODIUM DEXTRAN SULFATE,SODIUM DEXTRAN SULFATE
SODIUM DILAURAMIDOGLUTAMIDE LYSINE,SODIUM DILAURAMIDOGLUTAMIDE LYSINE,SODIUM DILAURAMIDOGLUTAMIDE LYSINE
Sodium DNA,SODIUM DNA,SODIUM DNA
SODIUM DNA,SODIUM DNA,SODIUM DNA
SODIUM DODECYLBENZENESULFONATE,SODIUM DODECYLBENZENESULFONATE,SODIUM DODECYLBENZENESULFONATE
SODIUM DODOXYNOL-40 SULFATE,SODIUM DODOXYNOL-40 SULFATE,SODIUM DODOXYNOL-40 SULFATE
Sodium Gluconate (Plant origin),SODIUM GLUCONATE,SODIUM GLUCONATE
Sodium Gluconate (Plant Origin),SODIUM GLUCONATE,SODIUM GLUCONATE
SODIUM GLUCONATE,SODIUM GLUCONATE,SODIUM GLUCONATE
Sodium Gluconate,SODIUM GLUCONATE,SODIUM GLUCONATE
Sodium Glutamate,SODIUM GLUTAMATE,SODIUM GLUTAMATE
Sodium Glycolate,SODIUM GLYCOLATE,SODIUM GLYCOLATE
SODIUM GUAIAZULENE SULFONATE,SODIUM GUAIAZULENE SULFONATE,SODIUM GUAIAZULENE SULFONATE
Sodium Heparin,SODIUM HEPARIN,SODIUM HEPARIN
SODIUM HYALURONATE,SODIUM HYALURONATE,SODIUM HYALURONATE
sodium hyaluronate,SODIUM HYALURONATE,SODIUM HYALURONATE
Sodium hyaluronate,SODIUM HYALURONATE,SODIUM HYALURONATE
Sodium Hyaluronate,SODIUM HYALURONATE,SODIUM HYALURONATE
SODIUM HYALURONATE CROSSPOLYMER,SODIUM HYALURONATE CROSSPOLYMER,SODIUM HYALURONATE CROSSPOLYMER
Sodium Hyaluronate Crosspolymer,SODIUM HYALURONATE CROSSPOLYMER,SODIUM HYALURONATE CROSSPOLYMER
Sodium Hyaluronate Dimethylsilanol,SODIUM HYALURONATE DIMETHYLSILANOL,SODIUM HYALURONATE DIMETHYLSILANOL
SODIUM HYALURONATE DIMETHYLSILANOL,SODIUM HYALURONATE DIMETHYLSILANOL,SODIUM HYALURONATE DIMETHYLSILANOL
SODIUM HYDROXIDE,SODIUM HYDROXIDE,SODIUM HYDROXIDE
Sodium Hydroxide,SODIUM HYDROXIDE,SODIUM HYDROXIDE
Sodium hydroxide,SODIUM HYDROXIDE,SODIUM HYDROXIDE
Sodium Hydroxide ,SODIUM HYDROXIDE PHENOXYETHANOL,SODIUM HYDROXIDE
Sodium Hydroxite,SODIUM HYDROXITE,SODIUM HYDROXIDE
SODIUM HYDROXYDE,SODIUM HYDROXYDE,SODIUM HYDROXIDE
SODIUM HYDROXYPROPYL STARCH PHOSPHATE,SODIUM HYDROXYPROPYL STARCH PHOSPHATE,SODIUM HYDROXYPROPYL STARCH PHOSPHATE
Sodium Isethionate,SODIUM ISETHIONATE,SODIUM ISETHIONATE
Sodium Isostearate,SODIUM ISOSTEARATE,SODIUM ISOSTEARATE
SODIUM ISOSTEARATE,SODIUM ISOSTEARATE,SODIUM ISOSTEARATE
SODIUM LACTATE,SODIUM LACTATE,SODIUM LACTATE
Sodium Lactate,SODIUM LACTATE,SODIUM LACTATE
SODIUM LAURATE,SODIUM LAURATE,SODIUM LAURETH
Sodium Laureth Sulfate,SODIUM LAURETH SULFATE,SODIUM LAURETH SULFATE
SODIUM LAURETH SULFATE,SODIUM LAURETH SULFATE,SODIUM LAURETH SULFATE
SODIUM LAUROYL GLUTAMATE,SODIUM LAUROYL GLUTAMATE,SODIUM LAUROYL GLUTAMATE
SODIUM LAUROYL LACTYLATE,SODIUM LAUROYL LACTYLATE,SODIUM LAUROYL LACTYLATE
Sodium Lauroyl Lactylate,SODIUM LAUROYL LACTYLATE,SODIUM LAUROYL LACTYLATE
Sodium Lauroyl Methyl Isethionate,SODIUM LAUROYL METHYL ISETHIONATE,SODIUM LAUROYL METHYL ISETHIONATE
Sodium Lauroyl Sarcosinate,SODIUM LAUROYL SARCOSINATE,SODIUM LAUROYL SARCOSINATE
SODIUM LAUROYL SARCOSINATE,SODIUM LAUROYL SARCOSINATE,SODIUM LAUROYL SARCOSINATE
SODIUM LAURYL GLUCOSE CARBOXYLATE,SODIUM LAURYL GLUCOSE CARBOXYLATE,SODIUM LAURYL GLUCOSE CARBOXYLATE
SODIUM LAURYL SULFATE,SODIUM LAURYL SULFATE,SODIUM LAURYL SULFATE
Sodium Lauryl Sulfate,SODIUM LAURYL SULFATE,SODIUM LAURYL SULFATE
Sodium Lauryl Sulfoacetate,SODIUM LAURYL SULFOACETATE,SODIUM LAURYL SULFOACETATE
Sodium Levulinate,SODIUM LEVULINATE,SODIUM LEVULINATE
SODIUM LEVULINATE,SODIUM LEVULINATE,SODIUM LEVULINATE
SODIUM MAGNESIUM SILICATE,SODIUM MAGNESIUM SILICATE,SODIUM MAGNESIUM SILICATE
Sodium Meta- bisul?te,SODIUM META- BISUL?TE,SODIUM METABISULFITE
Sodium Metabisul te,SODIUM METABISUL TE,SODIUM METABISULFITE
Sodium Metabisulfife,SODIUM METABISULFIFE,SODIUM METABISULFITE
Sodium Metabisulfite,SODIUM METABISULFITE,SODIUM METABISULFITE
SODIUM METABISULFITE,SODIUM METABISULFITE,SODIUM METABISULFITE
Sodium Methyl Cocoyl Taurate,SODIUM METHYL COCOYL TAURATE,SODIUM METHYL COCOYL TAURATE
SODIUM METHYL COCOYL TAURATE,SODIUM METHYL COCOYL TAURATE,SODIUM METHYL COCOYL TAURATE
Sodium Methyl Oleoyl Taurate,SODIUM METHYL OLEOYL TAURATE,SODIUM METHYL OLEOYL TAURATE
Sodium Methyl Oleyl Taurate,SODIUM METHYL OLEYL TAURATE,SODIUM METHYL OLEOYL TAURATE
SODIUM METHYL STEAROYL TAURATE,SODIUM METHYL STEAROYL TAURATE,SODIUM METHYL STEAROYL TAURATE
Sodium Myreth Sulfate,SODIUM MYRETH SULFATE,SODIUM MYRETH SULFATE
SODIUM OLEATE,SODIUM OLEATE,SODIUM OLEATE
Sodium Oleate,SODIUM OLEATE,SODIUM OLEATE
SODIUM OLIVATE,SODIUM OLIVATE,SODIUM OLIVATE
SODIUM PALMITATE,SODIUM PALMITATE,SODIUM PALMITATE
SODIUM PALMITOYL PROLINE,SODIUM PALMITOYL PROLINE,SODIUM PALMITOYL PROLINE
SODIUM PCA,SODIUM PCA,SODIUM PCA
Sodium Pca,SODIUM PCA,SODIUM PCA
Sodium PCA,SODIUM PCA,SODIUM PCA
SODIUM PEG-7 OLIVE OIL CARBOXYLATE,SODIUM PEG-7 OLIVE OIL CARBOXYLATE,SODIUM PEG-7 OLIVE OIL CARBOXYLATE
SODIUM PHOSPHATE,SODIUM PHOSPHATE,SODIUM PHOSPHATE
Sodium Phosphate,SODIUM PHOSPHATE,SODIUM PHOSPHATE
Sodium Phosphate Ingredients,SODIUM PHOSPHATE,SODIUM PHOSPHATE
Sodium Phytate* (naturalny czynnik chelatujący),SODIUM PHYTATE,SODIUM PHYTATE
Sodium Phytate*. *składniki pochodzenia naturalnego,SODIUM PHYTATE,SODIUM PHYTATE
Sodium Phytate,SODIUM PHYTATE,SODIUM PHYTATE
SODIUM PHYTATE,SODIUM PHYTATE,SODIUM PHYTATE
Sodium Poly acrylate,SODIUM POLY ACRYLATE,SODIUM POLYACRYLATE
SODIUM POLYACRYLATE,SODIUM POLYACRYLATE,SODIUM POLYACRYLATE
Sodium Polyacrylate,SODIUM POLYACRYLATE,SODIUM POLYACRYLATE
SODIUM POLYACRYLATE STARCH,SODIUM POLYACRYLATE STARCH,SODIUM POLYACRYLATE STARCH
Sodium Polyacrylate Starch,SODIUM POLYACRYLATE STARCH,SODIUM POLYACRYLATE STARCH
Sodium Polyacrylatesodium Polyacrylate Starch,SODIUM POLYACRYLATESODIUM POLYACRYLATE STARCH,SODIUM POLYACRYLATE STARCH
SODIUM POLYACRYLOYLDIMETHYL TAURATE,SODIUM POLYACRYLOYLDIMETHYL TAURATE,SODIUM POLYACRYLOYLDIMETHYL TAURATE
Sodium Polyglutamate,SODIUM POLYGLUTAMATE,SODIUM POLYGLUTAMATE
SODIUM POLYGLUTAMATE,SODIUM POLYGLUTAMATE,SODIUM POLYGLUTAMATE
Sodium Retinoyl Hyaluronate,SODIUM RETINOYL HYALURONATE,SODIUM RETINOYL HYALURONATE
SODIUM SACCHARIN,SODIUM SACCHARIN,SODIUM SACCHARIN
Sodium Saccharin,SODIUM SACCHARIN,SODIUM SACCHARIN
Sodium Salicylate,SODIUM SALICYLATE,SODIUM SALICYLATE
SODIUM SALICYLATE,SODIUM SALICYLATE,SODIUM SALICYLATE
Sodium Sesamphoacetate,SODIUM SESAMPHOACETATE,SODIUM SESAMPHOACETATE
SODIUM STARCH OCTENYLSUCCINATE,SODIUM STARCH OCTENYLSUCCINATE,SODIUM STARCH OCTENYLSUCCINATE
Sodium Starch Octenylsuccinate,SODIUM STARCH OCTENYLSUCCINATE,SODIUM STARCH OCTENYLSUCCINATE
Sodium Ste- aroyl Glutamate,SODIUM STE- AROYL GLUTAMATE,SODIUM STEAROYL GLUTAMATE
SODIUM STEARATE,SODIUM STEARATE,SODIUM STEARATE
Sodium Stearate,SODIUM STEARATE,SODIUM STEARATE
SODIUM STEAROXY PG-HYDROXYETHYLCELLULOSE SULFONATE,SODIUM STEAROXY PG-HYDROXYETHYLCELLULOSE SULFONATE,SODIUM STEAROXY PG-HYDROXYETHYLCELLULOSE SULFONATE
SODIUM STEAROYL GLUTAMATE,SODIUM STEAROYL GLUTAMATE,SODIUM STEAROYL GLUTAMATE
Sodium Stearoyl Glutamate,SODIUM STEAROYL GLUTAMATE,SODIUM STEAROYL GLUTAMATE
Sodium Stearoyl Lactylate,SODIUM STEAROYL LACTYLATE,SODIUM STEAROYL LACTYLATE
SODIUM STEAROYL LACTYLATE,SODIUM STEAROYL LACTYLATE,SODIUM STEAROYL LACTYLATE
Sodium Styrene/Ma Copolymer,SODIUM STYRENE/MA COPOLYMER,SODIUM STYRENE/MA COPOLYMER
Sodium Sulfate,SODIUM SULFATE,SODIUM SULFATE
SODIUM SULFATE,SODIUM SULFATE,SODIUM SULFATE
SODIUM SULFITE,SODIUM SULFITE,SODIUM SULFITE
SODIUM SURFACTIN,SODIUM SURFACTIN,SODIUM SURFACTIN
Sodium Surfactin (Plant Origin),SODIUM SURFACTIN,SODIUM SURFACTIN
SODIUM THIOSULFATE,SODIUM THIOSULFATE,SODIUM THIOSULFATE
SodiumChloride,SODIUMCHLORIDE,SODIUM CHLORIDE
SOLANUM LYCOPERSICUM FRUIT EXTRACT,SOLANUM LYCOPERSICUM FRUIT EXTRACT,SOLANUM LYCOPERSICUM FRUIT EXTRACT
Solanum Lycopersicum Seed Oil,SOLANUM LYCOPERSICUM SEED OIL,SOLANUM LYCOPERSICUM SEED OIL
SOLANUM MELONGENA FRUIT EXTRACT,SOLANUM MELONGENA FRUIT EXTRACT,SOLANUM MELONGENA FRUIT EXTRACT
Solanum Melongena Fruit Extract,SOLANUM MELONGENA FRUIT EXTRACT,SOLANUM MELONGENA FRUIT EXTRACT
Solanum Melongena (eggplant) Fruit Extract,SOLANUM MELONGENA FRUIT EXTRACT,SOLANUM MELONGENA FRUIT EXTRACT
SOLANUM TUBEROSUM PULP EXTRACT,SOLANUM TUBEROSUM PULP EXTRACT,SOLANUM TUBEROSUM PULP EXTRACT
solanummelongena (eggplant) fruit extract,SOLANUMMELONGENA FRUIT EXTRACT,SOLANUM MELONGENA FRUIT EXTRACT
Soluble Collagen,SOLUBLE COLLAGEN,SOLUBLE COLLAGEN
SOLUBLE COLLAGEN,SOLUBLE COLLAGEN,SOLUBLE COLLAGEN
Soluble Collagen (Vegan),SOLUBLE COLLAGEN,SOLUBLE COLLAGEN
Soluble Collagen Crosspolymer,SOLUBLE COLLAGEN CROSSPOLYMER,SOLUBLE COLLAGEN CROSSPOLYMER
SOLUBLE PROTEOGLYCAN,SOLUBLE PROTEOGLYCAN,SOLUBLE PROTEOGLYCAN
SOPHORA FLAVESCENS ROOT EXTRACT,SOPHORA FLAVESCENS ROOT EXTRACT,SOPHORA FLAVESCENS ROOT EXTRACT
Sophora Flavescens Root Extract,SOPHORA FLAVESCENS ROOT EXTRACT,SOPHORA FLAVESCENS ROOT EXTRACT
SOPHORA JAPONICA FLOWER EXTRACT,SOPHORA JAPONICA FLOWER EXTRACT,SOPHORA JAPONICA FLOWER EXTRACT
Sophora Japonica Fruit Extract,SOPHORA JAPONICA FRUIT EXTRACT,SOPHORA JAPONICA FRUIT EXTRACT
SORBETH-30 TETRAISOSTEARATE,SORBETH-30 TETRAISOSTEARATE,SORBETH-30 TETRAISOSTEARATE
SORBETH-30 TETRAOLEATE,SORBETH-30 TETRAOLEATE,SORBETH-30 TETRAOLEATE
sorbeth-30 tetraoleate,SORBETH-30 TETRAOLEATE,SORBETH-30 TETRAOLEATE
Sorbeth-30 Tetraoleate,SORBETH-30 TETRAOLEATE,SORBETH-30 TETRAOLEATE
SORBIC ACID,SORBIC ACID,SORBIC ACID
Sorbic Acid,SORBIC ACID,SORBIC ACID
Sorbic Acid ,SORBIC ACID,SORBIC ACID
Sorbitan isostearate,SORBITAN ISOSTEARATE,SORBITAN ISOSTEARATE
Sorbitan Isostearate,SORBITAN ISOSTEARATE,SORBITAN ISOSTEARATE
SORBITAN ISOSTEARATE,SORBITAN ISOSTEARATE,SORBITAN ISOSTEARATE
Sorbitan Laurate,SORBITAN LAURATE,SORBITAN LAURATE
SORBITAN LAURATE,SORBITAN LAURATE,SORBITAN LAURATE
Sorbitan Laureate,SORBITAN LAUREATE,SORBITAN LAURATE
SORBITAN OLEATE,SORBITAN OLEATE,SORBITAN OLEATE
sorbitan oleate,SORBITAN OLEATE,SORBITAN OLEATE
Sorbitan Oleate,SORBITAN OLEATE,SORBITAN OLEATE
Sorbitan Oleate Decylglucoside Crosspolymer,SORBITAN OLEATE DECYLGLUCOSIDE CROSSPOLYMER,SORBITAN OLEATE
SORBITAN OLEATE DECYLGLUCOSIDE CROSSPOLYMER,SORBITAN OLEATE DECYLGLUCOSIDE CROSSPOLYMER,SORBITAN OLEATE
Sorbitan Olivate* (emulgator pochodzenia roślinnego),SORBITAN OLIVATE,SORBITAN OLIVATE
SORBITAN OLIVATE,SORBITAN OLIVATE,SORBITAN OLIVATE
Sorbitan Olivate,SORBITAN OLIVATE,SORBITAN OLIVATE
SORBITAN PALMITATE,SORBITAN PALMITATE,SORBITAN PALMITATE
Sorbitan Palmitate,SORBITAN PALMITATE,SORBITAN PALMITATE
sorbitan sesquioleate,SORBITAN SESQUIOLEATE,SORBITAN SESQUIOLEATE
Sorbitan Sesquioleate,SORBITAN SESQUIOLEATE,SORBITAN SESQUIOLEATE
SORBITAN SESQUIOLEATE,SORBITAN SESQUIOLEATE,SORBITAN SESQUIOLEATE
Sorbitan Stearate,SORBITAN STEARATE,SORBITAN STEARATE
SORBITAN STEARATE,SORBITAN STEARATE,SORBITAN STEARATE
Sorbitan Tristearate,SORBITAN TRISTEARATE,SORBITAN TRISTEARATE
sorbitan tristearate,SORBITAN TRISTEARATE,SORBITAN TRISTEARATE
SORBITAN TRISTEARATE,SORBITAN TRISTEARATE,SORBITAN TRISTEARATE
Sorbitol,SORBITOL,SORBITOL
SORBITOL,SORBITOL,SORBITOL
SORBITYL LAURATE,SORBITYL LAURATE,SORBITYL LAURATE
Sorbityl Laurate,SORBITYL LAURATE,SORBITYL LAURATE
Soy Isoflavones,SOY ISOFLAVONES,SOY ISOFLAVONES
SOY ISOFLAVONES,SOY ISOFLAVONES,SOY ISOFLAVONES
SOYBEAN FERMENT EXTRACT,SOYBEAN FERMENT EXTRACT,SOYBEAN FERMENT EXTRACT
Soybean Ferment Extract,SOYBEAN FERMENT EXTRACT,SOYBEAN FERMENT EXTRACT
SOYBEAN OIL,SOYBEAN OIL,SOYBEAN OIL
Soybean Oil,SOYBEAN OIL,SOYBEAN OIL
Soybean Protein,SOYBEAN PROTEIN,SOYBEAN PROTEIN
soybean protein,SOYBEAN PROTEIN,SOYBEAN PROTEIN
Soybean Sprout Extract,SOYBEAN SPROUT EXTRACT,SOYBEAN SPROUT EXTRACT
Spanish Licorice Extract,SPANISH LICORICE EXTRACT,SPANISH LICORICE EXTRACT
SPHINGOLIPIDS,SPHINGOLIPIDS,SPHINGOLIPIDS
Sphingolipids,SPHINGOLIPIDS,SPHINGOLIPIDS
Sphingomonas Ferment Extract,SPHINGOMONAS FERMENT EXTRACT,SPHINGOMONAS FERMENT EXTRACT
SPHINGOMONAS FERMENT EXTRACT,SPHINGOMONAS FERMENT EXTRACT,SPHINGOMONAS FERMENT EXTRACT
SPILANTHES ACMELLA EXTRACT,SPILANTHES ACMELLA EXTRACT,SPILANTHES ACMELLA EXTRACT
Spilanthes Acmella Extract,SPILANTHES ACMELLA EXTRACT,SPILANTHES ACMELLA EXTRACT
Spilanthes Acmella Flower,SPILANTHES ACMELLA FLOWER,SPILANTHES ACMELLA FLOWER
SPILANTHES ACMELLA FLOWER,SPILANTHES ACMELLA FLOWER,SPILANTHES ACMELLA FLOWER
SPILANTHES ACMELLA FLOWER EXTRACT,SPILANTHES ACMELLA FLOWER EXTRACT,SPILANTHES ACMELLA FLOWER EXTRACT
Spilanthes Acmella Flower Extract,SPILANTHES ACMELLA FLOWER EXTRACT,SPILANTHES ACMELLA FLOWER EXTRACT
SPINACIA OLERACEA LEAF EXTRACT,SPINACIA OLERACEA LEAF EXTRACT,SPINACIA OLERACEA LEAF EXTRACT
SPIRULINA PLATENSIS EXTRACT,SPIRULINA PLATENSIS EXTRACT,SPIRULINA PLATENSIS EXTRACT
Spirulina Platensis Extract,SPIRULINA PLATENSIS EXTRACT,SPIRULINA PLATENSIS EXTRACT
Squalane,SQUALANE,SQUALANE
SQUALANE,SQUALANE,SQUALANE
Squalene,SQUALENE,SQUALANE
SQUALENE,SQUALENE,SQUALANE
Stalk Extract,STALK EXTRACT,STALK EXTRACT
STALK EXTRACT,STALK EXTRACT,STALK EXTRACT
Ste- areth-20,STE- ARETH-20,STEARETH-20
Stearalkonium Hectorite,STEARALKONIUM HECTORITE,STEARALKONIUM HECTORITE
STEARATE,STEARATE,STEARATE
Stearate,STEARATE,STEARATE
STEARETH-2,STEARETH-2,STEARETH-2
Steareth-2,STEARETH-2,STEARETH-2
STEARETH-20,STEARETH-20,STEARETH-20
Steareth-20,STEARETH-20,STEARETH-20
Steareth-21,STEARETH-21,STEARETH-21
STEARETH-21,STEARETH-21,STEARETH-21
Stearic Acid,STEARIC ACID,STEARIC ACID
STEARIC ACID,STEARIC ACID,STEARIC ACID
stearic acid,STEARIC ACID,STEARIC ACID
Stearic Triglyceride,STEARIC TRIGLYCERIDE,STEARIC TRIGLYCERIDE
STEARIC TRIGLYCERIDE,STEARIC TRIGLYCERIDE,STEARIC TRIGLYCERIDE
STEARYL,STEARYL,STEARYL ALCOHOL
Stearyl Alcohol,STEARYL ALCOHOL,STEARYL ALCOHOL
stearyl alcohol,STEARYL ALCOHOL,STEARYL ALCOHOL
STEARYL ALCOHOL,STEARYL ALCOHOL,STEARYL ALCOHOL
STEARYL BEESWAX,STEARYL BEESWAX,STEARYL BEESWAX
STEARYL BEHENATE,STEARYL BEHENATE,STEARYL BEHENATE
STEARYL DIMETHICONE,STEARYL DIMETHICONE,STEARYL DIMETHICONE
Stearyl Stearate,STEARYL STEARATE,STEARYL STEARATE
STEARYL STEARATE,STEARYL STEARATE,STEARYL STEARATE
STELLARIA MEDIA EXTRACT,STELLARIA MEDIA EXTRACT,STELLARIA MEDIA EXTRACT
Stem Extract,STEM EXTRACT,STEM EXTRACT
STEM EXTRACT,STEM EXTRACT,STEM EXTRACT
STEM WATER,STEM WATER,STEM WATER
STEPHANIA TETRANDRA ROOT EXTRACT,STEPHANIA TETRANDRA ROOT EXTRACT,STEPHANIA TETRANDRA ROOT EXTRACT
STEVIA REBAUDIANA EXTRACT,STEVIA REBAUDIANA EXTRACT,STEVIA REBAUDIANA EXTRACT
Stevia Rebaudiana Extract,STEVIA REBAUDIANA EXTRACT,STEVIA REBAUDIANA EXTRACT
Stevia Rebaudiana Leaf,STEVIA REBAUDIANA LEAF,STEVIA REBAUDIANA LEAF
STEVIA REBAUDIANA LEAF,STEVIA REBAUDIANA LEAF,STEVIA REBAUDIANA LEAF
STEVIA REBAUDIANA LEAF EXTRACT,STEVIA REBAUDIANA LEAF EXTRACT,STEVIA REBAUDIANA LEAF EXTRACT
STEVIOSIDE,STEVIOSIDE,STEVIOSIDE
Straw Glycosides,STRAW GLYCOSIDES,STRAW GLYCOSIDES
Streptococcus Thermophilus Ferment,STREPTOCOCCUS THERMOPHILUS FERMENT,STREPTOCOCCUS THERMOPHILUS FERMENT
STREPTOCOCCUS THERMOPHILUS FERMENT,STREPTOCOCCUS THERMOPHILUS FERMENT,STREPTOCOCCUS THERMOPHILUS FERMENT
STREPTOCOCCUS THERMOPHILUS LYSATE,STREPTOCOCCUS THERMOPHILUS LYSATE,STREPTOCOCCUS THERMOPHILUS LYSATE
Strontium Oxide,STRONTIUM OXIDE,STRONTIUM OXIDE
Styrene /Acrylates Copolymer,STYRENE /ACRYLATES COPOLYMER,STYRENE/ACRYLATES COPOLYMER
STYRENE/ACRYLATES COPOLYMER,STYRENE/ACRYLATES COPOLYMER,STYRENE/ACRYLATES COPOLYMER
STYRENE/BUTADIENE COPOLYMER,STYRENE/BUTADIENE COPOLYMER,STYRENE/BUTADIENE COPOLYMER
Styrene/Isoprene Copolymer,STYRENE/ISOPRENE COPOLYMER,STYRENE/ISOPRENE COPOLYMER
STYRENE/ISOPRENE COPOLYMER,STYRENE/ISOPRENE COPOLYMER,STYRENE/ISOPRENE COPOLYMER
STYRENE/VP COPOLYMER,STYRENE/VP COPOLYMER,STYRENE/VP COPOLYMER
Su-cralose,SU-CRALOSE,SUCRALOSE
SUCCINATE,SUCCINATE,SUCCINATE
SUCCINIC ACID,SUCCINIC ACID,SUCCINIC ACID
Succinic Acid,SUCCINIC ACID,SUCCINIC ACID
SUCCINIC TRIGLYCERIDE,SUCCINIC TRIGLYCERIDE,SUCCINIC TRIGLYCERIDE
Succinoglycan,SUCCINOGLYCAN,SUCCINOGLYCAN
SUCCINOGLYCAN,SUCCINOGLYCAN,SUCCINOGLYCAN
SUCRALOSE,SUCRALOSE,SUCRALOSE
Sucralose,SUCRALOSE,SUCRALOSE
SUCROSE,SUCROSE,SUCROSE
Sucrose,SUCROSE,SUCROSE
SUCROSE COCOATE,SUCROSE COCOATE,SUCROSE COCOATE
Sucrose Cocoate,SUCROSE COCOATE,SUCROSE COCOATE
SUCROSE DISTEARATE,SUCROSE DISTEARATE,SUCROSE DISTEARATE
Sucrose Distearate,SUCROSE DISTEARATE,SUCROSE DISTEARATE
SUCROSE PALMITATE,SUCROSE PALMITATE,SUCROSE PALMITATE
Sucrose Stearate,SUCROSE STEARATE,SUCROSE STEARATE
SUCROSE STEARATE,SUCROSE STEARATE,SUCROSE STEARATE
SUCROSE TETRASTEARATE TRIACETATE,SUCROSE TETRASTEARATE TRIACETATE,SUCROSE TETRASTEARATE TRIACETATE
Sucrose Tetrastearate Triacetate,SUCROSE TETRASTEARATE TRIACETATE,SUCROSE TETRASTEARATE TRIACETATE
SULFUR,SULFUR,SULFUR
Sunflower Seed Acid,SUNFLOWER SEED ACID,SUNFLOWER SEED ACID
SUNFLOWER SEED WAX,SUNFLOWER SEED WAX,SUNFLOWER SEED WAX
Sunflower Seed Wax,SUNFLOWER SEED WAX,SUNFLOWER SEED WAX
SUNFLOWEROYL METHYLGLUCAMIDE,SUNFLOWEROYL METHYLGLUCAMIDE,SUNFLOWEROYL METHYLGLUCAMIDE
SUPEROXIDE DISMUTASE,SUPEROXIDE DISMUTASE,SUPEROXIDE DISMUTASE
Superoxide Dismutase,SUPEROXIDE DISMUTASE,SUPEROXIDE DISMUTASE
SWEET ALMOND OIL POLYGLYCERYL-4 ESTERS,SWEET ALMOND OIL POLYGLYCERYL-4 ESTERS,SWEET ALMOND OIL POLYGLYCERYL-4 ESTERS
Swertia Bimaculata Extract,SWERTIA BIMACULATA EXTRACT,SWERTIA BIMACULATA EXTRACT
SYNTHETIC BEESWAX,SYNTHETIC BEESWAX,SYNTHETIC BEESWAX
Synthetic Beeswax,SYNTHETIC BEESWAX,SYNTHETIC BEESWAX
SYNTHETIC FLUORPHLOGOPITE,SYNTHETIC FLUORPHLOGOPITE,SYNTHETIC FLUORPHLOGOPITE
Synthetic Fluorphlogopite,SYNTHETIC FLUORPHLOGOPITE,SYNTHETIC FLUORPHLOGOPITE
synthetic wax,SYNTHETIC WAX,SYNTHETIC WAX
Synthetic Wax,SYNTHETIC WAX,SYNTHETIC WAX
SYNTHETIC WAX,SYNTHETIC WAX,SYNTHETIC WAX
Syringa Vulgaris (Lilac) Extract,SYRINGA VULGARIS EXTRACT,SYRINGA VULGARIS EXTRACT
t-Butyl Alcohol,T-BUTYL ALCOHOL,T-BUTYL ALCOHOL
T-BUTYL ALCOHOL,T-BUTYL ALCOHOL,T-BUTYL ALCOHOL
T-Butyl Alcohol,T-BUTYL ALCOHOL,T-BUTYL ALCOHOL
Talc,TALC,TALC
Tamarindus Indica Extract,TAMARINDUS INDICA EXTRACT,TAMARINDUS INDICA EXTRACT
Tamarindus Indica Seed Gum,TAMARINDUS INDICA SEED GUM,TAMARINDUS INDICA SEED GUM
TAMARINDUS INDICA SEED GUM,TAMARINDUS INDICA SEED GUM,TAMARINDUS INDICA SEED GUM
TAMARINDUS INDICA SEED POLYSACCHARIDE,TAMARINDUS INDICA SEED POLYSACCHARIDE,TAMARINDUS INDICA SEED POLYSACCHARIDE
TANACETUM VULGARE FLOWER EXTRACT,TANACETUM VULGARE FLOWER EXTRACT,TANACETUM VULGARE FLOWER EXTRACT
Tanacetum Vulgare Flower Extract,TANACETUM VULGARE FLOWER EXTRACT,TANACETUM VULGARE FLOWER EXTRACT
TANNIC ACID,TANNIC ACID,TANNIC ACID
Tapioca Starch,TAPIOCA STARCH,TAPIOCA STARCH
Tapioca Starch* (skrobia z tapioki),TAPIOCA STARCH,TAPIOCA STARCH
TAPIOCA STARCH,TAPIOCA STARCH,TAPIOCA STARCH
TARAXACUM OFFICINALE LEAF EXTRACT,TARAXACUM OFFICINALE LEAF EXTRACT,TARAXACUM OFFICINALE LEAF EXTRACT
TARAXACUM OFFICINALE RHIZOME,TARAXACUM OFFICINALE RHIZOME,TARAXACUM OFFICINALE RHIZOME
TARTARIC ACID,TARTARIC ACID,TARTARIC ACID
Tartaric Acid,TARTARIC ACID,TARTARIC ACID
TASMANNIA LANCEOLATA FRUIT,TASMANNIA LANCEOLATA FRUIT,TASMANNIA LANCEOLATA FRUIT
Taurate,TAURATE,TAURATE
Taurine,TAURINE,TAURINE
TAURINE,TAURINE,TAURINE
Tea Tree Oil,TEA TREE OIL,TEA TREE OIL
Tephrosia Purpurea Extract,TEPHROSIA PURPUREA EXTRACT,TEPHROSIA PURPUREA EXTRACT
Tephrosia Purpurea Seed Extract,TEPHROSIA PURPUREA SEED EXTRACT,TEPHROSIA PURPUREA SEED EXTRACT
Teradecyl Aminobutyroylvalylaminobutyric Urea Trifluoroacetate,TERADECYL AMINOBUTYROYLVALYLAMINOBUTYRIC UREA TRIFLUOROACETATE,TERADECYL AMINOBUTYROYLVALYLAMINOBUTYRIC UREA TRIFLUOROACETATE
TEREPHTHALYLIDENE DICAMPHOR SULFONIC ACID,TEREPHTHALYLIDENE DICAMPHOR SULFONIC ACID,TEREPHTHALYLIDENE DICAMPHOR SULFONIC ACID
Terephthalylidene Dicamphor Sulfonic Acid,TEREPHTHALYLIDENE DICAMPHOR SULFONIC ACID,TEREPHTHALYLIDENE DICAMPHOR SULFONIC ACID
TERMINALIA ARJUNA BARK EXTRACT,TERMINALIA ARJUNA BARK EXTRACT,TERMINALIA ARJUNA BARK EXTRACT
Terminalia Chebula Fruit Extract,TERMINALIA CHEBULA FRUIT EXTRACT,TERMINALIA CHEBULA FRUIT EXTRACT
TERMINALIA FERDINANDIANA FRUIT EXTRACT,TERMINALIA FERDINANDIANA FRUIT EXTRACT,TERMINALIA FERDINANDIANA FRUIT EXTRACT
Terminalia Ferdinandiana Fruit Extract,TERMINALIA FERDINANDIANA FRUIT EXTRACT,TERMINALIA FERDINANDIANA FRUIT EXTRACT
TERPINEOL,TERPINEOL,TERPINEOL
Terpineol,TERPINEOL,TERPINEOL
TERPINOLENE,TERPINOLENE,TERPINOLENE
Terpinolene,TERPINOLENE,TERPINOLENE
Tetra Sodium Glutamate Diacetate,TETRA SODIUM GLUTAMATE DIACETATE,TETRA SODIUM GLUTAMATE DIACETATE
Tetra-Di-T-Butyl Hydroxyhydrocinnamate,TETRA-DI-T-BUTYL HYDROXYHYDROCINNAMATE,TETRA-DI-T-BUTYL HYDROXYHYDROCINNAMATE
Tetra-methyl Acetyloctahydronaphthalenes,TETRA-METHYL ACETYLOCTAHYDRONAPHTHALENES,TETRA-METHYL ACETYLOCTAHYDRONAPHTHALENES
TETRADECYL AMINOBUTYROYLVALYLAMINOBUTYRIC UREA ACETATE,TETRADECYL AMINOBUTYROYLVALYLAMINOBUTYRIC UREA ACETATE,TETRADECYL AMINOBUTYROYLVALYLAMINOBUTYRIC UREA ACETATE
Tetradecyl Aminobutyroylvalylaminobutyric Urea Tri- fluoroacetate,TETRADECYL AMINOBUTYROYLVALYLAMINOBUTYRIC UREA TRI- FLUOROACETATE,TETRADECYL AMINOBUTYROYLVALYLAMINOBUTYRIC UREA TRIFLUOROACETATE
Tetradecyl Aminobutyroylvalylaminobutyric Urea Trifluoroacetate,TETRADECYL AMINOBUTYROYLVALYLAMINOBUTYRIC UREA TRIFLUOROACETATE,TETRADECYL AMINOBUTYROYLVALYLAMINOBUTYRIC UREA TRIFLUOROACETATE
TETRADECYL AMINOBUTYROYLVALYLAMINOBUTYRIC UREA TRIFLUOROACETATE,TETRADECYL AMINOBUTYROYLVALYLAMINOBUTYRIC UREA TRIFLUOROACETATE,TETRADECYL AMINOBUTYROYLVALYLAMINOBUTYRIC UREA TRIFLUOROACETATE
TETRAHEXYLDECYL ASCORBATE,TETRAHEXYLDECYL ASCORBATE,TETRAHEXYLDECYL ASCORBATE
Tetrahexyldecyl Ascorbate,TETRAHEXYLDECYL ASCORBATE,TETRAHEXYLDECYL ASCORBATE
TETRAHYDROBISDEMETHOXYDIFERULOYLMETHANE,TETRAHYDROBISDEMETHOXYDIFERULOYLMETHANE,TETRAHYDROBISDEMETHOXYDIFERULOYLMETHANE
Tetrahydrobisdemethoxydiferuloylmethane,TETRAHYDROBISDEMETHOXYDIFERULOYLMETHANE,TETRAHYDROBISDEMETHOXYDIFERULOYLMETHANE
Tetrahydrodemethoxydiferuloylmethane,TETRAHYDRODEMETHOXYDIFERULOYLMETHANE,TETRAHYDRODEMETHOXYDIFERULOYLMETHANE
TETRAHYDRODEMETHOXYDIFERULOYLMETHANE,TETRAHYDRODEMETHOXYDIFERULOYLMETHANE,TETRAHYDRODEMETHOXYDIFERULOYLMETHANE
TETRAHYDRODIFERULOYLMETHANE,TETRAHYDRODIFERULOYLMETHANE,TETRAHYDRODIFERULOYLMETHANE
Tetrahydrodiferuloylmethane,TETRAHYDRODIFERULOYLMETHANE,TETRAHYDRODIFERULOYLMETHANE
Tetrahydroxypropyl Ethylenediamine,TETRAHYDROXYPROPYL ETHYLENEDIAMINE,TETRAHYDROXYPROPYL ETHYLENEDIAMINE
Tetramethyl Acetyl-octahydronaphthalenes,TETRAMETHYL ACETYL-OCTAHYDRONAPHTHALENES,TETRAMETHYL ACETYLOCTAHYDRONAPHTHALENES
Tetramethyl Acetyloctahydronaphthalenes,TETRAMETHYL ACETYLOCTAHYDRONAPHTHALENES,TETRAMETHYL ACETYLOCTAHYDRONAPHTHALENES
Tetramethyl Acetyloctahydronaphthalenes. *składniki pochodzenia naturalnego,TETRAMETHYL ACETYLOCTAHYDRONAPHTHALENES,TETRAMETHYL ACETYLOCTAHYDRONAPHTHALENES
Tetramethyl Acetyloctahydronaphthalenes. *składnik pochodzenia naturalnego,TETRAMETHYL ACETYLOCTAHYDRONAPHTHALENES,TETRAMETHYL ACETYLOCTAHYDRONAPHTHALENES
TETRAMETHYL ACETYLOCTAHYDRONAPHTHALENES,TETRAMETHYL ACETYLOCTAHYDRONAPHTHALENES,TETRAMETHYL ACETYLOCTAHYDRONAPHTHALENES
Tetramethyl Acetyloctahydronaphthalenes. *składniki posiadające certyfikat naturalności,TETRAMETHYL ACETYLOCTAHYDRONAPHTHALENES,TETRAMETHYL ACETYLOCTAHYDRONAPHTHALENES
Tetramethylacetyloctahydronaphthalenes,TETRAMETHYLACETYLOCTAHYDRONAPHTHALENES,TETRAMETHYL ACETYLOCTAHYDRONAPHTHALENES
Tetramethylbutylphenol,TETRAMETHYLBUTYLPHENOL,TETRAMETHYLBUTYLPHENOL
TETRAPEPTIDE-21,TETRAPEPTIDE-21,TETRAPEPTIDE-21
TETRAPEPTIDE-4,TETRAPEPTIDE-4,TETRAPEPTIDE-4
Tetrapeptide-4,TETRAPEPTIDE-4,TETRAPEPTIDE-4
Tetraphylla Seed Oil,TETRAPHYLLA SEED OIL,TETRAPHYLLA SEED OIL
TETRAPHYLLA SEED OIL,TETRAPHYLLA SEED OIL,TETRAPHYLLA SEED OIL
Tetrasodium EDTA,TETRASODIUM EDTA,TETRASODIUM EDTA
TETRASODIUM EDTA,TETRASODIUM EDTA,TETRASODIUM EDTA
TETRASODIUM GLUTAMATE DIACETATE,TETRASODIUM GLUTAMATE DIACETATE,TETRASODIUM GLUTAMATE DIACETATE
Tetrasodium Glutamate Diacetate,TETRASODIUM GLUTAMATE DIACETATE,TETRASODIUM GLUTAMATE DIACETATE
TETRASODIUM IMINODISUCCINATE,TETRASODIUM IMINODISUCCINATE,TETRASODIUM IMINODISUCCINATE
THEOBROMA CACAO EXTRACT,THEOBROMA CACAO EXTRACT,THEOBROMA CACAO EXTRACT
Theobroma cacao (Cocoa) extract,THEOBROMA CACAO EXTRACT,THEOBROMA CACAO EXTRACT
Theobroma Cacao Extract,THEOBROMA CACAO EXTRACT,THEOBROMA CACAO EXTRACT
Theobroma Cacao (Cocoa) Extract,THEOBROMA CACAO EXTRACT,THEOBROMA CACAO EXTRACT
Theobroma Cacao (Cocoa) Seed Butter,THEOBROMA CACAO SEED BUTTER,THEOBROMA CACAO SEED BUTTER
THEOBROMA CACAO SEED BUTTER,THEOBROMA CACAO SEED BUTTER,THEOBROMA CACAO SEED BUTTER
Theobroma Cacao Seed Butter,THEOBROMA CACAO SEED BUTTER,THEOBROMA CACAO SEED BUTTER
THEOBROMA CACAO SEED EXTRACT,THEOBROMA CACAO SEED EXTRACT,THEOBROMA CACAO SEED EXTRACT
Theobroma Cacao Seed Oil,THEOBROMA CACAO SEED OIL,THEOBROMA CACAO SEED OIL
Theobroma Grandiflorum Seed Butter,THEOBROMA GRANDIFLORUM SEED BUTTER,THEOBROMA GRANDIFLORUM SEED BUTTER
THEOBROMA GRANDIFLORUM SEED BUTTER,THEOBROMA GRANDIFLORUM SEED BUTTER,THEOBROMA GRANDIFLORUM SEED BUTTER
THERMUS THERMOPHILLUS FERMENT,THERMUS THERMOPHILLUS FERMENT,THERMUS THERMOPHILLUS FERMENT
THIAMINE HCl,THIAMINE HCL,THIAMINE HCL
Thioctic Acid,THIOCTIC ACID,THIOCTIC ACID
THREONINE,THREONINE,THREONINE
Threonine,THREONINE,THREONINE
THYMINE,THYMINE,THYMINE
THYMOL,THYMOL,THYMOL
THYMUS VULGARIS EXTRACT,THYMUS VULGARIS EXTRACT,THYMUS VULGARIS EXTRACT
Thymus Vulgaris Flower,THYMUS VULGARIS FLOWER,THYMUS VULGARIS FLOWER
TILIA CORDATA FLOWER EXTRACT,TILIA CORDATA FLOWER EXTRACT,TILIA CORDATA FLOWER EXTRACT
Tilia Cordata Flower Extract,TILIA CORDATA FLOWER EXTRACT,TILIA CORDATA FLOWER EXTRACT
TILIA CORDATA FLOWER WATER,TILIA CORDATA FLOWER WATER,TILIA CORDATA FLOWER WATER
TIMONACIC,TIMONACIC,TIMONACIC
Tirethanolamine,TIRETHANOLAMINE,TIRETHANOLAMINE
Titamum Dioxide,TITAMUM DIOXIDE,CI 77891
TITANIUM,TITANIUM,CI 77891
To- copheryl Acetate,TO- COPHERYL ACETATE,TOCOPHERYL ACETATE
Toco- pherol,TOCO- PHEROL,TOCOPHEROL
Toco-pherol,TOCO-PHEROL,TOCOPHEROL
TOCOPHEROL,TOCOPHEROL,TOCOPHEROL
Tocopherol (Vitamin E),TOCOPHEROL,TOCOPHEROL
tocopherol,TOCOPHEROL,TOCOPHEROL
Tocopherol* (witamina E),TOCOPHEROL,TOCOPHEROL
Tocopherol,TOCOPHEROL,TOCOPHEROL
Tocopherol (Vit,TOCOPHEROL (VIT,TOCOPHEROL
Tocopherol Acetate,TOCOPHEROL ACETATE,TOCOPHERYL ACETATE
TOCOPHERYL ACETATE,TOCOPHERYL ACETATE,TOCOPHERYL ACETATE
Tocopheryl Acetate (Vitamin E Derivate),TOCOPHERYL ACETATE,TOCOPHERYL ACETATE
tocopheryl Acetate,TOCOPHERYL ACETATE,TOCOPHERYL ACETATE
Tocopheryl acetate,TOCOPHERYL ACETATE,TOCOPHERYL ACETATE
Tocopheryl (Vitamin E) Acetate,TOCOPHERYL ACETATE,TOCOPHERYL ACETATE
Tocopheryl Acetate. *składniki pochodzenia naturalnego,TOCOPHERYL ACETATE,TOCOPHERYL ACETATE
Tocopheryl Acetate,TOCOPHERYL ACETATE,TOCOPHERYL ACETATE
Tocopheryl Acetate (Ve),TOCOPHERYL ACETATE,TOCOPHERYL ACETATE
tocopheryl acetate,TOCOPHERYL ACETATE,TOCOPHERYL ACETATE
Tocopheryl Glucoside,TOCOPHERYL GLUCOSIDE,TOCOPHERYL GLUCOSIDE
TOCOPHERYL LINOLEATE,TOCOPHERYL LINOLEATE,TOCOPHERYL LINOLEATE
TOCOTRIENOLS,TOCOTRIENOLS,TOCOTRIENOLS
TRANEXAMIC ACID,TRANEXAMIC ACID,TRANEXAMIC ACID
Tranexamic Acid,TRANEXAMIC ACID,TRANEXAMIC ACID
TREHALOSE,TREHALOSE,TREHALOSE
Trehalose,TREHALOSE,TREHALOSE
Glycerin,GLYCERIN,GLYCERIN
Tremella Fuciformis Extract,TREMELLA FUCIFORMIS EXTRACT,TREMELLA FUCIFORMIS EXTRACT
TREMELLA FUCIFORMIS EXTRACT,TREMELLA FUCIFORMIS EXTRACT,TREMELLA FUCIFORMIS EXTRACT
Tremella Fuciformis (Mushroom) Extract,TREMELLA FUCIFORMIS EXTRACT,TREMELLA FUCIFORMIS EXTRACT
Tremella Fuciformis Polysaccharide,TREMELLA FUCIFORMIS POLYSACCHARIDE,TREMELLA FUCIFORMIS POLYSACCHARIDE
TREMELLA FUCIFORMIS POLYSACCHARIDE,TREMELLA FUCIFORMIS POLYSACCHARIDE,TREMELLA FUCIFORMIS POLYSACCHARIDE
TRIBEHENIN,TRIBEHENIN,TRIBEHENIN
Tribehenin,TRIBEHENIN,TRIBEHENIN
TRIBUTYL CITRATE,TRIBUTYL CITRATE,TRIBUTYL CITRATE
Tributyl Citrate,TRIBUTYL CITRATE,TRIBUTYL CITRATE
Tricalcium Phosphate,TRICALCIUM PHOSPHATE,TRICALCIUM PHOSPHATE
TRICAPRYLIN,TRICAPRYLIN,TRICAPRYLIN
Tricaprylin,TRICAPRYLIN,TRICAPRYLIN
TRICHOLOMA MATSUTAKE EXTRACT,TRICHOLOMA MATSUTAKE EXTRACT,TRICHOLOMA MATSUTAKE EXTRACT
Tricholoma Matsutake Extract,TRICHOLOMA MATSUTAKE EXTRACT,TRICHOLOMA MATSUTAKE EXTRACT
Tridecane,TRIDECANE,TRIDECANE
TRIDECANE,TRIDECANE,TRIDECANE
TRIDECETH-10,TRIDECETH-10,TRIDECETH-10
TRIDECETH-6,TRIDECETH-6,TRIDECETH-6
Trideceth-6,TRIDECETH-6,TRIDECETH-6
TRIDECETH-9,TRIDECETH-9,TRIDECETH-9
Tridecyl Trimellitate,TRIDECYL TRIMELLITATE,TRIDECYL TRIMELLITATE
TRIDECYL TRIMELLITATE,TRIDECYL TRIMELLITATE,TRIDECYL TRIMELLITATE
Triennaloamine,TRIENNALOAMINE,TRIETHANOLAMINE
Trietanoloamine,TRIETANOLOAMINE,TRIETHANOLAMINE
TRIETHANOLAMINE,TRIETHANOLAMINE,TRIETHANOLAMINE
triethanolamine,TRIETHANOLAMINE,TRIETHANOLAMINE
Triethanolamine,TRIETHANOLAMINE,TRIETHANOLAMINE
Triethanoloamine,TRIETHANOLOAMINE,TRIETHANOLAMINE
Triethoxycaprylylsilane,TRIETHOXYCAPRYLYLSILANE,TRIETHOXYCAPRYLYLSILANE
TRIETHOXYCAPRYLYLSILANE,TRIETHOXYCAPRYLYLSILANE,TRIETHOXYCAPRYLYLSILANE
Triethoxysilyethyl Polydimethylsiloxyethyl Dimethicone,TRIETHOXYSILYETHYL POLYDIMETHYLSILOXYETHYL DIMETHICONE,TRIETHOXYSILYLETHYL POLYDIMETHYLSILOXYETHYL DIMETHICONE
Triethoxysilylethyl Polydimethylsiloxyethyl Dimethicone,TRIETHOXYSILYLETHYL POLYDIMETHYLSILOXYETHYL DIMETHICONE,TRIETHOXYSILYLETHYL POLYDIMETHYLSILOXYETHYL DIMETHICONE
Triethyl Citrate,TRIETHYL CITRATE,TRIETHYL CITRATE
TRIETHYL CITRATE,TRIETHYL CITRATE,TRIETHYL CITRATE
PLASTRY DO CIAŁA: TRIETHYLENE GLYCOL ROSINATE,TRIETHYLENE GLYCOL ROSINATE,TRIETHYLENE GLYCOL ROSINATE
WOSK W PLASTRACH: TRIETHYLENE GLYCOL ROSINATE,TRIETHYLENE GLYCOL ROSINATE,TRIETHYLENE GLYCOL ROSINATE
PLASTRY Z WOSKIEM NA ZIMNO: TRIETHYLENE GLYCOL ROSINATE,TRIETHYLENE GLYCOL ROSINATE,TRIETHYLENE GLYCOL ROSINATE
TRIETHYLHEXANOIN,TRIETHYLHEXANOIN,TRIETHYLHEXANOIN
Triethylhexanoin,TRIETHYLHEXANOIN,TRIETHYLHEXANOIN
Trifluoromethyl C1-4 Alkyl Dimethicone,TRIFLUOROMETHYL C1-4 ALKYL DIMETHICONE,TRIFLUOROMETHYL C1-4 ALKYL DIMETHICONE
TRIFOLIUM PRATENSE EXTRACT,TRIFOLIUM PRATENSE EXTRACT,TRIFOLIUM PRATENSE EXTRACT
TRIHEPTANOIN,TRIHEPTANOIN,TRIHEPTANOIN
Triheptanoin,TRIHEPTANOIN,TRIHEPTANOIN
TRIHYDROXYSTEARIN,TRIHYDROXYSTEARIN,TRIHYDROXYSTEARIN
Trihydroxystearin,TRIHYDROXYSTEARIN,TRIHYDROXYSTEARIN
Triisostearin,TRIISOSTEARIN,TRIISOSTEARIN
TRIISOSTEARIN,TRIISOSTEARIN,TRIISOSTEARIN
TRILAURETH-4 PHOSPHATE,TRILAURETH-4 PHOSPHATE,TRILAURETH-4 PHOSPHATE
Trilaureth-4 Phosphate,TRILAURETH-4 PHOSPHATE,TRILAURETH-4 PHOSPHATE
Trimethoxycaprylylsilane,TRIMETHOXYCAPRYLYLSILANE,TRIMETHOXYCAPRYLYLSILANE
TRIMETHYLBENZENEPROPANOL,TRIMETHYLBENZENEPROPANOL,TRIMETHYLBENZENEPROPANOL
Trimethylbenzenepropanol,TRIMETHYLBENZENEPROPANOL,TRIMETHYLBENZENEPROPANOL
TRIMETHYLCYCLOPENTENYL METHYLISOPENTENOL,TRIMETHYLCYCLOPENTENYL METHYLISOPENTENOL,TRIMETHYLCYCLOPENTENYL METHYLISOPENTENOL
Trimethylolpropane Triisostearate,TRIMETHYLOLPROPANE TRIISOSTEARATE,TRIMETHYLOLPROPANE TRIISOSTEARATE
TRIMETHYLOLPROPANE TRIISOSTEARATE,TRIMETHYLOLPROPANE TRIISOSTEARATE,TRIMETHYLOLPROPANE TRIISOSTEARATE
Trimethylsiloxysilicate,TRIMETHYLSILOXYSILICATE,TRIMETHYLSILOXYSILICATE
TRIMETHYLSILOXYSILICATE,TRIMETHYLSILOXYSILICATE,TRIMETHYLSILOXYSILICATE
Trioctyldodecyl Citrate,TRIOCTYLDODECYL CITRATE,TRIOCTYLDODECYL CITRATE
TRIOLEIN,TRIOLEIN,TRIOLEIN
Triolein,TRIOLEIN,TRIOLEIN
TRIPELARGONIN,TRIPELARGONIN,TRIPELARGONIN
Tripelargonin,TRIPELARGONIN,TRIPELARGONIN
Tripelargonin (C8-C12 Acid Triglyceride),TRIPELARGONIN,TRIPELARGONIN
Tripeptide-1,TRIPEPTIDE-1,TRIPEPTIDE-1
TRIPEPTIDE-1,TRIPEPTIDE-1,TRIPEPTIDE-1
Tripeptide-2,TRIPEPTIDE-2,TRIPEPTIDE-2
TRIPEPTIDE-29,TRIPEPTIDE-29,TRIPEPTIDE-29
Tripeptide-3,TRIPEPTIDE-3,TRIPEPTIDE-3
TRIS(TETRAMETHYLHYDROXYPIPERIDINOL) CITRATE,TRIS CITRATE,TRIS CITRATE
TRIS-BHT MESITYLENE,TRIS-BHT MESITYLENE,TRIS-BHT MESITYLENE
TRIS-BIPHENYL TRIAZINE (NANO),TRIS-BIPHENYL TRIAZINE,TRIS-BIPHENYL TRIAZINE
TRISILOXANE,TRISILOXANE,TRISILOXANE
Trisodium Citrate,TRISODIUM CITRATE,TRISODIUM CITRATE
TRISODIUM EDTA,TRISODIUM EDTA,TRISODIUM EDTA
Trisodium EDTA,TRISODIUM EDTA,TRISODIUM EDTA
Trisodium Edta,TRISODIUM EDTA,TRISODIUM EDTA
Trisodium Ethylenediamine Discuccinate,TRISODIUM ETHYLENEDIAMINE DISCUCCINATE,TRISODIUM ETHYLENEDIAMINE DISUCCINATE
trisodium ethylenediamine disuccinate,TRISODIUM ETHYLENEDIAMINE DISUCCINATE,TRISODIUM ETHYLENEDIAMINE DISUCCINATE
TRISODIUM ETHYLENEDIAMINE DISUCCINATE,TRISODIUM ETHYLENEDIAMINE DISUCCINATE,TRISODIUM ETHYLENEDIAMINE DISUCCINATE
Trisodium Ethylenediamine Disuccinate,TRISODIUM ETHYLENEDIAMINE DISUCCINATE,TRISODIUM ETHYLENEDIAMINE DISUCCINATE
Trisodium Ethylenediamine Disuccinte,TRISODIUM ETHYLENEDIAMINE DISUCCINTE,TRISODIUM ETHYLENEDIAMINE DISUCCINATE
TRISODIUM PHOSPHATE,TRISODIUM PHOSPHATE,TRISODIUM PHOSPHATE
pszenica,TRITICUM VULGARE,TRITICUM VULGARE
Triticum Vulgare Germ Extract,TRITICUM VULGARE GERM EXTRACT,TRITICUM VULGARE GERM EXTRACT
Triticum Vulgare (Wheat) Germ Extract,TRITICUM VULGARE GERM EXTRACT,TRITICUM VULGARE GERM EXTRACT
Triticum Vulgare (wheat) Germ Extract,TRITICUM VULGARE GERM EXTRACT,TRITICUM VULGARE GERM EXTRACT
TRITICUM VULGARE GERM EXTRACT,TRITICUM VULGARE GERM EXTRACT,TRITICUM VULGARE GERM EXTRACT
Triticum Vulgare (Wheat) Germ Oil,TRITICUM VULGARE GERM OIL,TRITICUM VULGARE GERM OIL
TRITICUM VULGARE (WHEAT) GERM OIL,TRITICUM VULGARE GERM OIL,TRITICUM VULGARE GERM OIL
TRITICUM VULGARE GERM OIL,TRITICUM VULGARE GERM OIL,TRITICUM VULGARE GERM OIL
Triticum Vulgare Germ Oil,TRITICUM VULGARE GERM OIL,TRITICUM VULGARE GERM OIL
TRITICUM VULGARE GERM OIL UNSAPONIFIABLES,TRITICUM VULGARE GERM OIL UNSAPONIFIABLES,TRITICUM VULGARE GERM OIL UNSAPONIFIABLES
TRITICUM VULGARE SEED EXTRACT,TRITICUM VULGARE SEED EXTRACT,TRITICUM VULGARE SEED EXTRACT
Citric Acid,CITRIC ACID,CITRIC ACID
TRITICUM VULGARE SPROUT EXTRACT,TRITICUM VULGARE SPROUT EXTRACT,TRITICUM VULGARE SPROUT EXTRACT
TROMETHAMINE,TROMETHAMINE,TROMETHAMINE
Tromethamine,TROMETHAMINE,TROMETHAMINE
TROPAEOLUM MAJUS EXTRACT,TROPAEOLUM MAJUS EXTRACT,TROPAEOLUM MAJUS EXTRACT
TROPAEOLUM MAJUS FLOWER,TROPAEOLUM MAJUS FLOWER,TROPAEOLUM MAJUS FLOWER
TROXERUTIN,TROXERUTIN,TROXERUTIN
Tuber Aestivum Extract,TUBER AESTIVUM EXTRACT,TUBER AESTIVUM EXTRACT
Tuber Melanosporum Extract,TUBER MELANOSPORUM EXTRACT,TUBER MELANOSPORUM EXTRACT
TUBER MELANOSPORUM EXTRACT,TUBER MELANOSPORUM EXTRACT,TUBER MELANOSPORUM EXTRACT
TULIPA GESNERIANA FLOWER EXTRACT,TULIPA GESNERIANA FLOWER EXTRACT,TULIPA GESNERIANA FLOWER EXTRACT
Tulipa Gesneriana Flower Extract,TULIPA GESNERIANA FLOWER EXTRACT,TULIPA GESNERIANA FLOWER EXTRACT
Tussilago Farfara Flower,TUSSILAGO FARFARA FLOWER,TUSSILAGO FARFARA FLOWER
TWIG EXTRACT,TWIG EXTRACT,TWIG EXTRACT
Twig Oil,TWIG OIL,TWIG OIL
Tyrosine,TYROSINE,TYROSINE
TYROSINE,TYROSINE,TYROSINE
tzrcina cukrowa,TZRCINA CUKROWA ,SACCHARUM OFFICINARUM EXTRACT
UBIQUINONE,UBIQUINONE,UBIQUINONE
Ubiquinone,UBIQUINONE,UBIQUINONE
ULMUS DAVIDIANA ROOT EXTRACT,ULMUS DAVIDIANA ROOT EXTRACT,ULMUS DAVIDIANA ROOT EXTRACT
Ulmus Davidiana Root Extract,ULMUS DAVIDIANA ROOT EXTRACT,ULMUS DAVIDIANA ROOT EXTRACT
Ultramarines,ULTRAMARINES,ULTRAMARINES
Undaria Pinnatifida Cell Culture Extract,UNDARIA PINNATIFIDA CELL CULTURE EXTRACT,UNDARIA PINNATIFIDA CELL CULTURE EXTRACT
Undaria Pinnatifida Extract,UNDARIA PINNATIFIDA EXTRACT,UNDARIA PINNATIFIDA EXTRACT
UNDARIA PINNATIFIDA EXTRACT,UNDARIA PINNATIFIDA EXTRACT,UNDARIA PINNATIFIDA EXTRACT
Undaria PinnatiTda Extract,UNDARIA PINNATITDA EXTRACT,UNDARIA PINNATIFIDA EXTRACT
Undecane,UNDECANE,UNDECANE
UNDECANE,UNDECANE,UNDECANE
UNDECYL ALCOHOL,UNDECYL ALCOHOL,UNDECYL ALCOHOL
Undecylenamidopropyl Betaine,UNDECYLENAMIDOPROPYL BETAINE,UNDECYLENAMIDOPROPYL BETAINE
URACIL,URACIL,URACIL
Urea,UREA,UREA
UREA,UREA,UREA
Urtica Dioica Extract,URTICA DIOICA EXTRACT,URTICA DIOICA EXTRACT
USNEA BARBATA EXTRACT,USNEA BARBATA EXTRACT,USNEA BARBATA EXTRACT
Vaccinium Angustifolium (Blueberry) Fruit Extract,VACCINIUM ANGUSTIFOLIUM FRUIT EXTRACT,VACCINIUM ANGUSTIFOLIUM FRUIT EXTRACT
VACCINIUM ANGUSTIFOLIUM FRUIT EXTRACT,VACCINIUM ANGUSTIFOLIUM FRUIT EXTRACT,VACCINIUM ANGUSTIFOLIUM FRUIT EXTRACT
Vaccinium Angustifolium Fruit Extract,VACCINIUM ANGUSTIFOLIUM FRUIT EXTRACT,VACCINIUM ANGUSTIFOLIUM FRUIT EXTRACT
Vaccinium Macrocarpon (Cranberry) Fruit Extract,VACCINIUM MACROCARPON FRUIT EXTRACT,VACCINIUM MACROCARPON FRUIT EXTRACT
VACCINIUM MACROCARPON FRUIT EXTRACT,VACCINIUM MACROCARPON FRUIT EXTRACT,VACCINIUM MACROCARPON FRUIT EXTRACT
Vaccinium Macrocarpon Fruit Powder,VACCINIUM MACROCARPON FRUIT POWDER,VACCINIUM MACROCARPON FRUIT POWDER
Vaccinium Myrtillus Fruit Extract* (ekstrakt z borówki),VACCINIUM MYRTILLUS FRUIT EXTRACT,VACCINIUM MYRTILLUS FRUIT EXTRACT
Vaccinium Myrtillus Fruit Extract,VACCINIUM MYRTILLUS FRUIT EXTRACT,VACCINIUM MYRTILLUS FRUIT EXTRACT
VACCINIUM MYRTILLUS FRUIT EXTRACT,VACCINIUM MYRTILLUS FRUIT EXTRACT,VACCINIUM MYRTILLUS FRUIT EXTRACT
Vaccinium Myrtillus (Bilberry) Fruit Extract,VACCINIUM MYRTILLUS FRUIT EXTRACT,VACCINIUM MYRTILLUS FRUIT EXTRACT
VACCINIUM MYRTILLUS LEAF EXTRACT,VACCINIUM MYRTILLUS LEAF EXTRACT,VACCINIUM MYRTILLUS LEAF EXTRACT
VACCINIUM VITIS-IDAEA FRUIT EXTRACT,VACCINIUM VITIS-IDAEA FRUIT EXTRACT,VACCINIUM VITIS-IDAEA FRUIT EXTRACT
VALINE,VALINE,VALINE
Valine,VALINE,VALINE
Vanilla Planifolia Fruit Extract,VANILLA PLANIFOLIA FRUIT EXTRACT,VANILLA PLANIFOLIA FRUIT EXTRACT
VANILLA PLANIFOLIA FRUIT EXTRACT,VANILLA PLANIFOLIA FRUIT EXTRACT,VANILLA PLANIFOLIA FRUIT EXTRACT
Vanilla Planifolia Fruit Oil,VANILLA PLANIFOLIA FRUIT OIL,VANILLA PLANIFOLIA FRUIT OIL
VANILLA PLANIFOLIA FRUIT OIL,VANILLA PLANIFOLIA FRUIT OIL,VANILLA PLANIFOLIA FRUIT OIL
Vanillin. *składnik pochodzenia naturalnego,VANILLIN,VANILLIN
VANILLIN,VANILLIN,VANILLIN
Vanillin,VANILLIN,VANILLIN
VANILLYL BUTYL ETHER,VANILLYL BUTYL ETHER,VANILLYL BUTYL ETHER
Vegetable Collagen,VEGETABLE COLLAGEN,VEGETABLE COLLAGEN
Vegetable Collagen (Collagen Amino Acids),VEGETABLE COLLAGEN,VEGETABLE COLLAGEN
Vegetable Oil,VEGETABLE OIL,VEGETABLE OIL
VEGETABLE OIL,VEGETABLE OIL,VEGETABLE OIL
VERONICA OFFICINALIS EXTRACT,VERONICA OFFICINALIS EXTRACT,VERONICA OFFICINALIS EXTRACT
VIGNA ACONITIFOLIA SEED EXTRACT,VIGNA ACONITIFOLIA SEED EXTRACT,VIGNA ACONITIFOLIA SEED EXTRACT
VIGNA RADIATA SEED EXTRACT,VIGNA RADIATA SEED EXTRACT,VIGNA RADIATA SEED EXTRACT
Vigna Radiata Seed Extract,VIGNA RADIATA SEED EXTRACT,VIGNA RADIATA SEED EXTRACT
Vine Extract,VINE EXTRACT,WINE EXTRACT
VINYL CAPROLACTAM/VP/DIMETHYLAMINOETHYL METHACRYLATE COPOLYMER,VINYL CAPROLACTAM/VP/DIMETHYLAMINOETHYL METHACRYLATE COPOLYMER,VINYL CAPROLACTAM/VP/DIMETHYLAMINOETHYL METHACRYLATE COPOLYMER
VINYL DIMETHICONE,VINYL DIMETHICONE,VINYL DIMETHICONE
Vinyl Dimethicone,VINYL DIMETHICONE,VINYL DIMETHICONE
VINYL DIMETHICONE/METHICONE SILSESQUIOXANE CROSSPOLYMER,VINYL DIMETHICONE/METHICONE SILSESQUIOXANE CROSSPOLYMER,VINYL DIMETHICONE
Vinyl Dimethicone/Methicone Silsesquioxane Crosspolymer,VINYL DIMETHICONE/METHICONE SILSESQUIOXANE CROSSPOLYMER,VINYL DIMETHICONE
Viola Mandshurica Flower Extract,VIOLA MANDSHURICA FLOWER EXTRACT,VIOLA MANDSHURICA FLOWER EXTRACT
VIOLA MANDSHURICA FLOWER EXTRACT,VIOLA MANDSHURICA FLOWER EXTRACT,VIOLA MANDSHURICA FLOWER EXTRACT
VIOLA TRICOLOR EXTRACT,VIOLA TRICOLOR EXTRACT,VIOLA TRICOLOR EXTRACT
Viola Tricolor Extract,VIOLA TRICOLOR EXTRACT,VIOLA TRICOLOR EXTRACT
VISCUM ALBUM FERMENT EXTRACT,VISCUM ALBUM FERMENT EXTRACT,VISCUM ALBUM FERMENT EXTRACT
Vitex Agnus Castus Extract,VITEX AGNUS CASTUS EXTRACT,VITEX AGNUS CASTUS EXTRACT
VITEX AGNUS CASTUS EXTRACT,VITEX AGNUS CASTUS EXTRACT,VITEX AGNUS CASTUS EXTRACT
VITIS VINIFERA FRUIT CELL EXTRACT,VITIS VINIFERA FRUIT CELL EXTRACT,VITIS VINIFERA FRUIT CELL EXTRACT
Vitis Vinifera (Grape) Fruit Extract,VITIS VINIFERA FRUIT EXTRACT,VITIS VINIFERA FRUIT EXTRACT
Vitis Vinifera Fruit Extract,VITIS VINIFERA FRUIT EXTRACT,VITIS VINIFERA FRUIT EXTRACT
VITIS VINIFERA FRUIT EXTRACT,VITIS VINIFERA FRUIT EXTRACT,VITIS VINIFERA FRUIT EXTRACT
winogrono ,VITIS VINIFERA FRUIT EXTRACT ,VITIS VINIFERA FRUIT EXTRACT
winogrono ,VITIS VINIFERA FRUIT EXTRACT ,VITIS VINIFERA FRUIT EXTRACT
VITIS VINIFERA FRUIT WATER,VITIS VINIFERA FRUIT WATER,VITIS VINIFERA FRUIT WATER
Vitis Vinifera Fruit Water,VITIS VINIFERA FRUIT WATER,VITIS VINIFERA FRUIT WATER
Vitis Vinifera Grape Seed Oil,VITIS VINIFERA GRAPE SEED OIL,VITIS VINIFERA GRAPE SEED OIL
VITIS VINIFERA JUICE,VITIS VINIFERA JUICE,VITIS VINIFERA JUICE
VITIS VINIFERA LEAF EXTRACT,VITIS VINIFERA LEAF EXTRACT,VITIS VINIFERA LEAF EXTRACT
VITIS VINIFERA LEAF OIL,VITIS VINIFERA LEAF OIL,VITIS VINIFERA LEAF OIL
Vitis Vinifera (Grapeseed ) Oil,VITIS VINIFERA OIL,VITIS VINIFERA OIL
VITIS VINIFERA SEED EXTRACT,VITIS VINIFERA SEED EXTRACT,VITIS VINIFERA SEED EXTRACT
Vitis Vinifera Seed Extract,VITIS VINIFERA SEED EXTRACT,VITIS VINIFERA SEED EXTRACT
VITIS VINIFERA SEED OIL,VITIS VINIFERA SEED OIL,VITIS VINIFERA SEED OIL
VITIS VINIFERA (GRAPE) SEED OIL,VITIS VINIFERA SEED OIL,VITIS VINIFERA SEED OIL
Vitis Vinifera Seed Oil,VITIS VINIFERA SEED OIL,VITIS VINIFERA SEED OIL
Vitis Vinifera (Grape) Seed Oil,VITIS VINIFERA SEED OIL,VITIS VINIFERA SEED OIL
Volcanic Ash,VOLCANIC ASH,VOLCANIC ASH
Volcanic Ash Extract (15ppm),VOLCANIC ASH EXTRACT,VOLCANIC ASH EXTRACT
Volcanic Sand (Silica),VOLCANIC SAND,VOLCANIC SAND
VP/Eicosene Copolymer,VP/EICOSENE COPOLYMER,VP/EICOSENE COPOLYMER
VP/EICOSENE COPOLYMER,VP/EICOSENE COPOLYMER,VP/EICOSENE COPOLYMER
VP/Hexadecene Copolymer,VP/HEXADECENE COPOLYMER,VP/HEXADECENE COPOLYMER
Vp/Va Copolymer,VP/VA COPOLYMER,VP/VA COPOLYMER
VP/VA COPOLYMER,VP/VA COPOLYMER,VP/VA COPOLYMER
Waltheria Indica,WALTHERIA INDICA,WALTHERIA INDICA
Water (Aqua),WATER,AQUA
Alcohol Denat,ALCOHOL DENAT,ALCOHOL DENAT
Watermelon Fruit Extract,WATERMELON FRUIT EXTRACT,CITRULLUS LANATUS FRUIT EXTRACT
Wheat (Triticum Vulgare) Germ Extract,WHEAT GERM EXTRACT,WHEAT GERM EXTRACT
WINE,WINE,WINE
WINE EXTRACT,WINE EXTRACT,WINE EXTRACT
WITAMINA C (ŻÓŁTE AMPUŁKI): AQUA,AQUA,AQUA
WITAMINA E (ZIELONE AMPUŁKI): AQUA,AQUA,AQUA
Witch Hazel Leaf Water,WITCH HAZEL LEAF WATER,HAMAMELIS VIRGINIANA LEAF WATER
WITHANIA SOMNIFERA ROOT EXTRACT,WITHANIA SOMNIFERA ROOT EXTRACT,WITHANIA SOMNIFERA ROOT EXTRACT
Woda,WODA,AQUA
kulki żelowe: woda 96%,WODA,AQUA
woda oczyszczona ,WODA,AQUA
Xan- than Gum,XAN- THAN GUM,XANTHAN GUM
Xanthan Gum* (guma ksantanowa - zagęstnik pochodzenia naturalnego),XANTHAN GUM,XANTHAN GUM
xanthan gum,XANTHAN GUM,XANTHAN GUM
Xanthan gum,XANTHAN GUM,XANTHAN GUM
Xanthan gum (Natural Thickener),XANTHAN GUM,XANTHAN GUM
Xanthan Gum (Natural Thickener),XANTHAN GUM,XANTHAN GUM
XANTHAN GUM,XANTHAN GUM,XANTHAN GUM
Xanthan Gum,XANTHAN GUM,XANTHAN GUM
Xanthan Gum ,XANTHAN GUM,XANTHAN GUM
XANTHOHUMOL,XANTHOHUMOL,XANTHOHUMOL
Xanthophylls,XANTHOPHYLLS,XANTHOPHYLLS
Xylinum,XYLINUM,XYLINUM
XYLINUM,XYLINUM,XYLINUM
Xylitol,XYLITOL,XYLITOL
XYLITOL,XYLITOL,XYLITOL
XYLITYLGLUCOSIDE,XYLITYLGLUCOSIDE,XYLITYLGLUCOSIDE
Xylitylglucoside,XYLITYLGLUCOSIDE,XYLITYLGLUCOSIDE
Xylitylglucoside ,XYLITYLGLUCOSIDE,XYLITYLGLUCOSIDE
Xylose,XYLOSE,XYLOSE
Yeast Beta Glucan,YEAST BETA GLUCAN,YEAST BETA-GLUCAN
Yeast Beta-Glucan,YEAST BETA-GLUCAN,YEAST BETA-GLUCAN
yeast extract,YEAST EXTRACT,YEAST EXTRACT
Yeast Extract,YEAST EXTRACT,YEAST EXTRACT
YEAST EXTRACT,YEAST EXTRACT,YEAST EXTRACT
Yeast Ferment Extract,YEAST FERMENT EXTRACT,YEAST FERMENT EXTRACT
Yellow 10,YELLOW 10,CI 47005
Zae Mays Starch,ZAE MAYS STARCH,ZEA MAYS STARCH
ZANTHOXYLUM ALATUM FRUIT EXTRACT,ZANTHOXYLUM ALATUM FRUIT EXTRACT,ZANTHOXYLUM ALATUM FRUIT EXTRACT
ZANTHOXYLUM PIPERITUM FRUIT EXTRACT,ZANTHOXYLUM PIPERITUM FRUIT EXTRACT,ZANTHOXYLUM PIPERITUM FRUIT EXTRACT
ZEA MAYS GERM OIL,ZEA MAYS GERM OIL,ZEA MAYS GERM OIL
ZEA MAYS KERNEL EXTRACT,ZEA MAYS KERNEL EXTRACT,ZEA MAYS KERNEL EXTRACT
ZEA MAYS OIL,ZEA MAYS OIL,ZEA MAYS OIL
ZEA MAYS (CORN) OIL,ZEA MAYS OIL,ZEA MAYS OIL
Zea Mays Oil,ZEA MAYS OIL,ZEA MAYS OIL
kukurydzy,ZEA MAYS SEED EXTRACT,ZEA MAYS SEED EXTRACT
ziarno kukurydzy ,ZEA MAYS SEED EXTRACT ALOE BARBADENSIS LEAF,ZEA MAYS SEED EXTRACT
Zea Mays Starach,ZEA MAYS STARACH,ZEA MAYS STARCH
Zea Mays (Corn) Starch,ZEA MAYS STARCH,ZEA MAYS STARCH
Zea Mays Starch,ZEA MAYS STARCH,ZEA MAYS STARCH
ZEA MAYS STARCH,ZEA MAYS STARCH,ZEA MAYS STARCH
Zein,ZEIN,ZEIN
ZEIN,ZEIN,ZEIN
ZEOLITE,ZEOLITE,ZEOLITE
Zinc Chloride,ZINC CHLORIDE,ZINC CHLORIDE
ZINC CHLORIDE,ZINC CHLORIDE,ZINC CHLORIDE
Zinc Ferment,ZINC FERMENT,ZINC FERMENT
ZINC FERMENT,ZINC FERMENT,ZINC FERMENT
Zinc Gluconate,ZINC GLUCONATE,ZINC GLUCONATE
ZINC GLUCONATE,ZINC GLUCONATE,ZINC GLUCONATE
Zinc Hydrolyzed Hyaluronate,ZINC HYDROLYZED HYALURONATE,ZINC HYDROLYZED HYALURONATE
ZINC HYDROLYZED HYALURONATE,ZINC HYDROLYZED HYALURONATE,ZINC HYDROLYZED HYALURONATE
ZINC OXIDE,ZINC OXIDE,ZINC OXIDE
Zinc Oxide,ZINC OXIDE,ZINC OXIDE
ZINC PCA,ZINC PCA,ZINC PCA
Zinc PCA,ZINC PCA,ZINC PCA
Zinc Pca,ZINC PCA,ZINC PCA
Zinc Sulfate,ZINC SULFATE,ZINC SULFATE
ZINC SULFATE,ZINC SULFATE,ZINC SULFATE
Zingiber Officinale (Ginger) Root Extract,ZINGIBER OFFICINALE ROOT EXTRACT,ZINGIBER OFFICINALE ROOT EXTRACT
ZINGIBER OFFICINALE ROOT EXTRACT,ZINGIBER OFFICINALE ROOT EXTRACT,ZINGIBER OFFICINALE ROOT EXTRACT
Řice Amino Acids,ŘICE AMINO ACIDS,RICE AMINO ACIDS
Hyaluronic Acid* (kwas hialuronowy),KWAS HIALURONOWYY,HYALURONIC ACID
Hydroxyacetophenone Składniki aktywne: Retinyl palmitate 17000 j.m.,Hydroxyacetophenone,HYDROXYACETOPHENONE
Glycerin ,Glycerin,GLYCERIN
Peg-60 Hydrogenated Castor Oil ,PEG-60 HYDROGENATED CASTOR OIL,PEG-60 HYDROGENATED CASTOR OIL
Sodium Hydroxide ,Sodium Hydroxide,SODIUM HYDROXIDE
Hydroxyacetophenone ,Hydroxyacetophenone,HYDROXYACETOPHENONE
Hydroxyethylpiperazine Ethane Sulfonic Acid ,Hydroxyethylpiperazine Ethane Sulfonic Acid,HYDROXYETHYLPIPERAZINE ETHANE SULFONIC ACID
Hydroxypropyl Guar ,Hydroxypropyl Guar,HYDROXYPROPYL GUAR
Lactic Acid ,Lactic Acid,LACTIC ACID
Phytic Acid ,Phytic Acid,PHYTIC ACID
Salicylic Acid ,Salicylic Acid,SALICYLIC ACID
Parfum,Parfum,FRAGRANCE
Aloe Barbadensis Leaf,ALOE ARBORESCENS LEAF EXTRACT,ALOE BARBADENSIS LEAF EXTRACT
Vitis Vinifera Fruit Water,VITIS VINIFERA FRUIT WATER,VITIS VINIFERA FRUIT WATER
Sodium Chloride,SODIUM CHLORIDE,SODIUM CHLORIDE
Grape Fruit Water,GRAPE FRUIT WATER,GRAPE FRUIT WATER
Butyl Methoxydibenzoylmethane,BUTYL METHOXYDIBENZOYLMETHANE,BUTYL METHOXYDIBENZOYLMETHANE
Parfum,PARFUM,FRAGRANCE
Salicylic Acid* ,SALICYLIC ACID* ,SALICYLIC ACID
TITANIUM DIOXIDE [NANO],CI 77891,CI 77891
water ,WATER,AQUA
Glycerin,GLYCERIN,GLYCERIN
1.2-Hexanediol,1.2-HEXANEDIOL,"1,2-HEXANEDIOL"
Decyl Glucoside,DECYL GLUCOSIDE,DECYL GLUCOSIDE
Triethyl Citrate,TRIETHYL CITRATE,TRIETHYL CITRATE
Capryloyl Salicylic Acid,CAPRYLOYL SALICYLIC ACID,CAPRYLOYL SALICYLIC ACID
Geraniol,GERANIOL,GERANIOL
Salicylic Acid,SALICYLIC ACID,SALICYLIC ACID
Glucose,GLUCOSE,GLUCOSE
Acrylates Copolymer,ACRYLATES COPOLYMER,ACRYLATES COPOLYMER
Magnesium Chloride,MAGNESIUM CHLORIDE,MAGNESIUM CHLORIDE
Phenoxyethanol,PHENOXYETHANOL,PHENOXYETHANOL
Parfum (Fragrance),FRAGRANCE,FRAGRANCE
Hexyl Cinnamal,HEXYL CINNAMAL,HEXYL CINNAMAL
Prunus Amygdalus Dulcis OilHelianthus,PRUNUS AMYGDALUS DULCIS OIL,PRUNUS AMYGDALUS DULCIS OIL
OilHelianthus Annuus Seed OilPersea,HELIANTHUS ANNUUS SEED OIL,HELIANTHUS ANNUUS SEED OIL
OilPersea Gratissima OilPolyglyceryl-3,PERSEA GRATISSIMA OIL,PERSEA GRATISSIMA OIL
OilPolyglyceryl-3 DiisostearateSimmondsia,POLYGLYCERYL-3 DIISOSTEARATE,POLYGLYCERYL-3 DIISOSTEARATE
DiisostearateSimmondsia Chinensis Seed OilHydrogenated,SIMMONDSIA CHINENSIS SEED OIL,SIMMONDSIA CHINENSIS SEED OIL
OilHydrogenated Ethylhexyl OlivateCannabis,HYDROGENATED ETHYLHEXYL OLIVATE,HYDROGENATED ETHYLHEXYL OLIVATE
OlivateCannabis Sativa Seed OilRosa,CANNABIS SATIVA SEED OIL,CANNABIS SATIVA SEED OIL
OilRosa Canina Seed OilSorbitan,ROSA CANINA SEED OIL,ROSA CANINA SEED OIL
OilSorbitan LaurateHydrogenated,SORBITAN LAURATE,SORBITAN LAURATE
Paraffinum Liquidum/ ,PARAFFINUM LIQUIDUM/ ,PARAFFINUM LIQUIDUM
Hydrogenated Styrene/Isoprene Copolymer/ ,HYDROGENATED STYRENE/ISOPRENE COPOLYMER/ ,HYDROGENATED STYRENE/ISOPRENE COPOLYMER
POLYGLYCERYL-3 ACRYLAMIDE/SODIUM ACRYLOYLDIMETHYLTAURATE ,POLYGLYCERYL-3 ACRYLAMIDE/SODIUM ACRYLOYLDIMETHYLTAURATE,POLYGLYCERYL-3 ACRYLAMIDE/SODIUM ACRYLOYLDIMETHYLTAURATE
PEG-100 Stearate ,PEG-100 STEARATE,PEG-100 STEARATE
pszenicy ,TRITICUM VULGARE,TRITICUM VULGARE
Sodium Hydroxide* ,SODIUM HYDROXIDE,SODIUM HYDROXIDE
Trehalose ,TREHALOSE,TREHALOSE
"1,2-HEXAEDIOL","1,2-HEXANEDIOL","1,2-HEXANEDIOL"
"1,2-HEXANDIOL","1,2-HEXANEDIOL","1,2-HEXANEDIOL"
"1,2-HEXANEDIOI","1,2-HEXANEDIOL","1,2-HEXANEDIOL"
"1,2-HEXENEDIOL","1,2-HEXANEDIOL","1,2-HEXANEDIOL"
"3,4-DIHYDROXYBENZOIC ACID","3,4-DIHYDROXYBENZOIC ACID",3.4-DIHYDROXYBENZOIC ACID
CL 42090,CI 42090,CI 42090
CL 19140,CI 19140,CI 19140
CL 60725,CI 60725,CI 60725
CL 77891 (BARWNIK POCHODZENIA MINERALNEGO),CI 77891,CI 77891
"L,2-HEXANEDIOL","1,2-HEXANEDIOL","1,2-HEXANEDIOL"
LINLOOL,LINALOOL,LINALOOL
ROSA CANINA (ROSEHIP) OIL,ROSA CANINA OIL,ROSA CANINA OIL
HEXAMETHYLINDANOPYAN,HEXAMETHYLINDANOPYRAN,HEXAMETHYLINDANOPYRAN
CETEARTH-20 (EMULGATOR POCHODZENIA ROŚLINNEGO),CETEARETH-20,CETEARETH-20
"2 - OLEAMIDO-1,3 -OCTADECANEDIOL","2-OLEAMIDO-1,3-OCTADECANEDIOL","2-OLEAMIDO-1,3-OCTADECANEDIOL"
"2,3-BUTANEDIOL",2.3-BUTANEDIOL,2.3-BUTANEDIOL
2-BROMO-2-NITROPROPANE-1,"2-BROMO-2-NITROPROPANE-1,3-DIOL","2-BROMO-2-NITROPROPANE-1,3-DIOL"
DNA,DNA,DNA
