ingredients,functional_group_code,frequency,variants
AQUA,base,1534,2050519 10 - INGREDIENTS: AQUA/WATER; 2050553 03 - INGREDIENTS: AQUA/WATER; 695899 26 - INGREDIENTS: AQUA/WATER; 782389 36 - INGREDIENTS: AQUA/WATER; 782725 146 - INGREDIENTS: AQUA/WATER; 909141 51 - AQUA/WATER; 919143 10 - INGREDIENTS: AQUA/WATER; 967550 28: AQUA/WATER; AQUA; AQUA (PURIFIED WATER); AQUA (SWISS THERMAL SPRING WATER); AQUA (WATER ); AQUA (WATER); AQUA (WODA OCZYSZCZONA); AQUA/WATER; AQUA/WATER/EAU; BLUE 1 KREM NA NOC: WATER; C + KWASEM MLEKOWYM: AQUA; COFFEE & PEPTIDES: AQUA; DEHYDROACETIC ACID AMPUŁKA Z DMAE: AQUA; ETHYLHEXYLGLYCERIN GOLD & COLLAGEN: AQUA; GERANIOL HIALU-ROSE: AQUA; GERANIOL RETINOL & VITAMINS: AQUA; GERANIOL SNAIL & VITAMIN C: AQUA; HYALURONIC ACID KREM NA NOC: WATER; INGREDIENTS: AQUA; INGREDIENTS: AQUA (WATER); INGREDIENTS: AQUA/WATER; INGREDIENTS: AQUA/WATER/EAU; KOMPRES ŁAGODZĄCY: AQUA; KREM DO DEPILACJI: AQUA; KREM DO TWARZY: AQUA; KREM NA DZIEŃ: AQUA; KREM NA DZIEŃ: WATER; KREM-LIFTING POD OCZY: AQUA (WATER); KROK 1: AQUA; KROK 2: AQUA; KULKI ŻELOWE: WODA 96%; ODBUDOWUJĄCY KREM PRZECIWZMARSZCZKOWY NA DZIEŃ: AQUA/WATER; ODBUDOWUJĄCY KREM PRZECIWZMARSZCZKOWY NA NOC: AQUA/WATER; ODŻYWCZY KREM PRZECIWZMARSZCZKOWY NA NOC: AQUA/WATER; ODŻYWCZY KREM PRZECIWZMARSZCZKOWY SPF 20 NA DZIEŃ: AQUA/WATER; PARFUM KREM NA NOC: AQUA; PURIFIED WATER; RETINOL (CZERWONE AMPUŁKI): AQUA; SERUM DO TWARZY: AQUA; SERUM LIFTING: AQUA (WATER); WATER; WATER (AQUA); WATER(AQUA); WATER/AQUA; WITAMINA C (ŻÓŁTE AMPUŁKI): AQUA; WITAMINA E (ZIELONE AMPUŁKI): AQUA; WODA; WODA OCZYSZCZONA
GLYCERIN,active; base,1413,GLYCE - RIN; GLYCERIN; GLYCERIN (GLICERYNA POCHODZENIA ROŚLINNEGO); GLYCERIN (PLANT ORIGIN)
FRAGRANCE,fragrances,1220,FRAGRA NCE; FRAGRANCE; FRAGRANCE (PARFUM); FRAGRANCE (SUPPLEMENT); FRAGRANCE(PARFUM); FRAGRANCE/PARFUM; PARFUM; PARFUM (FRAGRANCE ); PARFUM (FRAGRANCE); PARFUM (KOMPOZYCJA ZAPACHOWA BEZ ALERGENÓW); PARFUM INGREDIENTS; PARFUM/FRAGRANCE; PARFUM/FRAGRANCE (F.I.L B182925/1); PARFUM/FRAGRANCE (F.I.L B197252/1); PARFUM/FRAGRANCE (F.I.L Z299156/1); PARFUM/FRAGRANCE (FIL Z7001075/1); PARFUM/FRAGRANCE (FIL Z70013153/1); PARFUM/FRAGRANCE. (F.I.L Z70011624/1); PARFUME
PHENOXYETHANOL,preservative,879,2-PHENOXYETHANOL; PHENOXXYETHANOL; PHENOXYEHANOL; PHENOXYETHANOL; PHENOXYETHANOL N4105
ETHYLHEXYLGLYCERIN,base,807,ETHYLHEXYLGLYC - ERIN; ETHYLHEXYLGLYCEIN; ETHYLHEXYLGLYCERIN; ETHYLHEXYLGLYCERIN); ETHYLHEXYLGLYXERIN
XANTHAN GUM,base,792,XAN- THAN GUM; XANTHAN GUM; XANTHAN GUM (NATURAL THICKENER)
TOCOPHEROL,active,720,TOCO- PHEROL; TOCO-PHEROL; TOCOPHEROL; TOCOPHEROL (VIT; TOCOPHEROL (VITAMIN E)
CITRIC ACID,active; base,718,CITIC ACID; CITRIC ACID; CITRIC ACID (PLANT ORIGIN); CITRIC ACID INGREDIENTS; CITRTIC ACID
SODIUM HYALURONATE,active,639,SODIUM HYALURONATE; SÓL MORSKA SODIUM HYALURONATE
BUTYLENE GLYCOL,active; base,572,BUTYLENE GLYCOL
"1,2-HEXANEDIOL",base,537,"1,2-HEXAEDIOL; 1,2-HEXANDIOL; 1,2-HEXANEDIOI; 1,2-HEXANEDIOL; 1,2-HEXENEDIOL; 1.2-HEXANEDIOL; 2-HEXANEDIOL; L,2-HEXANEDIOL"
CAPRYLYL GLYCOL,active; base,522,CAPRYLY GLYCOL; CAPRYLYL GLYCOL
SODIUM BENZOATE,preservative,518,SODIUM BENZOATE
TOCOPHERYL ACETATE,active,506,TO- COPHERYL ACETATE; TOCOPHEROL ACETATE; TOCOPHERYL (VITAMIN E) ACETATE; TOCOPHERYL ACETATE; TOCOPHERYL ACETATE (VE); TOCOPHERYL ACETATE (VITAMIN E DERIVATE)
LINALOOL,fragrances,492,LINALOOL; LINLOOL
PROPANEDIOL,base,487,PROPA- NEDIOL; PROPANEDIOL; PROPANEDIOL (PLANT ORIGIN)
POTASSIUM SORBATE,preservative,482,POTASSIUM SOR - BATE; POTASSIUM SORBATE
CAPRYLIC/CAPRIC TRIGLYCERIDE,active; base,475,CAPRYLIC/CAPRIC TRIGLYCERIDE
DISODIUM EDTA,base,475,DISO- DIUM EDTA; DISODIUM EDTA
LIMONENE,fragrances,473,LIMO - NENE; LIMONENE
PANTHENOL,active,468,PANTHENOL; PANTHENOL (PRO-VITAMIN B5); PANTHENOL (PROVITAMIN B5)
CETEARYL ALCOHOL,active; base,452,CETEARYL ALCHOOL; CETEARYL ALCOHOL
PENTYLENE GLYCOL,active; base,407,FERMENTACJA MELASY PENTYLENE GLYCOL; PENTYLENE GLYCOL; PENTYLENE GYCOL
HYDROXYACETOPHENONE,active,403,HYDROXY-ACETOPHENONE; HYDROXYACE TOPHENONE; HYDROXYACETOHPENONE; HYDROXYACETOPHENE; HYDROXYACETOPHENONE; HYDROXYACETOPHENONE SKŁADNIKI AKTYWNE: RETINYL PALMITATE 17000 J.M./G; HYDROXYACTETOPHENONE
CARBOMER,base,389,CARBOMER
GLYCERYL STEARATE,active; base,381,GLYCERYL STE - ARATE; GLYCERYL STEARATE; GLYCERYL STEARATES; GLYCERYL STREARATE
SQUALANE,active,374,SQUALANE; SQUALENE
BUTYROSPERMUM PARKII BUTTER,active; base,364,BUTYROSPERMUM PARKII (SHEA) BUTTER; BUTYROSPERMUM PARKII BUTTER; BUTYROSPERMUM PARKII BUTTER (SHEA BUTTER); BUTYROSPERMUM PARKII BUTTER/SHEA BUTTER; BUTYROSPERMUM PARKU BUTTER; BUTYROSPERNNUM PARKII BUTTER; SHEA BUTTER
NIACINAMIDE,active,345,NACINAMIDE; NIACINAIDE; NIACINAMIDE; NIACINAMIDE (VITAMIN B3); NIACYNAMIDE
SODIUM HYDROXIDE,base,336,SODIUM HYDROXIDE; SODIUM HYDROXITE; SODIUM HYDROXYDE
PROPYLENE GLYCOL,active; base,330,PROPYLENE GLYCOL; PROPYLENEN GLYCOL
ALLANTOIN,active,319,ALLANTOIN; ALLANTOINN; ALTHANONIN
CI 77891,uv filters,290,+/CI 77891; CI 7789; CI 77891; CI 77891 (TITANIUM DIOXIDE); CI 77891(TITANIUM DIOXIDE); CI 77891/TITANIUM DIOXIDE; CI77891 (TITANIUM DIOXIDE); CI: 77891; CL 77891 (BARWNIK POCHODZENIA MINERALNEGO); CL 77891/TITANIUM DIOXIDE; CL: 77891; TITANIUM; TITANIUM DIOXIDE; TITANIUM DIOXIDE (CI 77891); TITANIUM DIOXIDE [NANO; TITANIUM DIOXIDE [NANO]/TITAMUM DIOXIDE; TITANIUM DIOXIDE [NANO]/TITANIUM DIOXIDE
BETAINE,base,283,BETAINE
HELIANTHUS ANNUUS SEED OIL,active,281,HELIANTHUS ANNUS (SUNFLOWER) SEED OIL; HELIANTHUS ANNUS SEED OIL; HELIANTHUS ANNUS SEED OIL (SUNFLOWER OIL); HELIANTHUS ANNUUS (SUNFLOWER) SEED OIL; HELIANTHUS ANNUUS (SUNFLOWER) SEED OIL UNSAPONIFIABLES; HELIANTHUS ANNUUS SEED OIL; HELIANTHUS ANNUUS SEED OIL (SUNFLOWER OIL); HELIANTHUS ANNUUS SEED OIL UNSAPONIFIABLES
DIMETHICONE,active; base,278,BIS-PEG/PPG-14/14 DIMETHICONE; DIMETHICONE; DIMETHICONE/PEG-10/15 CROSSPOLYMER; DIMETHICONE/POLYGLYCERIN-3 CROSSPOLYMER; DIMETHICONE/VINTL DIMETHICONE CROSSPOLYMER; DIMETHICONE/VINYL DIMETHICONE CROSSPOLYMER; PEG/PPG-18/18 DIMETHICONE
TETRAMETHYL ACETYLOCTAHYDRONAPHTHALENES,fragrances,267,TETRAMETHYL ACETYL-OCTAHYDRONAPHTHALENES; TETRAMETHYL ACETYLOCTAHYDRONAPHTHALENES; TETRAMETHYLACETYLOCTAHYDRONAPHTHALENES
CERAMIDE,active,249,CERAMIDE 2; CERAMIDE 3; CERAMIDE AG; CERAMIDE AP; CERAMIDE AS; CERAMIDE EOP; CERAMIDE EOS; CERAMIDE NG; CERAMIDE NP; CERAMIDE NS
CITRONELLOL,fragrances,244,CITRONELLOL
BENZYL ALCOHOL,preservative,226,BENZYL ALCHOHOL; BENZYL ALCOHOL; BENZYL ALKOHOL; BEZNYL ALCOHOL
GLYCINE SOJA OIL,active,214,GLY - CINE SOJA OIL; GLYCINE SOJA (SOYBEAN ) OIL; GLYCINE SOJA (SOYBEAN) OIL; GLYCINE SOJA (SOYBEEN) OIL; GLYCINE SOJA OIL; GLYCINE SOJA OIL/SOYBEAN OIL
LINALYL ACETATE,fragrances,208,LINALYI ACETATE; LINALYL ACETATE
ASCORBYL PALMITATE,active,202,ASCORBYL PALMITATE; ASCORBYL PALMITATE (VITAMIN C DERIVATE); ASCORBYLPALMITATE
HEXYL CINNAMAL,fragrances,200,HEXYL CINNAMAL
LACTIC ACID,active; base,199,LACTIC ACID
GERANIOL,fragrances,191,GERANIOL
TREHALOSE,base,177,TREHALOSE
HEXAMETHYLINDANOPYRAN,fragrances,170,HEXAMETHYINDANOPRYAN; HEXAMETHYLINDANOPYAN; HEXAMETHYLINDANOPYRAN; HEXAMETHYLINDANOPYRAN LINALYL; HEXAMETHYLINDANYLPYRAN
CENTELLA ASIATICA EXTRACT,active,169,100% CENTELLA ASIATICA EXTRACT (WATER; CENTELLA ASIATICA (GOTU KOLA) EXTRACT(72%); CENTELLA ASIATICA EXTRACT; CENTELLA ASIATICA EXTRACT (4.9%); CENTELLA ASIATICA EXTRACT (50.47%); CENTELLA ASIATICA EXTRACT (77%)
ARGININE,active,168,AR GININE; ARGININE; ARGININE HCL; ARGININE PCA
PRUNUS AMYGDALUS DULCIS OIL,active; base,168,CHUSTECZKA KOSMETYCZNA: PRUNUS AMYGDALUS DULCIS OIL; PRUNUS AMYGDALUS (SWEET ALMOND) DULCIS OIL; PRUNUS AMYGDALUS DILCIS OIL; PRUNUS AMYGDALUS DULCIS (SWEET ALMOND ) OIL; PRUNUS AMYGDALUS DULCIS (SWEET ALMOND) OIL; PRUNUS AMYGDALUS DULCIS OIL; PRUNUS AMYGDALUS DULCIS OLI; PRUNUS AMYGDALUS DULCIUS OIL
COCO-CAPRYLATE,active; base,164,CAPRATE; COCO -CAPRYLATE/CAPRATE; COCO CAPRYLATE/CAPRATE; COCO-CAPRYLATE; COCO-CAPRYLATE-CAPRATE; COCO-CAPRYLATE/- CAPRATE; COCO-CAPRYLATE/CAPRATE
DIPROPYLENE GLYCOL,base,160,DIPROPYLENE GLYCO; DIPROPYLENE GLYCOL
HYALURONIC ACID,active,157,AKTYWNE: 3 KWAS HIALURONOWY; HYALURONIC ACID; HYDROLYSED HYALURONIC ACID; LACTOCOCCUS/HYALURONIC ACID FERMENT FILTRATE
SIMMONDSIA CHINENSIS SEED OIL,active,152,HYDROGENATED JOJOBA OIL; SIMMONDIA CHINENSIS SEED OIL; SIMMONDSIA CHINENSIS (JOJOBA) SEED OIL; SIMMONDSIA CHINENSIS SEED OIL; SIMMONDSIA CHINENSIS SEED OIL (JOJOBA OIL); SIMMONDSIA CHINENSIS SEED OIL/JOJOBA SEED OIL
POLYSORBATE 20,base,146,POLYSORBATE 20
STEARIC ACID,base,145,STEARIC ACID
CI 77491,dyes,142,77491; CI 77491; CI 77491 (IRON OXIDE); CI 77491 (IRON OXIDES); CI 77491(IRON OXIDE); CI 77491/IRON OXIDES; CI 77492/IRON OXIDES; CI 77499/IRON OXIDES; CI77491; IRON OXIDE (CI 77491); IRON OXIDE (CI 77492); IRON OXIDE (CI 77499); IRON OXIDES; IRON OXIDES (CI 77491; IRON OXIDES (CI 77491); IRON OXIDES (CI 77492); IRON OXIDES (CI 77499); IRON OXIDES(CI 77491)
GLYCERYL STEARATE CITRATE,base,142,GLY- CERYL STEARATE CITRATE; GLYCERYL STEARATE CITRATE
HYDROXYETHYLCELLULOSE,base,142,HYDROXYETHYL CELLULOSE; HYDROXYETHYLCELLU - LOSE; HYDROXYETHYLCELLULOSE; HYDROXYETHYLCELLULOSE (THICKENING AGENT)
CHOLESTEROL,active; base,141,CHOLESTEROL
BETA-SITOSTEROL,base,140,BETA - SITOSTEROL; BETA- SITOSTEROL; BETA-SITOSTE - ROL; BETA-SITOSTEROL
ACRYLATES/C10-30 ALKYL ACRYLATE CROSSPOLYMER,base,139,ACRYLATES -30 ALKYL ACRYLATE CROSSPOLYMER; ACRYLATES/?C10-30 ALKYL ACRYLATE CROSSPOLYMER; ACRYLATES/C-10-30 ALKYL ACRYLATE CROSSPOLYMER; ACRYLATES/C10-30 ALKYL ACRYLATE; ACRYLATES/C10-30 ALKYL ACRYLATE CROSSPOLYMER
SILICA,active,139,SILICA; SILICA NANO
LECITHIN,active; base,138,LECITHIN; LECITHIN (SUNFLOWER LECITHIN)
SODIUM CHLORIDE,base,138,SODIUM CHLORDE; SODIUM CHLORIDE; SODIUMCHLORIDE
GLUCOSE,active,137,GLUCOSE
ALPHA-ISOMETHYL IONONE,fragrances,136,ALPA-ISOMETHYL IONONE; ALPHA ISOMETHYL IONONE; ALPHA- ISOMETHYL IONONE; ALPHA-ISO-METHYLIONONE; ALPHA-ISOMETHYL IONONE; ALPHA-LSOMETHYL LONONE
BENZYL SALICYLATE,fragrances,136,BENZYL SALICYLATE
PERSEA GRATISSIMA OIL,active,136,PERSEA GRATISSIMA (AVOCADO ) OIL; PERSEA GRATISSIMA (AVOCADO) OIL; PERSEA GRATISSIMA OIL
METHYLPROPANEDIOL,base,132,METHYLPROPANANEDIOL; METHYLPROPANEDIOL
CI 77019,base; dyes,131,CI 77019; CI 77019 (MICA); MICA; MICA (CI 77019)
TRIETHANOLAMINE,base,131,TRIENNALOAMINE; TRIETANOLOAMINE; TRIETHANOLAMINE; TRIETHANOLOAMINE
OCTYLDODECANOL,active; base; fragrances,128,OCTYLDODECANOL
RICINUS COMMUNIS SEED OIL,active,128,100% RICINUS COMMUNIS SEED OIL; RICINUS COMMUNIS (CASTOR) SEED OIL; RICINUS COMMUNIS SEED OIL; RICINUS COMMUNIS SEED OIL (CASTOR OIL)
SODIUM POLYACRYLATE,active; base,126,POLIAKRYLAN SODU 4%; SODIUM POLY ACRYLATE; SODIUM POLYACRYLATE
VANILLIN,fragrances,122,VANILLIN
CETYL ALCOHOL,active; base,121,CETHYL ALCOHOL; CETYL ALCOHOL; CETYL ALKOHOL
SODIUM LACTATE,active,121,SODIUM LACTATE
ADENOSINE,active,120,ADENOSINE
SODIUM CITRATE,base,120,SODIUM CITRATE
SODIUM STEAROYL GLUTAMATE,base,117,SODIUM STE- AROYL GLUTAMATE; SODIUM STEAROYL GLUTAMATE
HYDROGENATED LECITHIN,active; base,116,HYDROGENATED LECITHIN; HYDROGENATED LECTITHIN
OLEA EUROPAEA FRUIT OIL,active,115,OLEA EUROPAEA (OLIVE ) FRUIT OIL; OLEA EUROPAEA (OLIVE) FRUIT OIL; OLEA EUROPAEA FRUIT OIL; OLEA EUROPAEA(OLIVE) FRUIT OIL
BEHENYL ALCOHOL,base,110,BEHENYL ALCOHOL
INULIN,active,110,INULIN
CELLULOSE GUM,base,107,CELLULOSE GUM
PHYTOSPHINGOSINE,active,107,PHYTOSPHINGOSI - NE; PHYTOSPHINGOSINE
ALCOHOL DENAT,base,106,ALCOHOL DENAT
BENZOIC ACID,preservative,106,BENZOIC ACID
RADISH ROOT FERMENT FILTRATE,active; base,106,LACTOBACILLUS/RADISH ROOT FERMENT FILTRATE; LEUCONOSTOC/RADISH ROOT FERMENT FILTRATE
BIS-ETHYLHEXYLOXYPHENOL METHOXYPHENYL TRIAZINE,uv filters,105,BIS-ETHYLHEXYLOXYPHENOL METHOXYPHENYL TRIAZINE
CI 19140,dyes,104,C19140; CI 19140; CI 19140 (YELLOW 5); CI 19140/YELLOW 5; CI 19140/YELLOW 5 LAKE; CI-19140; CL 19140; YELLOW 5 LAKE; YELLOW 5 LAKE (CI 19140)
ACETYL HEXAPEPTIDE-8,active,102,ACETYL HEXA- PEPTIDE-8; ACETYL HEXAPEPTIDE 8; ACETYL HEXAPEPTIDE-8
CITRUS AURANTIUM PEEL OIL,active; fragrances,102,CITRUS AURANTIUM PEEL OIL
MALTODEXTRIN,active; base,102,MALTODEXTRIN; MALTODEXTRINE
SORBITAN ISOSTEARATE,base,101,SORBITAN ISOSTEARATE
ETHYLHEXYL TRIAZONE,uv filters,100,ETHYLHEXYL TRIAZINE; ETHYLHEXYL TRIAZONE
CI 77861,base,98,77861; CI 77861; TIN OXIDE
PINENE,fragrances,98,PINENE
CI 15850,dyes,95,CI 15850; CI 15850 (RED 6 LAKE; CI 15850 (RED 6 LAKE); CI 15850 (RED 6); CI 15850 (RED 7 LAKE); CI 15850 (RED 7); CI 15850/RED 7; CI15850; RED 6 (CI 15850); RED 6 LAKE (CI 15850); RED 7 (CI 15850); RED 7 LAKE (CI 15850); RED 7 LAKE)
CITRUS LIMON PEEL OIL,active,95,CITRUS LIMON (LEMON) PEEL OIL; CITRUS LIMON PEEL OIL
HYDROGENATED POLYISOBUTENE,active; base,95,HYDROGENATED POLYISOBUTENE
POTASSIUM CETYL PHOSPHATE,base,95,POTASSIUM CETYL PHOSPHATE
CAMELLIA SINENSIS LEAF EXTRACT,active,93,CAMELLIA SINENSIS (BLACK TEA) LEAF EXTRACT; CAMELLIA SINENSIS (GREEN TEA) LEAF EXTRACT; CAMELLIA SINENSIS (WHITE TEA) LEAF EXTRACT; CAMELLIA SINENSIS LEAF EXTRACT; CAMELLIA SINENSIS LEAF EXTRACT (0.1%); CAMELLIA SINENSIS LEAF EXTRACT (30PPM)
CITRAL,fragrances,93,CITRAL
SALICYLIC ACID,preservative,92,SALICYLIC ACID
DICAPRYLYL CARBONATE,active; base,90,DICAPRYLYL CARBONATE
SORBITAN OLIVATE,base,90,SORBITAN OLIVATE
GLUCONOLACTONE,active,88,GLUCONOLACTONE
LACTOBACILLUS FERMENT,active,88,LACTOBACILLUS FERMENT
DECYL GLUCOSIDE,base,87,DECYL GLUCOSIDE
POLYSORBATE 60,base,87,POLYSORBATE 60
AROMA,fragrances,86,AROMA; AROMA (AROMAT); AROMA (FLAVOR); AROMA/FLAVOR; FLAVOR; FLAVOR/AROMA
CI 42090,dyes,86,BLUE 1; BLUE 1 LAKE (CI 42090); CI 42090; CI 42090 (BIUE 1 LAKE); CI 42090 (BLUE 1 LAKE); CI 42090 (BLUE 1); CI 42090/BLUE 1 LAKE; CL 42090; CL 42090/BLUE 1
CI 77492,dyes,86,CI 77492; CI 77492 (IRON OXIDES); CI 77492(IRON OXIDE); CI77492
ETHYLHEXYL STEARATE,active; base,86,ETHYLHEXYL STEARATE
PEG-100 STEARATE,base,86,PEG-100 STEARATE
DIPOTASSIUM GLYCYRRHIZATE,active,85,DIPOTASSIUM GLYCERRHIZATE; DIPOTASSIUM GLYCYRRHIZATE; DIPOTASSIUM GLYCYRRHIZINATE
ETHYLHEXYL PALMITATE,active; base,85,ETHYLHEXYL PALMITATE
HYDROXYETHYL ACRYLATE/SODIUM ACRYLOYLDIMETHYL TAURATE COPOLYMER,base,85,HYDROXYETHYL ACRYLATE/SODIUM ACRYLOYLDIMETHYL TAU - RATE COPOLYMER; HYDROXYETHYL ACRYLATE/SODIUM ACRYLOYLDIMETHYL TAURATE COPOLYMER; HYDROXYETHYL ACRYLATE/SODIUM ACRYLOYLDIMETHYLTAURATE COPOLYMER; HYDROXYETHYL ACRYLE/SODIUM ACRYLATE/SODIUM ACRYLOYLDIMETHYL TAURATE COPOLYMER
SODIUM PHYTATE,base,85,SODIUM PHYTATE
C12-15 ALKYL BENZOATE,base,83,C12-15 ALKYL BENZOATE; C12-15ALKYL BENZOATE
HYDROXYCITRONELLAL,fragrances,83,HYDROXYCITRONELLAL
3-O-ETHYL ASCORBIC ACID,active,81,3-O-ETHYL ASCORBIC ACID
CERA ALBA,active; base,81,BEESWAX; BEESWAX (CERA ALBA); CERA ALBA; CERA ALBA (BEESWAX); CERA ALBA/BEESWAX
PANTOLACTONE,active,78,PANTOLACTONE
PEG-40 HYDROGENATED CASTOR OIL,base,77,PEG-40 HYDROGENATED CASTOR OIL; PEG-40 HYDROGENATED CASTROIL
TETRASODIUM GLUTAMATE DIACETATE,base,77,TETRASODIUM GLUTAMATE DIACETATE
ALCOHOL,base,76,ALCOHOL; ALOHOL
ARGANIA SPINOSA KERNEL OIL,active,76,100% ARGANIA SPINOSA KERNEL OIL; ARGANIA SPINOSA KERNEL OIL
PALMITIC ACID,active; base,76,PALMITIC ACID
BETA-GLUCAN,active,75,BETA - GLUCAN; BETA GLUCAN; BETA- GLUCAN; BETA-GLUCAN
DIETHYLAMINO HYDROXYBENZOYL HEXYL BENZOATE,uv filters,75,DIE- THYLAMINO HYDROXYBENZOYL HEXYL BENZOATE; DIETHYLAMINO HYDROXYBENZOYL HEXYL BENZOATE
SODIUM ACETYLATED HYALURONATE,active; base,75,SODIUM ACETYLATED HYALURONATE
DICAPRYLYL ETHER,active; base,74,DICAPRYLYL ETHER
METHYLPARABEN,preservative,74,METHYL-PARABEN; METHYLPARABEM; METHYLPARABEN
PEG-60 HYDROGENATED CASTOR OIL,base,74,PEG-60 HYDROGENATED; PEG-60 HYDROGENATED CASTOR OIL; PEG-60 HYDROGENATED CASTOR OLI; PEG-6O HYDROGENATED CASTOR OIL
SILICA DIMETHYL SILYLATE,base,74,SILICA DIMETHYL SILYLATE
PENTAERYTHRITYL TETRA-DI-T-BUTYL HYDROXYHYDROCINNAMATE,active,73,PENTAERYTHRITYL TETRA-DI-T-BUTYL HYDROXYHYDROCINNAMATE; PENTAERYTHRITYL TETRA-DI-T-BUTYLHYDROXYHYDROCINNAMATE
SORBIC ACID,preservative,73,SORBIC ACID
ISOHEXADECANE,active; base,72,ISOHEXADECANE
POLYGLYCERYL-6 BEHENATE,base,72,POLYGLYCERYL-6 BEHENATE
SORBITOL,active; base,72,SORBITOL
CI 77499,dyes,71,CI 77499; CI 77499 (IRON OXIDES); CI 77499(IRON OXIDE); CI 77499)
COCOS NUCIFERA OIL,active; base,71,COCOS NUCIFERA (COCONUT ) OIL; COCOS NUCIFERA (COCONUT) OIL; COCOS NUCIFERA OIL
GLYCERYL CAPRYLATE,active; base,71,GLYCERYL 1 CAPRYLATE; GLYCERYL CAPRYLATE; GLYCERYL CAPRYLATE (PLANT ORIGIN); GLYCERYL CAPRYLATE/CAPRATE
POLYGLYCERYL-10 LAURATE,base,71,POLYGLYCERYL-10 LAURATE
SODIUM LAUROYL LACTYLATE,base,71,SODIUM LAUROYL LACTYLATE
TERPINEOL,fragrances,71,TERPINEOL
SORBITAN OLEATE,base,70,SORBITAN OLEATE; SORBITAN OLEATE DECYLGLUCOSIDE CROSSPOLYMER
CETEARYL OLIVATE,active; base,69,CETEARYL OLIVATE
FRUCTOSE,active,69,FRUCTOSE
HYDROLYZED SODIUM HYALURONATE,active,68,HYDROLIZED SODIUM HYALURONATE; HYDROLYZED SODIUM HYALURONATE
ISOPROPYL MYRISTATE,base,68,ISOPROPYL MYRISTATE; ISOPROPYT MYRISTATE
SYNTHETIC FLUORPHLOGOPITE,base,67,SYNTHETIC FLUORPHLOGOPITE
ALPHA-GLUCAN OLIGOSACCHARIDE,active,66,ALPHA-GLUCAN OLIGOSACCHARIDE
CAFFEINE,active,66,CAFFEINE
HYDROXYPROPYL CYCLODEXTRIN,base,66,HYDROXYPROPYL CYCDEXTRIN; HYDROXYPROPYL CYCLODEXTRIN; HYDROXYPROPYL CYLCODEXTRIN
PARAFFINUM LIQUIDUM,active; base,66,CHUSTECZKA Z OLEJKIEM PO DEPILACJI: PARAFFINUM LIQUIDUM; CHUSTECZKA: PARAFFINUM LIQUIDUM; CHUSTECZKI INGREDIENTS: INGREDIENTS: PARAFFINUM LIQUIDUM; OLIWKA ŁAGODZĄCA: PARAFFINUM LIQUIDUM; PARAFFINUM LIQUIDUM; PARAFFINUM LIQUIDUM (MINERAL OIL); PARAFFINUM LIQUIDUM/MINERAL OIL
ASCORBIC ACID,active,65,ASCORBIC ACID; ASCROBIC ACID
CETEARYL GLUCOSIDE,base,65,CETEARYL GLUCOSIDE; CETEARYL GLUUCOSIDE
POLYISOBUTENE,base,65,POLYISOBUTENE
POLYACRYLATE CROSSPOLYMER-6,base,64,POLYACRYLATE CROSSPOLYMER - 6; POLYACRYLATE CROSSPOLYMER-6
SODIUM LEVULINATE,active,64,SODIUM LEVULINATE
AMMONIUM ACRYLOYLDIMETHYLTAURATE/VP COPOLYMER,base,63,AMMONIUM ACRYLOYLDIMETHYLTAURATE/VP COPOLYMER
GOLD,active,63,GOLD
PEAT EXTRACT,active,63,PEAT EXTRACT; PEAT EXTRACT (TORF TOŁPA)
DISODIUM PHOSPHATE,base,62,DISODIUM PHOSPHATE
HYDROLYZED HYALURONIC ACID,active,62,HYDROLYZED HYALURONIC ACID
PALMITOYL TRIPEPTIDE-1,active,62,PALMITOYL TRIPEPTIDE-1
BUTYL METHOXYDIBENZOYLMETHANE,uv filters,61,BUTYL METHOXYDIBENZOLMMETHANE; BUTYL METHOXYDIBENZOYL-METHANE; BUTYL METHOXYDIBENZOYLMETHANE; BUTYLMETHOXYDIBENZOYLMETHANE
CAPRYL GLUCOSIDE,base,61,CAPRYLYL-CAPRYL GLUCOSIDE; CAPRYLYL/CAPRYL GLUCOSIDE; CAPRYLYL/CAPRYL GLUCOSIDE (PLANT ORIGIN)
ETHYLHEXYL SALICYLATE,uv filters,61,ETHYLHEXYL SALICYLATE
MACADAMIA TERNIFOLIA SEED OIL,active,61,MACADAMIA TERNIFOLIA SEED OIL; MACADMIA TERNIFOLIA SEED OIL
TRIDECYL TRIMELLITATE,base,61,TRIDECYL TRIMELLITATE
ASCORBYL GLUCOSIDE,active,60,ASCORBYL GLUCOSIDE
ASCORBYL TETRAISOPALMITATE,active,60,ASCORBYL TETRAISOPALMITATE
ISOPROPYL PALMITATE,base,60,ISOPROPYL PALMIATE; ISOPROPYL PALMITATE
SODIUM HYALURONATE CROSSPOLYMER,active,60,SODIUM HYALURONATE CROSSPOLYMER
XYLITOL,active,60,XYLITOL
COCO-GLUCOSIDE,base,59,COCO GLUCOSIDE; COCO-GLUCOSIDE; KOKOS COCO-GLUCOSIDE
ISONONYL ISONONANOATE,active,59,ISONONYL ISONONANOATE
CALCIUM GLUCONATE,active,58,CALCIUM GLUCONATE; CALCIUM GLUCONATE INGREDIENTS
PALMITOYL TETRAPEPTIDE-7,active,58,PALMITOYL TETRAPEPTIDE- 7; PALMITOYL TETRAPEPTIDE-7; PALMITOYL TOTRAPEPTIDE-7
BHT,active,57,BHT
BIOTIN,active,57,BIOTIN; BIOTIN (VITAMIN H)
LEVULINIC ACID,active,57,LEVULINIC ACID
POLYGLUTAMIC ACID,active,57,POLYGLUTAMIC ACID
TRIPELARGONIN,base,57,TRIPELARGONIN; TRIPELARGONIN (C8-C12 ACID TRIGLYCERIDE)
ALOE BARBADENSIS LEAF JUICE,active,56,ALOE BARBADENSIS LEAF JUICE; ALOE BARBADENSIS LEWAF JUICE
HYDROLYZED COLLAGEN,active; base,56,HYDROLYZED COLLAGEN; HYDROLYZED COLLAGEN(0.1%)
PHOSPHOLIPIDS,active; base,56,PHOSPHOLIPIDS
OLUS OIL,active,55,OLUS; OLUS (VEGETABLE ) OIL; OLUS (VEGETABLE) OIL; OLUS OIL
RETINYL PALMITATE,active,55,HYDROXYACETOPHENONE SKŁADNIKI AKTYWNE: RETINYL PALMITATE 17000 J.M./G; RETIMYL PALMITATE; RETINYL PALMITATE; RETINYL PALMITATE (VITAMIN A)
SNAIL SECRETION FILTRATE,active,55,SNAIL SECRETION FILTRATE
SODIUM PCA,active; base,55,SODIUM PCA
VITIS VINIFERA SEED OIL,base,55,VITIS VINIFERA (GRAPE) SEED OIL; VITIS VINIFERA SEED OIL
COCAMIDOPROPYL BETAINE,base,54,COCAMIDOPROPYL BETAINE
DIISOSTEARYL MALATE,base,54,DIISOSTEARYL MALATE; ESSENCE JUICY GLOW JUICY BOMB LIP OIL 01 COCONUT CRUSH: DIISOSTEARYL MALATE; ESSENCE JUICY GLOW JUICY BOMB LIP OIL 02 STRAWBERRY STAR: DIISOSTEARYL MALATE; ESSENCE JUICY GLOW JUICY BOMB LIP OIL 03 MANDARIN MIRACLE: DIISOSTEARYL MALATE; ESSENCE JUICY GLOW JUICY BOMB LIP OIL 04 MINT MAGIC: DIISOSTEARYL MALATE; ESSENCE JUICY GLOW JUICY BOMB LIP OIL 05 CHERRY CHEER: DIISOSTEARYL MALATE
POLYSORBATE 80,base,54,POLYSORBATE 80
TRISODIUM ETHYLENEDIAMINE DISUCCINATE,base,54,TRISODIUM ETHYLENEDIAMINE DISCUCCINATE; TRISODIUM ETHYLENEDIAMINE DISUCCINATE; TRISODIUM ETHYLENEDIAMINE DISUCCINTE
COUMARIN,fragrances,53,COUMARIN
MADECASSOSIDE,active,53,MADECASSOSIDE
POTASSIUM CHLORIDE,base,53,POTASSIUM CHLORIDE
TROMETHAMINE,base,52,TROMETHAMINE
DIETHYLHEXYL SYRINGYLIDENEMALONATE,base,51,DIETHYLHEXYL SYRINGYLIDENE MALONATE; DIETHYLHEXYL SYRINGYLIDENEMALONATE
GLYCERYL GLUCOSIDE,active; base,51,GLYCERYL GLUCOSIDE
ORYZA SATIVA BRAN OIL,active; base,51,ORYZA SATIVA (RICE ) BRAN OIL; ORYZA SATIVA (RICE) BRAN OIL; ORYZA SATIVA BRAN OIL; ORYZA SATIVA BRAN OIL/RICE BRAN OIL
PALMITOYL TRIPEPTIDE-5,active,51,PALMI- TOYL TRIPEPTIDE-5; PALMITOYL TRIPEPTIDE - -5; PALMITOYL TRIPEPTIDE-5
POLYGLYCERYL-3 METHYLGLUCOSE DISTEARATE,base,51,POLYGLYCERYL-3 METHYLGLUCOSE DISTEARATE
PULLULAN,active; base,51,PULLULAN
SERINE,active,51,SERINE
ANHYDROXYLITOL,active,50,ANHYDROXYLITOL
CAESALPINIA SPINOSA GUM,active; base,50,CAESALPINIA SPI - NOSA GUM; CAESALPINIA SPINOSA GUM
COPPER TRIPEPTIDE-1,active,50,COPPER TRIPEPTIDE-1
HEXYLENE GLYCOL,base,50,HEXYLENE GLYCOL
SODIUM CETEARYL SULFATE,base,50,SODIUM CETEARYL SULFATE
XYLITYLGLUCOSIDE,active; base,50,XYLITYLGLUCOSIDE
CAPRYLHYDROXAMIC ACID,base,49,CAPRYLHYDROXAMIC ACID
DEHYDROACETIC ACID,preservative,49,DEHYDROACETIC ACID
PHENYLBENZIMIDAZOLE SULFONIC ACID,uv filters,49,PHENYLBENZIMIDAZLE SULFONIC ACID; PHENYLBENZIMIDAZOLE SULFONIC ACID
POLYBUTENE,base,49,POLYBUTENE; POLYBUTENES
UREA,active,49,UREA
CI 15985,dyes,48,CI 15985; CI 15985 (YELLOW 6); CI 15985/YELLOW 6; CI 15985/YELLOW 6 LAKE; YELLOW 6; YELLOW 6 LAKE; YELLOW 6 LAKE (CI 15985)
LACTOBACILLUS FERMENT LYSATE,active,48,LACTOBACILLUS FERMENT LYSATE
TAPIOCA STARCH,base,48,TAPIOCA STARCH
TRISODIUM EDTA,base,48,TRISODIUM EDTA
CERA MICROCRYSTALLINA,active; base,47,CERA MICROCRISTALLINA; CERA MICROCRISTALLINA (MICROCRYSTALLINE WAX); CERA MICROCRISTALLINA/MICROCRYSTALLINE WAX; CERA MICROCRYSTALLINA (MICROCRYSTALLINE WAX)
SCLEROTIUM GUM,base,47,SCLEROTIUM GUM
BIOSACCHARIDE GUM-1,active; base,46,BIOSACCARIDE GUM-1; BIOSACCHARIDE GUM-1
CELLULOSE,base,46,CELLULOSE
STEARYL ALCOHOL,base,46,STEARYL ALCOHOL
DIBUTYL ADIPATE,active; base,45,DIBUTYL ADIPATE
GLUCOMANNAN,active; base,45,GLUCOMANNAN
GLYCYRRHIZA GLABRA ROOT EXTRACT,active,45,GLYCYRRHIZA GLABRA (LICORICE) ROOT EXTRACT; GLYCYRRHIZA GLABRA ROOT EXTRACT
HYDROGENATED CASTOR OIL,active; base,45,HYDROGENATED CASTOR OIL
HYDROGENATED COCO-GLYCERIDES,active; base,45,HYDROGENATED COCO-GLYCERIDES; HYDROGNATED COCO-GLYCERIDES
LAURYL GLUCOSIDE,base,45,LAURYL GLUCOSIDE
MICROCRYSTALLINE CELLULOSE,base,45,MICROCRYSTALLINE CELLULOSE
PANAX GINSENG ROOT EXTRACT,active,45,PANAX GINSENG ROOT EXTRACT; PANAXGINSENG ROOT EXTRACT
SYNTHETIC WAX,base,45,SYNTHETIC WAX
THEOBROMA CACAO SEED BUTTER,active,45,THEOBROMA CACAO (COCOA) SEED BUTTER; THEOBROMA CACAO SEED BUTTER
TRIETHYL CITRATE,base,45,TRIETHYL CITRATE
ISOAMYL LAURATE,base,44,ISOAMYL LAURATE
POLYGLYCERYL-10 STEARATE,base,44,POLYGLYCERYL-10 STEARATE; POLYGLYCERYL-10STEARATE
ALOE BARBADENSIS LEAF EXTRACT,active,43,ALOE BARBADENSIS (ALOE VERA) LEAF EXTRACT; ALOE BARBADENSIS LEAF; ALOE BARBADENSIS LEAF EXTRACT; ALOE BARBADENSIS LEAF EXTRACT (188PPM); ALOE BARBADENSIS LEAF EXTRACT (21MG); ALOE BARBANENSIS LEAF EXTRACT; ALOES
GLUTATHIONE,active; base,43,GLUTATHIONE; GLUTATHIONE(10.89 PPM)
HYDROGENATED POLYDECENE,active; base,43,HYDROGENATED POLYDECENE
ROSMARINUS OFFICINALIS LEAF EXTRACT,active; fragrances,43,R OSMARINUS OFFICINALIS (ROSEMARY) LEAF EXTRACT; ROSMARINUS OFFICINALIS (ROSEMARY) LEAF EXTRACT; ROSMARINUS OFFICINALIS LEAF EXTRACT
ACACIA SENEGAL GUM,base,42,ACACIA SENEGAL GUM
BIS-DIGLYCERYL POLYACYLADIPATE-2,base,42,BIS- DIGLYCERYL POLYACTYLADIPATE- 2; BIS-DIGLYCERYL POLYACYLADIPATE-2
ETHYLHEXYL METHOXYCINNAMATE,uv filters,42,ETHYLHEXYL METHOXYCINAMATE; ETHYLHEXYL METHOXYCINNAMATE
EUPHORBIA CERIFERA CERA,active; base,42,EUPHORBIA CERIFERA (CANDELILLA) CERA; EUPHORBIA CERIFERA CERA
GLYCERETH-26 PCA ISOSTEARATE,active; base,42,GLYCERETH-26; GLYCERETH-26 PCA ISOSTEARATE
OCTADECYL DI-T-BUTYL-4-HYDROXYHYDROCINNAMATE,active,42,OCTADECYL DI-T-BUTYL-4-HYDROXYHYDROCINNAMATE; OCTADECYL DIT-BUTYL-4-HYDROXYHYDROCINNAMATE
POLYGLYCERYL-6 STEARATE,base,42,POLYGLYCERYL-6 STEARATE
TRIBEHENIN,active; base,42,TRIBEHENIN
ASIATICOSIDE,active,41,ASIATICOSIDE
BEHENIC ACID,active; base,41,BEHENIC ACID
CETEARETH-20,base,41,CETEARETH -20; CETEARETH-20; CETEARTEH-20; CETEARTH-20 (EMULGATOR POCHODZENIA ROŚLINNEGO)
CHAMOMILLA RECUTITA FLOWER EXTRACT,active,41,CHAM OMILLA RECUTITA (MATRICARIA) FLOWER EXTRACT; CHAMOMILLA RECUTITA (MATRICARIA) FLOWER EXTRACT; CHAMOMILLA RECUTITA FLOWER EXTRACT; CHAMOMILLA RECUTITA FLOWER EXTRACT/MATRICARIA FLOWER EXTRACT
CHLORPHENESIN,preservative,41,CHLORPHENESIN
GLYCINE,active,41,GLYCINE
HYDROLYZED RICE PROTEIN,active,41,HYDROLYZED RICE PROTEIN
MACADAMIA INTEGRIFOLIA SEED OIL,active,41,MACADAMIA INTEGRIFOLIA SEED OIL
MYRISTYL MYRISTATE,active; base,41,MYRISTYL MYRISTATE
POLYGLYCERYL-4 CAPRATE,base,41,POLYGLYCERYL-4; POLYGLYCERYL-4 CAPRATE; POLYGLYCERYL-4 CAPRATE (BIODEGRADOWALNY SURFAKTANT ROŚLINNY)
PROLINE,active,41,PROLINE
BENZYL BENZOATE,fragrances,40,BENZYL BENZOATE
CETEARYL ETHYLHEXANOATE,base,40,CETEARYL ETHYLHEXANOATE
DIMETHYL PHENETHYL ACETATE,fragrances,40,DIMETHYL PHENETHYL ACETATE
HYDROXYPROPYL STARCH PHOSPHATE,base,40,HYDROXYPROPYL STARCH PHOSPHATE
MENTHOL,active,40,MENTHOL
PENTAERYTHRITYL DISTEARATE,base,40,PENTAERYTHRITYL DISTEARATE
PETROLATUM,active; base,40,INGREDIENTS: PETROLATUM; PETROLATUM
POGOSTEMON CABLIN OIL,active,40,POGOSTEMON CABILIN OIL; POGOSTEMON CABIN OIL; POGOSTEMON CABLIN OIL
PRUNUS ARMENIACA KERNEL OIL,active,40,PRUNUS ARMENIACA (APRICOT) KERNEL OIL; PRUNUS ARMENIACA KERNEL OIL; PRUNUS ARMENIACA KERNEL OIL/APRICOT KERNEL OIL
HYDROGENATED RAPESEED OIL,active,39,HYDROGENATED RAPESEED OIL
RETINOL,active,39,RETINOL
UBIQUINONE,active,39,UBIQUINONE
ZINC PCA,active,39,ZINC PCA
ASIATIC ACID,active,38,ASIATIC ACID
MADECASSIC ACID,active,38,MADECASSIC ACID; MADECCAIC ACID
PHYTOSTEROLS,active,38,PHYTOSTEROLS
POTASSIUM HYDROXIDE,active,38,POTASSIUM HYDROXIDE
CAPRYLOYL SALICYLIC ACID,active,37,CAPRYLOYL SALICYLIC ACID
CI 45410,dyes,37,CI 45410; CI 45410 (RED 27 LAKE); CI 45410 (RED 27); CI 45410 (RED 28 LAKE); CI 45410/RED 28 LAKE; RED 28 LAKE (CI 45410)
CYCLOPENTASILOXANE,active; base,37,CYCLOPENTASILOXANE
HYDROGENATED STARCH HYDROLYSATE,active; base,37,HYDROGENATED STARCH HYDROLYSATE; MALTOOLIGOSYL GLUCOSIDE/HYDROGENATED STARCH HYDROLYSATE
ISOSTEARYL ISOSTEARATE,base,37,ISOSTEARYL ISO-STEARATE; ISOSTEARYL ISOSTEARATE
LINOLEIC ACID,active,37,LINOLEIC; LINOLEIC ACID; LINOLEIC ACID (VITAMIN F); LINOLENIC ACID
RICE FERMENT FILTRATE,active,37,RICE FERMENT FILTRATE; RICE FERMENT FILTRATE (SAKE); SACCHAROMYCES/RICE FERMENT FILTRATE
SCUTELLARIA BAICALENSIS ROOT EXTRACT,active,37,SCUTELLARI A BAICALENSIS ROOT EXTRACT; SCUTELLARIA BAICALENSIS ROOT EXTRACT; SCUTELLARIABAICALENSIS ROOT EXTRACT
SODIUM SULFATE,base,37,SODIUM SULFATE
ALUMINA,base,36,ALUMINA
GLYCERYL STEARATE SE,active; base,36,GLYCERYL STEARATE SE
MARIS AQUA,active,36,MARIS AQUA; MARIS AQUA/SEA WATER; SEA WATER
PHENETHYL ALCOHOL,fragrances,36,PHENETHYL ALCOHOL; PHENOETHYL ALCOHOL
SODIUM ASCORBYL PHOSPHATE,active,36,SODIUM ASCORBYL PHOSPHATE
ALUMINUM HYDROXIDE,base,35,ALUMINUM HYDROXIDE
CAPRIC GLYCERIDES,base,35,CAPRYLIC/CAPRIC GLYCERIDES; PEG-6 CAPRYLIC/CAPRIC GLYCERIDES
HELIANTHUS ANNUUS SEED CERA,active; base,35,HELIANTHUS ANNUUS SEED CERA; HELIANTHUS ANNUUS SEED CERA (SUNFLOWER SEED WAX); HELIANTHUS ANNUUS SEED CERA (SUNFLOWER WAX); HELIANTHUS ANNUUS SEED CERA/SUNFLOWER SEED WAX
MYRISTIC ACID,active,35,MYRISTIC ACID
PORTULACA OLERACEA EXTRACT,active,35,PORTULACA OLERACEA EXTRACT
ROSA DAMASCENA FLOWER WATER,active,35,ROSA DAMASCENA (ROSE) FLOWER WATER; ROSA DAMASCENA FLOWER WATER
SODIUM METABISULFITE,base,35,SODIUM META- BISUL?TE; SODIUM METABISUL TE; SODIUM METABISULFIFE; SODIUM METABISULFITE
ALUMINUM STARCH OCTENYLSUCCINATE,active; base,34,ALUMINUM STARCH OCTENYLSUCCINATE
GLYCOLIC ACID,active,34,GLYCOLIC ACID
SORBITAN LAURATE,base,34,SORBITAN LAURATE; SORBITAN LAUREATE
ALGIN,base,33,ALGIN
ECTOIN,active,33,ECTION; ECTOIN
HYDROLYZED SOY PROTEIN,active; base,33,HYDROLYZED SOY PROTEIN
PALMITOYL TRIPEPTIDE-38,active,33,PALMITOYL TRIPEPTIDE-38
PEG-8,active,33,PEG-8
TRIPEPTIDE-1,active,33,TRIPEPTIDE-1
ACETYL DIPEPTIDE-1 CETYL ESTER,active,32,ACETYL DIPEPTIDE-1 CETYL ESTER
ARACHIDYL ALCOHOL,active; base,32,ARACHIDYL ALCOHOL
ARACHIDYL GLUCOSIDE,base,32,ARACHIDYL GLUCOSIDE
BETA-CAROTENE,active; dyes,32,BETA-CAROTENE
CAMELLIA JAPONICA SEED OIL,active,32,CAMELLIA JAPONICA (TSUBAKI) SEED OIL; CAMELLIA JAPONICA SEED OIL
COLLAGEN,active,32,COLLAGEN
COPERNICIA CERIFERA CERA,active,32,COPERNICIA; COPERNICIA CERIFERA CERA; COPERNICIA CERIFERA CERA/CARNAUBA WAX; COPERNICIA CERIFERACERA
GLYCERYL ACRYLATE/ACRYLIC ACID COPOLYMER,active; base,32,GLYCERYL ACRYLATE/ACRYLIC ACID COPOLYMER
HYDROGENATED POLY,active; base,32,HYDROGENATED POLY (C6-14 OLEFIN); HYDROGENATED POLY (C6-20 OLEFIN); HYDROGENATED POLY(C6-14 OLEFIN); HYDROGENATED POLY(C6-20 OLEFIN)
HYDROLYZED GLYCOSAMINOGLYCANS,active; base,32,HYDROLYZED GLYCOSAMINOGLYCANS
MANNITOL,active,32,MANNITOL
PARAFFIN,active; base,32,PARAFFIN
AMMONIUM POLYACRYLOYLDIMETHYL TAURATE,base,31,AMMONIUM POLYACRYLDIMETHYLTAURAMIDE/AMMONIUM POLYACRYLOYLDIMETHYL TAURATE; AMMONIUM POLYACRYLOYLDI-METHYL TAURATE; AMMONIUM POLYACRYLOYLDIMETHYL TAURATE; AMMONIUM POLYCRYLOYLDXMETHYL TAURATE
BENZALDEHYDE,base; fragrances,31,BENZALDEHYDE
C12-20 ALKYL GLUCOSIDE,base,31,C12-20 ALKYL GLUCOSIDE
C14-22 ALCOHOLS,base,31,C14-22 ALCOHOLS
SACCHAROMYCES,active,31,SACCHAROMYCES; SACCHAROMYCES/COPPER FERMENT; SACCHAROMYCES/IRON FERMENT; SACCHAROMYCES/ZINC FERMENT
ALOE BARBADENSIS LEAF JUICE POWDER,active,30,ALOE BARBADENSIS LEAF JUICE POWDER
CITRUS LIMON FRUIT EXTRACT,active,30,CITRUS LIMON (LEMON) FRUIT EXTRACT; CITRUS LIMON FRUIT EXTRACT; CITRUS LIMON FRUIT EXTRACT/LEMON FRUIT EXTRACT
COCOGLYCERIDES,active; base,30,COCOGLYCERIDES
COLLAGEN AMINO ACIDS,active,30,COLLAGEN AMINO ACIDS
EUGENOL,fragrances,30,EUGENOL
LACTOBACILLUS,active,30,LACTOBACILLUS; LACTOBACILLUS/RICE FERMENT
LIMNANTHES ALBA SEED OIL,active,30,LIMNANTHES ALBA (MEADOWFOAM) SEED OIL; LIMNANTHES ALBA SEED OIL; LIMNANTHES ALBA SEED OIL/MEADOWFOAM SEED OIL
ORBIGNYA OLEIFERA SEED OIL,active,30,ORBIGNYA OLEIFERA (BABASSU ) SEED OIL; ORBIGNYA OLEIFERA (BABASSU) SEED OIL; ORBIGNYA OLEIFERA SEED OIL
POLYGLYCERYL-6 CAPRYLATE,base,30,POLYGLYCERYL - 6 CAPRYLATE/CAPRATE; POLYGLYCERYL-6 CAPRYLATE; POLYGLYCERYL-6 CAPRYLATE/CAPRATE
SHEA BUTTER ETHYL ESTERS,active,30,SHEA BUTTER ETHYL ESTERS
ALANINE,active,29,ALANINE
C10-18 TRIGLYCERIDES,active; base,29,C10-18 TRIGLYCERIDES
CI 16035,dyes,29,CI 16035; CI 16035 (RED 40 LAKE); CI 16035/RED 40; RED 40
DEXTRIN,base,29,DEXTRIN
GERANYL ACETATE,fragrances,29,GERANYL ACETATE
HYDROXYPROPYLTRIMONIUM HYALURONATE,active,29,HYDROXYPROPYLTRIMONIUM HYALURONATE
KAOLIN,base; dyes,29,KAOLIN; KAOLIN (8%)
MANGIFERA INDICA SEED BUTTER,active,29,MANGIFERA INDICA (MANGO) SEED BUTTER; MANGIFERA INDICA SEED BUTTER
POLYGLYCERYL-3 DIISOSTEARATE,base,29,POLYGLYCERYL - 3 DIISOSTEARATE; POLYGLYCERYL-3 DIISOSTEARATE; POLYGLYCERYL-3 DISOSTEARATE
POLYHYDROXYSTEARIC ACID,base,29,POLYHYDROXYSTEARIC ACID
SODIUM ACRYLATE/SODIUM ACRYLOYLDIMETHYL TAURATE COPOLYMER,base,29,SODIUM ACRYLATE/SODIUM ACRYLOYLDIMETHYL TAURATE COPOLYMER
SORBITAN SESQUIOLEATE,base,29,SORBITAN SESQUIOLEATE
BUTYLENE/ETHYLENE/STYRENE COPOLYMER,base,28,BUTYLENE/ETHYLENE/STYRENE COPOLYMER
CETYL ETHYLHEXANOATE,active; base,28,CETYL ETHYLHEXANOATE
DIISOSTEAROYL POLYGLYCERYL-3 DIMER DILINOLEATE,base,28,DIISOSTEAROYL POLYGLYCERYL-3 DIMER; DIISOSTEAROYL POLYGLYCERYL-3 DIMER DILINOLEATE
ETHYLENE/PROPYLENE/STYRENE COPOLYMER,base,28,ETHYLENE/PROPYLENE/STYRENE COPOLYMER
FERULIC ACID,active,28,FERULIC ACID
POLYGLYCERYL-2 TRIISOSTEARATE,base,28,POLYGLYCERYL-2 TRIISOSTEARATE; POLYGLYCERYL-2 TRIISOSTEARTE
ACETYL CEDRENE,fragrances,27,ACETYL CEDRENE
CARNOSINE,active,27,CARNOSINE
CETYL PALMITATE,active; base,27,CETYL PALMITATE
HYDROGENATED ETHYLHEXYL OLIVATE,active,27,HYDROGENATED ETHYLHEXYL OLIVATE
HYDROGENATED OLIVE OIL UNSAPONIFIABLES,active,27,HYDROGENATED OLIVE OIL UNSAPONIFIABLES
ORYZA SATIVA EXTRACT,active,27,ORYZA SATIVA (RICE) EXTRACT; ORYZA SATIVA EXTRACT
T-BUTYL ALCOHOL,base,27,T-BUTYL ALCOHOL
CHONDRUS CRISPUS POWDER,active; base,26,CHONDRUS CRISPUS POWDER
CYANOCOBALAMIN,active,26,CYANOCOBALAMIN; CYANOCOBALAMINA
DISODIUM COCOAMPHODIACETATE,base,26,DISODIUM COCOAMPHODIACETATE; DISODIUM COCOAMPHODIACETATE (BIODEGRADOWALNY SURFAKTANT ROŚLINNY)
LANOLIN,active; base,26,LANOLIN
MAGNESIUM SULFATE,base,26,MAGNESIUM SULFATE
MALTOOLIGOSYL GLUCOSIDE,active,26,MALTOLIGOOSYL GLUCOSIDE; MALTOOLIGOSYL GLUCOSIDE
POLYGLYCERYL-3 DISTEARATE,base,26,POLYGLYCERYL-3 DISTEARATE
SODIUM GLUCONATE,base,26,SODIUM GLUCONATE; SODIUM GLUCONATE (PLANT ORIGIN)
SODIUM PHOSPHATE,base,26,SODIUM PHOSPHATE; SODIUM PHOSPHATE INGREDIENTS
CETRIMONIUM BROMIDE,preservative,25,CETRIMONIUM BROMIDE; CETRONIUM BROMIDE
CI 17200,dyes,25,CI 17200; RED 33 LAKE (CI 17200)
CUCUMIS SATIVUS FRUIT EXTRACT,active,25,CUCUMIS SATIVUS (CUCUMBER) FRUIT EXTRACT; CUCUMIS SATIVUS FRUIT EXTRACT
HYDROGENATED VEGETABLE OIL,active,25,HYDROGENATED VEGETABLE OIL
PEG/PPG-17/6 COPOLYMER,base,25,PEG/PPG-17/6 COPOLYMER
PHYTIC ACID,active,25,PHYTIC ACID
SH-OLIGOPEPTIDE-1,active,25,SH-OLIGOPEPTIDE-1
SODIUM ACRYLATES COPOLYMER,base,25,SODIUM ACRYLATES COPOLYMER
TRANEXAMIC ACID,active,25,TRANEXAMIC ACID
CALCIUM ALUMINUM BOROSILICATE,base,24,CALCIUM ALUMINUM BOROSILIC ATE; CALCIUM ALUMINUM BOROSILICATE
CALCIUM PANTOTHENATE,active,24,CALCIUM PANTOTHENATE; CALCIUM PANTOTHENATE (VITAMIN B5)
DECYL OLEATE,active; base,24,DECYL OLEATE
GLYCERYL BEHENATE,active; base,24,GLYCERYL BEHENATE
HELIANTHUS ANNUUS HYBRID OIL,active; base,24,HELIANTHUS ANNUUS HYBRID OIL; HELIANTHUS ANNUUS HYBRID OIL (SUN FLOWER OIL); HELIANTHUS ANNUUS HYBRID OIL (SUNFLOWER OIL)
HYDROGENATED PALM OIL,active,24,HYDROGENATED PALM OIL
METHYLENE BIS-BENZOTRIAZOLYL TETRAMETHYLBUTYLPHENOL,uv filters,24,METHYLENE BIS-BENZOTRIAZOLYL; METHYLENE BIS-BENZOTRIAZOLYL TETRAMETHYLBUTYLPHENOL; METHYLENE BIS-BENZOTRIAZOLYL TETRAMETHYLBUTYLPHENOL (NANO); METHYLENE BIS-BENZOTRIAZOLYL TETRAMETHYLBUTYLPHENOL NANO; METHYLENE BIS-BENZOTRIAZOLYL TETRAMETHYLBUTYLPHENOL(NANO)
OLEIC ACID,active,24,OLEIC ACID
RUBUS IDAEUS FRUIT EXTRACT,active,24,RUBUS IDAEUS (RASPBERRY) FRUIT EXTRACT; RUBUS IDAEUS FRUIT EXTRACT
STEARETH-20,base,24,STE- ARETH-20; STEARETH-20
SUCRALOSE,fragrances,24,SU-CRALOSE; SUCRALOSE
THREONINE,active,24,THREONINE
TRIETHYLHEXANOIN,base,24,TRIETHYLHEXANOIN
TRIOLEIN,active; base,24,TRIOLEIN
BAKUCHIOL,active,23,BAKUCHIOL
C13-15 ALKANE,active; base,23,C13-15 ALKANE
C15-19 ALKANE,base,23,C15-19 ALKANE
CANOLA OIL,active,23,CANOLA OIL
CHONDRUS CRISPUS,active; base,23,CHONDRUS CRISPUS
CREATINE,active,23,CREATINE
DNA,active,23,DNA
GLYCOLIPIDS,active; base,23,GLYCOLIPIDS
HISTIDINE,active,23,HISTIDINE
HYDROLYZED ELASTIN,active; base,23,HYDROLYZED ELASTIN
HYDROLYZED SPONGE,active,23,HYDROLYZED SPONGE
OENOTHERA BIENNIS OIL,active,23,OENOTHERA BIENNIS (EVENING PRIMROSE) OIL; OENOTHERA BIENNIS OIL; OENOTHERA BIENNIS OIL/EVENING PRIMROSE OIL
SODIUM COCOYL GLUTAMATE,base,23,SODIUM COCOYL GLUTAMATE; SODIUM COCOYL GLUTAMATE (PLANT ORIGIN)
SODIUM COCOYL ISETHIONATE,base,23,SODIUM COCOYL ISETHIONATE
ZEA MAYS STARCH,active,23,ZAE MAYS STARCH; ZEA MAYS (CORN) STARCH; ZEA MAYS STARACH/CORN STARACH; ZEA MAYS STARCH; ZEA MAYS STARCH/CORN STARCH
CENTELLA ASIATICA LEAF EXTRACT,active,22,CENTELLA ASIATICA LEAF EXTRACT
CETYL ESTERS,active; base,22,CETYL ESTERS
CURCUMA LONGA ROOT EXTRACT,active,22,CURCUMA LONGA (TURMERIC) ROOT EXTRACT; CURCUMA LONGA ROOT EXTRACT
DIMETHICONE CROSSPOLYMER,base,22,DIMETHICONE CROSSPOLYMER
DIPEPTIDE DIAMINOBUTYROYL BENZYLAMIDE DIACETATE,active,22,DIPEPTIDE DIAMINOBUTYROYL BENZYLAMIDE DIACETATE
DISTEARDIMONIUM HECTORITE,base,22,DISTEARDIMONIUM HECTORITE
GLYCERYL OLEATE,active; base,22,GLYCERYL OLEATE
LAURETH-7,base,22,LAURETH-7
PENTAERYTHRITYL TETRAETHYLHEXANOATE,base,22,PENTAERYTHRITYL TETRAETHYLHEXANOATE
POLYACRYLAMIDE,base,22,POLYACRYLAMIDE
POTASSIUM PHOSPHATE,base,22,POTASSIUM PHOSPHATE
SUCROSE,active,22,SUCROSE
TETRASODIUM EDTA,base,22,TETRASODIUM EDTA
1-METHYLHYDANTOIN-2-IMIDE,active,21,1-METHYLHYDANTOIN-2-IMIDE
BISABOLOL,active,21,BISABOLOL
CALENDULA OFFICINALIS FLOWER EXTRACT,active,21,CALENDULA OFFICINALIS FLOWER EXTRACT
COPTIS JAPONICA ROOT EXTRACT,active,21,COPTIS JAPONICA ROOT EXTRACT
DISODIUM COCOYL GLUTAMATE,base,21,DISODIUM COCOYL GLUTAMATE
HYDROLYZED CAESALPINIA SPINOSA GUM,base,21,HYDROLYZED CAESALPINIA SPINOSA GUM
MAGNESIUM CHLORIDE,base,21,MAGNESIUM CHLORIDE
MALTOSE,active,21,MALTOSE
MICROCRYSTALLINE WAX,active; base,21,MICROCRYSTALLINE WAX; MICROCRYSTALLINE WAX (CERA MICROCRISTALLINA)
MOMORDICA CHARANTIA FRUIT EXTRACT,active,21,MOMORDICA CHARANTIA FRUIT EXTRACT
N-PROLYL PALMITOYL TRIPEPTIDE-56 ACETATE,active,21,N-PROLYL PALMITOYL TRIPEPTIDE-56 ACETATE; N-PROPYLPALMITOYL TRIPEPTIDE-56 ACETATE
PAEONIA LACTIFLORA ROOT EXTRACT,active,21,PAEONIA LACTIFLORA ROOT EXTRACT
PENTAERYTHRITYL TETRAISOSTEARATE,base,21,PENTAERYTHRITYL TETRAISOSTEARATE
POTASSIUM HYALURONATE,active,21,POTASSIUM HYALURONATE
RESVERATROL,active,21,RESVERATROL
ROSA DAMASCENA FLOWER OIL,active; fragrances,21,ROSA DAMASCENA FLOWER OIL
SACCHARIDE ISOMERATE,active,21,SACCHARIDE ISO- MERATE; SACCHARIDE ISOMERATE
SORBITAN STEARATE,base,21,SORBITAN STEARATE
ASPARTIC ACID,active,20,ASPARTIC ACID
AVENA SATIVA KERNEL EXTRACT,active,20,AVENA SATIVA (OAT) KERNEL EXTRACT; AVENA SATIVA KERNEL EXTRACT
CENTAUREA CYANUS FLOWER EXTRACT,active,20,CENTAUREA CYANUS FLOWER EXTRACT
CI 14700,dyes,20,CI 14700; CI 14700/RED 4
GINKGO BILOBA LEAF EXTRACT,active,20,GINKGO BILOBA LEAF EXTRACT
HYDROGENATED STYRENE/ISOPRENE COPOLYMER,base,20,HYDROGENATED STYRENE/ISOPRENE COPOLYMER
ISODODECANE,base,20,ISODODECANE
MELALEUCA ALTERNIFOLIA LEAF OIL,active,20,MELALEUCA ALTERNIFOLIA (TEA TREE) LEAF OIL; MELALEUCA ALTERNIFOLIA LEAF OIL
OCTYLDODECYL LAUROYL GLUTAMATE,active; base,20,PHYTOSTERYL/BEHENYL/OCTYLDODECYL LAUROYL GLUTAMATE; PHYTOSTERYL/OCTYLDODECYL LAUROYL GLUTAMATE
PALMITOYL HEXAPEPTIDE-12,active,20,PALMITOYL HEXAPEPTIDE-12
PALMITOYL PENTAPEPTIDE-4,active,20,PALMITOYL PENTAPEPTIDE-4
POLYMETHYLSILSESQUIOXANE,base,20,POLYMETHYLSILSESQUIOXANE; POLYMETHYLSILSESQUIOXANE/SILICA CROSSPOLYMER
SODIUM COCOAMPHOACETATE,base,20,SODIUM COCOAMPHOACETATE; SODIUM COCOAMPOACETATE
SOLUBLE COLLAGEN,active,20,SOLUBLE COLLAGEN; SOLUBLE COLLAGEN (VEGAN)
BIFIDA FERMENT LYSATE,active,19,BIFIDA FERMENT LYSATE
CANDELILLA CERA,active; base,19,CANDELILLA CERA; CANDELILLA CERA/CANDELILLA WAX
DIMETHICONOL,active; base,19,DIMETHICONOL
ISODECYL NEOPENTANOATE,base,19,ISODECYL NEOPEN - TANOATE; ISODECYL NEOPENTANOATE
LAVANDULA ANGUSTIFOLIA FLOWER EXTRACT,active,19,LAVANDULA ANGUSTIFOLIA (LAVENDER) FLOWER EXTRACT; LAVANDULA ANGUSTIFOLIA FLOWER EXTRACT
MACROCYSTIS PYRIFERA EXTRACT,active,19,MACROCYSTIS PYRIFERA (KELP) EXTRACT; MACROCYSTIS PYRIFERA EXTRACT
P-ANISIC ACID,fragrances,19,P-ANISIC ACID
POLYETHYLENE,base,19,POLYETHYLENE
PYRIDOXINE HCL,active,19,PYRIDOXINE HCI; PYRIDOXINE HCL
ROSE KETONES,fragrances,19,ROSE KETONES
RUBUS IDAEUS SEED OIL,active,19,RUBUS IDAEUS (RASPBERRY) SEED OIL; RUBUS IDAEUS SEED OIL
SODIUM DNA,active,19,SODIUM DNA
CAPRYLYL METHICONE,active; base,18,CAPRYLYL METHICONE
CARRAGEENAN,base,18,CARRAGEENAN
CHONDRUS CRISPUS EXTRACT,active,18,CHONDRUS CRISPUS (CARRAGEENAN) EXTRACT; CHONDRUS CRISPUS EXTRACT
CITRUS AURANTIUM BERGAMIA PEEL OIL,active; fragrances,18,CITRUS AURANTIUM BERGAMIA (BERGAMOT) PEEL OIL; CITRUS AURANTIUM BERGAMIA PEEL OIL
CYCLOHEXASILOXANE,base,18,CYCLOHEXASILOXANE
DAUCUS CAROTA SATIVA ROOT EXTRACT,active,18,DAUCUS CAROTA SATIVA (CARROT) ROOT EXTRACT; DAUCUS CAROTA SATIVA ROOT EXTRACT
DEXTRIN PALMITATE,base,18,DEXTRIN PALMITATE
ERYTHRITOL,active,18,ERYTHRITOL
GLUTAMIC ACID,active; base,18,GLUTAMIC ACID
GLYCERYL DIOLEATE,active; base,18,GLYCERYL DIOLEATE
LYSINE,active,18,LYSINE
PAPAIN,active,18,PAPAIN
PEG-7 GLYCERYL COCOATE,base,18,PEG-7 GLYCERYL COCOATE
POLOXAMER 184,base,18,POLOXAMER 184
POLYGLYCERYL-10 MYRISTATE,base,18,POLYGLYCERYL-10 MYRISTATE
POLYGLYCERYL-2 DIPOLYHYDROXYSTEARATE,base,18,POLYGLYCERUL-2-DIPOLYHYDROXYSTEARATE; POLYGLYCERYL-2 DIPOLYHYDROXYSTEARATE
POLYGLYCERYL-4 LAURATE,base,18,POLYGLYCERYL - 4 LAURATE/SEBACATE; POLYGLYCERYL-4 LAURATE; POLYGLYCERYL-4 LAURATE/SEBACATE
POLYSILICONE-11,base,18,POLYSILICONE-11
SODIUM COCO-SULFATE,base,18,SODIUM COCETH SULFATE; SODIUM COCO-SULFATE
SODIUM LAURETH SULFATE,base,18,SODIUM LAURETH SULFATE
ALPHA-ARBUTIN,active,17,AL-PHA-ARBUTIN; ALPHA- ARBUTIN; ALPHA-ARBUTIN
AMYL SALICYLATE,fragrances,17,AMYL SALICYLATE
AZELAIC ACID,active; base,17,AZELAIC ACID
CYCLODEXTRIN,base,17,CYCLODEXTRIN
EUPHORBIA CERIFERA WAX,active,17,CANDELILLA CERA/EUPHORBIA CERIFERA (CANDELILLA) WAX/CIRE DE CANDELILLA; EUPHORBIA CERIFA (CANDELILLA) WAX; EUPHORBIA CERIFERA (CANDELILLA) WAX; EUPHORBIA CERIFERA (CANDELILLA) WAX/CIRE DE CANDELILLA; EUPHORBIA CERIFERA WAX
HYDROLYZED CANDIDA SAITOANA EXTRACT,active,17,HYDROLYZED CANADIDA SAITOANA EXTRACT; HYDROLYZED CANDIDA SAITOANA EXTRACT
JUNIPERUS VIRGINIANA OIL,active; fragrances,17,JUNIPERUS VIRGINIANA OIL
LAURIC ACID,active; base,17,LAURIC ACID
LEUCONOSTOC,active,17,LEUCONOSTOC
MELIA AZADIRACHTA LEAF EXTRACT,active,17,MELIA AZADIRACHTA LEAF EXTRACT
POLYMNIA SONCHIFOLIA ROOT JUICE,active,17,POLYMINA SONCHIFOLIA ROOT JUICE; POLYMNIA SONCHIFOLIA ROOT JUICE
SACCHAROMYCES LYSATE EXTRACT,active,17,SACCHAROMYCES LYSATE EXTRACT
SH-POLYPEPTIDE-69,active,17,SH-POLYPEPTIDE-69
VEGETABLE OIL,active,17,VEGETABLE OIL
AESCULUS HIPPOCASTANUM SEED EXTRACT,active,16,AESCULUS HIPPOCASTANUM (HORSE CHESTNUT) SEED EXTRACT; AESCULUS HIPPOCASTANUM SEED EXTRACT
AMINOBUTYRIC ACID,active,16,AMINOBUTYRIC ACID
CAMELLIA SINENSIS LEAF WATER,active,16,CAMELLIA SINENSIS LEAF WATER
CAMPHOR,active; fragrances,16,CAMPHOR; CAMPOR
CARVONE,fragrances,16,CARVONE
CERATONIA SILIQUA GUM,base,16,CERATONIA SILIQUA (CAROB) GUM; CERATONIA SILIQUA GUM
CI 60725,dyes,16,CI 60725; CI 60725/VIOLET 2; CL 60725; VIOLET 2
CICHORIUM INTYBUS ROOT OLIGOSACCHARIDES,active,16,CICHORIUM INTYBUS ROOT OLIGOSACCHARIDES
CITRUS JUNOS FRUIT EXTRACT,active,16,CITRUS JUNOS FRUIT EXTRACT
COCO-BETAINE,base,16,COCO-BETAINE
DISTARCH PHOSPHATE,base,16,DISTARCH PHOSPHATE
GELLAN GUM,base,16,GELLAN GUM
HEDERA HELIX LEAF,active,16,HEDERA HELIX (IVY) LEAF/STEM EXTRACT; HEDERA HELIX LEAF/STEM EXTRACT
HEXAPEPTIDE-9,active,16,HEXAPEPTIDE-9
HIPPOPHAE RHAMNOIDES FRUIT EXTRACT,active,16,HIPPOPHAE RHAMNOIDES (SEA BUCKTHORN) FRUIT EXTRACT; HIPPOPHAE RHAMNOIDES FRUIT EXTRACT
HYDROGENATED VEGETABLE GLYCERIDES CITRATE,active; base,16,HYDROGENATED VEGETABLE GLYCERIDES CITRATE
IRIS FLORENTINA ROOT EXTRACT,active,16,IRIS FLORENTINA ROOT EXTRACT
ISOPROPYL ISOSTEARATE,active; base,16,ISOPROPYL ISOSTEARATE
LAVANDULA ANGUSTIFOLIA OIL,active,16,LAVANDULA ANGUSTIFOLIA (LAVENDER) OIL; LAVANDULA ANGUSTIFOLIA OIL; LAVANDULA ANGUSTIFOLIA OIL (LAVENDER OIL)
MANGIFERA INDICA FRUIT EXTRACT,active,16,MANGIFERA INDICA (MANGO) FRUIT EXTRACT; MANGIFERA INDICA FRUIT EXTRACT
PROPYLPARABEN,preservative,16,PROPYLPARABEN; PROPYLPARABEN DMDM HYDANTOIN
PVM/MA COPOLYMER,base,16,PVM/MA COPOLYMER
PYRUS COMMUNIS FRUIT EXTRACT,active,16,PYRUS COMMUNIS (PEAR) FRUIT EXTRACT; PYRUS COMMUNIS FRUIT EXTRACT
SESAMUM INDICUM SEED OIL,active,16,SESAMUM INDICUM (SESAME) SEED OIL; SESAMUM INDICUM SEED OIL
TARTARIC ACID,active,16,TARTARIC ACID
TREMELLA FUCIFORMIS POLYSACCHARIDE,active,16,TREMELLA FUCIFORMIS POLYSACCHARIDE
UNDARIA PINNATIFIDA EXTRACT,active,16,UNDARIA PINNATIFIDA EXTRACT; UNDARIA PINNATITDA EXTRACT
VANILLA PLANIFOLIA FRUIT EXTRACT,active; fragrances,16,VANILLA PLANIFOLIA FRUIT EXTRACT
CARTHAMUS TINCTORIUS SEED OIL,active,15,CARTHAMUS TINCTORIUS (SAFFLOWER) SEED OIL; CARTHAMUS TINCTORIUS SEED OIL
CI 61565,dyes,15,CI 61565; CI 61565/GREEN 6; CL:61565; GREEN 6
GALACTOMYCES FERMENT FILTRATE,active,15,GALACTOMYCES FERMENT FILTRATE
HYDROGENATED VEGETABLE GLYCERIDES,active; base,15,HYDROGENATED VEGETABLE GLYCERIDES
HYDROXYETHYLPIPERAZINE ETHANE SULFONIC ACID,base,15,HYDROXYETHYLPIPERAZINE ETHANE SULFONIC ACID
ILLITE,base; dyes,15,ILLITE
MANDELIC ACID,active,15,MANDELIC ACID; MANDELICA ACID
MELIA AZADIRACHTA FLOWER EXTRACT,active,15,MELIA AZADIRACHTA FLOWER EXTRACT
METHYLSILANOL MANNURONATE,active,15,METHYLSILANOL MANNURONATE
OCTOCRYLENE,uv filters,15,OCTOCRYLENE
ORYZA SATIVA STARCH,base,15,ORYZA SATIVA STARCH
PHOSPHATIDYLCHOLINE,active; base,15,PHOSPHATIDYLCHOLINE
PHYTOSTERYL DIMER DILINOLEYL DIMER DILINOLEATE,base,15,BIS-BEHENYL/ISOSTEARYL/PHYTOSTERYL DIMER DILINOLEYL DIMER DILINOLEATE
POLYDEXTROSE,active; base,15,POLYDEXTROSE
POLYHYDROXYSTEARATE,base,15,POLYHYDROXYSTEARATE
RETINAL,active,15,RETINAL
RICE AMINO ACIDS,active,15,RICE AMINO ACIDS; ŘICE AMINO ACIDS
ROSA HYBRID FLOWER EXTRACT,active,15,ROSA HYBRID FLOWER EXTRACT
SAMBUCUS NIGRA FLOWER EXTRACT,active,15,SAMBUCUS NIGRA FLOWER EXTRACT
SEBACATE,base,15,SEBACATE
SIMETHICONE,base,15,SIMETHICONE
SODIUM CARBOMER,active; base,15,SODIUM CARBOMER
TETRAPEPTIDE-4,active,15,TETRAPEPTIDE-4
TRIISOSTEARIN,active; base,15,TRIISOSTEARIN
TRITICUM VULGARE GERM OIL,active,15,TRITICUM VULGARE (WHEAT) GERM OIL; TRITICUM VULGARE GERM OIL
ZINGIBER OFFICINALE ROOT EXTRACT,active,15,ZINGIBER OFFICINALE (GINGER) ROOT EXTRACT; ZINGIBER OFFICINALE ROOT EXTRACT
ARBUTIN,active,14,ARBUTIN
BORAGO OFFICINALIS SEED OIL,active,14,BORAGE OFFICINALIS SEED OIL; BORAGO OFFICINALIS SEED OIL
CALCIUM SODIUM BOROSILICATE,base,14,CALCIUM SODIUM BOROSILICATE
HOUTTUYNIA CORDATA EXTRACT,active,14,HOUTTUYNIA CORDATA EXTRACT
HYDROGENATED PALM GLYCERIDES,active; base,14,HYDROGENATED PALM GLYCERIDES
HYDROXYPROPYL METHYLCELLULOSE,base,14,HYDROXYPROPYL METHYLCELLULOSE
INOSITOL,active,14,INOSITOL
ISOLEUCINE,active,14,ISOLEUCINE
ISOSTEARYL HYDROXYSTEARATE,base,14,ISOSTEARYL HYDROXYSTEARATE
KAPPAPHYCUS ALVAREZII EXTRACT,active,14,KAPPAPHYCUS ALVAREZII EXTRACT
LAUROYL LYSINE,base,14,LAUROYL LYSINE
LINUM USITATISSIMUM SEED EXTRACT,active,14,LINUM USITATISSIMUM SEED EXTRACT
LONICERA JAPONICA FLOWER EXTRACT,active,14,LONICERA JAPONICA FLOWER EXTRACT
MENTHYL LACTATE,active; fragrances,14,MENTHYL LACTATE
OCIMUM SANCTUM LEAF EXTRACT,active,14,OCIMUM SANCTUM LEAF EXTRACT; OCIMUMSANCTUM LEAF EXTRACT
PAEONIA OFFICINALIS FLOWER EXTRACT,active,14,PAEONIA OFFICINALIS FLOWER EXTRACT
PHENYLALANINE,active,14,PHENYLALANINE
POLY C10-30 ALKYL ACRYLATE,base,14,POLY C10-30 ALKYL ACRYLATE
POLYGLYCERYL-4 DIISOSTEARATE,base,14,POLYGLYCERYL-4 DIISOSTEARATE
PPG-26-BUTETH-26,base,14,PPG-26-BUTETH-26
PROPYLENE CARBONATE,base,14,PROPYLENE CARBONATE
PRUNUS AVIUM SEED OIL,active,14,PRUNUS AVIUM (SWEET CHERRY) SEED OIL; PRUNUS AVIUM SEED OIL; PRUNUS AVIUM SEED OIL (OLEJ Z PESTEK WIŚNI - SUROWIEC POZYSKIWANY WG FILOZOFII ZERO WASTE)
PUNICA GRANATUM SEED OIL,active,14,PUNICA GRANATUM SEED OIL; PUNICAGRANATUM SEED OIL
SACCHAROMYCES CEREVISIAE EXTRACT,active,14,SACCHAROMYCES CEREVISIAE EXTRACT
SH-POLYPEPTIDE-1,active,14,SH-POLYPEPTIDE-1
SODIUM STARCH OCTENYLSUCCINATE,base,14,SODIUM STARCH OCTENYLSUCCINATE
STYRENE/ISOPRENE COPOLYMER,base,14,STYRENE/ISOPRENE COPOLYMER
TETRAHEXYLDECYL ASCORBATE,active,14,TETRAHEXYLDECYL ASCORBATE
VACCINIUM ANGUSTIFOLIUM FRUIT EXTRACT,active,14,VACCINIUM ANGUSTIFOLIUM (BLUEBERRY) FRUIT EXTRACT; VACCINIUM ANGUSTIFOLIUM FRUIT EXTRACT
VALINE,active,14,VALINE
ACACIA SEYAL GUM EXTRACT,active,13,ACACIA SEYAL (RED ACACIA) GUM EXTRACT; ACACIA SEYAL GUM EXTRACT
BLACK TEA FERMENT,active,13,BLACK TEA FERMENT
CAPRIC TRIGLYCERIDE,active; base,13,CAPRIC TRIGLYCERIDE; CAPRYLIC-CAPRIC TRIGLYCERIDE; CAPRYLIC/?CAPRIC TRIGLYCERIDE; CAPRYLIC/CA-PRIC TRIGLYCERIDE; CAPRYLIC/CAPRIC TRIGLICERIDE; CAPRYLIC/CAPRIC TRYGLICERIDE; CAPRYLIC/CAPRICTRIGLYCERIDE; CAPRYLYL/CAPRIC TRIGLYCERIDE; GLYCERYL CAPRYLATE/CAPRIC TRIGLYCERIDE; PERLITE CAPRYLIC/CAPRIC TRIGLYCERIDE
CETEARYL ISONONANOATE,active; base,13,CETEARYL ISONONANOATE
CINNAMYL ALCOHOL,fragrances,13,CINNAMYL ALCOHOL; CINNAMYLALCOHOL
COPERNICIA CERIFERA WAX,active; base,13,CERIFERA CERA/COPERNICIA CERIFERA (CARNAUBA) WAX/CIRE DE CARNAUBA; COPERNICIA CERIFERA (CAMAUBA) WAX (COPERNICIA CERIFERA CERA); COPERNICIA CERIFERA (CARNAUBA) WAX; COPERNICIA CERIFERA (CARNAUBA) WAX/CIRE DE CARNAUBA; COPERNICIA CERIFERA WAX
CUCUMIS MELO FRUIT EXTRACT,active,13,CUCUMIS MELO (MELON) FRUIT EXTRACT; CUCUMIS MELO FRUIT EXTRACT
DAUCUS CAROTA SATIVA SEED OIL,active,13,DAUCUS CAROTA SATIVA (CARROT) SEED OIL; DAUCUS CAROTA SATIVA SEED OIL
DIMER DILINOLEYL DIMER DILINOLEATE,base,13,DIMER DILINOLEYL DIMER DILINOLEATE; DIMER DILINOLEYL DIMER DILINOLEATE/IPDI COPOLYMER
DIPENTAERYTHRITYL HEXACAPRYLATE,base,13,DIPENTAERYTHIRTYL HEXACAPRYLATE/HEXACAPRATE; DIPENTAERYTHRITYL HEXACAPRYLATE/HEXACAPRATE
ETHYLPARABEN,preservative,13,ETHYLPARABEN
HECTORITE,base,13,HECTORITE
HYDRATED SILICA,base,13,HYDRATED SILICA
HYDROLYZED ADANSONIA DIGITATA SEED EXTRACT,active,13,HY- DROLYZED ADANSONIA DIGITATA SEED EXTRACT; HYDROLYZED ADANSONIA DIGITATA SEED EXTRACT
HYDROXYETHYL UREA,base,13,HYDROXYETHYL UREA
ILLICIUM VERUM FRUIT EXTRACT,active,13,ILLICIUM VERUM (ANISE) FRUIT EXTRACT; ILLICIUM VERUM FRUIT EXTRACT
MALIC ACID,active; base,13,MALIC ACID
MELALEUCA ALTERNIFOLIA LEAF EXTRACT,active,13,MELALEUCA ALTERNIFOLIA (TEA TREE) LEAF EXTRACT; MELALEUCA ALTERNIFOLIA LEAF EXTRACT
MORINGA OLEIFERA SEED OIL,active,13,MORINGA OLEIFERA SEED OIL
NELUMBO NUCIFERA FLOWER EXTRACT,active,13,NELUMBO NUCIFERA FLOWER EXTRACT
ORYZA SATIVA SEED WATER,active,13,ORYZA SATIVA (RICE) BRAN WATER; ORYZA SATIVA (RICE) SEED WATER; ORYZA SATIVA BRAN WATER; ORYZA SATIVA SEED WATER
PALMITOYL DIPEPTIDE-5 DIAMINOBUTYROYL HYDROXYTHREONINE,active,13,PAL - MITOYL DIPEPTIDE-5 DIAMINOBUTYROYL HYDROXYTHREONINE; PAL- MITOYL DIPEPTIDE-5 DIAMINOBUTYROYL HYDROXYTHREONINE; PALMITOYL DIPEPTIDE-5 DIAMI- NOBUTYROYL HYDROXYTHREONINE; PALMITOYL DIPEPTIDE-5 DIAMINOBUTYROYL HYDROXYTHREONINE
PCA,active; base,13,PCA
PERLITE,base,13,PERLITE
PLUKENETIA VOLUBILIS SEED OIL,active,13,PLUKENETIA VOLUBILIS SEED OIL; PLUKENETIA VOLUBILISSEED OIL
POLYGLYCERYL-4 OLEATE,active; base,13,POLYGLYCERYL-4 OLEATE
POLYGONUM CUSPIDATUM ROOT EXTRACT,active,13,POLYGONUM CUSPIDATUM R OOT EXTRACT; POLYGONUM CUSPIDATUM ROOT EXTRACT
PPG-17,base,13,PPG-17
PYRUS MALUS FRUIT EXTRACT,active,13,PYRUS MALUS (APPLE) FRUIT EXTRACT; PYRUS MALUS FRUIT EXTRACT; PYRUS MALUS(APPLE) FRUIT EXTRACT
SH-OLIGOPEPTIDE-2,active,13,SH-OLIGOPEPTIDE-2
SODIUM SALICYLATE,base,13,SODIUM SALICYLATE
VITIS VINIFERA FRUIT EXTRACT,active,13,VITIS VINIFERA (GRAPE) FRUIT EXTRACT; VITIS VINIFERA FRUIT EXTRACT; WINOGRONO
XYLINUM,active; base,13,XYLINUM
ZINC GLUCONATE,active,13,ZINC GLUCONATE
ACETIC ACID,base,12,ACETIC ACID
ACETYL GLUTAMINE,active,12,ACETYL GLUTAMINE
ACRYLAMIDE/SODIUM ACRYLOYLDIMETHYLTAURATE COPOLYMER,base,12,ACRYLAMIDE/SODIUM ACRYLOYLDIMETHYLTAURATE COPOLYMER
ACRYLATES COPOLYMER,base,12,ACRYLATES COPOLYMER; ACRYLATES/VA COPOLYMER
AGAR,base,12,AGAR
AMYLOPECTIN,base,12,AMYLOPECTIN
BAMBUSA VULGARIS LEAF EXTRACT,active,12,BAMBUSA VULGARIS LEAF EXTRACT
C13-14 ISOPARAFFIN,base,12,03-14 ISOPARAFFIN; C13-14 ISOPARAFFIN
CHLORELLA VULGARIS EXTRACT,active,12,CHLORELLA VULGARIS EXTRACT
CI 45380,dyes,12,CI 45380; CI 45380/RED 22 LAKE; RED 21; RED 21 LAKE (CI 45380)
CI 77163,dyes,12,CI 77163
CITRUS AURANTIUM BERGAMIA FRUIT OIL,active; fragrances,12,CITRUS AURANTIUM BERGAMIA (BERGAMOT) FRUIT OIL; CITRUS AURANTIUM BERGAMIA FRUIT OIL
CITRUS AURANTIUM DULCIS FRUIT EXTRACT,active,12,CITRUS AURANTIUM DULCIS (ORANGE) FRUIT EXTRACT; CITRUS AURANTIUM DULCIS FRUIT EXTRACT
COLLAGEN EXTRACT,active,12,COLLAGEN EXTRACT
COLLOIDAL GOLD,active,12,COLLOIDAL GOLD
CORALLINA OFFICINALIS EXTRACT,active,12,CORALLINA OFFICINALIS EXTRACT
ETHYL HEXANEDIOL,base,12,ETHYL HEXANEDIOL
ETHYLENE/VA COPOLYMER,base,12,ETHYLENE/VA COPOLYMER
FOLIC ACID FERMENT FILTRATE EXTRACT,active,12,BACILLUS/FOLIC ACID FERMENT FILTRATE EXTRACT
HAMAMELIS VIRGINIANA LEAF EXTRACT,active,12,HAMAMELIS VIRGINIANA (WITCH HAZEL) LEAF EXTRACT; HAMAMELIS VIRGINIANA LEAF EXTRACT
HYDROGENATED PALM GLYCERIDES CITRATE,active; base,12,HYDROGENATED PALM GLYCERIDES CITRATE
HYDROLYZED JOJOBA ESTERS,active,12,HYDROLYZED JOJOBA ESTERS
LACTOBACILLUS EXTRACELLULAR VESICLES,active,12,LACTOBACILLUS EXTRACELLULAR VASICLES; LACTOBACILLUS EXTRACELLULAR VESICLES
LAVANDULA OIL,active; fragrances,12,LAVANDULA OIL/EXTRACT; LAVENDER OIL
LITHOSPERMUM ERYTHRORHIZON ROOT EXTRACT,active,12,LITHOSPERMUM ERYTHRORHIZON ROOT EXTRACT
LITHOTHAMNION CALCAREUM EXTRACT,active,12,LITHOTHAMNION CALCAREUM EXTRACT
MAGNESIUM ALUMINIUM SILICATE,base,12,MAGNESIUM ALUMINIUM SILICATE; MAGNESIUM ALUMINUM SILICATE
MAGNESIUM HYDROXIDE,base,12,MAGNESIUM HYDROXIDE
MAGNESIUM PCA,active; base,12,MAGNESIUM PCA
METHICONE,base,12,METHICONE
MONTMORILLONITE,base; dyes,12,MONTMORILLONITE
O-CYMEN-5-OL,preservative,12,O-CYMEN-5-OL
OLEA EUROPAEA HUSK OIL,active; base,12,OLEA EUROPAEA (OLIVE) HUSK OIL; OLEA EUROPAEA HUSK OIL
PEG-20 GLYCERYL TRIISOSTEARATE,base,12,PEG-20 GLYCERYL TRIISOSTEARATE
PELARGONIUM GRAVEOLENS FLOWER OIL,active; fragrances,12,PELARGONIUM GRAVEOLENS FLOWER OIL
PROPYLHEPTYL CAPRYLATE,base,12,PROPYLHEPTYL CAPRYLATE
SODIUM ANISATE,fragrances,12,SODIUM ANISATE; SODIUM ANISTE
SODIUM POLYACRYLATE STARCH,base,12,SODIUM POLYACRYLATE STARCH; SODIUM POLYACRYLATESODIUM POLYACRYLATE STARCH
SODIUM SACCHARIN,active,12,SODIUM SACCHARIN
STEVIA REBAUDIANA EXTRACT,active,12,STEVIA REBAUDIANA EXTRACT
THEOBROMA CACAO EXTRACT,active,12,THEOBROMA CACAO (COCOA) EXTRACT; THEOBROMA CACAO EXTRACT
YEAST EXTRACT,active,12,FAEX EXTRACT/YEAST EXTRACT; YEAST EXTRACT
ADANSONIA DIGITATA SEED OIL,active,11,ADANSONIA DIGITATA SEED OIL
ANANAS SATIVUS FRUIT EXTRACT,active,11,ANANAS SATIVUS (PINEAPPLE) FRUIT EXTRACT; ANANAS SATIVUS FRUIT EXTRACT; ANANAS SATIVUS FRUIT EXTRACT/PINEAPPLE FRUIT EXTRACT
ARUNDINARIA GIGANTEA FERMENT FILTRATE,active,11,LACTOBACILLUS/ARUNDINARIA GIGANTEA FERMENT FILTRATE
BENZOTRIAZOLYL DODECYL P-CRESOL,base,11,BENZOTRIAZOLYL DODECYL P-CRESOL
BROMELAIN,active,11,BROMELAIN
CALCIUM PCA,active,11,CALCIUM PCA
CANNABIS SATIVA SEED OIL,active,11,CANNABIS SATIVA SEED OIL
CI 77007,dyes,11,CI 77007; CI 77007 CHUSTECZKI: PARAFFINUM LIQUIDUM; CI 77007 INGREDIENTS: CHUSTECZKI: PARAFFINUM LIQUIDUM; CI77007
CI 77820,dyes,11,CI 77820; CI77820
COCONUT ALKANES,base,11,COCONUT ALKANES
COCOS NUCIFERA FRUIT EXTRACT,active,11,COCOS NUCIFERA (COCONUT) FRUIT EXTRACT; COCOS NUCIFERA FRUIT EXTRACT
DECYLENE GLYCOL,base,11,DECYLENE GLYCOL
DIETHYLHEXYL CARBONATE,base,11,DIETHYLHEXYL CARBONATE
DIISOPROPYL SEBACATE,base,11,DIISOPROPYL SEBACATE
DIMETHYL ISOSORBIDE,base,11,DIMETHYL ISOSORBIDE
DMDM HYDANTOIN,preservative,11,DMDM HYDANTOIN; PROPYLPARABEN DMDM HYDANTOIN
FICUS CARICA FRUIT EXTRACT,active,11,FICUS CARICA (FIG) FRUIT EXTRACT; FICUS CARICA FRUIT EXTRACT
GLUCOSYL HESPERIDIN,active,11,GLUCOSYL HESPERIDIN
GLYCINE SOJA PROTEIN,active,11,GLYCINE SOJA (SOYBEAN) PROTEIN; GLYCINE SOJA PROTEIN; GLYCINE SOJA PROTEIN/SOYBEAN PROTEIN
GOSSYPIUM HERBACEUM SEED OIL,active,11,GOSSYPIUM HERBACEUM SEED OIL
HAMAMELIS VIRGINIANA EXTRACT,active,11,HAMAMELIS VIRGINIANA (WITCH HAZEL) EXTRACT; HAMAMELIS VIRGINIANA EXTRACT
HYDROXYSTEARIC ACID,base,11,HYDROXY STEARIC ACID; HYDROXYSTEARIC; HYDROXYSTEARIC ACID
LACTOBIONIC ACID,active,11,LACTOBIONIC ACID
LACTOCOCCUS FERMENT LYSATE,active,11,LACTOCOCCUS FERMENT LYSATE
LAURYL PEG,base,11,LAURYL PEG
MELATONIN,active,11,MELATONIN
METHYL GLUCETH-20,active,11,METHYL GLUCETH-20
PANTOTHENIC ACID,active,11,PANTOTHENIC ACID
PHENYL TRIMETHICONE,base,11,PHENYL TRIMETHICONE
POLYACRYLATE-13,base,11,POLYACRYLATE-13
PPG-18,base,11,PPG-18
PROPOLIS EXTRACT,active,11,PROPOLIS EXTRACT
RHUS VERNICIFLUA PEEL CERA,active; base,11,RHUS VERNICIFLUA PEEL CERA; RHUS VERNICIFLUA PEEL CERA (WAX); RHUS VERNICIFLUA PEEL CERA/RHUS SUCCEDANEA FRUIT CERA
ROSA CANINA FRUIT EXTRACT,active,11,ROSA CANINA FRUIT EXTRACT
SACCHAROMYCES FERMENT FILTRATE,active,11,SACCHAROMYCES FERMENT FILTRATE
SALVIA OFFICINALIS LEAF EXTRACT,active,11,SALVIA OFFICINALIS LEAF EXTRACT
SH-POLYPEPTIDE-11,active,11,SH-POLYPEPTIDE-11
SH-POLYPEPTIDE-9,active,11,SH-POLYPEPTIDE-9
TAURINE,base,11,TAURINE
TETRADECYL AMINOBUTYROYLVALYLAMINOBUTYRIC UREA TRIFLUOROACETATE,active,11,TETRADECYL AMINOBUTYROYLVALYLAMINOBUTYRIC UREA TRI- FLUOROACETATE; TETRADECYL AMINOBUTYROYLVALYLAMINOBUTYRIC UREA TRIFLUOROACETATE
TRILAURETH-4 PHOSPHATE,base,11,TRILAURETH-4 PHOSPHATE
ULMUS DAVIDIANA ROOT EXTRACT,active,11,ULMUS DAVIDIANA ROOT EXTRACT
ACETYL HEPTAPEPTIDE-9,active,10,ACETYL HEPTAPEPTIDE-9
ALBIZIA JULIBRISSIN BARK EXTRACT,active,10,ALBIZIA JULIBRISSIN BARK EXTRACT
BRASSICA CAMPESTRIS SEED OIL,active,10,BRASSICA CAMPESTRIS (RAPESEED) SEED OIL; BRASSICA CAMPESTRIS SEED OIL; RZEPAK
C13-14 ISOALKANE,base,10,C13-14 ISOALKANE
CAESALPINIA SPINOSA FRUIT EXTRACT,active,10,CAESALPINIA SPINOSA FRUIT EXTRACT
CARAMEL,dyes,10,CARAMEL
CARICA PAPAYA FRUIT EXTRACT,active,10,CARICA PAPAYA (PAPAYA) FRUIT EXTRACT; CARICA PAPAYA FRUIT EXTRACT
CAVIAR EXTRACT,active,10,CAVIAR EXTRACT
CHARCOAL POWDER,base,10,CHARCOAL POWDER
CHLORHEXIDINE DIGLUCONATE,preservative,10,CHLORHEXIDINE DIGLUCONATE
CITRULLUS LANATUS FRUIT EXTRACT,active,10,CITRULLUS LANATUS (WATERMELON) FRUIT EXTRACT; CITRULLUS LANATUS FRUIT EXTRACT; CITRULLUS LANATUS FRUIT EXTRACT/WATERMELON FRUIT EXTRACT
CITRUS AURANTIUM DULCIS PEEL OIL,active; fragrances,10,CITRUS AURANTIUM DULCIS (ORANGE) PEEL OIL; CITRUS AURANTIUM DULCIS PEEL OIL; CITRUS AURANTIUM DULCIS PEEL OIL EXPRESSED
DECYL COCOATE,base,10,DECYL COCOATE
DEXTRAN,base,10,DEXTRAN
DIGLYCERIN,active; base,10,DIGLYCERIN
DISODIUM CETEARYL SULFOSUCCINATE,base,10,DISODIUM CETEARYL SULFOSUCCINATE
ETHYLHEXYL HYDROXYSTEARATE,base,10,ETHYLHEXYL HYDROXYSTEARATE
FRAGARIA ANANASSA FRUIT EXTRACT,active,10,FRAGARIA ANANASSA (STRAWBERRY) FRUIT EXTRACT; FRAGARIA ANANASSA FRUIT EXTRACT
FUCUS VESICULOSUS EXTRACT,active,10,FUCUS VESICULOSUS EXTRACT
GLYCERYL POLYACRYLATE,base,10,GLYCERYL POLYACRYLATE
HEPTAPEPTIDE-7,active,10,HEPTAPEPTIDE-7
HEPTYL GLUCOSIDE,base,10,HEPTYL GLUCOSIDE
HESPERIDIN METHYL CHALCONE,active,10,HESPERIDIN; HESPERIDIN METHYL CHALCONE
HEXYL LAURATE,base,10,HEXYL LAURATE
HONEY EXTRACT,active,10,HONEY EXTRACT; HONEY EXTRACT (158PPM)
INULIN LAURYL CARBAMATE,active,10,INULIN LAURYL CARBAMATE
ISOAMYL COCOATE,active,10,ISOAMYL COCOATE
JOJOBA ESTERS,active,10,JOJOBA ESTERS
L-PROLINE,active,10,L-PROLINE
LAMINARIA HYPERBOREA EXTRACT,active,10,LAMINARIA HYPERBOREA EXTRACT
MAURITIA FLEXUOSA FRUIT OIL,active,10,MAURITIA FLEXUOSA FRUIT OIL
MORUS ALBA BARK EXTRACT,active,10,MORUS ALBA BARK EXTRACT
OZOKERITE,active,10,OZOKERITE
PHOSPHATIDYLSERINE,active,10,PHOSPHATIDYLSERINE
POLYGLYCERYL-10 OLEATE,base,10,POLYGLYCERYL-10 OLEATE
POLYGLYCERYL-3 PCA,base,10,POLYGLYCERYL-3 PCA
PROPYL GALLATE,active,10,PROPYL GALLATE
PUNICA GRANATUM FRUIT EXTRACT,active,10,PUNICA GRANATUM (POMEGRANATE) FRUIT EXTRACT; PUNICA GRANATUM FRUIT EXTRACT
PVP,active; base,10,PVP
ROSA CANINA FRUIT OIL,active,10,ROSA CANINA FRUIT OIL; ROSA CANINA FRUIT OIL (ROSEHIP OIL)
ROSA GALLICA FLOWER EXTRACT,active,10,ROSA GALLICA FLOWER EXTRACT
SACCHARUM OFFICINARUM EXTRACT,active,10,SACCHARUM OFFICINARUM (SUGAR CANE) EXTRACT; SACCHARUM OFFICINARUM (SUGARCANE) EXTRACT; SACCHARUM OFFICINARUM EXTRACT; TZRCINA CUKROWA
SCLEROCARYA BIRREA SEED OIL,active,10,SCLEROCARYA BIRREA (MARULA) SEED OIL; SCLEROCARYA BIRREA SEED OIL
SILICA SILYLATE,base,10,SILICA SILYLATE
SPHINGOMONAS FERMENT EXTRACT,active,10,SPHINGOMONAS FERMENT EXTRACT
SPILANTHES ACMELLA FLOWER EXTRACT,active,10,SPILANTHES ACMELLA FLOWER EXTRACT
SUCCINOGLYCAN,active; base,10,SUCCINOGLYCAN
TRIETHOXYCAPRYLYLSILANE,base,10,TRIETHOXYCAPRYLYLSILANE
TRIMETHYLBENZENEPROPANOL,fragrances,10,TRIMETHYLBENZENEPROPANOL
ACETYL HEPTAPEPTIDE-4,active,9,ACETYL HEPTAPEPTIDE-4
ALTHAEA ROSEA FLOWER EXTRACT,active,9,ALTHAEA ROSEA FLOWER EXTRACT
ARCTIUM LAPPA ROOT EXTRACT,active,9,ARCTIUM LAPPA ROOT EXTRACT
BETAINE SALICYLATE,active,9,BETAINE SALICYLATE
BHA,active,9,BHA
BUTYLENE GLYCOL DICAPRYLATE,active,9,BUTYLENE GLYCOL DICAPRYLATE/DICAPRATE
CAMELLIA OLEIFERA SEED OIL,active; base,9,CAMELLIA OLEIFERA SEED OIL
CARNITINE,active,9,CARNITINE
CI 73360,dyes,9,CI 73360
CI 77288,dyes,9,CI 77288; CI 77288(CHROMIUM OXIDE)
CISTUS INCANUS FLOWER,active,9,CISTUS INCANUS FLOWER/LEAF/STEM EXTRACT
COCCINIA INDICA FRUIT EXTRACT,active,9,COCCINIA INDICA FRUIT EXTRACT
DIETHYLHEXYL BUTAMIDO TRIAZONE,uv filters,9,DIETHYLHEXYL BUTAMIDO TRIAZONE
DIMETHYLSILANOL HYALURONATE,active,9,DIMETHYLSILANOL HYALURONATE
DIPEPTIDE-2,active,9,DIPEPTIDE-2
ELAEIS GUINEENSIS OIL,active; base,9,ELAEIS GUINEENSIS (PALM) OIL; ELAEIS GUINEENSIS KERNEL OIL; ELAEIS GUINEENSIS OIL
HOYA LACUNOSA FLOWER EXTRACT,active,9,HOYA LACUNOSA FLOWER EXTRACT
HYDROGENATED SOYBEAN OIL,active,9,HYDROGENATED SOYBEAN OIL
HYDROGENATED STYRENE/METHYLSTYRENE/INDENE COPOLYMER,base,9,HYDROGENATED STYRENE/METHYL STYRENE/INDENE COPOLYMER; HYDROGENATED STYRENE/METHYLSTYRENE/INDENE COPOLYMER; PLASTRY Z WOSKIEM: HYDROGENATED STYRENE/METHYL STYRENE/INDENE COPOLYMER
HYDROLYZED VEGETABLE PROTEIN,base,9,HYDROLYZED VEGETABLE PROTEIN
ISOSTEARYL ALCOHOL,base,9,ISOSTEARYL ALCOHOL
JASMINE OIL,active; fragrances,9,JASMINE OIL/EXTRACT
JASMINUM OFFICINALE FLOWER EXTRACT,active; fragrances,9,JASMINUM OFFICINALE FLOWER EXTRACT
LEUCINE,active,9,LEUCINE
METHYL RAPESEEDATE FERMENT,active,9,CANDIDA BOMBICOLA/GLUCOSE/METHYL RAPESEEDATE FERMENT; CANDIDA BOMBICOLA/GLUCOSE/METHYL REPESEEDATE FERMENT
MORUS ALBA LEAF EXTRACT,active,9,MORUS ALBA (WHITE MULBERRY) LEAF EXTRACT; MORUS ALBA (WHITE MULLBERRY) LEAF EXTRACT; MORUS ALBA LEAF EXTRACT
MUSA SAPIENTUM FRUIT EXTRACT,active,9,MUSA SAPIENTUM (BANANA) FRUIT EXTRACT; MUSA SAPIENTUM FRUIT EXTRACT
OLIGOPEPTIDE-68,active,9,OLIGOPEPTIDE-68
ORYZA SATIVA BRAN EXTRACT,active,9,ORYZA SATIVA BRAN EXTRACT
PEG-35 CASTOR OIL,base,9,PEG-35 CASTOR OIL
POLYGLYCERYL-2 STEARATE,base,9,POLYGLYCERYL-2 STEARATE
POLYQUATERNIUM-51,base,9,POLYQUARTERNIUM-51; POLYQUATERNIUM-51
RIBES NIGRUM SEED OIL,active,9,RIBES NIGRUM SEED OIL
SACCHAROMYCES FERMENT LYSATE FILTRATE,active,9,SACCHAROMYCES FERMENT LYSATE FILTRATE
SODIUM OLEATE,base,9,SODIUM OLEATE
TERMINALIA FERDINANDIANA FRUIT EXTRACT,active,9,TERMINALIA FERDINANDIANA FRUIT EXTRACT
TREMELLA FUCIFORMIS EXTRACT,active,9,TREMELLA FUCIFORMIS (MUSHROOM) EXTRACT; TREMELLA FUCIFORMIS EXTRACT
TRIHYDROXYSTEARIN,active; base,9,TRIHYDROXYSTEARIN
TRIMETHYLOLPROPANE TRIISOSTEARATE,base,9,TRIMETHYLOLPROPANE TRIISOSTEARATE
TYROSINE,active,9,TYROSINE
VINYL DIMETHICONE,base,9,DIMETHICONE/VINYL DIMETHICONE; VINYL DIMETHICONE; VINYL DIMETHICONE/METHICONE SILSESQUIOXANE CROSSPOLYMER
XANTHOHUMOL,active,9,XANTHOHUMOL
ACETYL GLUCOSAMINE,active,8,ACETYL GLUCOSAMINE
ACETYLATED LANOLIN ALCOHOL,active,8,ACETYLATED LANOLIN ALCOHOL
ACTINIDIA CHINENSIS FRUIT EXTRACT,active,8,ACTINIDIA CHINENSIS (KIWI) FRUIT EXTRACT; ACTINIDIA CHINENSIS FRUIT EXTRACT
ATELOCOLLAGEN,active,8,ATELOCOLLAGEN
BENZYL CINNAMATE,fragrances,8,BENZYL CINNAMATE
BUTYLPARABEN,preservative,8,BUTYLPARABEN
BUTYROSPERMUM PARKII,active,8,BUTYROSPERMUM PARKII (SHEA BUTTER)
CALCIUM CHLORIDE,base,8,CALCIUM CHLORIDE
CAPRYLOYL GLYCINE,active,8,CAPRYLOYL GLYCINE
CENTELLA ASIATICA CALLUS EXTRACELLULAR VESICLES,active,8,CENTELLA ASIATICA CALLUS EXTRACELLULAR VESICLES
CETYL ACETATE,base,8,CETYL ACETATE
CI 42051,dyes,8,CI 42051
CI 77510,dyes,8,CI 77510; CI 77510 (FERRIC FERROCYANIDE)
CITRUS AURANTIUM DULCIS JUICE,active,8,CITRUS AURANTIUM DULCIS (ORANGE) JUICE; CITRUS AURANTIUM DULCIS JUICE; CITRUS AURANTIUM DULCIS JUICE/ORANGE JUICE
CROSCARMELLOSE,base,8,CROSCAMELLOSE; CROSCARMELLOSE
CYAMOPSIS TETRAGONOLOBA GUM,base,8,CYAMOPSIS TETRAGONOLOBA (GUAR) GUM; CYAMOPSIS TETRAGONOLOBA GUM
DARUTOSIDE,active,8,DARUTOSIDE
DROMETRIZOLE TRISILOXANE,uv filters,8,DROMETRIZOLE TRISILOXANE
EUTERPE OLERACEA FRUIT EXTRACT,active,8,EUTERPE OLERACEA (ACAI) FRUIT EXTRACT; EUTERPE OLERACEA FRUIT EXTRACT; EUTERPE OLERACEA FRUIT EXTRACT (EKSTRAKT Z OWOCÓW ACAI Z CERTYFIKATEM NATURALNOŚCI)
GLYCERYL UNDECYLENATE,active; base,8,GLYCERYL UNDECYLENATE
GLYCINE SOJA SEED EXTRACT,active,8,GLYCINE SOJA SEED EXTRACT
HELIANTHUS ANNUUS SEED WAX,active; base,8,HELIANTHUS ANNUUS (SUNFLOWER) SEED WAX; HELIANTHUS ANNUUS SEED WAX
HIBISCUS SABDARIFFA FLOWER EXTRACT,active,8,HIBISCUS SABDARIFFA FLOWER EXTRACT
HUMULUS LUPULUS EXTRACT,active,8,HUMULUS LUPULUS EXTRACT
HYDROLYZED ALGIN,active,8,HYDROLYZED ALGIN
HYDROLYZED EXTENSIN,active,8,HYDROLYSED EXTENSIN; HYDROLYZED EXTENSIN
HYDROLYZED PEARL,active,8,HYDROLYZED PEARL; HYDROLYZED PEARL (PEARL EXTRACT)
HYDROXYPROPYL TETRAHYDROPYRANTRIOL,active,8,HYDROXYPROPYL TETRAHYDROPYRANTRIOL
ISOPENTYLDIOL,active; base,8,ISOPENTYLDIOL
LACTOSE,active,8,LACTOSE
LAURETH-3,base,8,LAURETH-3
MAGNESIUM GLUCONATE,active,8,MAGNESIUM GLUCONATE
MAGNOLIA OFFICINALIS BARK EXTRACT,active,8,MAGNOLIA OFFICINALIS BARK EXTRACT
MALPIGHIA GLABRA FRUIT EXTRACT,active,8,MALPIGHIA GLABRA (ACEROLA) FRUIT EXTRACT; MALPIGHIA GLABRA FRUIT EXTRACT
MANGANESE CHLORIDE,base,8,MANGANESE CHLORIDE
MELALEUCA ALTERNIFOLIA LEAF WATER,active,8,MELALEUCA ALTERNIFOLIA (TEA TREE) LEAF WATER; MELALEUCA ALTERNIFOLIA LEAF WATER
MINERAL SALTS,base,8,MINERAL SALTS
NEOHESPERIDIN DIHYDROCHALCONE,active,8,NEOHESPERIDIN DIHYDROCHALCONE
OLIVE GLYCERIDES,active; base,8,OLIVE GLYCERIDES
PAEONIA SUFFRUTICOSA ROOT EXTRACT,active,8,PAEONIA SUFFRUTICOSA ROOT EXTRACT
PALMITOYL TRIPEPTIDE-8,active,8,PALMITOYL TRIPEPTIDE-8
PEARL EXTRACT,active,8,PEARL EXTRACT; PEARL EXTRACT (158PPM)
PEG-30 DIPOLYHYDROXYSTEARATE,base,8,PEG-30 DIPOLYHYDROXYSTEARATE
PEG-75 STEARATE,base,8,PEG-75; PEG-75 STEARATE
PENTAPEPTIDE-18,active,8,PENTAPEPTIDE-18
PIROCTONE OLAMINE,preservative,8,PIROCTONE OLAMINE
POLOXAMER 338,base,8,POLOXAMER 338
POLYGLYCERYL-2 DIISOSTEARATE,base,8,POLYGLYCERYL-2 DIISOSTEARATE
POLYGLYCERYL-3 POLYRICINOLEATE,base,8,POLYGLYCERYL-3 POLYRICINOLEATE
POLYSILICONE-15,uv filters,8,POLYSILICONE-15
PRUNUS PERSICA FRUIT EXTRACT,active,8,PRUNUS PERSICA FRUIT EXTRACT
PRUNUS SERRULATA FLOWER EXTRACT,active,8,PRUNUS SERRULATA FLOWER EXTRACT
ROSA CENTIFOLIA FLOWER WATER,active,8,ROSA CENTIFOLIA FLOWER WATER
ROSMARINUS OFFICINALIS LEAF OIL,active,8,ROSMARINUS OFFICINALIS (ROSEMARY) LEAF OIL; ROSMARINUS OFFICINALIS LEAF OIL
SESAMUM INDICUM SEED EXTRACT,active,8,SESAMUM INDICUM SEED EXTRACT
SODIUM LAUROYL SARCOSINATE,active; base,8,SODIUM LAUROYL SARCOSINATE
SORBETH-30 TETRAOLEATE,base,8,SORBETH-30 TETRAOLEATE
SPHINGOLIPIDS,active,8,SPHINGOLIPIDS
SUCROSE DISTEARATE,base,8,SUCROSE DISTEARATE
TEREPHTHALYLIDENE DICAMPHOR SULFONIC ACID,uv filters,8,TEREPHTHALYLIDENE DICAMPHOR SULFONIC ACID
TRIDECETH-6,base,8,TRIDECETH-6
TRITICUM VULGARE GERM EXTRACT,active,8,TRITICUM VULGARE (WHEAT) GERM EXTRACT; TRITICUM VULGARE GERM EXTRACT
VACCINIUM MACROCARPON FRUIT EXTRACT,active,8,VACCINIUM MACROCARPON (CRANBERRY) FRUIT EXTRACT; VACCINIUM MACROCARPON FRUIT EXTRACT
VACCINIUM MYRTILLUS FRUIT EXTRACT,active,8,VACCINIUM MYRTILLUS (BILBERRY) FRUIT EXTRACT; VACCINIUM MYRTILLUS FRUIT EXTRACT
VANILLYL BUTYL ETHER,active; fragrances,8,VANILLYL BUTYL ETHER
ZINC OXIDE,dyes; uv filters,8,ZINC OXIDE
ACMELLA OLERACEA EXTRACT,active,7,ACMELLA OLERACEA EXTRACT
ALEURITES MOLUCCANA SEED OIL,active,7,ALEURITES MOLUCCANA SEED OIL; ALEURITES MOLUCCANUS SEED OIL
ALOE BARBADENSIS EXTRACT,active,7,ALOE BARBADENSIS EXTRACT
ANGELICA GIGAS ROOT EXTRACT,active,7,ANGELICA GIGAS ROOT EXTRACT
ANTHEMIS NOBILIS FLOWER OIL,active; fragrances,7,ANTHEMIS NOBILIS FLOWER OIL
ARACHIDIC ACID,base,7,ARACHIDIC ACID
ASCOPHYLLUM NODOSUM EXTRACT,active,7,ASCOPHYLLUM NODOSUM EXTRACT
AVENA SATIVA KERNEL OIL,active,7,AVENA SATIVA KERNEL OIL
BENZOPHENONE-3,uv filters,7,BENZOPHENONE-3
BENZYL GLYCOL,base,7,BENZYL GLYCOL
BETA-CARYOPHYLLENE,fragrances,7,BETA-CARYOPHYLLENE
BIS-PEG-18 METHYL ETHER DIMETHYL SILANE,base,7,BIS-PEG-18 METHYL ETHER DIMETHYL SILANE
BIXA ORELLANA SEED OIL,active,7,BIXA ORELLANA SEED OIL
BUTYLOCTYL SALICYLATE,base,7,BUTYLOCTYL SALICYLATE; BUTYLOCYL SALICYLATE
C12-22 ALKYL ACRYLATE/HYDROXYETHYLACRYLATE COPOLYMER,base,7,C12-22 ALKYL ACRYLATE/HYDROXY - ETHYLACRYLATE COPOLYMER; C12-22 ALKYL ACRYLATE/HYDROXYETHYLACRYLATE COPOLYMER
CANANGA ODORATA OIL,active; fragrances,7,CANANGA ODORATA OIL/EXTRACT
CAPRIC,base,7,CAPRIC
CAPRYL,base,7,CAPRYL
CENTELLA ASIATICA ROOT EXTRACT,active,7,CENTELLA ASIATICA ROOT EXTRACT
CETEARETH-25,base,7,CETEARETH-25
CETYL PEG,base,7,CETYL PEG
CHAENOMELES SINENSIS FRUIT EXTRACT,active,7,CHAENOMELES SINENSIS FRUIT EXTRACT
CHENOPODIUM QUINOA SEED EXTRACT,active,7,CHENOPODIUM QUINOA SEED EXTRACT
CI 14720,dyes,7,CI 14720
CITRUS LIMON FRUIT WATER,active,7,CITRUS LIMON (LEMON) FRUIT WATER; CITRUS LIMON FRUIT WATER
CITRUS SEEDAMIDOPROPYL OLEATE,base,7,CITRUS SEEDAMIDOPROPYL OLEATE
COPAIFERA OFFICINALIS RESIN,active,7,COPAIFERA OFFICINALIS RESIN
CRAMBE ABYSSINICA SEED OIL,active,7,CRAMBE ABYSSINICA SEED OIL
CYPERUS ESCULENTUS TUBER EXTRACT,active,7,CYPERUS ESCULENTUS TUBER EXTRACT
CYSTEINE,active,7,CYSTEINE
DIPOTASSIUM PHOSPHATE,base,7,DIPOTASSIUM PHOSPHATE; DIPOTASSUM PHOSPHATE
DISODIUM STEAROYL GLUTAMATE,base,7,DISODIUM STEAROYL GLUTAMATE
ETHOXYDIGLYCOL,base,7,ETHOXYDIGLYCOL
FOLIC ACID,active,7,FOLIC ACID
FRAGARIA VESCA JUICE,active,7,FRAGARIA VESCA JUICE
GARDENIA FLORIDA FRUIT EXTRACT,active,7,GARDENIA FLORIDA FRUIT EXTRACT
GLYCERYL ROSINATE,base,7,GLYCERYL ROSINATE; PLASTRY DO DEPILACJI: GLYCERYL ROSINATE
HIPPOPHAE RHAMNOIDES FRUIT OIL,active,7,HIPPOPHAE RHAMNOIDES FRUIT OIL
HIPPOPHAE RHAMNOIDES OIL,active; base,7,HIPPOPHAE RHAMNOIDES (SEA BUCKTHORN) OIL; HIPPOPHAE RHAMNOIDES OIL
HYDROGENATED PHOSPHATIDYLCHOLINE,active; base,7,HYDROGENATED PHOSPHATIDYLCHOLINE
HYDROLYZED MYRTUS COMMUNIS LEAF EXTRACT,active,7,HYDROLYZED MYRTUS COMMUNIS LEAF EXTRACT
HYDROLYZED WHEAT PROTEIN,active,7,HYDROLYZED WHEAT PROTEIN
LAURYL ALCOHOL,base,7,LAURYL ALCOHOL
LAURYL ALCOHOL DIPHOSPHONIC ACID,base,7,LAURYL ALCOHOL DIPHOSPHONIC ACID
MALTOBIONIC ACID,active,7,MALTOBIONIC ACID
MANNOSE,active,7,MANNOSE
METHIONINE,active,7,METHIONINE
METHYL METHACRYLATE CROSSPOLYMER,base,7,METHYL METHACRYLATE CROSSPOLYMER
MYRISTYL ALCOHOL,base,7,MYRISTYL ALCOHOL
MYRTRIMONIUM BROMIDE,base,7,MYRTRIMONIUM BROMIDE
NYLON-12,base,7,NYLON-12
OLEA EUROPAEA OIL UNSAPONIFIABLES,active; base,7,OLEA EUROPAEA OIL UNSAPONIFIABLES
ORNITHINE HCL,active,7,ORNITHINE HCL
PASSIFLORA EDULIS SEED OIL,active,7,PASSIFLORA EDULIS SEED OIL
PHELLINUS LINTEUS EXTRACT,active,7,PHELLINUS LINTEUS EXTRACT
POLYGLYCERIN-3,base,7,POLYGLYCERIN-3
POLYGLYCERYL-3 DICITRATE,base,7,POLYGLYCERYL-3 DICITRATE/STEARATE
POLYVINYL ALCOHOL,base,7,POLYVINYL ALCOHOL
POTASSIUM AZELOYL DIGLYCINATE,active,7,POTASSIUM AZELOYL DIGLYCINATE
PPG-10,base,7,PPG-10
RASPBERRY KETONE,fragrances,7,RASPBERRY KETONE
ROSA CANINA SEED OIL,active,7,ROSA CANINA SEED OIL
RUBUS FRUTICOSUS FRUIT EXTRACT,active,7,RUBUS FRUTICOSUS (BLACKBERRY) FRUIT EXTRACT; RUBUS FRUTICOSUS FRUIT EXTRACT
SHOREA STENOPTERA SEED BUTTER,active,7,SHOREA STENOPTERA SEED BUTTER
SODIUM CARRAGEENAN,active; base,7,SODIUM CARRAGEENAN
SODIUM HYALURONATE DIMETHYLSILANOL,active,7,SODIUM HYALURONATE DIMETHYLSILANOL
SODIUM ISOSTEARATE,base,7,SODIUM ISOSTEARATE
SODIUM METHYL COCOYL TAURATE,base,7,SODIUM METHYL COCOYL TAURATE
SODIUM POLYACRYLOYLDIMETHYL TAURATE,base,7,SODIUM POLYACRYLOYLDIMETHYL TAURATE
SOPHORA FLAVESCENS ROOT EXTRACT,active,7,SOPHORA FLAVESCENS ROOT EXTRACT
SOY ISOFLAVONES,active,7,SOY ISOFLAVONES
SOYBEAN FERMENT EXTRACT,active,7,LACTOBACILLUS/SOYBEAN FERMENT EXTRACT
STEARIC TRIGLYCERIDE,active; base,7,STEARIC TRIGLYCERIDE
STEVIA REBAUDIANA LEAF,active,7,STEVIA REBAUDIANA LEAF/STEM EXTRACT
TRIHEPTANOIN,base,7,TRIHEPTANOIN
VIOLA TRICOLOR EXTRACT,active,7,VIOLA TRICOLOR EXTRACT
ZANTHOXYLUM PIPERITUM FRUIT EXTRACT,active,7,ZANTHOXYLUM PIPERITUM FRUIT EXTRACT
ZINC SULFATE,active,7,ZINC SULFATE
3-GLYCERYL ASCORBATE,active,6,3-GLYCERYL ASCORBATE
ACER SACCHARUM EXTRACT,active,6,ACER SACCHARUM (SUGAR MAPLE) EXTRACT; ACER SACCHARUM EXTRACT
ACETYL HEXAPEPTIDE-49,active,6,ACETYL HEXAPEPTIDE-49
ACETYL HYDROXYPROLINE,active,6,ACETYL HYDROXYPROLINE
ANETHOLE,fragrances,6,ANETHOLE
ARNICA MONTANA FLOWER EXTRACT,active,6,ARNICA MONTANA FLOWER EXTRACT
BACILLUS FERMENT,active,6,BACILLUS FERMENT
BENTONITE,base; dyes,6,BENTONITE
BETULA PLATYPHYLLA JAPONICA JUICE,active,6,BETULA PLATYPHYLLA JAPONICA JUICE
BIFIDA FERMENT FILTRATE,active,6,BIFIDA FERMENT FILTRATE
C12-13 ALKYL GLYCERYL HYDROLYZED HYALURONATE,active,6,C12-13 ALKYL GLYCERYL HYDROLYZED HYALURONATE
C20-22 ALKYL PHOSPHATE,base,6,C20-22 ALKYL PHOSPHATE
C30-45 ALKYL CETEARYL DIMETHICONE CROSSPOLYMER,base,6,C30-45 ALKYL CETEARYL DIMETHICONE CROSSPOLYMER
CAFFEIC ACID,active,6,CAFFEIC ACID
CERESIN,base,6,CERESIN
CETEARYL DIMETHICONE CROSSPOLYMER,base,6,CETEARYL DIMETHICONE CROSSPOLYMER
CETYL HYDROXYETHYLCELLULOSE,base,6,CETYL HYDROXYETHYLCELLULOSE
CHAMOMILLA RECUTITA EXTRACT,active,6,CHAMOMILLA RECUTITA EXTRACT
CI 75470,dyes,6,CI 75470
CIRE DABEILLE,active; base,6,BEESWAX/CIRE D'ABEILLE; BEESWAX/CIRE DABEILLE
CIRE MICROCRISTALLINE,active; base,6,MICROCRYSTALLINE WAX/CIRE MICROCRISTALLINE
CITRULLUS LANATUS FRUIT JUICE,active; fragrances,6,CITRULLUS LANATUS (WATERMELON) FRUIT JUICE; CITRULLUS LANATUS FRUIT JUICE
CITRUS AURANTIUM AMARA FLOWER EXTRACT,active,6,CITRUS AURANTIUM AMARA FLOWER EXTRACT
CITRUS AURANTIUM AMARA FLOWER WATER,active,6,CITRUS AURANTIUM AMARA FLOWER WATER
CITRUS NOBILIS FRUIT EXTRACT,active,6,CITRUS NOBILIS (MANDARIN ORANGE) FRUIT EXTRACT; CITRUS NOBILIS FRUIT EXTRACT
CLITORIA TERNATEA FLOWER EXTRACT,active,6,CLITORIA TERNATEA FLOWER EXTRACT
CYPERUS ROTUNDUS ROOT EXTRACT,active,6,CYPERUS ROTUNDUS ROOT EXTRACT
DIBUTYL LAUROYL GLUTAMIDE,base,6,DIBUTYL LAUROYL GLUTAMIDE
DIISOPROPYL ADIPATE,active; base,6,DIISOPROPYL ADIPATE; DISOPROPRYL ADIPATE; DISOPROPYL ADIPATE
DIMETHYLAMINOETHANOL TARTRATE,active,6,DIMETHYLAMINOETHANOL TARTRATE
ECLIPTA PROSTRATA EXTRACT,active,6,ECLIPTA PROSTRATA EXTRACT
EQUISETUM ARVENSE LEAF EXTRACT,active,6,EQUISETUM ARVENSE LEAF EXTRACT
ETHYLHEXYL COCOATE,active,6,ETHYLHEXYL COCOATE
ETHYLHEXYL PELARGONATE,base,6,ETHYLHEXYL PELARGONATE
EUCALYPTUS GLOBULUS OIL,active; fragrances,6,EUCALYPTUS GLOBULUS OIL
EUGLENA GRACILIS POLYSACCHARIDE,active,6,EUGLENA GRACILIS POLYSACCHARIDE
FICIN,active,6,FICIN
FRUCTOOLIGOSACCHARIDES,active,6,FRUCTOOLIGOSACCHARIDES
GALLIC ACID,active,6,GALLIC ACID
GLUTAMINE,active,6,GLUTAMINE
GLYCERETH-18 ETHYLHEXANOATE,active; base,6,GLYCERETH-18; GLYCERETH-18 ETHYLHEXANOATE
GLYCERYL LAURATE,active; base,6,GLYCERYL LAURATE
GLYCYRRHIZA URALENSIS ROOT EXTRACT,active,6,GLYCYRRHIZA URALENSIS (LIC ORICE) ROOT EXTRACT; GLYCYRRHIZA URALENSIS (LICORICE) ROOT EXTRACT; GLYCYRRHIZA URALENSIS ROOT EXTRACT
HELIANTHUS ANNUUS SPROUT EXTRACT,active,6,HELIANTHUS ANNUUS (SUNFLOWER) SPROUT EXTRACT; HELIANTHUS ANNUUS SPROUT EXTRACT
HIMANTHALIA ELONGATA EXTRACT,active,6,HIMANTHALIA ELONGATA EXTRACT
HUILE MINERALE,active; base,6,MINERAL OIL/HUILE MINERALE; MINERAL OIL/HUILE MINÉRALE
HYDROGENATED CASTOR OIL DIMER DILINOLEATE,active; base,6,HYDROGENATED CASTOR OIL DIMER DILINOLEATE
LAURDIMONIUM HYDROXYPROPYL HYDROLYZED SOY PROTEIN,active,6,LAURDIMONIUM HYDROXYPROPYL HYDROLYZED SOY PROTEIN
LINSEED ACID,active,6,LINSEED ACID
LINUM USITATISSIMUM SEED OIL,active,6,LINUM USITATISSIMUM SEED OIL
LYSINE HCL,active,6,LYSINE HCL
LYSOLECITHIN,base,6,LYSOLECITHIN
MEL,active,6,MEL
MENTHA PIPERITA LEAF EXTRACT,active,6,MENTHA PIPERITA (PEPPERMINT) LEAF EXTRACT; MENTHA PIPERITA LEAF EXTRACT
MENTHA PIPERITA OIL,active,6,MENTHA PIPERITA (PEPPERMINT) OIL; MENTHA PIPERITA OIL; MENTHA PIPERTA (PEPPERMINT) OIL
METHYL SALICYLATE,fragrances,6,METHYL SALICYLATE
METHYL TRIMETHICONE,base,6,METHYL TRIMETHICONE
NONAPEPTIDE-1,active,6,NONAPEPTIDE-1
PEARL POWDER,active,6,PEARL POWDER; PEARL POWDER (0.01%)
PEG-10 DIMETHICONE,base,6,PEG-10 DIMETHICONE; PEG-10 DIMETHICONE/VINYL DIMETHICONE CROSSPOLYMER
PERSEA GRATISSIMA FRUIT EXTRACT,active,6,PERSEA GRATISSIMA (AVOCADO) FRUIT EXTRACT; PERSEA GRATISSIMA FRUIT EXTRACT
POLYAMINOPROPYL BIGUANIDE,preservative,6,POLYAMINOPROPYL BIGUANIDE
POLYGLYCERYL-2 ISOSTEARATE,base,6,POLYGLYCERYL-2 ISOSTEARATE
POLYGLYCERYL-2 ISOSTEARATE/DIMER DILINOLEATE COPOLYMER,base,6,POLYGLYCERYL 2 ISOSTEARATE/DIMER DILINOLEATE COPOLYMER; POLYGLYCERYL-2 ISOSTEARATE/DIMER DILINOLEATE COPOLYMER
POLYGLYCERYL-4 ISOSTEARATE,base,6,POLYGLYCERYL-4 ISOSTEARATE
PRUNUS AMYGDALUS DULCIS FRUIT EXTRACT,active,6,PRUNUS AMYGDALUS DULCIS FRUIT EXTRACT
PRUNUS MUME FRUIT EXTRACT,active,6,PRUNUS MUME FRUIT EXTRACT
PUMPKIN FRUIT FERMENT FILTRATE,active,6,LACTOBACILLUS/PUMPKIN FRUIT FERMENT FILTRATE
SODIUM CHONDROITIN SULFATE,base,6,SODIUM CHONDROITIN SULFATE
SODIUM DEXTRAN SULFATE,base,6,SODIUM DEXTRAN SULFATE
SORBITYL LAURATE,base,6,SORBITYL LAURATE
SUPEROXIDE DISMUTASE,active,6,SUPEROXIDE DISMUTASE
THEOBROMA GRANDIFLORUM SEED BUTTER,active,6,THEOBROMA GRANDIFLORUM SEED BUTTER
THYMUS VULGARIS FLOWER,active,6,THYMUS VULGARIS FLOWER/LEAF EXTRACT
TILIA CORDATA FLOWER EXTRACT,active,6,TILIA CORDATA FLOWER EXTRACT
TRIDECANE,base,6,TRIDECANE
UNDECANE,base,6,UNDECANE
ZANTHOXYLUM ALATUM FRUIT EXTRACT,active,6,ZANTHOXYLUM ALATUM FRUIT EXTRACT
ZINC HYDROLYZED HYALURONATE,active,6,ZINC HYDROLYZED HYALURONATE
3.4-DIHYDROXYBENZOIC ACID,active,5,"3,4-DIHYDROXYBENZOIC ACID"
7-DEHYDROCHOLESTEROL,base,5,7-DEHYDROCHOLESTEROL
ALTEROMONAS FERMENT EXTRACT,active,5,ALTEROMONAS FERMENT EXTRACT
AMMONIUM LAURYL SULFATE,base,5,AMMONIUM LAURYL SULFATE
AMYL CINNAMAL,fragrances,5,AMYL CINNAMAL
ARTEMISIA CAPILLARIS EXTRACT,active,5,ARTEMISIA CAPILLARIS EXTRACT
ASCORBYL METHYLSILANOL PECTINATE,active,5,ASCORBYL METHYLSILANOL PECTINATE
ASTRAGALUS GUMMIFER GUM,base,5,ASTRAGALUS GUMMIFER GUM
ASTRAGALUS MEMBRANACEUS ROOT EXTRACT,active,5,ASTRAGALUS MEMBRANACEUS ROOT EXTRACT
BARLEY SEED FERMENT FILTRATE,active,5,SACCHAROMYCES/BARLEY SEED FERMENT FILTRATE
BENZETHONIUM CHLORIDE,base; preservative,5,BENZETHONIUM CHLORIDE
BORON NITRIDE,base,5,BORON NITRIDE
BRASSICA CAMPESTRIS STEROLS,active,5,BRASSICA CAMPESTRIS STEROLS
BUTANE,base,5,BUTANE
C12-14 PARETH-12,base,5,C12-14 PARETH-12
C20-22 ALCOHOLS,base,5,C20-22 ALCOHOLS
CALAMINE,active; dyes,5,CALAMINE
CALENDULA OFFICINALIS FLOWER OIL,active; fragrances,5,CALENDULA OFFICINALIS FLOWER OIL
CAMELLIA SINENSIS SEED OIL,active,5,CAMELLIA SINENSIS SEED OIL
CASTANEA CRENATA SHELL EXTRACT,active,5,CASTANEA CRENATA SHELL EXTRACT
CAULERPA LENTILLIFERA EXTRACT,active,5,CAULERPA LENTILLIFERA EXTRACT
CENTAUREA CYANUS FLOWER WATER,active; base,5,CENTAUREA CYANUS FLOWER WATER
CENTELLA ASIATICA CALLUS CONDITIONED MEDIA,active,5,CENTELLA ASIATICA CALLUS CONDITIONED MEDIA
CENTELLA ASIATICA EXTRACT FERMENT,active,5,LACTOBACILLUS/CENTELLA ASIATICA EXTRACT FERMENT; LACTOBACILLUS/CENTELLA ASIATICA EXTRACT FERNENT
CETRIMONIUM CHLORIDE,preservative,5,CETRIMONIUM CHLORIDE
CHELIDONIUM MAJUS EXTRACT,active,5,CHELIDONIUM MAJUS EXTRACT
CI 47005,dyes,5,CI 47005; YELLOW 10
CIMICIFUGA RACEMOSA ROOT EXTRACT,active,5,CIMICIFUGA RACEMOSA ROOT EXTRACT
CINNAMAL,fragrances,5,CINNAMAL
COENOCHLORIS SIGNIENSIS EXTRACT,active,5,COENOCHLORIS SIGNIENSIS EXTRACT
CROCUS CHRYSANTHUS BULB EXTRACT,active,5,CROCUS CHRYSANTHUS BULB EXTRACT
CUCUMIS SATIVUS EXTRACT,active,5,CUCUMIS SATIVUS (CUCUMBER) EXTRACT; CUCUMIS SATIVUS EXTRACT
CUPRIC CHLORIDE,active,5,CUPRIC CHLORIDE
DIBUTYL ETHYLHEXANOYL GLUTAMIDE,base,5,DIBUTHYL ETHYLHEXANOYL GLU-TAMIDE; DIBUTHYL ETHYLHEXANOYL GLUTAMIDE; DIBUTYL ETHYLHEXANOYL GLUTAMIDE
DIPALMITOYL HYDROXYPROLINE,active,5,DIPALMITOYL HYDROXYPROLINE
DISODIUM PHENYL DIBENZIMIDAZOLE TETRASULFONATE,uv filters,5,DISODIUM PHENYL DIBENZIMIDAZOLE TETRASULFONATE
ECHINACEA PURPUREA FLOWER,active,5,ECHINACEA PURPUREA FLOWER/LEAF/STEM EXTRACT
ETHYL OLEATE,base,5,ETHYL OLEATE
EUPHRASIA OFFICINALIS EXTRACT,active,5,EUPHRASIA OFFICINALIS EXTRACT
GARCINIA INDICA SEED BUTTER,active,5,GARCINIA INDICA (KOKUM) SEED BUTTER; GARCINIA INDICA SEED BUTTER
GLYCERETH-7 CAPRYLATE,active; base,5,GLYCERETH-7 CAPRYLATE/CAPRATE
GLYCINE MAX SEED EXTRACT,active,5,GLYCINE MAX (SOYBEAN) SEED EXTRACT; GLYCINE MAX SEED EXTRACT
GLYCOL DISTEARATE,active; base,5,GLYCOL DISTEARATE
GYNOSTEMMA PENTAPHYLLUM LEAF,active,5,GYNOSTEMMA PENTAPHYLLUM LEAF/STEM EXTRACT
HYDROGENATED COCONUT OIL,active,5,HYDROGENATED COCONUT OIL
HYDROLYZED CORN STARCH,base,5,HYDROLYZED CORN STARACH; HYDROLYZED CORN STARCH
HYDROLYZED OPUNTIA FICUS-INDICA FLOWER EXTRACT,active,5,HYDROLYZED OPUNTIA FICUS INDICA FLOWER EXTRACT; HYDROLYZED OPUNTIA FICUS-INDICA FLOWER EXTRACT
HYDROLYZED RICE BRAN PROTEIN,active,5,HYDROLYZED RICE BRAN PROTEIN
HYPERICUM PERFORATUM FLOWER,active,5,HYPERICUM PERFORATUM FLOWER/LEAF/STEM EXTRACT
ISOAMYL P-METHOXYCINNAMATE,uv filters,5,ISOAMYL P-METHOXYCINNAMATE
ISOBUTYLAMIDO THIAZOLYL RESORCINOL,active,5,ISOBUTYLAMIDO THIAZOLYL RESORCINOL; ISOBUTYLAMIDO THIAZOLYL RESORCINOL (THIAMIDOL®)
ISOEUGENYL ACETATE,fragrances,5,ISOEUGENYL ACETATE
JANIA RUBENS EXTRACT,active,5,JANIA RUBENS EXTRACT
LAMINARIA JAPONICA EXTRACT,active,5,LAMINARIA JAPONICA EXTRACT
LANOLIN ALCOHOL,active; base,5,LANOLIN ALCOHOL
LEPTOSPERMUM SCOPARIUM LEAF EXTRACT,active,5,LEPTOSPERMUM SCOPARIUM LEAF EXTRACT
LONICERA CAPRIFOLIUM FLOWER EXTRACT,active,5,LONICERA CAPRIFOLIUM FLOWER EXTRACT
MAGNESIUM SILICATE,base,5,MAGNESIUM SILICATE
MAGNESIUM STEARATE,base,5,MAGNESIUM STEARATE
MALPIGHIA PUNICIFOLIA FRUIT EXTRACT,active,5,MALPIGHIA PUNICIFOLIA FRUIT EXTRACT/ACEROLA FRUIT EXTRACT
MALUS DOMESTICA FRUIT CELL CULTURE EXTRACT,active,5,MALUS DOMESTICA FRUIT CELI CULTURE EXTRACT; MALUS DOMESTICA FRUIT CELL CULTURE EXTRACT
MANGANESE PCA,active,5,MANGANESE PCA
MARIS LIMUS EXTRACT,active,5,MARIS LIMUS (SEA SILT) EXTRACT; MARIS LIMUS EXTRACT
MARIS SAL,active,5,MARIS SAL; MARIS SAL (SEA SALT)
MEL EXTRACT,active,5,MEL EXTRACT
MENTHA ARVENSIS LEAF OIL,fragrances,5,MENTHA ARVENSIS LEAF OIL
METHYLCELLULOSE,base,5,METHYL CELLULOSE; METHYLCELLULOSE
NEOPENTYL GLYCOL DIHEPTANOATE,base,5,NEOPENTYL GLYCOL DIHEPTANOATE
OENOTHERA BIENNIS FLOWER EXTRACT,active,5,OENOTHERA BIENNIS (EVENING PRIMROSE) FLOWER EXTRACT; OENOTHERA BIENNIS FLOWER EXTRACT
OLIVE OIL PEG-7 ESTERS,base,5,OLIVE OIL PEG-7 ESTERS
OPUNTIA FICUS-INDICA SEED OIL,active,5,OPUNTIA FICUS-INDICA SEED OIL; OPUNTIA FICUS-LNDICA SEED OIL
PEG-120 METHYL GLUCOSE DIOLEATE,base,5,PEG-120 METHYL GLUCOSE DIOLEATE
PEG-20 METHYL GLUCOSE SESQUISTEARATE,base,5,PEG-20 METHYL GLUCOSE SESQUISTEARATE
PINUS PALUSTRIS LEAF EXTRACT,active,5,PINUS PALUSTRIS LEAF EXTRACT
PLANTAGO LANCEOLATA LEAF EXTRACT,active,5,PLANTAGO LANCEOLATA LEAF EXTRACT
POLYGLYCERIN-10,base,5,POLYGLYCERIN-10
POLYGLYCERYL-3 BEESWAX,active; base,5,POLYGLYCERYL-3 BEESWAX
POLYGLYCERYL-3 COCOATE,base,5,POLYGLYCERYL-3 COCOATE
POLYGLYCERYL-6 PALMITATE,base,5,POLYGLYCERYL-6 PALMITATE; POLYGLYCERYL-6 PALMITATE/SUCCINATE
POLYGONUM MULTIFLORUM ROOT EXTRACT,active,5,POLYGONUM MULTIFLORUM ROOT EXTRACT
POLYQUATERNIUM-10,base,5,POLYQUATERNIUM-10
PRUNUS AMYGDALUS DULCIS SEED EXTRACT,active,5,PRUNUS AMYGDALUS DULCIS (SWEET ALMOND) SEED EXTRACT; PRUNUS AMYGDALUS DULCIS SEED EXTRACT
PRUNUS AVIUM FRUIT JUICE,active,5,PRUNUS AVIUM FRUIT JUICE
PRUNUS CERASUS FRUIT EXTRACT,active,5,PRUNUS CERASUS FRUIT EXTRACT
PSIDIUM GUAJAVA FRUIT EXTRACT,active,5,PSIDIUM GUAJAVA FRUIT EXTRACT
PUERARIA LOBATA ROOT EXTRACT,active,5,PUERARIA LOBATA ROOT EXTRACT
REUTERIN,active,5,REUTERIN
RHODIOLA ROSEA ROOT EXTRACT,active,5,RHODIOLA ROSEA ROOT EXTRACT
ROYAL JELLY,active,5,ROYAL JELLY
SACCHARIN,active,5,SACCHARIN
SAFFLOWER SEED OIL PIPERONYL ESTERS,active; base,5,SAFFLOWER SEED OIL PIPERONYL ESTERS
SALVIA SCLAREA OIL,active,5,SALVIA SCLAREA (CLARY) OIL; SALVIA SCLAREA OIL
SAPONARIA OFFICINALIS ROOT EXTRACT,active,5,SAPONARIA OFFICINALIS ROOT EXTRACT
SCHISANDRA CHINENSIS FRUIT EXTRACT,active,5,SCHISANDRA CHINENSIS FRUIT EXTR ACT; SCHISANDRA CHINENSIS FRUIT EXTRACT
SIMMONDSIA CHINENSIS BUTTER,active,5,SIMMONDSIA CHINENSIS BUTTER/JOJOBA BUTTER
SODIUM DEHYDROACETATE,preservative,5,SODIUM DEHYDROACETATE
SOLANUM MELONGENA FRUIT EXTRACT,active,5,SOLANUM MELONGENA (EGGPLANT) FRUIT EXTRACT; SOLANUM MELONGENA FRUIT EXTRACT; SOLANUMMELONGENA (EGGPLANT) FRUIT EXTRACT
SORBITAN TRISTEARATE,base,5,SORBITAN TRISTEARATE
SPIRULINA PLATENSIS EXTRACT,active,5,SPIRULINA PLATENSIS EXTRACT
STEARETH-21,base,5,STEARETH-21
SUCROSE STEARATE,base,5,SUCROSE STEARATE
SYNTHETIC BEESWAX,base,5,SYNTHETIC BEESWAX
TRIMETHYLSILOXYSILICATE,active; base,5,TRIMETHYLSILOXYSILICATE
TUSSILAGO FARFARA FLOWER,active,5,TUSSILAGO FARFARA FLOWER/LEAF EXTRACT
VITIS VINIFERA SEED EXTRACT,active,5,VITIS VINIFERA SEED EXTRACT; VITIS VINIFERA SEED EXTRACT/GRAPE SEED EXTRACT
XANTHOPHYLLS,active; dyes,5,XANTHOPHYLLS
ZEA MAYS OIL,active; base,5,ZEA MAYS (CORN) OIL; ZEA MAYS OIL
ACETYL OCTAPEPTIDE-3,active,4,ACETYL OCTAPEPTIDE-3
ADANSONIA DIGITATA PULP EXTRACT,active,4,ADANSONIA DIGITATA PULP EXTRACT
ALARIA ESCULENTA EXTRACT,active,4,ALARIA ESCULENTA EXTRACT
ALGAE EXTRACT,active,4,ALGA Z OKINAWY; ALGAE EXTRACT
ALLIUM SATIVUM BULB EXTRACT,active,4,ALLIUM SATIVUM BULB EXTRACT
ALOE BARBADENSIS FLOWER EXTRACT,active,4,ALOE BARBADENSIS FLOWER EXTRACT
ALUMINIUM HYDROXIDE,base,4,ALUMINIUM HYDROXIDE
ALUMINUM GLYCINATE,base,4,ALUMINUM GLYCINATE
AMARANTHUS CAUDATUS SEED EXTRACT,active,4,AMARANTHUS CAUDATUS SEED EXTRACT
AMINOMETHYL PROPANOL,base,4,AMINOMETHYL PROPANOL
AMMONIUM ACRYLOYLDIMETHYLTAURATE/STEARETH-25 METHACRYLATE CROSSPOLYMER,base,4,AMMONIUM ACRYLOYLDIMETHYL TAURATE/STEARETH-25 METHACRYLATE CROSSPOLYMER; AMMONIUM ACRYLOYLDIMETHYLTAURATE/STEARETH-25 METHACRYLATE CROSSPOLYMER
AMMONIUM GLYCYRRHIZATE,active,4,AMMONIUM GLYCYRRHIZATE
ANEMARRHENA ASPHODELOIDES ROOT EXTRACT,active,4,ANEMARRHENA ASPHODELOIDES ROOT EXTRACT
ANISE ALCOHOL,fragrances,4,ANISE ALCOHOL
ANTHEMIS NOBILIS FLOWER EXTRACT,active,4,ANTHEMIS NOBILIS FLOWER EXTRACT
ARTEMISIA PRINCEPS LEAF EXTRACT,active,4,ARTEMISIA PRINCEPS LEAF EXTRACT
AVENA SATIVA BRAN EXTRACT,active,4,AVENA SATIVA (OAT) BRAN EXTRACT
BAMBUSA ARUNDINACEA STEM EXTRACT,active,4,BAMBUSA ARUNDINACEA STEM EXTRACT
BAMBUSA VULGARIS LEAF,active,4,BAMBUSA VULGARIS LEAF/STEM EXTRACT
BAROSMA BETULINA LEAF EXTRACT,active,4,BAROSMA BETULINA LEAF EXTRACT
BELLIS PERENNIS FLOWER EXTRACT,active,4,BELLIS PERENNIS FLOWER EXTRACT
BOERHAVIA DIFFUSA ROOT EXTRACT,active,4,BOERHAVIA DIFFUSA ROOT EXTRACT
BULBINE FRUTESCENS LEAF JUICE,active,4,BULBINE FRUTESCENS LEAF JUICE
BUTYROSPERMUM PARKII BUTTER EXTRACT,active,4,BUTYROSPERMUM PARKII BUTTER EXTRACT
CALOPHYLLUM INOPHYLLUM SEED OIL,active,4,CALOPHYLLUM INOPHYLLUM SEED OIL
CAMELINA SATIVA SEED OIL,active,4,CAMELINA SATIVA SEED OIL
CENTELLA ASIATICA FLOWER,active,4,CENTELLA ASIATICA FLOWER/LEAF/STEM EXTRACT
CETEARETH-12,base,4,CETEARETH-12
CETETH-20,base,4,CETETH-20
CETRARIA ISLANDICA EXTRACT,active,4,CETRARIA ISLANDICA EXTRACT
CI 15510,dyes,4,CI 15510; CI 15510/ORANGE 4
CI 16185,dyes,4,CI 16185
CI 75120,dyes,4,CI 75120
CI 75810,dyes,4,CI 75810
CICHORIUM INTYBUS ROOT EXTRACT,active,4,CICHORIUM INTYBUS (CHICORY) ROOT EXTRACT (CICHORIUM INTYBUS ROOT EXTRACT); CICHORIUM INTYBUS ROOT EXTRACT
CITRULLINE,active,4,CITRULLINE
CITRUS AURANTIUM DULCIS FLOWER WATER,active,4,CITRUS AURANTIUM DULCIS (ORANGE) FLOWER WATER; CITRUS AURANTIUM DULCIS FLOWER WATER
CITRUS AURANTIUM DULCIS OIL,active; fragrances,4,CITRUS AURANTIUM DULCIS OIL
CITRUS GRANDIS SEED EXTRACT,active,4,CITRUS GRANDIS (GRAPEFRUIT) SEED EXTRACT; CITRUS GRANDIS SEED EXTRACT
CITRUS LIMON OIL,active; fragrances,4,CITRUS LIMON OIL/EXTRACT
CITRUS PARADISI FRUIT EXTRACT,active,4,CITRUS PARADISI FRUIT EXTRACT
CITRUS SINENSIS PEEL OIL,active; fragrances,4,CITRUS SINENSIS PEEL OIL; CITRUS SINENSIS PEEL OIL EXPRESSED
COCOS NUCIFERA WATER,active,4,COCOS NUCIFERA WATER
CODIUM TOMENTOSUM EXTRACT,active,4,CODIUM TOMENTOSUM EXTRACT
COFFEA ARABICA SEED EXTRACT,active,4,COFFEA ARABICA SEED EXTRACT
COIX LACRYMA-JOBI MA-YUEN SEED EXTRACT,active,4,COIX LACRYMA-JOBI MA-YUEN SEED EXTRACT
COIX LACRYMA-JOBI MA-YUEN SEED FERMENT FILTRATE,active,4,SACCHAROMYCES/COIX LACRYMA-JOBI MA-YUEN SEED FERMENT FILTRATE
COPPER GLUCONATE,active,4,COPPER GLUCONATE
DECYL ALCOHOL,base,4,DECYL ALCOHOL
DIETHOXYETHYL SUCCINATE,base,4,DIETHOXYETHYL SUCCINATE
DIPPG-3 MYRISTYL ETHER ADIPATE,base,4,DIPPG-3 MYRISTYL ETHER ADIPATE
DISODIUM OLEATE,base,4,DISODIUM OLEATE
EPIGALLOCATECHIN GALLATE,active,4,EPIGALLOCATECHIN GALLATE
ETHYLHEXYL OLIVATE,active,4,ETHYLHEXYL OLIVATE
EUCALYPTUS GLOBULUS LEAF OIL,active; fragrances,4,EUCALYPTUS GLOBULUS LEAF OIL
FRAGARIA CHILOENSIS FRUIT EXTRACT,active,4,FRAGARIA CHILOENSIS FRUIT EXTRACT
FULLERENES,active,4,FULLERENES
GANODERMA LUCIDUM EXTRACT,active,4,GANODERMA LUCIDUM (MUSHROOM) EXTRACT; GANODERMA LUCIDUM EXTRACT
GENTIANA SCABRA ROOT EXTRACT,active,4,GENTIANA SCABRA ROOT EXTRACT
GLYCERYL ISOSTEARATE,active; base,4,GLYCERYL ISOSTEARATE
GLYCINE SOJA OIL UNSAPONIFIABLES,active,4,GLYCINE SOJA OIL UNSAPONIFIABLES
GUAR HYDROXYPROPYLTRIMONIUM CHLORIDE,base,4,GUAR HYDROXYPROPYLTRIMONIUM CHLORIDE
HAMAMELIS VIRGINIANA LEAF WATER,active,4,HAMAMELIS VIRGINIANA (WITCH HAZEL) LEAF WATER; HAMAMELIS VIRGINIANA LEAF WATER; HAMAMELIS VIRGINIANA LEAF WATER/WITCH HAZEL LEAF WATER
HELICHRYSUM ITALICUM FLOWER,active,4,HELICHRYSUM ITALICUM FLOWER/LEAF/STEM WATER
HIBISCUS ESCULENTUS FRUIT EXTRACT,active,4,HIBISCUS ESCULENTUS FRUIT EXTRACT
HORDEUM VULGARE POWDER,active,4,HORDEUM VULGARE POWDER
HYDROGENATED FARNESENE,base,4,HYDROGENATED FARNESENE
HYDROGENATED MICROCRYSTALLINE WAX,active; base,4,HYDROGENATED MICROCRYSTALLINE WAX
HYDROGENATED OLIVE OIL,active,4,HYDROGENATED OLIVE OIL
HYDROGENATED OLIVE OIL DECYL ESTERS,active; base,4,HYDROGENATED OLIVE OIL DECYL ESTERS
HYDROLYZED SILK,active,4,HYDROLYZED SILK
HYDROXYPROPYL CELLULOSE,base,4,HYDROXYPROPYLCELLULOSE
HYLOCEREUS UNDATUS FRUIT EXTRACT,active,4,HYLOCEREUS UNDATUS FRUIT EXTRACT
IODOPROPYNYL BUTYLCARBAMATE,preservative,4,IODOPROPYNYL BUTYLCARBAMATE; IODOPROPYNYL BUTYLCARBOMATE; LODOPROPYNYL BUTYLCARBAMATE
ISOEUGENOL,fragrances,4,ISOEUGENOL
ISOSTEARIC ACID,base,4,ISOSTEARIC ACID
JASMINUM OFFICINALE EXTRACT,active; fragrances,4,JASMINUM OFFICINALE EXTRACT
LACTOCOCCUS FERMENT EXTRACT,active,4,LACTOCOCCUS FERMENT EXTRACT
LEONTOPODIUM ALPINUM FLOWER,active,4,LEONTOPODIUM ALPINUM FLOWER/LEAF EXTRACT
MAGNESIUM ASPARTATE,active,4,MAGNESIUM ASPARTATE
MAGNESIUM FERMENT,active,4,SACCHAROMYCES/MAGNESIUM FERMENT
MAGNESIUM LACTATE,active,4,MAGNESIUM LACTATE
MAGNOLIA BIONDII BUD,active,4,MAGNOLIA BIONDII BUD/FLOWER EXTRACT
MENTHA VIRIDIS LEAF OIL,active; fragrances,4,MENTHA VIRIDIS (SPEARMINT) LEAF OIL; MENTHA VIRIDIS LEAF OIL
METHYL GLUCOSE SESQUISTEARATE,active; base,4,METHYL GLUCOSE SESQUISTEARATE
MORINGA OLEIFERA SEED EXTRACT,active,4,MORINGA OLEIFERA SEED EXTRACT
NICOTINAMIDE ADENINE DINUCLEOTIDE,active,4,NICOTINAMIDE ADENINE DINUCLEOTIDE
NIGELLA SATIVA SEED OIL,active,4,NIGELLA SATIVA (BLACK CUMIN) SEED OIL; NIGELLA SATIVA SEED OIL
OCTYLDODECETH-16,base,4,OCTYLDODECETH-16
OCTYLDODECYL XYLOSIDE,active; base,4,OCTYLDODECYL XYLOSIDE
OLIVE OIL DECYL ESTERS,active; base,4,OLIVE OIL DECYL ESTERS
OPUNTIA FICUS-INDICA EXTRACT,active,4,OPUNTIA FICUS-INDICA EXTRACT
ORYZA SATIVA BRAN WAX,active; base,4,ORYZA SATIVA (RICE) BRAN WAX; ORYZA SATIVA BRAN WAX
OSTREA SHELL EXTRACT,active,4,OSTREA SHELL EXTRACT
OXIDIZED STARCH ACETATE,base,4,OXIDIZED STARACH ACETATE; OXIDIZED STARCH ACETATE
PANAX GINSENG ROOT FERMENT FILTRATE,active,4,LACTOBACILLUS/PANAX GINSENG ROOT FERMENT FILTRATE
PEG-10 ISOSTEARATE,base,4,PEG-10 ISOSTEARATE
PEG-150 PENTAERYTHRITYL TETRASTEARATE,base,4,PEG-150 PENTAERYTHRITYL TETRA STEARATE; PEG-150 PENTAERYTHRITYL TETRASTEARATE
PEG-20 GLYCERYL LAURATE,base,4,PEG-20 GLYCERYL LAURATE
PEG-20 STEARATE,base,4,PEG-20 STEARATE
PEG-40 STEARATE,base,4,PEG-40 STEARATE
PENTAPEPTIDE-3,active,4,PENTAPEPTIDE-3
PHYTOSTERYL OLEATE,base,4,PHYTOSTERYL OLEATE
PISTACIA LENTISCUS GUM,base,4,PISTACIA LENTISCUS GUM
PISTACIA VERA SEED OIL,active,4,PISTACIA VERA SEED OIL
POLYBUTYLENE GLYCOL-8,base,4,PEG/PPG/POLYBUTYLENE GLYCOL-8/5/3; PEG/PPG/POLYBUTYLENE GLYCOL-8/5/3 GLYCERIN
POLYGLYCERYL-10 DECAOLEATE,base,4,POLYGLYCERYL-10 DECAOLEATE
POLYGLYCERYL-3 CAPRATE,base,4,POLYGLYCERYL-3 CAPRATE
POLYGLYCERYL-6 LAURATE,base,4,POLYGLYCERYL-6 LAURATE
POTASSIUM COCOATE,base,4,POTASSIUM COCOATE
POTASSIUM COCOYL GLYCINATE,base,4,POTASSIUM COCOYL GLYCINATE
PROPYLENE GLYCOL DICAPRYLATE,base,4,PROPYLENE GLYCOL DICAPRYLATE; PROPYLENE GLYCOL DICAPRYLATE/DICAPRATE
PRUNUS PERSICA KERNEL OIL,active,4,PRUNUS PERSICA KERNEL OIL
PUMICE,active,4,PUMICE
PYRUS MALUS SEED OIL,active,4,PYRUS MALUS SEED OIL; PYRUS MALUS SEED OIL (OLEJ Z PESTEK JABŁKA - SUROWIEC POZYSKIWANY WG FILOZOFII ZERO WASTE)
REBAUDIOSIDE A,fragrances,4,REBAUDIOSIDE A
RICE BRAN POLYGLYCERYL-3 ESTERS,base,4,CANDELILLA/JOJOBA/RICE BRAN POLYGLYCERYL-3 ESTERS
RICE FERMENT,active,4,MONASCUS/RICE FERMENT
ROSE FLOWER OIL,active; fragrances,4,ROSE FLOWER OIL
ROSMARINUS OFFICINALIS EXTRACT,active,4,ROSMARINUS OFFICINALIS (ROSEMARY) EXTRACT; ROSMARINUS OFFICINALIS EXTRACT
SALICYLOYL DECAPEPTIDE-10,active,4,SALICYLOYL DECAPEPTIDE-10
SALICYLOYL PHYTOSPHINGOSINE,active,4,SALICYLOYL PHYTOSPHINGOSINE
SALIX ALBA BARK EXTRACT,active,4,SALIX ALBA BARK EXTRACT
SALVIA HISPANICA SEED OIL,active,4,SALVIA HISPANICA SEED OIL
SH-DECAPEPTIDE-5 SP,active,4,SH-DECAPEPTIDE-5 SP
SILANETRIOL,active,4,SILANETRIOL
SILICON FERMENT,active,4,SACCHAROMYCES/SILICON FERMENT
SILYBUM MARIANUM SEED OIL,active,4,SILYBUM MARIANUM SEED OIL
SODIUM ACETATE,base,4,SODIUM ACETATE
SODIUM LAURETH,base,4,SODIUM LAURATE
SODIUM LAURYL SULFATE,active,4,KOKOS SODIUM LAURYL SULFATE; SODIUM LAURYL SULFATE
SODIUM POLYGLUTAMATE,active,4,SODIUM POLYGLUTAMATE
SODIUM STEARATE,base,4,SODIUM STEARATE
SODIUM STEAROYL LACTYLATE,base,4,SODIUM STEAROYL LACTYLATE
STEARETH-2,base,4,STEARETH-2
SUCROSE COCOATE,active; base,4,SUCROSE COCOATE
SUNFLOWER SEED ACID,active,4,SUNFLOWER SEED ACID
TAMARINDUS INDICA EXTRACT,active,4,TAMARINDUS INDICA EXTRACT
TAMARINDUS INDICA SEED GUM,active,4,TAMARINDUS INDICA SEED GUM
TRIOCTYLDODECYL CITRATE,base,4,TRIOCTYLDODECYL CITRATE
TRIS CITRATE,base,4,TRIS(TETRAMETHYLHYDROXYPIPERIDINOL) CITRATE
TROPAEOLUM MAJUS EXTRACT,active,4,TROPAEOLUM MAJUS EXTRACT
TUBER MELANOSPORUM EXTRACT,active,4,TUBER MELANOSPORUM EXTRACT
USNEA BARBATA EXTRACT,active,4,USNEA BARBATA EXTRACT
VEGETABLE COLLAGEN,active,4,VEGETABLE COLLAGEN; VEGETABLE COLLAGEN (COLLAGEN AMINO ACIDS)
VITIS VINIFERA FRUIT WATER,active,4,VITIS VINIFERA FRUIT WATER; VITIS VINIFERA FRUIT WATER/GRAPE FRUIT WATER
3-AMINOPROPANE SULFONIC ACID,active,3,3-AMINOPROPANE SULFONIC ACID
ACACIA SENEGAL GUM EXTRACT,active,3,ACACIA SENEGAL GUM EXTRACT
ACEROLA CHERRY FERMENT,active,3,LACTOBACILLUS/ACEROLA CHERRY FERMENT
ACETYL SH-HEPTAPEPTIDE-1,active,3,ACETYL SH-HEPTAPEPTIDE-1
ACETYL TETRAPEPTIDE-15,active,3,ACETYL TETRAPEPTIDE-15
ACETYL TETRAPEPTIDE-5,active,3,ACETYL TETRAPEPTIDE-5
ACETYL TRIFLUOROMETHYLPHENYL VALYLGLYCINE,active,3,ACETYL TRIFLUOROMETHYLPHENYL VALYLGLYCINE
ACORUS CALAMUS ROOT EXTRACT,active,3,ACORUS CALAMUS ROOT EXTRACT
ACRYLATES/AMMONIUM METHACRYLATE COPOLYMER,base,3,ACRYLATES/AMMONIUM METHACRYLATE COPOLYMER
ACRYLONITRILE/METHYL METHACRYLATE/VINYLIDENE CHLORIDE COPOLYMER,base,3,ACRYLONITRILE/METHYL METHACRYLATE/VINYLIDENE CHLORIDE; ACRYLONITRILE/METHYL METHACRYLATE/VINYLIDENE CHLORIDE COPOLYMER
AGAVE TEQUILANA LEAF EXTRACT,active,3,AG AVE TEQUILANA LEAF EXTRACT; AGAVE TEQUILANA LEAF EXTRACT
ALOE BARBADENSIS LEAF WATER,active,3,ALOE BARBADENSIS LEAF WATER
ALOE YOHJYU MATSU EKISU,active,3,ALOE YOHJYU MATSU EKISU
ALUMINUM STEARATES,base,3,ALUMINUM STEARATES
AMMONIUM ACRYLOYLDIMETHYLTAURATE/CARBOXYETHYL ACRYLATE CROSSPOLYMER,base,3,AMMONIUM ACRYLOYL DIMETHYLTAURATE/CARBOXYETHYL ACRYLATE CROSSPOLYMER
AMMONIUM LACTATE,active,3,AMMONIUM LACTATE
AMYRIS BALSAMIFERA BARK OIL,active,3,AMYRIS BALSAMIFERA BARK OIL
APHANIZOMENON FLOS-AQUAE EXTRACT,active,3,APHANIZOMENON FLOS-AQUAE EXTRACT
ARCTOSTAPHYLOS UVA-URSI LEAF EXTRACT,active,3,ARCTOSTAPHYLOS UVA-URSI LEAF EXTRACT
ASPERGILLUS FERMENT,active,3,ASPERGILLUS FERMENT
ASTROCARYUM VULGARE SEED BUTTER,active,3,ASTROCARYUM VULGARE SEED BUTTER
AVENA SATIVA KERNEL FLOUR,active,3,AVENA SATIVA (OAT) KERNEL FLOUR; AVENA SATIVA KERNEL FLOUR
AVOBENZONE,uv filters,3,AVOBENZONE
BAMBUSA VULGARIS SHOOT EXTRACT,active,3,BAMBUSA VULGARIS SHOOT EXTRACT
BARIUM SULFATE,base,3,BARIUM SULFATE
BEHENYL DIMER DILINOLEATE,base,3,BEHENYL DIMER DILINOLEATE
BENZOPHENONE-4,uv filters,3,BENZOPHENONE-4
BENZYL NICOTINATE,active,3,BENZYL NICOTINATE
BRASSICA OLERACEA ITALICA EXTRACT,active,3,BRASSICA OLERACEA ITALICA (BROCCOLI) EXTRACT; BRASSICA OLERACEA ITALICA EXTRACT
BUTETH-3,base,3,BUTETH-3
C10-30 CHOLESTEROL,active; base,3,C10-30 CHOLESTEROL/LANOSTEROL ESTERS
C12-16 ALCOHOLS,base,3,C12-16 ALCOHOLS
C13-16 ISOALKANE,base,3,C13-16 ISOALKANE
C20-24 OLEFIN,base,3,C20-24 OLEFIN
C9-12 ALKANE,base,3,C9-12 ALKANE
CALCIUM HYDROXYMETHIONINE,active,3,CALCIUM HYDROXYMETHIONINE
CALCIUM LACTATE,active,3,CALCIUM LACTATE
CAMELLIA JAPONICA FLOWER EXTRACT,active,3,CAMELLIA JAPONICA FLOWER EXTRACT; CAMELLIA JAPONICAFLOWER EXTRACT
CANANGA ODORATA FLOWER OIL,active,3,CANANGA ODORATA FLOWER OIL
CAPRYLIC ACID,active; base,3,CAPRYLIC; CAPRYLIC ACID
CARYODENDRON ORINOCENSE SEED OIL,active,3,CARYODENDRON ORINOCENSE (CACAY) SEED OIL; CARYODENDRON ORINOCENSE (KAHAI) SEED OIL; CARYODENDRON ORINOCENSE SEED OIL
CASTANEA SATIVA SEED EXTRACT,active,3,CASTANEA SATIVA (CHESTNUT ) SEED EXTRACT
CEDRUS DEODARA WOOD OIL,active; fragrances,3,CEDRUS DEODARA WOOD OIL
CELLULOSE ACETATE BUTYRATE,base,3,CELLULOSE ACETATE BUTYRATE
CENTELLA ASIATICA EXTRACT FERMENT FILTRATE,active,3,LACTOBACILLUS/CENTELLA ASIATICA EXTRACT FERMENT FILTRATE
CENTELLA ASIATICA LEAF WATER,active,3,CENTELLA ASIATICA LEAF WATER
CETYL DIMETHICONE,base,3,CETYL DIMETHICONE; CETYLDIMETHICONE
CHAMOMILLA RECUTITA FLOWER OIL,active,3,CHAMOMILLA RECUTITA (MATRICARIA) FLOWER OIL
CHAMOMILLA RECUTITA FLOWER WATER,active,3,CHAMOMILLA RECUTITA (MATRICARIA) FLOWER WATER; CHAMOMILLA RECUTITA FLOWER WATER
CI 12085,dyes,3,CI 12085
CI 16255,dyes,3,CI 16255
CI 40800,dyes,3,CI 40800
CI 60730,dyes,3,CI 60730; CI 60730/EXT
CI 74160,dyes,3,CI 74160
CI 77289,dyes,3,CI 77289
CINCHONA PUBESCENS BARK EXTRACT,active,3,CINCHONA PUBESCENS BARK EXTRACT
CITRUS AURANTIFOLIA FRUIT EXTRACT,active,3,CITRUS AURANTIFOLIA (LIME) FRUIT EXTRACT; CITRUS AURANTIFOLIA FRUIT EXTRACT
CITRUS GRANDIS FRUIT EXTRACT,active,3,CITRUS GRANDIS FRUIT EXTRACT
CITRUS PARADISI PEEL OIL,active; fragrances,3,CITRUS PARADISI PEEL OIL
CITRUS TANGERINA PEEL OIL,active; fragrances,3,CITRUS TANGERINA PEEL OIL
CITRUS UNSHIU PEEL EXTRACT,active,3,CITRUS UNSHIU PEEL EXTRACT
COCONUT ACID,active; base,3,COCONUT ACID
COLLOIDAL PLATINUM,active,3,COLLOIDAL PLATINUM
COPPER SULFATE,base,3,COPPER SULFATE
COPTIS CHINENSIS ROOT EXTRACT,active,3,COPTIS CHINENSIS ROOT EXTRACT
CRATAEGUS MONOGYNA FLOWER EXTRACT,active,3,CRATAEGUS MONOGYNA (HAWTHORN) FLOWER EXTRACT; CRATAEGUS MONOGYNA FLOWER EXTRACT
CROCUS SATIVUS FLOWER EXTRACT,active,3,CROCUS SATIVUS FLOWER EXTRACT
CROCUS SATIVUS STIGMA EXTRACT,active,3,CROCUS SATIVUS STIGMA EXTRACT
CROSSPOLYMER,base,3,CROSSPOLYMER; CROSSPOPLYMER
CUCURBITACEAE EXTRACT,active,3,CUCURBITACEAE EXTRACT
CURCUMA ZEDOARIA RHIZOME EXTRACT,active,3,CURCUMA ZEDOARIA RHIZOME EXTRACT
CURCUMIN,active; dyes,3,CURCUMIN
CYMBOPOGON CITRATUS EXTRACT,active,3,CYMBOPOGON CITRATUS (LEMON GRASS) EXTRACT; CYMBOPOGON CITRATUS EXTRACT
CYNARA SCOLYMUS LEAF EXTRACT,active,3,CYNARA SCOLYMUS LEAF EXTRACT
DIAMOND POWDER,active,3,DIAMOND POWDER
DIHYDROMYRICETIN,active,3,DIHYDROMYRICETIN
DIISOSTEARYL DIMER DILINOLEATE,base,3,DIISOSTEARYL DIMER DILINOLEATE
DISODIUM LAURYL SULFOSUCCINATE,base,3,DISODIUM LAURYL SULFOSUCCINATE
ECHINACEA PURPUREA EXTRACT,active,3,ECHINACEA PURPUREA EXTRACT
ENANTIA CHLORANTHA BARK EXTRACT,active,3,ENANTIA CHLORANTHA BARK EXTRACT
ENTEROMORPHA COMPRESSA EXTRACT,active,3,ENTEROMORPHA COMPRESSA EXTRACT
EPILOBIUM ANGUSTIFOLIUM FLOWER,active,3,EPILOBIUM ANGUSTIFOLIUM FLOWER/LEAF/STEM EXTRACT
ETHYL LAUROYL ARGINATE HCL,preservative,3,ETHYL LAUROYL ARGINATE HCL
ETHYL VANILLIN,fragrances,3,ETHYL VANILLIN
ETHYLCELLULOSE,base,3,ETHYLCELLULOSE
FERULA GALBANIFLUA RESIN OIL,active; base,3,FERULA GALBANIFLUA RESIN OIL
GARDENIA JASMINOIDES MERISTEM CELL CULTURE,active,3,GARDENIA JASMINOIDES MARISTEM CELL CULTURE; GARDENIA JASMINOIDES MERISTEM CELL CULTURE
GINKGO BILOBA NUT EXTRACT,active,3,GINKGO BILOBA NUT EXTRACT
GLYCERYL POLYMETHACRYLATE,base,3,GLYCERYL POLYMETHACRYLATE
GLYCINE SOJA GERM EXTRACT,active,3,GLYCINE SOJA GERM EXTRACT
GLYCYRRHIZA INFLATA ROOT EXTRACT,active,3,GLYCYRRHIZA INFLATA ROOT EXTRACT
GOAT MILK EXTRACT,active,3,GOAT MILK EXTRACT
HAMAMELIS VIRGINIANA WATER,active,3,HAMAMELIS VIRGINIA (WITCH HAZEL) WATER; HAMAMELIS VIRGINIANA (WITCH HAZEL) WATER; HAMAMELIS VIRGINIANA WATER
HELICHRYSUM STOECHAS FLOWER EXTRACT,active,3,HELICHRYSUM STOECHAS FLOWER EXTRACT
HEPTYL UNDECYLENATE,base,3,HEPTYL UNDECYLENATE
HEXAMIDINE DIISETHIONATE,preservative,3,HEXAMIDINE DIISETHIONATE
HEXYLDECYL STEARATE,base,3,HEXYLDECYL STEARATE
HIPPOPHAE RHAMNOIDES EXTRACT,active; fragrances,3,HIPPOPHAE RHAMNOIDES EXTRACT
HYDROCOLLOID,base,3,HYDROCOLLOID
HYDROGENATED DILINOLEYL HYDROGENATED DIMER DILINOLEATE,base,3,HYDROGENATED DILINOLEYL HYDROGENATED DIMER DILINOLEATE/STEARATE
HYDROGENATED TETRADECENYL,base,3,HYDROGENATED TETRADECENYL/METHYLPENTADECENE
HYDROLYZED RHIZOBIAN GUM,active,3,HYDROLYZED RHIZOBIAN GUM
HYDROLYZED SODIUM DNA,active,3,HYDROLYZED SODIUM DNA
HYDROXYPINACOLONE RETINOATE,active,3,HYDROXYPINACOLONE RETINOATE
ISOBUTANE,base,3,ISOBUTANE
ISODONIS JAPONICUS LEAF,active,3,ISODONIS JAPONICUS LEAF/STALK EXTRACT
ISOSTEARYL,base,3,ISOSTEARYL
JASMINUM SAMBAC FLOWER EXTRACT,active; fragrances,3,JASMINUM SAMBAC (JASMINE) FLOWER EXTRACT; JASMINUM SAMBAC FLOWER EXTRACT
JUGLANS REGIA SHELL POWDER,active,3,JUGLANS REGIA SHELL POWDER
KUMMEROWIA STRIATA EXTRACT,active,3,KUMMEROWIA STRIATA EXTRACT
LAVANDULA HYBRIDA OIL,active; fragrances,3,LAVANDULA HYBRIDA OIL
LITHOPS PSEUDOTRUNCATELLA CALLUS LYSATE,active,3,LITHOPS PSEUDOTRUNCATELLA CALLUS LYSATE
LUFFA CYLINDRICA FRUIT EXTRACT,active,3,LUFFA CYLINDRICA FRUIT EXTRACT
LYCIUM CHINENSE FRUIT EXTRACT,active,3,LYCIUM CHINENSE FRUIT EXTRACT
MACADAMIA INTEGRIFOLIA,active,3,MACADAMIA INTEGRIFOLIA/TETRAPHYLLA SEED OIL
MAGNESIUM HYDROXIDE STEARATE,base,3,ALUMINUM/MAGNESIUM HYDROXIDE STEARATE
MAGNESIUM OXIDE,base,3,MAGNESIUM OXIDE
MALT EXTRACT,active,3,MALT EXTRACT
MARRUBIUM VULGARE EXTRACT,active,3,MARRUBIUM VULGARE EXTRACT
MEADOWFOAM ESTOLIDE,base,3,MEADOWFOAM ESTOLIDE
MELALEUCA ALTERNIFOLIA EXTRACT,active,3,MELALEUCA ALTERNIFOLIA EXTRACT
MELISSA OFFICINALIS LEAF EXTRACT,active,3,MELISSA OFFICINALIS LEAF EXTRACT
MINERAL OIL,active; base,3,MINERAL OIL
MOONSTONE EXTRACT,active,3,MOONSTONE EXTRACT
MORUS ALBA FRUIT EXTRACT,active,3,MORUS ALBA FRUIT EXTRACT
MUSA SAPIENTIUM EXTRACT,active,3,MUSA SAPIENTIUM EXTRACT
MUSA SAPIENTUM FLOWER EXTRACT,active,3,MUSA SAPIENTUM FLOWER EXTRACT
NYMPHAEA ALBA FLOWER EXTRACT,active,3,NYMPHAEA ALBA FLOWER EXTRACT
OLEA EUROPAEA LEAF EXTRACT,active,3,OLEA EUROPAEA LEAF EXTRACT
OLEANOLIC ACID,active,3,OLEANOLIC ACID
OLIVE OIL GLYCERETH-8 ESTERS,active; base,3,OLIVE OIL GLYCERETH-8 ESTERS
ONSEN-SUI,active,3,ONSEN-SUI
ORYZA SATIVA GERM OIL,active; base,3,ORYZA SATIVA (RICE) GERM OIL; ORYZA SATIVA GERM OIL
ORYZA SATIVA GERM POWDER,active,3,ORYZA SATIVA GERM POWDER
PAEONIA ALBIFLORA ROOT EXTRACT,active,3,PAEONIA ALBIFLORA ROOT EXTRACT
PALMITOYL DIPEPTIDE-10,active,3,PALMITOYL DIPEPTIDE-10
PANAX GINSENG BERRY EXTRACT,active,3,PANAX GINSENG BERRY EXTRACT; PANAX GINSENGBERRY EXTRACT
PAPAVER RHOEAS FLOWER EXTRACT,active,3,PAPAVER RHOEAS FLOWER EXTRACT
PASSIFLORA EDULIS FRUIT EXTRACT,active,3,PASSIFLORA EDULIS FRUIT EXTRACT
PASSIFLORA INCARNATA SEED OIL,active,3,PASSIFLORA INCARNATA SEED OIL
PAULLINIA CUPANA SEED EXTRACT,active,3,PAULLINIA CUPANA SEED EXTRACT
PEG-12 DIMETHICONE,active; base,3,PEG-12 DIMETHICONE
PEG-32,base,3,PEG-32
PERILLA OCYMOIDES LEAF EXTRACT,active,3,PERILLA OCYMOIDES LEAF EXTRACT
PHENOXYETHYL CAPRYLATE,base,3,PHENOXYETHYL CAPRYLATE
PHENYLETHYL RESORCINOL,active,3,PHENYLETHYL RESORCINOL
PHENYLPROPANOL,fragrances,3,PHENYLPRO- PANOL; PHENYLPROPANOL
PHYTOSTERYL,active,3,PHYTOSTERYL
PLANTAGO LANCEOLATA SEED EXTRACT,active,3,PLANTAGO LANCEOLATA SEED EXTRACT
POLOXAMER 124,base,3,POLOXAMER 124
POLYETHER-1,base,3,POLYETHER-1
POLYGLYCERYL-10 CAPRYLATE,base,3,POLYGLYCERYL-10 CAPRYLATE; POLYGLYCERYL-10 CAPRYLATE/CAPRATE
POLYGLYCERYL-10 HYDROXYSTEARATE,base,3,POLYGLYCERYL-10 HYDROXYSTEARATE/STEARATE/EICOSADIOATE
POLYGLYCERYL-10 ISOSTEARATE,base,3,POLYGLYCERYL-10 ISOSTEARATE
POLYGLYCERYL-3 RICE BRANATE,base,3,POLYGLYCERYL-3 RICE BRANATE
POLYGLYCERYL-3 RICINOLEATE,base,3,POLYGLYCERYL-3 RICINOLEATE
POLYGLYCERYL-3 STEARATE,base,3,POLYGLYCERYL-3 STEARATE
POLYGLYCERYL-4 PELARGONATE,base,3,POLYGLYCERYL-4 PELARGONATE
POLYGLYCERYL-6 OLEATE,base,3,POLYGLYCERYL-6 OLEATE; POLYGLYCERYL-6 OLEATE (PLANT ORIGIN)
POLYMETHYL METHACRYLATE,base,3,POLYMETHYL METHACRYLATE
POLYQUATERNIUM-67,base,3,POLYQUATERNIUM-67
POLYQUATERNIUM-7,base,3,POLYQUATERNIUM-7
POPULUS TREMULOIDES BARK EXTRACT,active,3,POPULUS TREMULOIDES BARK EXTRACT
POTASSIUM BENZOATE,preservative,3,POTASSIUM BENZOATE
POTASSIUM LACTATE,active,3,POTASSIUM LACTATE
POTASSIUM PALMITOYL HYDROLYZED WHEAT PROTEIN,active,3,POTASSIUM PALMITOYL HYDROLYZED WHEAT PROTEIN
POTATO EXTRACT FERMENT FILTRATE,active,3,SACCHAROMYCES/POTATO EXTRACT FERMENT FILTRATE
PPG-5-CETETH-20,base,3,PPG-5-CETETH-20; PPG-5-CETETH20
PROPYLENE GLYCOL DIBENZOATE,base,3,PROPYLENE GLYCOL DIBENZOATE
PRUNUS ARMENIACA FRUIT EXTRACT,active,3,PRUNUS ARMENIACA FRUIT EXTRACT
PSIDIUM GUAJAVA LEAF EXTRACT,active,3,PSIDIUM GUAJAVA LEAF EXTRACT
PULSATILLA KOREANA EXTRACT,active,3,PULSATILLA KOREANA EXTRACT
RHAMNOSE,active,3,RHAMNOSE
RHEUM PALMATUM ROOT,active,3,RHEUM PALMATUM ROOT/STALK EXTRACT
RIBES NIGRUM LEAF EXTRACT,active,3,RIBES NIGRUM LEAF EXTRACT
RIBOFLAVIN,active; dyes,3,RIBOFLAVIN
ROSA CANINA FLOWER EXTRACT,active,3,ROSA CANINA FLOWER EXTRACT
ROSA DAMASCENA FLOWER EXTRACT,active; fragrances,3,ROSA DAMASCENA FLOWER EXTRACT
ROSA RUBIGINOSA SEED OIL,active,3,ROSA RUBIGINOSA SEED OIL
SALVIA OFFICINALIS OIL,active,3,SALVIA OFFICINALIS (SAGE) OIL; SALVIA OFFICINALIS OIL
SALVIA SCLAREA EXTRACT,active,3,SALVIA SCLAREA EXTRACT
SARCOSINE,active,3,SARCOSINE
SEPIOLITE,base,3,SEPIOLITE
SHOREA ROBUSTA RESIN,active; base,3,SHOREA ROBUSTA RESIN
SILICON,base,3,100 % SILIKON; SILICON; SILIKON MEDYCZNY
SILYBUM MARIANUM FRUIT EXTRACT,active,3,SILYBUM MARIANUM FRUIT EXTRACT; SILYBYM MARIANUM FRUIT EXTRACT
SODIUM ASCORBATE,active,3,SODIUM ASCORBATE
SODIUM BENZOTRIAZOLYL BUTYLPHENOL SULFONATE,base,3,SODIUM BENZOTRIAZOLYL BUTYLPHENOL SULFONATE
SODIUM COCOYL ALANINATE,base,3,SODIUM COCOYL ALANINATE
SODIUM SURFACTIN,base,3,SODIUM SURFACTIN; SODIUM SURFACTIN (PLANT ORIGIN)
SORBITAN PALMITATE,base,3,SORBITAN PALMITATE
STEARALKONIUM HECTORITE,base,3,STEARALKONIUM HECTORITE
STYRENE/ACRYLATES COPOLYMER,base,3,STYRENE/ACRYLATES COPOLYMER
STYRENE/VP COPOLYMER,base,3,STYRENE/VP COPOLYMER
SUCCINIC ACID,active,3,SUCCINIC ACID
SUCROSE TETRASTEARATE TRIACETATE,base,3,SUCROSE TETRASTEARATE TRIACETATE
SWEET ALMOND OIL POLYGLYCERYL-4 ESTERS,active; base,3,SWEET ALMOND OIL POLYGLYCERYL-4 ESTERS
TALC,base,3,TALC
TARAXACUM OFFICINALE RHIZOME,active,3,TARAXACUM OFFICINALE RHIZOME/ROOT EXTRACT
TEPHROSIA PURPUREA SEED EXTRACT,active,3,TEPHROSIA PURPUREA SEED EXTRACT
THIAMINE HCL,active,3,THIAMINE HCL
TRIBUTYL CITRATE,base,3,TRIBUTYL CITRATE
TRICAPRYLIN,active; base,3,TRICAPRYLIN
TRIDECETH-9,base,3,TRIDECETH-9
TRIETHYLENE GLYCOL ROSINATE,base,3,PLASTRY DO CIAŁA: TRIETHYLENE GLYCOL ROSINATE; PLASTRY Z WOSKIEM NA ZIMNO: TRIETHYLENE GLYCOL ROSINATE; WOSK W PLASTRACH: TRIETHYLENE GLYCOL ROSINATE
TRIPEPTIDE-2,active,3,TRIPEPTIDE-2
TRIPEPTIDE-29,active,3,TRIPEPTIDE-29
TRIPEPTIDE-3,active,3,TRIPEPTIDE-3
VIGNA ACONITIFOLIA SEED EXTRACT,active,3,VIGNA ACONITIFOLIA SEED EXTRACT
VIGNA RADIATA SEED EXTRACT,active,3,VIGNA RADIATA SEED EXTRACT
VP/EICOSENE COPOLYMER,base,3,VP/EICOSENE COPOLYMER
YEAST BETA-GLUCAN,active,3,YEAST BETA GLUCAN; YEAST BETA-GLUCAN
"1,5-PENTANEDIOL",active; base,2,"1,5-PENTANEDIOL"
"2-OLEAMIDO-1,3-OCTADECANEDIOL",active,2,"2 - OLEAMIDO-1,3 -OCTADECANEDIOL; 2-OLEAMIDO-1,3-OCTADECANEDIOL"
3-0-ETHYL ASCORBIC ACID,active,2,3-0-ETHYL ASCORBIC ACID
4-T-BUTYLCYCLOHEXANOL,active,2,4-T-BUTYLCYCLOHEXANOL
4-TERPINEOL,active; fragrances,2,4-TERPINEOL
ABIES SIBIRICA OIL,active; base,2,ABIES SIBIRICA OIL
ACACIA DECURRENS FLOWER WAX,active; base,2,ACACIA DECURRENS FLOWER WAX
ACETYL HEXAPEPTIDE-1,active,2,ACETYL HEXAPEPTIDE-1
ACHILLEA MILLEFOLIUM FLOWER EXTRACT,active,2,ACHILLEA MILLEFOLIUM FLOWER EXTRACT
ACRYLATES/C12-22 ALKYL METHACRYLATE COPOLYMER,base,2,ACRYLATES/C12-22 ALKYL METHACRYLATE COPOLYMER
ACRYLATES/METHOXY PEG-15 METHACRYLATE COPOLYMER,base,2,ACRYLATES/METHOXY PEG-15 METHACRYLATE COPOLYMER
ACTINIDIA CHINENSIS FRUIT,active,2,ACTINIDIA CHINENSIS FRUIT
AESCULUS HIPPOCASTANUM EXTRACT,active,2,AESCULUS HIPPOCASTANUM (HORSE CHESTNUT) EXTRACT; AESCULUS HIPPOCASTANUM EXTRACT
ALCHEMILLA VULGARIS EXTRACT,active,2,ALCHEMILLA VULGARIS EXTRACT
ALOE VERA LEAF EXTRACT,active,2,ALOE VERA LEAF EXTRACT
ALTHAEA OFFICINALIS ROOT EXTRACT,active,2,ALTHAEA OFFICINALIS ROOT EXTRACT
ALUMINUM,base,2,ALUMINUM
ALUMINUM CHLORIDE,active,2,ALUMINUM CHLORIDE
ALUMINUM SUCROSE OCTASULFATE,active,2,ALUMINUM SUCROSE OCTASULFATE
AMBER EXTRACT,active,2,AMBER EXTRACT
AMBER POWDER,active,2,AMBER POWDER
AMETHYST EXTRACT,active,2,AMETHYST EXTRACT
ANGELICA ARCHANGELICA ROOT EXTRACT,active,2,ANGELICA ARCHANGELICA ROOT EXTRACT
ARACHIS HYPOGAEA OIL,active,2,ARACHIS HYPOGAEA OIL
ARCTIUM MAJUS ROOT EXTRACT,active,2,ARCTIUM MAJUS ROOT EXTRACT
ARTEMIA EXTRACT,active,2,ARTEMIA EXTRACT
ARTEMISIA ANNUA EXTRACT,active,2,ARTEMISIA ANNUA EXTRACT
ASARUM SIEBOLDII ROOT EXTRACT,active,2,ASARUM SIEBOLDII ROOT EXTRACT
ASPALATHUS LINEARIS EXTRACT,active,2,ASPALATHUS LINEARIS EXTRACT
ASPALATHUS LINEARIS LEAF EXTRACT,active,2,ASPALATHUS LINEARIS LEAF EXTRACT
ASTROCARYUM MURUMURU SEED BUTTER,active,2,ASTROCARYUM MURUMURU SEED BUTTER
AUREOBASIDIUM PULLULANS FERMENT EXTRACT,active,2,AUREOBASIDIUM PULLULANS FERMENT EXTRACT
BABASSU OIL GLYCERETH-8 ESTERS,active; base,2,BABASSU OIL GLYCERETH-8 ESTERS
BACILLUS/SOYBEAN FERMENT EXTRACT,active,2,BACILLUS/SOYBEAN FERMENT EXTRACT; FERMENTACJA SOI
BACKHOUSIA CITRIODORA LEAF EXTRACT,active,2,BACKHOUSIA CITRIODORA LEAF EXTRACT
BACOPA MONNIERI EXTRACT,active,2,BACOPA MONNIERI EXTRACT
BEHENYL BEESWAX,active; base,2,BEHENYL BEESWAX
BEHENYL BEHENATE,base,2,BEHENYL BEHENATE
BELLIS PERENNIS EXTRACT,active,2,BELLIS PERENNIS EXTRACT
BERTHOLLETIA EXCELSA SEED OIL,active,2,BERTHOLLETIA EXCELSA SEED OIL
BETULA ALBA BARK,active,2,BETULA ALBA (BIRCH) BARK/LEAF EXTRACT; BETULA ALBA BARK/LEAF EXTRACT
BIDENS PILOSA EXTRACT,active,2,BIDENS PILOSA EXTRACT
BIOFLAVONOIDS,active,2,BIOFLAVONOIDS
BIOSACCHARIDE GUM-4,active; base,2,BIOSACCHARIDE GUM-4
BIS DIGLYCERYL POLYACYLADIPATE 2,base,2,BIS DIGLYCERYL POLYACYLADIPATE 2
BRASSICA NIGRA SEED FERMENT EXTRACT,active,2,LACTOBACILLUS/BRASSICA NIGRA SEED FERMENT EXTRACT
BRASSICA OLERACEA ACEPHALA LEAF EXTRACT,active,2,BRASSICA OLERACEA ACEPHALA LEAF EXTRACT
BUDDING AUREUS FERMENTATION PRODUCT,active,2,BUDDING AUREUS FERMENTATION PRODUCT
C15-23 ALKANE,base,2,C15-23 ALKANE
C18-50 ISOALKANE,base,2,C18-50 ISOALKANE
C20-40 ALKYL STEARATE,active; base,2,C20-40 ALKYL STEARATE
CAESALPINIA SPINOSA EXTRACT,active,2,CAESALPINIA SPINOSA EXTRACT
CALCIUM CARBONATE,base; dyes,2,CALCIUM CARBONATE
CALENDULA OIL,active; fragrances,2,CALENDULA OIL
CAMELIA SINENSIS LEAF EXTRACT,active,2,CAMELIA SINENSIS (GREEN TEA) LEAF EXTRACT; CAMELIA SINENSIS LEAF EXTRACT
CAMELLIA SINENSIS LEAF POWDER,active,2,CAMELLIA SINENSIS LEAF POWDER
CAPRAMIDOPROPYL BETAINE,base,2,CAPRYL/CAPRAMIDOPROPYL BETAINE; CAPRYLYL/CAPRAMIDOPROPYL BETAINE
CAPRIC GLYCERIDES POLYGLYCERYL-10 ESTERS,base,2,CAPRYLIC/CAPRIC GLYCERIDES POLYGLYCERYL-10 ESTERS
CAPRYLOYL GLYCERIN,active; base,2,CAPRYLOYL GLYCERIN/SEBACIC ACID COPOLYMER
CAPSANTHIN,active; dyes,2,CAPSANTHIN/CAPSORUBIN
CAPSICUM FRUTESCENS FRUIT EXTRACT,active,2,CAPSICUM FRUTESCENS FRUIT EXTRACT
CASSIA OBTUSIFOLIA SEED EXTRACT,active,2,CASSIA OBTUSIFOLIA SEED EXTRACT
CASTOR OIL,active,2,CASTOR OIL; CASTOR OIL/IPDI COPOLYMER
CETEARETH-6,base,2,CETEARETH-6
CETYL PHOSPHATE,base,2,CETYL PHOSPHATE
CETYL RICINOLEATE,base,2,CETYL RICINOLEATE
CETYL STEARATE,base,2,CETYL STEARATE
CHAMAECYPARIS OBTUSA LEAF EXTRACT,active,2,CHAMAECYPARIS OBTUSA LEAF EXTRACT
CHAMOMILLA RECUTITA FLOWER,active,2,CHAMOMILLA RECUTITA FLOWER; CHAMOMILLA RECUTITA FLOWER/LEAF EXTRACT
CHITOSAN,base,2,CHITOSAN
CHLOROPHYLLIN-COPPER COMPLEX,active; dyes,2,CHLOROPHYLLIN-COPPER COMPLEX
CHRYSANTHELLUM INDICUM EXTRACT,active,2,CHRYSANTHELLUM INDICUM EXTRACT
CI 12490,dyes,2,CI 12490
CI 14815,dyes,2,CI 14815; CI14815
CI 15880,dyes,2,CI 15880
CI 47000,dyes,2,CI 47000
CICHORIUM INTYBUS LEAF EXTRACT,active,2,CICHORIUM INTYBUS LEAF EXTRACT
CISTUS INCANUS LEAF EXTRACT,active,2,CISTUS INCANUS LEAF EXTRACT
CITROFORTUNELLA MICROCARPA FRUIT EXTRACT,active,2,CITROFORTUNELLA MICROCARPA FRUIT EXTRACT
CITRULLUS VULGARIS SEED OIL,active,2,CITRULLUS VULGARIS (WATERMELON) SEED OIL; CITRULLUS VULGARIS SEED OIL
CITRUS AURANTIUM AMARA FRUIT EXTRACT,active,2,CITRUS AURANTIUM AMARA FRUIT EXTRACT
CITRUS AURANTIUM DULCIS PEEL EXTRACT,active,2,CITRUS AURANTIUM DULCIS PEEL EXTRACT
CITRUS LIMON SEED OIL,active,2,CITRUS LIMON SEED OIL
CITRUS NOBILIS PEEL OIL,active; fragrances,2,CITRUS NOBILIS PEEL OIL
CITRUS SINENSIS FRUIT EXTRACT,active,2,CITRUS SINENSIS FRUIT EXTRACT
COCAMIDOPROPYL DIMETHYLAMINE,base,2,COCAMIDOPROPYL DIMETHYLAMINE
COCOS NUCIFERA FRUIT JUICE,active,2,COCOS NUCIFERA FRUIT JUICE; COCOS NUCIFERA FRUIT JUICE/COCONUT FRUIT JUICE
COCOYL PROLINE,active; base,2,COCOYL PROLINE
COLLOIDAL SILVER,active,2,COLLOIDAL SILVER
COMMIPHORA MYRRHA RESIN EXTRACT,active,2,COMMIPHORA MYRRHA RESIN EXTRACT
COPPER PCA,active,2,COPPER PCA
CORIANDRUM SATIVUM EXTRACT,active,2,CORIANDRUM SATIVUM EXTRACT
CORYDALIS TURTSCHANINOVII ROOT EXTRACT,active,2,CORYDALIS TURTSCHANINOVII ROOT EXTRACT
CRITHMUM MARITIMUM EXTRACT,active,2,CRITHMUM MARITIMUM (SEA FENNEL) EXTRACT; CRITHMUM MARITIMUM EXTRACT
CUCURBITA PEPO FRUIT EXTRACT,active,2,CUCURBITA PEPO FRUIT EXTRACT
CUCURBITA PEPO SEED EXTRACT,active,2,CUCURBITA PEPO SEED EXTRACT
CYMBOPOGON MARTINI OIL,active,2,CYMBOPOGON MARTINI OIL
DAUCUS CAROTA SATIVA ROOT FERMENT FILTRATE,active,2,LACTOBACILLUS/DAUCUS CAROTA SATIVA ROOT FERMENT FILTRATE
DAVIDSONIA JERSEYANA FRUIT EXTRACT,active,2,DAVIDSONIA JERSEYANA (DAVIDSON’S PLUM) FRUIT EXTRACT
DEHYDROXANTHAN GUM,base,2,DEHYDROXANTHAN GUM
DENDROBIUM OFFICINALE STEM EXTRACT,active,2,DENDROBIUM OFFICINALE STEM EXTRACT
DIAZOLIDINYL UREA,preservative,2,DIAZOLIDINYL UREA
DIHEPTYL SUCCINATE,base,2,DIHEPTYL SUCCINATE
DILAURYL CITRATE,base,2,DILAURYL CITRATE
DIMETHYLIMIDAZOLIDINONE RICE STARCH,base,2,DIMETHYLIMIDAZOLIDINONE RICE STARCH
DIMETHYLMETHOXY CHROMANOL,active,2,DIMETHYLMETHOXY CHROMANOL
DIMETHYLMETHOXY CHROMANYL PALMITATE,active,2,DIMETHYLMETHOXY CHROMANYL PALMITATE
DIPEPTIDE-1 CETYL ESTER,active,2,DIPEPTIDE-1 CETYL ESTER
DIPHENYL DIMETHICONE,base,2,DIPHENYL DIMETHICONE
DIPROPYLENE GLYCOL DIBENZOATE,base,2,DIPROPYLENE GLYCOL DIBENZOATE
DODECANE,base,2,DODECANE
ECKLONIA CAVA EXTRACT,active,2,ECKLONIA CAVA EXTRACT
ELASTIN,active,2,ELASTIN
ELETTARIA CARDAMOMUM SEED EXTRACT,active,2,ELETTARIA CARDAMOMUM SEED EXTRACT
EPIGALLOCATECHIN GALLATYL GLUCOSIDE,active,2,EPIGALLOCATECHIN GALLATYL GLUCOSIDE
ETHYLENE/PROPYLENE COPOLYMER,base,2,ETHYLENE/PROPYLENE COPOLYMER
ETHYLHEXYGLYCERIN,base,2,ETHYLHEXYGLYCERIN
EUCALYPTUS GLOBULUS LEAF EXTRACT,active,2,EUCALYPTUS GLOBULUS LEAF EXTRACT
EUCALYPTUS GLOBULUS LEAF WATER,active,2,EUCALYPTUS GLOBULUS LEAF WATER
EUGENIA CARYOPHYLLUS LEAF OIL,active; fragrances,2,EUGENIA CARYOPHYLLUS (CLOVE) LEAF OIL
FAGUS SYLVATICA BUD EXTRACT,active,2,FAGUS SYLVATICA BUD EXTRACT
FOENICULUM VULGARE SEED EXTRACT,active,2,FOENICULUM VULGARE SEED EXTRACT
FOMES OFFICINALIS EXTRACT,active,2,FOMES OFFICINALIS (MUSHROOM) EXTRACT; FOMES OFFICINALIS EXTRACT
FRAXINUS EXCELSIOR BARK EXTRACT,active,2,FRAXINUS EXCELSIOR BARK EXTRACT
FRUCTAN,active,2,FRUCTAN
FUMARIC ACID,base,2,FUMARIC ACID
GARDENIA FLORIDA FLOWER EXTRACT,active,2,GARDENIA FLORIDA FLOWER EXTRACT
GARDENIA TAHITENSIS FLOWER EXTRACT,active,2,GARDENIA TAHITENSIS FLOWER EXTRACT; GARDENIA TAITENSIS FLOWER EXTRACT
GENTIANA MACROPHYLLA EXTRACT,active,2,GENTIANA MACROPHYLLA EXTRACT
GENTIANA SCABRA EXTRACT,active,2,GENTIANA SCABRA EXTRACT
GLUCONIC ACID,active,2,GLUCONIC ACID
GLUCOSYLRUTIN,active,2,GLUCOSYLRUTIN
GLUTAMYLAMIDOETHYL IMIDAZOLE,active,2,GLUTAMYLAMIDOETHYL IMIDAZOLE
GLYCERETH-25 ISOSTEARATE,base,2,GLYCERETH-25 ISOSTEARATE; GLYCERETH-25 PCA ISOSTEARATE
GLYCERYL LINOLEATE,active; base,2,GLYCERYL LINOLEATE; GLYCERYL LINOLENATE
GLYCINE SOJA OIL FERMENT,active,2,GLYCINE SOJA OIL FERMENT; LACTOBACILLUS/MILK SOLIDS/GLYCINE SOJA (SOYBEAN) OIL FERMENT
GLYCINE SOJA PEPTIDE,active,2,GLYCINE SOJA PEPTIDE
GLYCINE SOJA PHYTOPLACENTA EXTRACT,active,2,GLYCINE SOJA PHYTOPLACENTA EXTRACT
GLYCINE SOJA STEROLS,active,2,GLYCINE SOJA (SOYBEEN) STEROLS; GLYCINE SOJA STEROLS
GLYCOL,base,2,GLYCOL
GLYCYRRHIZA GLABRA EXTRACT,active,2,GLYCYRRHIZA GLABRA EXTRACT
GOSSYPIUM HERBACEUM EXTRACT,active,2,GOSSYPIUM HERBACEUM (COTTON) EXTRACT
GUAIAZULENE,active; dyes,2,GUAIAZULENE
HEDERA HELIX EXTRACT,active,2,HEDERA HELIX EXTRACT
HEDYCHIUM CORONARIUM ROOT EXTRACT,active,2,HEDYCHIUM CORONARIUM ROOT EXTRACT
HEPTANOL,base,2,HEPTANOL
HIBISCUS SYRIACUS BARK EXTRACT,active,2,HIBISCUS SYRIACUS BARK EXTRACT
HOMOSALATE,uv filters,2,HOMOSALATE
HONEY,active,2,HONEY; MEL/HONEY
HORDEUM VULGARE EXTRACT,active,2,HORDEUM VULGARE EXTRACT
HORDEUM VULGARE SEED EXTRACT,active,2,HORDEUM VULGARE SEED EXTRACT
HYDROGENATED OLIVE OIL STEARYL ESTERS,active; base,2,HYDROGENATED OLIVE OIL STEARYL ESTERS
HYDROGENATED PALM ACID,active; base,2,HYDROGENATED PALM ACID
HYDROGENATED POLYCYCLOPENTADIENE,active; base,2,HYDROGENATED POLYCYCLOPENTADIENE
HYDROGENATED STYRENE/BUTADIENE COPOLYMER,base,2,HYDROGENATED STYRENE/BUTADIENE COPOLYMER
HYDROLYZED ALGAE EXTRACT,active,2,HYDROLYZED ALGAE EXTRACT
HYDROLYZED GARDENIA FLORIDA EXTRACT,active,2,HYDROLYZED GARDENIA FLORIDA EXTRACT
HYDROLYZED RHODOPHYCEAE EXTRACT,active,2,HYDROLYZED RHODOPHYCEAE EXTRACT
HYDROXYAPATITE,active; base,2,HYDROXYAPATITE
HYDROXYDECYL UBIQUINONE,active,2,HYDROXYDECYL UBIQUINONE
HYDROXYHYDROCINNAMATE,active,2,HYDROXYHYDROCINNAMATE
HYDROXYPALMITOYL SPHINGANINE,active,2,HYDROXYPALMITOYL SPHINGANINE
ISOCETYL STEARATE,active; base,2,ISOCETYL STEARATE
ISONIACINAMIDE,base,2,ISONIACINAMIDE
ISOPROPYL LAURATE,base,2,ISOPROPYL LAURATE
ISOPROPYL LAUROYL SARCOSINATE,base,2,ISOPROPYL LAUROYL SARCOSINATE
ISOPROPYL STEARATE,base,2,ISOPROPYL STEARATE
ISOPROPYL TITANIUM TRIISOSTEARATE,base,2,ISOPROPYL TITANIUM TRIISOSTEARATE
ISOQUERCITRIN,active,2,ISOQUERCITRIN
ISOSTEARYL LACTATE,active,2,ISOSTEARYL LACTATE
JUNIPERUS MEXICANA OIL,active; fragrances,2,JUNIPERUS MEXICANA OIL
LAMINARIA DIGITATA EXTRACT,base,2,LAMINARIA DIGITATA EXTRACT
LAMINARIA OCHROLEUCA EXTRACT,active,2,LAMINARIA OCHROLEUCA EXTRACT
LARIX SIBIRICA WOOD EXTRACT,active,2,LARIX SIBIRICA WOOD EXTRACT
LAURYL OLIVATE,active; base,2,LAURYL OLIVATE
LAURYL PEG-9 POLYDIMETHYLSILOXYETHYL DIMETHICONE,base,2,LAURYL PEG-9 POLYDIMETHYLSILOXYETHYL DIMETHICONE
LAVANDULA ANGUSTIFOLIA EXTRACT,active,2,LAVANDULA ANGUSTIFOLIA (LAVENDER) EXTRACT; LAVANDULA ANGUSTIFOLIA EXTRACT
LAVANDULA ANGUSTIFOLIA FLOWER WATER,active,2,LAVANDULA ANGUSTIFOLIA (LAVENDER) FLOWER WATER; LAVANDULA ANGUSTIFOLIA FLOWER WATER
LEMONGRASS OIL,active; fragrances,2,LEMONGRASS OIL
LILIUM TIGRINUM EXTRACT,active,2,LILIUM TIGRINUM EXTRACT
LINOLEIC POLYGLYCERIDES,active; base,2,OLEIC/LINOLEIC/LINOLENIC POLYGLYCERIDES
LINUM USITATISSIMUM EXTRACT,active,2,LINUM USITATISSIMUM EXTRACT
LUFFA CYLINDRICA SEED OIL,active,2,LUFFA CYLINDRICA SEED OIL
MACHILUS THUNBERGII BARK EXTRACT,active,2,MACHILUS THUNBERGII BARK EXTRACT
MALACHITE EXTRACT,active,2,MALACHITE EXTRACT
MALEIC ACID,base,2,MALEIC ACID
MALPIGHIA GLABRA FRUIT JUICE,active,2,MALPIGHIA GLABRA FRUIT JUICE
MALUS DOMESTICA FRUIT EXTRACT,active,2,MALUS DOMESTICA FRUIT EXTRACT
MANGIFERA INDICA LEAF EXTRACT,active,2,MANGIFERA INDICA (MANGO) LEAF EXTRACT
MELIA AZADIRACHTA BARK EXTRACT,active,2,MELIA AZADIRACHTA BARK EXTRACT
MENADIONE,active,2,MENADIONE
MENTHA PIPERITA LEAF WATER,active,2,MENTHA PIPERITA LEAF WATER
MENTHONE GLYCERIN ACETAL,active; fragrances,2,MENTHONE GLYCERIN ACETAL
MENTHOXYPROPANEDIOL,active,2,MENTHOXYPROPANEDIOL
METHYL ACETATE,base,2,METHYL ACETATE
METHYL SOYATE,base,2,METHYL SOYATE
METHYLSILANOL HYDROXYPROLINE ASPARTATE,active,2,METHYLSILANOL HYDROXYPROLINE ASPARTATE
METHYLSILANOL/SILICATE CROSSPOLYMER,base,2,METHYLSILANOL/SILICATE CROSSPOLYMER
MYRISTYL GLUCOSIDE,base,2,MYRISTYL GLUCOSIDE
MYROTHAMNUS FLABELLIFOLIA CALLUS CULTURE EXTRACT,active,2,MYROTHAMNUS FLABELLIFOLIA CALLUS CULTURE EXTRACT
NELUMBO NUCIFERA CALLUS CULTURE EXTRACT,active,2,NELUMBO NUCIFERA CALLUS CULTURE EXTRACT
NEOFINETIA FALCATA CALLUS CULTURE EXTRACT,active,2,NEOFINETIA FALCATA CALLUS CULTURE EXTRACT
NEOTAME,fragrances,2,NEOTAME
NIACIN,active,2,NIACIN
OLEA EUROPAEA POMACE EXTRACT,active,2,OLEA EUROPAEA (OLIVE) POMACE EXTRACT
OLIGOPEPTIDE-1,active,2,OLIGOPEPTIDE-1
OPHIOPOGON JAPONICUS ROOT EXTRACT,active,2,OPHIOPOGON JAPONICUS ROOT EXTRACT
OPUNTIA DILLENII EXTRACT,active,2,OPUNTIA DILLENII EXTRACT
OPUNTIA FICUS-INDICA FRUIT EXTRACT,active,2,OPUNTIA FICUS INDICA FRUIT EXTRACT; OPUNTIA FICUS-INDICA FRUIT EXTRACT
ORYZA SATIVA CALLUS CULTURE EXTRACT,active,2,ORYZA SATIVA CALLUS CULTURE EXTRACT
ORYZA SATIVA POWDER,base,2,ORYZA SATIVA (RICE) POWDER; ORYZA SATIVA POWDER
PALMARIA PALMATA EXTRACT,active,2,PALMARIA PALMATA EXTRACT
PALMITOYL OLIGOPEPTIDE,active; base,2,PALMITOYL OLIGOPEPTIDE
PANAX GINSENG ROOT WATER,active,2,PANAX GINSENG ROOT WATER
PAPAVER SOMNIFERUM SEED OIL,active,2,PAPAVER SOMNIFERUM SEED OIL
PCA ZINC,active,2,PCA ZINC
PEG,base,2,PEG
PEG-8 LAURATE,base,2,PEG-8 LAURATE
PEG/PPG-16/6 COPOLYMER,base,2,PEG/PPG-16/6 COPOLYMER
PELVETIA CANALICULATA EXTRACT,active,2,PELVETIA CANALICULATA EXTRACT
PENTAERYTHRITYL TETRA-DI-T-BUTYL,active,2,PENTAERYTHRITYL TETRA-DI-T-BUTYL
PERILLA FRUTESCENS LEAF EXTRACT,active,2,PERILLA FRUTESCENS LEAF EXTRACT
PERILLA OCYMOIDES SEED EXTRACT,active,2,PERILLA OCYMOIDES SEED EXTRACT
PERSICARIA HYDROPIPER EXTRACT,active,2,PERSICARIA HYDROPIPER EXTRACT
PHASEOLUS ANGULARIS SEED EXTRACT,active,2,PHASEOLUS ANGULARIS SEED EXTRACT
PHASEOLUS ANGULARIS SEED POWDER,active,2,PHASEOLUS ANGULARIS SEED POWDER
PHASEOLUS RADIATUS SEED EXTRACT,active,2,PHASEOLUS RADIATUS SEED EXTRACT
PHELLODENDRON AMURENSE BARK EXTRACT,active,2,PHELLODENDRON AMURENSE BARK EXTRACT
PHYLLOSTACHYS PUBESCENS SHOOT BARK EXTRACT,active,2,PHYLLOSTACHYS PUBESCENS SHOOT BARK EXTRACT
PINUS SYLVESTRIS LEAF OIL,active; fragrances,2,PINUS SYLVESTRIS LEAF OIL
PLANKTON EXTRACT,active,2,PLANKTON EXTRACT
POLOXAMER 407,base,2,POLOXAMER 407
POLYACRYLATE CROSSPOLYMER-11,base,2,POLYACRYLATE CROSSPOLYMER-11
POLYACRYLIC ACID,base,2,POLYACRYLIC ACID
POLYDIETHYLENEGLYCOL ADIPATE/IPDI COPOLYMER,base,2,POLYDIETHYLENEGLYCOL ADIPATE/IPDI COPOLYMER
POLYEPSILON-LYSINE,active,2,POLYEPSILON-LYSINE
POLYGLYCERYL-10 PENTAISOSTEARATE,base,2,POLYGLYCERYL-10 PENTAISOSTEARATE
POLYGLYCERYL-2 CAPRATE,active; base,2,POLYGLYCERYL-2 CAPRATE
POLYGLYCERYL-2 OLEATE,base,2,POLYGLYCERYL-2 OLEATE
POLYGLYCERYL-2 SESQUIOLEATE,base,2,POLYGLYCERYL-2 SESQUIOLEATE
POLYGLYCERYL-2 TETRAISOSTEARATE,base,2,POLYGLYCERYL-2 TETRAISOSTEARATE
POLYGLYCERYL-3 OLEATE,base,2,POLYGLYCERYL-3 OLEATE
POLYGLYCERYL-6 POLYRICINOLEATE,base,2,POLYGLYCERYL-6 POLYRICINOLEATE
POLYGLYCERYL-6 RICINOLEATE,base,2,POLYGLYCERYL-6 RICINOLEATE
POLYQUATERNIUM-37,base,2,POLYQUATERNIUM-37
POLYURETHANE-35,base,2,POLYURETHANE-35
POTASSIUM ACRYLATES/C10-30 ALKYL ACRYLATE CROSSPOLYMER,base,2,POTASSIUM ACRYLATES/C10-30 ALKYL ACRYLATE CROSSPOLYMER
POTASSIUM CITRATE,base,2,POTASSIUM CITRATE
POUTERIA LUCUMA PULP EXTRACT,active,2,POUTERIA LUCUMA PULP EXTRACT
PPG,base,2,PPG
PPG-16,base,2,PPG-16
PPG-3 BENZYL ETHER MYRISTATE,base,2,PPG-3 BENZYL ETHER MYRISTATE
PPG-6-DECYLTETRADECETH-30,base,2,PPG-6-DECYLTETRADECETH-30
PROPANEDIOL DICAPRYLATE,base,2,PROPANEDIOL DICAPRYLATE
PRUNUS CERASUS FLOWER EXTRACT,active,2,PRUNUS CERASUS FLOWER EXTRACT
PRUNUS DOMESTICA SEED OIL,active,2,PRUNUS DOMESTICA SEED OIL
PRUNUS MUME FRUIT WATER,active,2,PRUNUS MUME FRUIT WATER
PRUNUS PERSICA JUICE,active,2,PRUNUS PERSICA JUICE
PSEUDOALTEROMONAS FERMENT EXTRACT,active,2,PSEUDOALTEROMONAS FERMENT EXTRACT
QUARTZ,active,2,QUARTZ
QUERCUS MONGOLICA LEAF EXTRACT,active,2,QUERCUS MONGOLICA LEAF EXTRACT
QUILLAJA SAPONARIA BARK EXTRACT,active,2,QUILLAJA SAPONARIA BARK EXTRACT
RHEUM PALMATUM ROOT EXTRACT,active,2,RHEUM PALMATUM ROOT EXTRACT
RHUS SUCCEDANEA FRUIT CERA,active; base,2,RHUS SUCCEDANEA FRUIT CERA
RHUS SUCCEDANEA FRUIT WAX,active; base,2,RHUS SUCCEDANEA FRUIT WAX
RICE BRAN FERMENT,active,2,SACCHAROMYCES/RICE BRAN FERMENT
RICINUS COMMUNIS OIL,active; base,2,RICINUS COMMUNIS OIL
ROSA CENTIFOLIA EXTRACT,active,2,ROSA CENTIFOLIA EXTRACT
ROSA DAMASCENA FLOWER,active,2,ROSA DAMASCENA FLOWER
ROSA MOSCHATA SEED OIL,active,2,ROSA MOSCHATA SEED OIL
ROSA RUGOSA FLOWER EXTRACT,active,2,ROSA RUGOSA FLOWER EXTRACT
ROSA RUGOSA FLOWER OIL,active; fragrances,2,ROSA RUGOSA FLOWER OIL
ROSA RUGOSA FLOWER WATER,active,2,ROSA RUGOSA FLOWER WATER
ROSE EXTRACT,active,2,ROSE EXTRACT
ROYAL JELLY EXTRACT,active,2,ROYAL JELLY EXTRACT
RUBUS SUAVISSIMUS LEAF EXTRACT,active,2,RUBUS SUAVISSIMUS LEAF EXTRACT
SACCHAROMYCES FERMENT,active,2,SACCHAROMYCES FERMENT
SALIX ALBA BARK WATER,active,2,SALIX ALBA BARK WATER
SALMON EGG EXTRACT,active,2,SALMON EGG EXTRACT
SECALE CEREALE SEED EXTRACT,active,2,SECALE CEREALE SEED EXTRACT/RYE SEED EXTRACT
SEED OIL,active; base,2,SEED OIL
SHOREA ROBUSTA SEED BUTTER,active,2,SHOREA ROBUSTA SEED BUTTER
SILOXANETRIOL ALGINATE,base,2,SILOXANETRIOL ALGINATE
SILVER CARBOXYMETHYLALANINATE,active,2,SILVER CARBOXYMETHYLALANINATE
SILVER CITRATE,active,2,SILVER CITRATE
SIMMONDSIA CHINENSIS SEED WAX,active; base,2,SIMMONDSIA CHINENSIS SEED WAX
SODIUM ACRYLATE/ACRYLOYLDIMETHYLTAURATE/DIMETHYLACRYLAMIDE CROSSPOLYMER,base,2,SODIUM ACRYLATE/ACRYLOYLDIMETHYLTAURATE/DIMETHYLACRYLAMIDE CROSSPOLYMER
SODIUM ACRYLATES CROSSPOLYMER-2,base,2,SODIUM ACRYLATES CROSSPOLYMER-2
SODIUM CARBONATE,base,2,SODIUM CARBONATE
SODIUM DODOXYNOL-40 SULFATE,base,2,SODIUM DODOXYNOL-40 SULFATE
SODIUM GLYCOLATE,active,2,SODIUM GLYCOLATE
SODIUM HEPARIN,active,2,SODIUM HEPARIN
SODIUM ISETHIONATE,base,2,SODIUM ISETHIONATE
SODIUM METHYL OLEOYL TAURATE,base,2,SODIUM METHYL OLEOYL TAURATE; SODIUM METHYL OLEYL TAURATE
SODIUM PALMITOYL PROLINE,active,2,SODIUM PALMITOYL PROLINE
SODIUM RETINOYL HYALURONATE,active,2,SODIUM RETINOYL HYALURONATE
SODIUM SESAMPHOACETATE,base,2,SODIUM SESAMPHOACETATE
SODIUM SULFITE,base,2,SODIUM SULFITE
SORBETH-30 TETRAISOSTEARATE,base,2,SORBETH-30 TETRAISOSTEARATE
SPILANTHES ACMELLA EXTRACT,active,2,SPILANTHES ACMELLA EXTRACT
SPILANTHES ACMELLA FLOWER,active,2,SPILANTHES ACMELLA FLOWER/LEAF/STEM EXTRACT
STEARYL BEESWAX,active; base,2,STEARYL BEESWAX
STEARYL BEHENATE,base,2,STEARYL BEHENATE
STEARYL STEARATE,active; base,2,STEARYL STEARATE
STREPTOCOCCUS THERMOPHILUS FERMENT,active,2,STREPTOCOCCUS THERMOPHILUS FERMENT
SUCCINIC TRIGLYCERIDE,active; base,2,CAPRYLIC/CAPRIC/SUCCINIC TRIGLYCERIDE
SULFUR,active,2,SULFUR
SWERTIA BIMACULATA EXTRACT,active,2,SWERTIA BIMACULATA EXTRACT
TANACETUM VULGARE FLOWER EXTRACT,active,2,TANACETUM VULGARE FLOWER EXTRACT
TEA TREE OIL,active; fragrances,2,TEA TREE OIL
TERPINOLENE,fragrances,2,TERPINOLENE
TETRAHYDROBISDEMETHOXYDIFERULOYLMETHANE,active,2,TETRAHYDROBISDEMETHOXYDIFERULOYLMETHANE
TETRAHYDRODEMETHOXYDIFERULOYLMETHANE,active,2,TETRAHYDRODEMETHOXYDIFERULOYLMETHANE
TETRAHYDRODIFERULOYLMETHANE,active,2,TETRAHYDRODIFERULOYLMETHANE
TETRAMETHYLBUTYLPHENOL,base,2,TETRAMETHYLBUTYLPHENOL
TETRASODIUM IMINODISUCCINATE,base,2,TETRASODIUM IMINODISUCCINATE
THEOBROMA CACAO SEED EXTRACT,active,2,THEOBROMA CACAO SEED EXTRACT
THERMUS THERMOPHILLUS FERMENT,active,2,THERMUS THERMOPHILLUS FERMENT
THYMOL,active; fragrances,2,THYMOL
TIMONACIC,active,2,TIMONACIC
TRICHOLOMA MATSUTAKE EXTRACT,active,2,TRICHOLOMA MATSUTAKE EXTRACT
TRIETHOXYSILYLETHYL POLYDIMETHYLSILOXYETHYL DIMETHICONE,base,2,TRIETHOXYSILYETHYL POLYDIMETHYLSILOXYETHYL DIMETHICONE; TRIETHOXYSILYLETHYL POLYDIMETHYLSILOXYETHYL DIMETHICONE
TRIMETHYLCYCLOPENTENYL METHYLISOPENTENOL,fragrances,2,TRIMETHYLCYCLOPENTENYL METHYLISOPENTENOL
TRISODIUM CITRATE,base,2,TRISODIUM CITRATE
TRITICUM VULGARE SEED EXTRACT,active,2,TRITICUM VULGARE SEED EXTRACT
TROPAEOLUM MAJUS FLOWER,active,2,TROPAEOLUM MAJUS FLOWER/LEAF/STEM EXTRACT
TUBER AESTIVUM EXTRACT,active,2,TUBER AESTIVUM EXTRACT
TULIPA GESNERIANA FLOWER EXTRACT,active,2,TULIPA GESNERIANA FLOWER EXTRACT
UNDARIA PINNATIFIDA CELL CULTURE EXTRACT,active,2,UNDARIA PINNATIFIDA CELL CULTURE EXTRACT
URTICA DIOICA EXTRACT,active,2,URTICA DIOICA EXTRACT; URTICA DIOICA EXTRACT/NETTLE EXTRACT
VANILLA PLANIFOLIA FRUIT OIL,active; fragrances,2,VANILLA PLANIFOLIA FRUIT OIL
VERONICA OFFICINALIS EXTRACT,active,2,VERONICA OFFICINALIS EXTRACT
VIOLA MANDSHURICA FLOWER EXTRACT,active,2,VIOLA MANDSHURICA FLOWER EXTRACT
VITEX AGNUS CASTUS EXTRACT,active,2,VITEX AGNUS CASTUS EXTRACT
VITIS VINIFERA GRAPE SEED OIL,active,2,VITIS VINIFERA GRAPE SEED OIL
VP/HEXADECENE COPOLYMER,base,2,VP/HEXADECENE COPOLYMER
VP/VA COPOLYMER,base,2,VP/VA COPOLYMER
WITHANIA SOMNIFERA ROOT EXTRACT,active,2,WITHANIA SOMNIFERA ROOT EXTRACT
XYLOSE,active,2,XYLOSE
YEAST FERMENT EXTRACT,active,2,YEAST FERMENT EXTRACT
ZEA MAYS GERM OIL,active,2,ZEA MAYS GERM OIL
ZEIN,active; base,2,ZEIN
ZINC CHLORIDE,active,2,ZINC CHLORIDE
10 TRIMETHYLOLPROPANE TRIOLEATE,base,1,PEG/PPG-120/10 TRIMETHYLOLPROPANE TRIOLEATE
"2-BROMO-2-NITROPROPANE-1,3-DIOL",preservative,1,2-BROMO-2-NITROPROPANE-1
2-MERCAPTONICOTINOYL GLYCINE,active,1,2-MERCAPTONICOTINOYL GLYCINE
2.3-BUTANEDIOL,base,1,"2,3-BUTANEDIOL"
ACACIA CONCINNA FRUIT EXTRACT,active,1,ACACIA CONCINNA FRUIT EXTRACT
ACACIA DECURRENS FLOWER CERA,active; base,1,ACACIA DECURRENS FLOWER CERA/ACACIA DECURRENS FLOWER WAX
ACETAMIDE MEA,base,1,ACETAMIDE MEA
ACETAMIDOETHOXYETHANOL,active,1,ACETAMIDOETHOXYETHANOL
ACETATE,base,1,ACETATE
ACETOPHENONE,fragrances,1,ACETOPHENONE
ACETYL,base,1,ACETYL
ACETYL HEXAPEPTIDE-22,active,1,ACETYL HEXAPEPTIDE-22
ACETYL TETRAPEPTIDE-17,active,1,ACETYL TETRAPEPTIDE-17
ACETYLATED HYDROGENATED VEGETABLE GLYCERIDE,active; base,1,ACETYLATED HYDROGENATED VEGETABLE GLYCERIDE
ACETYLPHYTOSPHINGOSINE,active,1,ACETYLPHYTOSPHINGOSINE
ACHILLEA MILLEFOLIUM LEAF,active,1,ACHILLEA MILLEFOLIUM LEAF
ACHILLEA MILLEFOLIUM OIL,active; fragrances,1,ACHILLEA MILLEFOLIUM OIL
ACRYLATES/ACRYLIC ACID COPOLYMER,base,1,ACRYLATES/ACRYLIC ACID COPOLYMER
ACRYLATES/BEHENETH-25 METHACRYLATE COPOLYMER,base,1,ACRYLATES/BEHENETH-25 METHACRYLATE COPOLYMER
ACRYLATES/ISOBORNYL ACRYLATE COPOLYMER,base,1,ACRYLATES/ISOBORNYL ACRYLATE COPOLYMER
ACRYLATES/STEARETH-20 METHACRYLATE COPOLYMER,base,1,ACRYLATES/STEARETH-20 METHACRYLATE COPOLYMER
ACTINIDIA CHINENSIS SEED,active,1,ACTINIDIA CHINENSIS SEED
ADANSONIA DIGITATA FRUIT EXTRACT,active,1,ADANSONIA DIGITATA FRUIT EXTRACT
ADENINE,active,1,ADENINE
ADENOL DNA,active,1,ADENOL DNA
ADIPIC ACID/NEOPENTYL GLYCOL CROSSPOLYMER,base,1,ADIPIC ACID/NEOPENTYL GLYCOL CROSSPOLYMER
AESCULUS CHINESE EXTRACT,active,1,AESCULUS CHINESE EXTRACT
AESCULUS HIPPOCASTANUM,active,1,AESCULUS HIPPOCASTANUM
AGASTACHE MEXICANA FLOWER,active,1,AGASTACHE MEXICANA FLOWER/LEAF/STEM EXTRACT
AHNFELTIOPSIS CONCINNA EXTRACT,active,1,AHNFELTIOPSIS CONCINNA EXTRACT
ALBIZIA JULIBRISSIN,active,1,ALBIZIA JULIBRISSIN
ALOE ARBORESCENS LEAF EXTRACT,active,1,ALOE ARBORESCENS LEAF EXTRACT
ALOE ARBORESCENS LEAF JUICE,active,1,ALOE ARBORESCENS LEAF JUICE
ALOE BARBADENSIS LEAF EXTRACT JUICE POWDER,active,1,ALOES JUICE POWDER
ALPHA-TERPINENE,fragrances,1,ALPHA-TERPINENE
ALPINIA GALANGA EXTRACT,active,1,ALPINIA GALANGA EXTRACT
ALPINIA GALANGA LEAF EXTRACT,active,1,ALPINIA GALANGA LEAF EXTRACT
ALUMINIUM SILICATE,base,1,ALUMINIUM SILICATE
ALUMINIUM STARCH OCTENYLSUCCINATE,active; base,1,ALUMINIUM STARACH OCTENYLSUCCINATE
ALUMINUM CHLOROHYDRATE,active,1,ALUMINUM CHLOROHYDRATE
AMARANTHUS CAUDATUS SEED OIL,active,1,AMARANTHUS CAUDATUS SEED OIL
AMARANTHUS CRUENTUS SEED OIL,active,1,AMARANTHUS CRUENTUS SEED OIL
AMINOETHYLPHOSPHINIC ACID,active,1,AMINOETHYLPHOSPHINIC ACID
AMINOMETHYL PROPANEDIOL,base,1,AMINOMETHYL PROPANEDIOL
AMMONIUM ACRYLOYLDIMETHYLTAURATE/BEHENETH-25 METHACRYLATE CROSSPOLYMER,base,1,AMMONIUM ACRYLOYLDIMETHYLTAURATE/BEHENETH-25 METHACRYLATE CROSSPOLYMER
AMMONIUM HYDROXIDE,base,1,AMMONIUM HYDROXIDE
AMMONIUM POLYACRYLOYLDIMETHYL TAURAMIDE,base,1,AMMONIUM POLYACRYLOYLDIMETHYL
AMODIMETHICONE,active; base,1,AMODIMETHICONE
AMP-ACRYLATES/ALLYL METHACRYLATE COPOLYMER,base,1,AMP-ACRYLATES/ALLYL METHACRYLATE COPOLYMER
ANACARDIUM OCCIDENTALE EXTRACT,active,1,ANACARDIUM OCCIDENTALE EXTRACT
ANADENANTHERA COLUBRINA BARK EXTRACT,active,1,ANADENANTHERA COLUBRINA BARK EXTRACT
ANANAS SATIVUS FRUIT WATER,active,1,ANANAS SATIVUS FRUIT WATER
ANASTATICA HIEROCHUNTICA EXTRACT,active,1,ANASTATICA HIEROCHUNTICA EXTRACT
ANGELICA KEISKEI EXTRACT,active,1,ANGELICA KEISKEI EXTRACT
ANGELICA KEISKEI LEAF,active,1,ANGELICA KEISKEI LEAF/STEM EXTRACT
ANIBA ROSODORA WOOD OIL,active; fragrances,1,ANIBA ROSODORA (ROSEWOOD) WOOD OIL
ANIGOZANTHOS FLAVIDUS EXTRACT,active,1,ANIGOZANTHOS FLAVIDUS (KANGAROO PAW) EXTRACT
ANTHEMIS NOBILIS EXTRACT,active,1,ANTHEMIS NOBILIS (CHAMOMILLE) EXTRACT
ANTHEMIS NOBILIS FLOWER WATER,active,1,ANTHEMIS NOBILIS FLOWER WATER
APIUM GRAVEOLENS SEED EXTRACT,active,1,APIUM GRAVEOLENS SEED EXTRACT
ARBUTUS UNEDO FRUIT EXTRACT,active,1,ARBUTUS UNEDO FRUIT EXTRACT
ARGAN OIL POLYGLYCERYL-6 ESTERS,base,1,ARGAN OIL POLYGLYCERYL-6 ESTERS
ARGANIA SPINOSA KERNEL EXTRACT,active,1,ARGANIA SPINOSA KERNEL EXTRACT
ARGILLA,base,1,ARGILLA
ARNICA MONTANA EXTRACT,active,1,ARNICA MONTANA EXTRACT
ARONIA MELANOCARPA SEED OIL,active,1,ARONIA MELANOCARPA SEED OIL
ARTEMISIA CAPILLARIS FLOWER EXTRACT,active,1,ARTEMISIA CAPILLARIS FLOWER EXTRACT
ARTEMISIA PRINCEPS LEAF POWDER,active,1,ARTEMISIA PRINCEPS LEAF POWDER
ARTEMISIA VULGARIS EXTRACT,active,1,ARTEMISIA VULGARIS EXTRACT
ARTEMISIA VULGARIS OIL,active; base,1,ARTEMISIA VULGARIS OIL
ARUNDO DONAX STEM EXTRACT,active,1,ARUNDO DONAX STEM EXTRACT
ASCORBIC ACID POLYPEPTIDE,active,1,ASCORBIC ACID POLYPEPTIDE
ASPARAGOPSIS ARMATA EXTRACT,active,1,ASPARAGOPSIS ARMATA EXTRACT
ASTAXANTHIN,active; dyes,1,ASTAXANTHIN
ASTROCARYUM TUCUMA SEED BUTTER,active,1,ASTROCARYUM TUCUMA SEED BUTTER
AVENA SATIVA MEAL EXTRACT,active,1,AVENA SATIVA (OAT) MEAL EXTRACT
BAMBOO FERMENT EXTRACT,active,1,BAMBOO FERMENT EXTRACT
BAMBUSA VULGARIS EXTRACT,active; base,1,BAMBUSA VULGARIS EXTRACT
BARK EXTRACT,active,1,BARK EXTRACT
BENZYL ASCORBATE,active,1,BENZYL ASCORBATE
BENZYL SILICATE,base,1,BENZYL SILICATE
BERBERIS VULGARIS FRUIT EXTRACT,active,1,BERBERIS VULGARIS FRUIT EXTRACT
BERTHOLLETIA EXCELSA SEED EXTRACT,active,1,BERTHOLLETIA EXCELSA SEED EXTRACT
BETULA ALBA BARK EXTRACT,base; fragrances,1,BETULA ALBA BARK EXTRACT
BETULA ALBA LEAF EXTRACT,active,1,BETULA ALBA LEAF EXTRACT
BETULA ALBA LEAF WATER,active,1,BETULA ALBA LEAF WATER
BIOSACCHARIDE GUM-2,active; base,1,BIOSACCHARIDE GUM-2
BIS COPPER ACETATE,active,1,BIS(TRIPEPTIDE-1) COPPER ACETATE
BIS ETHYLHEXYLOXYPHENOL METHOXYPHENYL TRIAZINE,uv filters,1,BIS ETHYLHEXYLOXYPHENOL METHOXYPHENYL TRIAZINE
BIS-AMINOPROPYL DIGLYCOL DIMALEATE,active,1,BIS-AMINOPROPYL DIGLYCOL DIMALEATE
BIS-STEARYL DIMETHICONE,base,1,BIS-STEARYL DIMETHICONE
BISMUTH OXYCHLORIDE,dyes,1,CI 77163/BISMUTH OXYCHLORIDE
BIXA ORELLANA SEED EXTRACT,active,1,BIXA ORELLANA SEED EXTRACT
BLUE MATCHA FLOWER EXTRACT,active,1,BLUE MATCHA( CLITORIA TERNATEA ) FLOWER EXTRACT
BORAGO OFFICINALIS EXTRACT,active,1,BORAGO OFFICINALIS EXTRACT
BOSWELLIA CARTERII OIL,active; fragrances,1,BOSWELLIA CARTERII OIL
BRANCHYCARPA EXTRACT,active,1,BRANCHYCARPA EXTRACT
BRASSICA ALCOHOL,base,1,BRASSICA ALCOHOL
BRASSICA CAMPESTRIS EXTRACT,active,1,BRASSICA CAMPESTRIS EXTRACT
BRASSICA CAMPESTRIS OIL,active; base,1,BRASSICA CAMPESTRIS (OLEIFERA) OIL
BRASSICA NAPUS EXTRACT,active,1,BRASSICA NAPUS EXTRACT
BRASSICA NIGRA SEED EXTRACT,active,1,BRASSICA NIGRA SEED EXTRACT
BRASSICA OLERACEA ITALICA SPROUT EXTRACT,active,1,BRASSICA OLERACEA ITALICA SPROUT EXTRACT
BRASSICAMIDOPROPYL DIMETHYLAMINE,base,1,BRASSICAMIDOPROPYL DIMETHYLAMINE
BROUSSONETIA PAPYRIFERA BARK EXTRACT,active,1,BROUSSONETIA PAPYRIFERA BARK EXTRACT
BUDDLEJA OFFICINALIS FLOWER EXTRACT,active,1,BUDDLEJA OFFICINALIS FLOWER EXTRACT
BUTYLENE,base,1,BUTYLENE
BUTYLENE GLYCOL COCOATE,base,1,BUTYLENE GLYCOL COCOATE
C12-13 ALKYL LACTATE,active,1,C12-13 ALKYL LACTATE
C12-14,base,1,C12-14
C12–15 ALKYL BENZOATE,base,1,C12–15 ALKYL BENZOATE
C13-14 ALKANE,base,1,C13-14 ALKANE
C20-22F ALCOHOLS,base,1,C20-22F ALCOHOLS
C30-45 ALKYL DIMETHICONE,base,1,C30-45 ALKYL DIMETHICONE
CAESPITOSA,active,1,CAESPITOSA
CAFFEOYL TRIPEPTIDE-1,active,1,CAFFEOYL TRIPEPTIDE-1
CALCITE,base; dyes,1,CALCITE
CALCIUM ALGINATE,base,1,CALCIUM ALGINATE
CALCIUM DISODIUM EDTA,base,1,CALCIUM DISODIUM EDTA
CALCIUM THIOGLYCOLATE HYDROXIDE,base,1,CALCIUM THIOGLYCOLATE HYDROXIDE
CALENDULA OFFICINALIS,active,1,CALENDULA OFFICINALIS
CALENDULA OFFICINALIS EXTRACT,active,1,CALENDULA OFFICINALIS EXTRACT
CALENDULA OFFICINALIS FLOWER,active; fragrances,1,CALENDULA OFFICINALIS FLOWER
CALENDULA OFFICINALIS FLOWER WATER,active,1,CALENDULA OFFICINALIS FLOWER WATER
CALLUNA VULGARIS EXTRACT,active,1,CALLUNA VULGARIS EXTRACT
CALOPHYLLUM INOPHYLLUM OIL,active; base,1,CALOPHYLLUM INOPHYLLUM (TAMANU) OIL
CAMELIA JAPONICA SEED OIL,active,1,CAMELIA JAPONICA SEED OIL
CAMELIA SINENSIS LEAF EXTRACT SODIUM LACTATE,active,1,CAMELIA SINENSIS LEAF EXTRACT SODIUM LACTATE
CAMELIA SINENSIS LEAF POWDER,active,1,CAMELIA SINENSIS LEAF POWDER
CAMELLIA JAPONICA LEAF EXTRACT,active,1,CAMELLIA JAPONICA LEAF EXTRACT
CAMELLIA SINENSIS CATECHINS,active,1,CAMELLIA SINENSIS CATECHINS
CAMELLIA SINENSIS POLYPHENOLS,active,1,CAMELLIA SINENSIS POLYPHENOLS
CAMELLIA SINENSIS SEED EXTRACT,active,1,CAMELLIA SINENSIS SEED EXTRACT
CAMPSIS GRANDIFLORA FLOWER EXTRACT,active,1,CAMPSIS GRANDIFLORA FLOWER EXTRACT
CANARIUM LUZONICUM GUM NONVOLATILES,base,1,CANARIUM LUZONICUM GUM NONVOLATILES
CANDELILLA CERA HYDROCARBONS,active; base,1,CANDELILLA CERA HYDROCARBONS
CANDELILLA WAX ESTERS,active; base,1,CANDELILLA WAX ESTERS
CANNABIDIOL,active,1,CANNABIDIOL - SYNTHETICALLY PRODUCED
CANNABIS SATIVA LEAF,active,1,CANNABIS SATIVA LEAF/STEM WATER
CAPORYLYL GLYCOL,base,1,CAPORYLYL GLYCOL
CAPPARIS SPINOSA BUD EXTRACT,active,1,CAPPARIS SPINOSA BUD EXTRACT
CAPROYL METHYL GLUCAMIDE,base,1,CAPRYLOYL/CAPROYL METHYL GLUCAMIDE
CAPRYL METHICONE,base,1,CAPRYL METHICONE
CAPRYL WHEAT BRAN,active,1,CAPRYL WHEAT BRAN
CAPRYLIC TRIGLYCERIDE,active; base,1,CAPRIC/CAPRYLIC TRIGLYCERIDE
CAPRYLYL,base,1,CAPRYLYL
CAPRYLYL CAPRYL WHEAT BRAN,base,1,CAPRYLYL CAPRYL WHEAT BRAN/STRAW GLYCOSIDES
CAPRYLYL CAPRYLATE,base,1,CAPRYLYL CAPRYLATE
CAPRYLYL GLYCERYL ETHER,base,1,CAPRYLYL GLYCERYL ETHER
CAPRYLYL TRIMETHICONE,base,1,CAPRYLYL TRIMETHICONE
CAPSICUM ANNUUM FRUIT EXTRACT,active,1,CAPSICUM ANNUUM FRUIT EXTRACT
CARBON BLACK,dyes,1,CARBON BLACK (CHARCOAL POWDER)
CARBOXYL,base,1,CARBOXYL
CARDIOSPERMUM HALICACABUM FLOWER,active,1,CARDIOSPERMUM HALICACABUM FLOWER/LEAF/VINE EXTRACT
CARNITINE HCL,active,1,CARNITINE HCL
CARTHAMUS TINCTORIUS FLOWER EXTRACT,active,1,CARTHAMUS TINCTORIUS FLOWER EXTRACT
CASSIA HYDROXYPROPYLTRIMONIUM CHLORIDE,base,1,CASSIA HYDROXYPROPYLTRIMONIUM CHLORIDE
CAVIAR WATER,active,1,CAVIAR WATER
CEDRUS ATLANTICA OIL-EXTRACT,active; fragrances,1,CEDRUS ATLANTICA OIL-EXTRACT
CENTELLA EXTRACT FERMENTATION FILTRATE,active,1,LACTOBACILLUS/CENTELLA EXTRACT FERMENTATION FILTRATE
CERIUM,base,1,CERIUM
CETARYL GLUCOSIDE,base,1,CETARYL GLUCOSIDE
CETEARETHYLDIMETHICONE CROSSPOLYMER,base,1,CETEARETHYLDIMETHICONE CROSSPOLYMER
CETEARYL STEARATE,active; base,1,CETEARYL STEARATE
CHAMAECYPARIS OBTUSA WATER,active,1,CHAMAECYPARIS OBTUSA WATER
CHRYSANTHEMUM INDICUM EXTRACT,active,1,CHRYSANTHEMUM INDICUM EXTRACT
CI 28440,dyes,1,CI 28440
CI 58000,dyes,1,CI 58000
CI 61570,dyes,1,CI 61570
CI 75130,dyes,1,CI 75130
CI 77220,dyes,1,CI 77220
CI 77266,dyes,1,CI 77266
CI 77400,dyes,1,CI 77400
CI 77742,dyes,1,CI 77742 (MANGANESE VIOLET)
CICHORIUM ISANICUM,active,1,CICHORIUM ISANICUM
CINNAMOMUM CASSIA BARK EXTRACT,active; fragrances,1,CINNAMOMUM CASSIA BARK EXTRACT
CINNAMOMUM ZEYLANICUM BARK EXTRACT,active; fragrances,1,CINNAMOMUM ZEYLANICUM BARK EXTRACT
CITRULLUS LANATUS SEED OIL,active,1,CITRULLUS LANATUS SEED OIL
CITRUS AURANTIFOLIA JUICE,active,1,CITRUS AURANTIFOLIA (LIME) JUICE
CITRUS AURANTIFOLIA PEEL EXTRACT,active,1,CITRUS AURANTIFOLIA PEEL EXTRACT
CITRUS AURANTIFOLIA PEEL OIL,active; fragrances,1,CITRUS AURANTIFOLIA PEEL OIL
CITRUS AURANTIUM DULCIS FLOWER EXTRACT,active,1,CITRUS AURANTIUM DULCIS FLOWER EXTRACT
CITRUS AURANTIUM DULCIS FRUIT WATER,active,1,CITRUS AURANTIUM DULCIS FRUIT WATER
CITRUS AURANTIUM DULCIS SEED OIL,active,1,CITRUS AURANTIUM DULCIS SEED OIL
CITRUS AURANTIUM OIL,active; fragrances,1,CITRUS AURANTIUM (NEROLI) OIL
CITRUS BERGAMIA OIL,active; fragrances,1,CITRUS BERGAMIA (BERGAMOT) OIL
CITRUS JUNOS PEEL EXTRACT,active,1,CITRUS JUNOS PEEL EXTRACT
CITRUS JUNOS SEED OIL,active,1,CITRUS JUNOS SEED OIL
CITRUS LATIFOLIA FRUIT JUICE,active,1,CITRUS LATIFOLIA FRUIT JUICE
CITRUS LIMON FLOWER EXTRACT,active,1,CITRUS LIMON FLOWER EXTRACT
CITRUS LIMON PEEL EXTRACT,active,1,CITRUS LIMON PEEL EXTRACT
CITRUS LIMON PEEL WATER,active,1,CITRUS LIMON PEEL WATER
CITRUS PARADISI SEED OIL,active,1,CITRUS PARADISI SEED OIL
COCAMIDOPROPYL BETAINAMIDE MEA CHLORIDE,base,1,COCAMIDOPROPYL BETAINAMIDE MEA CHLORIDE
COCAMIDOPROPYL HYDROXYSULTAINE,base,1,COCAMIDOPROPYL HYDROXYSULTAINE
COCAMIDOPROPYLAMINE OXIDE,base,1,COCAMIDOPROPYLAMINE OXIDE
COCETH-7,base,1,COCETH-7
COCONUT ACTIVATED CARBON,active,1,COCONUT ADCTIVATED CARBON
COCONUT FATTY ACID,active; base,1,COCONUT FATTY ACID
COCOS NUCIFERA,active,1,KOKOS
COCOS NUCIFERA FRUIT WATER,active,1,COCOS NUCIFERA FRUIT WATER
COFFEA ARABICA FRUIT EXTRACT,active,1,COFFEA ARABICA FRUIT EXTRACT
COFFEA ARABICA SEED OIL,active,1,COFFEA ARABICA SEED OIL
COFFEA ROBUSTA SEED EXTRACT,active,1,COFFEA ROBUSTA SEED EXTRACT
COIX LACRYMA-JOBI MA-YUEN SEED WATER,active,1,COIX LACRYMA-JOBI MA-YUEN SEED WATER
COLLAGEN WATER,active,1,COLLAGEN WATER
COLLOIDAL OATMEAL,active,1,COLLOIDAL OATMEAL
COLOPHONIUM,base,1,PLASTRY DO DEPILACJI TWARZY: COLOPHONIUM
COLOSTRUM,active,1,COLOSTRUM
COMARIN,fragrances,1,COMARIN
COPEMICIA CERIFERA WAX,active; base,1,COPEMICIA CERIFERA (CARNAUBA) WAX
COPOLYMER,base,1,COPOLYMER
COPTIS JAPONICA EXTRACT,active,1,COPTIS JAPONICA EXTRACT
CORCHORUS OLITORIUS LEAF EXTRACT,active,1,CORCHORUS OLITORIUS LEAF EXTRACT
CORIANDRUM SATIVUM FRUIT OIL,fragrances,1,CORIANDRUM SATIVUM FRUIT OIL
CORN GLUTEN AMINO ACIDS,active,1,CORN GLUTEN AMINO ACIDS
CROTON LECHLERI RESIN EXTRACT,active,1,CROTON LECHLERI RESIN EXTRACT
CRYPTOMERIA JAPONICA BUD EXTRACT,active,1,CRYPTOMERIA JAPONICA BUD EXTRACT
CUCUMIS MELO JUICE,active,1,CUCUMIS MELO (MELON) JUICE
CUCURBITA PEPO SEED OIL,active,1,CUCURBITA PEPO SEED OIL
CUPRESSUS SEMPERVIRENS OIL,active; base,1,CUPRESSUS SEMPERVIRENS OIL
CUPRESSUS SEMPERVIRENS SEED EXTRACT,active,1,CUPRESSUS SEMPERVIRENS SEED EXTRACT
CURCUMA SOJA OIL,active; base,1,CURCUMA SOJA (SOYBEAN) OIL
CYCLOMETHICONE,base,1,CYCLOMETHICONE
CYDONIA OBLONGA LEAF EXTRACT,active,1,CYDONIA OBLONGA LEAF EXTRACT
CYMBOPOGON CITRATUS LEAF OIL,active; fragrances,1,CYMBOPOGON CITRATUS LEAF OIL
CYMBOPOGON FLEXUOSUS HERB OIL,active; fragrances,1,CYMBOPOGON FLEXUOSUS HERB OIL
CYMBOPOGON SCHOENANTHUS EXTRACT,active,1,CYMBOPOGON SCHOENANTHUS EXTRACT
CYNANCHUM ATRATUM EXTRACT,active,1,CYNANCHUM ATRATUM EXTRACT
CYSTOSEIRA AMENTACEA,active,1,CYSTOSEIRA AMENTACEA
CYTOSINE,active,1,CYTOSINE
DAPHNOIDES,active,1,DAPHNOIDES
DAUCUS CAROTA SATIVA EXTRACT,active,1,DAUCUS CAROTA SATIVA EXTRACT
DECARBOXY CARNOSINE HCL,active,1,DECARBOXY CARNOSINE HCL
DIACETYL BOLDINE,active,1,DIACETYL BOLDINE
DIATOMACEOUS EARTH,base,1,DIATOMACEOUS EARTH
DICALCIUM PHOSPHATE,base,1,DICALCIUM PHOSPHATE
DICOCOYL PENTAERYTHRITYL DISTEARYL CITRATE,base,1,DICOCOYL PENTAERYTHRITYL DISTEARYL CITRATE
DICTYOPTERIS POLYPODIOIDES EXTRACT,active,1,DICTYOPTERIS POLYPODIOIDES EXTRACT
DIDECYLDIMONIUM CHLORIDE,active; base,1,DIDECYLDIMONIUM CHLORIDE
DIETHYLHEXYL ADIPATE,active; base,1,DIETHYLHEXYL ADIPATE
DIETHYLHEXYL SODIUM SULFOSUCCINATE,base,1,DIETHYLHEXYL SODIUM SULFOSUCCINATE
DIISOSTEARATE,base,1,DIISOSTEARATE
DILAURYL THIODIPROPIONATE,active,1,DILAURYL THIODIPROPIONATE
DILINOLEATE,base,1,DILINOLEATE
DILINOLEIC ACID,active,1,DILINOLEIC ACID; DILINOLEIC ACID/BUTANEDIOL COPOLYMER
DIMETHYL SULFONE,active,1,DIMETHYL SULFONE
DIMETHYLETHANOLAMINE,active,1,DIMETHYLETHANOLAMINE
DIOSCOREA JAPONICA ROOT EXTRACT,active,1,DIOSCOREA JAPONICA ROOT EXTRACT
DIOSPYROS KAKI FRUIT EXTRACT,active,1,DIOSPYROS KAKI FRUIT EXTRACT
DIOSPYROS KAKI LEAF EXTRACT,active,1,DIOSPYROS KAKI LEAF EXTRACT
DIPENTAERYTHRITYL HEXA C5-9 ACID ESTERS,base,1,DIPENTAERYTHRITYL HEXA C5-9 ACID ESTERS
DIPEPTIDE-15,active,1,DIPEPTIDE-15
DIPEPTIDE-70 HYDROXYPROLYL TETRAPEPTIDE-106 AMIDOETHOXY ETHOXYACETIC ACID,active,1,DIPEPTIDE-70 HYDROXYPROLYL TETRAPEPTIDE-106 AMIDOETHOXY ETHOXYACETIC ACID
DIPHOSPHONIC ACID,base,1,DIPHOSPHONIC ACID
DIPOTASSIUM EDTA,base,1,DIPOTASSIUM EDTA
DIPSACUS SYLVESTRIS EXTRACT,active,1,DIPSACUS SYLVESTRIS EXTRACT
DISILOXANE,base,1,DISILOXANE
DISODIUM CETEARYL SULFATE,base,1,DISODIUM CETEARYL SULFATE
DISODIUM ETHYLENE DIAMINE DISUCCINATE,base,1,DISODIUM ETHYLENE DIAMINE DISUCCINATE
DISODIUM LAURETH SULFOSUCCINATE,base,1,DISODIUM LAURETH SULFOSUCCINATE
DISTARCH PHOSPHATE ACETATE,base,1,DISTARCH PHOSPHATE ACETATE
DOPHENYLSILOXY PHENYL TRIMETHICONE,base,1,DOPHENYLSILOXY PHENYL TRIMETHICONE
DUNALIELLA SALINA EXTRACT,active,1,DUNALIELLA SALINA EXTRACT
DYSPROSIUM,base,1,DYSPROSIUM
ECHINACEA PURPUREA ROOT EXTRACT,active,1,ECHINACEA PURPUREA ROOT EXTRACT
ECHIUM PLANTAGINEUM SEED OIL,active,1,ECHIUM PLANTAGINEUM SEED OIL
EDTA,base,1,EDTA
EQUISETUM ARVENSE EXTRACT,active,1,EQUISETUM ARVENSE EXTRACT
ERIOPHORUM SPISSUM FLOWER,active,1,ERIOPHORUM SPISSUM FLOWER/STEM EXTRACT
ERUCA SATIVA LEAF EXTRACT,active,1,ERUCA SATIVA LEAF EXTRACT
ERYNGIUM MARITIMUM CALLUS CULTURE FILTRATE,active,1,ERYNGIUM MARITIMUM CALLUS CULTURE FILTRATE
ESCIN,active,1,ESCIN
ETHYL LINOLEATE,base,1,ETHYL LINOLEATE; ETHYL LINOLENATE
ETHYL MENTHANE CARBOXAMIDE,active,1,ETHYL MENTHANE CARBOXAMIDE
ETHYLHEXLGLYCERIN,base,1,ETHYLHEXLGLYCERIN
ETHYLHEXYL DIMETHYL PABA,uv filters,1,ETHYLHEXYL DIMETHYL PABA
ETHYLHEXYL ISONONANOATE,base,1,ETHYLHEXYL ISONONANOATE
ETHYLHEXYL POLYHYDROXYSTEARATE,base,1,ETHYLHEXYL POLYHYDROXYSTEARATE
EUCALYPTUS GLOBULUS LEAF,active,1,EUCALYPTUS GLOBULUS LEAF/TWIG OIL
EUGENIA CARYOPHYLLUS FLOWER OIL,active; fragrances,1,EUGENIA CARYOPHYLLUS (CLOVE) FLOWER OIL
EUGENYL ACETATE,fragrances,1,EUGENYL ACETATE
EUROPIUM,base,1,EUROPIUM
EUTEROCLEA OLERACEA FRUIT EXTRACT,active,1,EUTEROCLEA OLERACEA FRUIT EXTRACT
EUTERPE OLERACEA FRUIT OIL,active,1,EUTERPE OLERACEA FRUIT OIL
EVODIA RUTAECARPA FRUIT EXTRACT,active,1,EVODIA RUTAECARPA FRUIT EXTRACT
FAEX EXTRACT,active,1,FAEX EXTRACT
FARNESOL,fragrances,1,FARNESOL
FILMEXEL,base,1,FILMEXEL
FLOWER,active,1,FLOWER
FORSYTHIA SUSPENSA FRUIT EXTRACT,active,1,FORSYTHIA SUSPENSA FRUIT EXTRACT
FRAGARIA CHILOENSIS ANANASSA EXTRACT,active,1,FRAGARIA CHILOENSIS ANANASSA EXTRACT
FRAGARIA VESCA FRUIT EXTRACT,active,1,FRAGARIA VESCA FRUIT EXTRACT
FRAGILIS,active,1,FRAGILIS
FREESIA REFRACTA EXTRACT,active,1,FREESIA REFRACTA EXTRACT
FRUIT ACID COMPLEX,active,1,FRUIT ACID COMPLEX
FUCUS SERRATUS EXTRACT,active,1,FUCUS SERRATUS EXTRACT
GALACTOARABINAN,active; base,1,GALACTOARABINAN
GALLYL GLUCOSIDE,base,1,GALLYL GLUCOSIDE
GARCINIA CAMBOGIA FERMENT,active,1,CANDIDA/GARCINIA CAMBOGIA FERMENT
GARCINIA MANGOSTANA PEEL EXTRACT,active,1,GARCINIA MANGOSTANA PEEL EXTRACT
GARDENIA JASMINOIDES FRUIT EXTRACT,active,1,GARDENIA JASMINOIDES FRUIT EXTRACT
GAULTHERIA PROCUMBENS LEAF EXTRACT,active,1,GAULTHERIA PROCUMBENS (WINTERGREEN) LEAF EXTRACT
GELATIN,base,1,GELATIN
GELIDIUM CARTILAGINEUM EXTRACT,active,1,GELIDIUM CARTILAGINEUM EXTRACT
GERANIUM MACULATUM EXTRACT,active,1,GERANIUM MACULATUM EXTRACT
GERANIUM MACULATUM OIL,active; base,1,GERANIUM MACULATUM OIL
GIYCERETH-26,active; base,1,GIYCERETH-26
GLEDITSIA TRIACANTHOS SEED EXTRACT,active,1,GLEDITSIA TRIACANTHOS SEED EXTRACT
GLOBULARIA ALYPUM LEAF EXTRACT,active,1,GLOBULARIA ALYPUM LEAF EXTRACT
GLOBULARIA CORDIFOLIA CALLUS CULTURE EXTRACT,active,1,GLOBULARIA CORDIFOLIA CALLUS CULTURE EXTRACT
GLUCOSE OXIDASE,active,1,GLUCOSE OXIDASE
GLUCOSE PENTAACETATE,base,1,GLUCOSE PENTAACETATE
GLUCOSYL CERAMIDE,active,1,GLUCOSYL CERAMIDE
GLYCERETH-2 COCOATE,base,1,GLYCERETH-2 COCOATE
GLYCERYL CITRATE,base,1,GLYCERYL CITRATE
GLYCERYL DIBEHENATE,base,1,GLYCERYL DIBEHENATE
GLYCERYL OLIVATE,active; base,1,GLYCERYL OLIVATE
GLYCERYL RICINOLEATE,active; base,1,GLYCERYL RICINOLEATE
GLYCERYL TRIBEHENATE,base,1,GLYCERYL TRIBEHENATE
GLYCOGEN,base,1,GLYCOGEN
GLYCOL DICAPRYLATE,base,1,GLYCOL DICAPRYLATE/DICAPRATE
GLYCYRRHIZA GLABRA ROOT WATER,active,1,GLYCYRRHIZA GLABRA ROOT WATER
GOSSYPIUM HERBACEUM FLOWER EXTRACT,active,1,GOSSYPIUM HERBACEUM FLOWER EXTRACT
GOSSYPIUM HERBACEUM SEED EXTRACT,active,1,GOSSYPIUM HERBACEUM SEED EXTRACT
GOSSYPIUM HIRSUTUM SEED OIL,active,1,GOSSYPIUM HIRSUTUM SEED OIL
GRANATUM SEED OIL,active,1,GRANATUM SEED OIL
GRAPE FERMENT EXTRACT,active,1,SACCHAROMYCES/GRAPE FERMENT EXTRACT
GRAPE FRUIT WATER,active,1,GRAPE FRUIT WATER
GRATISSIMA OIL,active; base,1,GRATISSIMA (AVOCADO) OIL
GREEN CLAY,base; dyes,1,GREEN CLAY
GUANINE,dyes,1,GUANINE
HAEMATOCOCCUS PLUVIALIS EXTRACT,active,1,HAEMATOCOCCUS PLUVIALIS EXTRACT
HAMAMELIS VIRGINIANA BARK,active,1,HAMAMELIS VIRGINIANA BARK/LEAF/TWIG EXTRACT
HAMAMELIS VIRGINIANA FLOWER WATER,active,1,HAMAMELIS VIRGINIANA FLOWER WATER
HARUNGANA MADAGASCARIENSIS EXTRACT,active,1,HARUNGANA MADAGASCARIENSIS EXTRACT
HDI/TRIMETHYLOL HEXYLLACTONE CROSSPOLYMER,base,1,HDI/TRIMETHYLOL HEXYLLACTONE CROSSPOLYMER
HEDERA HELIX STEM EXTRACT,active,1,HEDERA HELIX STEM EXTRACT
HELIANTHUS ANNUUS,active,1,HELIANTHUS ANNUUS
HELIANTHUS ANNUUS EXTRACT,active,1,HELIANTHUS ANNUUS (SUNFLOWER) EXTRACT
HELIANTHUS ANNUUS FLOWER EXTRACT,active,1,HELIANTHUS ANNUUS FLOWER EXTRACT
HELICHRYSUM STOECHAS EXTRACT,active,1,HELICHRYSUM STOECHAS EXTRACT
HEPTAPEPTIDE-8,active,1,HEPTAPEPTIDE-8
HEXANOYL DIPEPTIDE-3 NORLEUCINE ACETATE,active,1,HEXANOYL DIPEPTIDE-3 NORLEUCINE ACETATE
HEXYLDECANOL,active; base,1,HEXYLDECANOL
HIBISCUS MUTABILIS FLOWER EXTRACT,active,1,HIBISCUS MUTABILIS FLOWER EXTRACT
HIBISCUS SABDARIFFA CALLUS CULTURE FERMENT FILTRATE,active,1,LACTOBACCILLUS/HIBISCUS SABDARIFFA CALLUS CULTURE FERMENT FILTRATE
HIPPOPHAE RHAMNOIDES KERNEL EXTRACT,active,1,HIPPOPHAE RHAMNOIDES KERNEL EXTRACT
HIPPOPHAE RHAMNOIDES SEED OIL,active,1,HIPPOPHAE RHAMNOIDES SEED OIL
HIPPOPHAE RHAMNOIDES WATER,active,1,HIPPOPHAE RHAMNOIDES WATER
HIZIKIA FUSIFORME EXTRACT,active,1,HIZIKIA FUSIFORME EXTRACT
HORDEUM DISTICHON EXTRACT,active,1,HORDEUM DISTICHON EXTRACT
HOUTTUYNIA CORDATA WATER,active,1,HOUTTUYNIA CORDATA WATER
HUMULUS LUPULUS FLOWER EXTRACT,active,1,HUMULUS LUPULUS FLOWER EXTRACT
HYACINTHUS ORIENTALIS EXTRACT,active,1,HYACINTHUS ORIENTALIS EXTRACT
HYDRANGEA MACROPHYLLA LEAF EXTRACT,active,1,HYDRANGEA MACROPHYLLA LEAF EXTRACT
HYDROGENATED CASTOR OIL BEHENYL ESTERS,active; base,1,HYDROGENATED CASTOR OIL BEHENYL ESTERS
HYDROGENATED COCONUT ACID,active; base,1,HYDROGENATED COCONUT ACID
HYDROGENATED COTTON SEED OIL,active,1,HYDROGENATED COTTONSEED OIL
HYDROGENATED OLIVE OIL CETYL ESTERS,active; base,1,HYDROGENATED OLIVE OIL CETYL ESTERS
HYDROGENATED PALM KERNEL GLYCERIDES,active,1,HYDROGENATED PALM KERNEL GLYCERIDES
HYDROGENATED POLYCYCLO-20 OLEFIN,active; base,1,HYDROGENATED POLYCYCLO-20 OLEFIN
HYDROGENATED RAPESEED ALCOHOL,base,1,HYDROGENATED RAPESEED ALCOHOL
HYDROGENATED RICE BRAN OIL,active,1,HYDROGENATED RICE BRAN OIL
HYDROGENATED SOY POLYGLYCERIDES,active; base,1,HYDROGENATED SOY POLYGLYCERIDES
HYDROLYZED ADANSONIA DIGITATA EXTRACT,active,1,HYDROLYZED ADANSONIA DIGITATA EXTRACT
HYDROLYZED DNA,active,1,HYDROLYZED DNA
HYDROLYZED LACTOFERRIN,active,1,HYDROLYZED LACTOFERRIN
HYDROLYZED OAT PROTEIN,active; base,1,HYDROLYZED OAT PROTEIN
HYDROLYZED SCLEROTIUM GUM,base,1,HYDROLYZED SCLEROTIUM GUM
HYDROLYZED SUNFLOWER SEED WAX,active; base,1,HYDROLYZED SUNFLOWER SEED WAX
HYDROLYZED VERBASCUM THAPSUS FLOWER,active,1,HYDROLYZED VERBASCUM THAPSUS FLOWER
HYDROLYZED WHEAT PROTEIN/PVP CROSSPOLYMER,active; base,1,HYDROLYZED WHEAT PROTEIN/PVP CROSSPOLYMER
HYDROXYCINNAMIC ACID,active,1,HYDROXYCINNAMIC ACID
HYDROXYETHYL ACRYLATE,base,1,HYDROXYETHYL ACRYLATE
HYDROXYETHYL ETHYLCELLULOSE,base,1,HYDROXYETHYL ETHYLCELLULOSE
HYDROXYPROLINE,active,1,HYDROXYPROLINE
HYDROXYPROPYL GUAR,base,1,HYDROXYPROPYL GUAR
HYDROXYPROPYL GUAR HYDROXYPROPYLTRIMONIUM CHLORIDE,base,1,HYDROXYPROPYL GUAR HYDROXYPROPYLTRIMONIUM CHLORIDE
HYDROXYPROPYL METHYLCELLULOSE STEAROXY ETHER,base,1,HYDROXYPROPYL METHYLCELLULOSE STEAROXY ETHER
ILEX AQUIFOLIUM LEAF EXTRACT,active,1,ILEX AQUIFOLIUM LEAF EXTRACT
IMPERATA CYLINDRICA ROOT FERMENT EXTRACT,active,1,SACCHAROMYCES/IMPERATA CYLINDRICA ROOT FERMENT EXTRACT
INDIGOFERA TINCTORIA LEAF EXTRACT,active,1,INDIGOFERA TINCTORIA LEAF EXTRACT
INONOTUS OBLIQUUS EXRTACT,active,1,INONOTUS OBLIQUUS EXRTACT
IPROPANEDIOL,base,1,IPROPANEDIOL
ISOCETYL ISOSTEARATE,base,1,ISOCETYL ISOSTEARATE
ISOMALT,active,1,ISOMALT
ISOPROPYL ALCOHOL,base,1,ISOPROPYL ALCOHOL
ISOSTEARAMIDOPROPYL DIMETHYLAMINE,base,1,ISOSTEARAMIDOPROPYL DIMETHYLAMINE
ISOSTEARAMIDOPROPYL ETHYLDIMONIUM ETHOSULFATE,base,1,ISOSTEARAMIDOPROPYL ETHYLDIMONIUM ETHOSULFATE
ISOSTEARATE,base,1,ISOSTEARATE
JUGLANS REGIA SEED OIL,active,1,JUGLANS REGIA SEED OIL
KALANCHOE PINNATA LEAF EXTRACT,active,1,KALANCHOE PINNATA LEAF EXTRACT
KELP FERMENT FILTRATE,active,1,LACTOBACILLUS/KELP FERMENT FILTRATE
KHAYA SENEGALENSIS BARK EXTRACT,active,1,KHAYA SENEGALENSIS BARK EXTRACT
KJELLMANIELLA GYRATA EXTRACT,active,1,KJELLMANIELLA GYRATA EXTRACT
KOJIC ACID,active,1,KOJIC ACID
KOMBUCHA,active,1,KOMBUCHA
LAC,base,1,LAC
LACTOCOCCUS FERMENT,active,1,LACTOCOCCUS FERMENT
LACTOFERRICIN,active,1,LACTOFERRICIN
LACTOFERRIN,active,1,LACTOFERRIN
LACTOPEROXIDASE,active,1,LACTOPEROXIDASE
LAMINARIA DIGITATA WATER,active,1,LAMINARIA DIGITATA WATER
LAMINARIA SACCHARINA EXTRACT,active,1,LAMINARIA SACCHARINA EXTRACT
LARIX LEPTOLEPIS WOOD EXTRACT,active,1,LARIX LEPTOLEPIS WOOD EXTRACT
LAURDIMONIUM HYDROXYPROPYL HYDROLYZED WHEAT PROTEIN,active,1,LAURDIMONIUM HYDROXYPROPYL HYDROLYZED WHEAT PROTEIN
LAURDIMONIUM HYDROXYPROPYL HYDROLYZED WHEAT STARCH,base,1,LAURDIMONIUM HYDROXYPROPYL HYDROLYZED WHEAT STARCH
LAURETH-2,base,1,LAURETH-2
LAURETH-4,base,1,LAURETH-4
LAURETH-7 CITRATE,base,1,LAURETH-7 CITRATE
LAURYL HYDROXYSULTAINE,base,1,LAURYL HYDROXYSULTAINE
LAURYL OLEATE,base,1,LAURYL OLEATE
LAURYL PEG-8 DIMETHICONE,base,1,LAURYL PEG-8 DIMETHICONE
LAURYL POLYGLYCERYL-3 POLYDIMETHYLSILOXYETHYL DIMETHICONE,base,1,LAURYL POLYGLYCERYL-3 POLYDIMETHYLSILOXYETHYL DIMETHICONE
LAVANDULA ANGUSTIFOLIA FLOWER,active,1,LAVANDULO ANGUSTIFOLIA FLOWER
LAVANDULA ANGUSTIFOLIA FLOWER OIL,active; fragrances,1,LAVANDULA ANGUSTIFOLIA (LAVENDER) FLOWEROIL
LAVANDULA STOECHAS EXTRACT,active,1,LAVANDULA STOECHAS EXTRACT
LECYTHIS MINOR SEED OIL,active,1,LECYTHIS MINOR SEED OIL
LEMON FRUIT EXTRACT,active,1,LEMON FRUIT EXTRACT
LENS ESCULENTA SEED EXTRACT,active,1,LENS ESCULENTA SEED EXTRACT
LENTINUS EDODES EXTRACT,active,1,LENTINUS EDODES EXTRACT
LENTISCUS GUM,base,1,LENTISCUS GUM
LINSEED FERMENT EXTRACT,active,1,LINSEED FERMENT EXTRACT
LITCHI CHINENSIS FRUIT EXTRACT,active,1,LITCHI CHINENSIS FRUIT EXTRACT
LITHOSPERMUM ERYTHRORHIZON ROOT OIL,active,1,LITHOSPERMUM ERYTHRORHIZON ROOT OIL
LLLITE,base; dyes,1,LLLITE
LOPHATHERUM GRACILE LEAF EXTRACT,active,1,LOPHATHERUM GRACILE LEAF EXTRACT
LOTUS CORNICULATUS SEED EXTRACT,active,1,LOTUS CORNICULATUS SEED EXTRACT
LOW MOLECULAR HYALURONIC ACID,active,1,SHORT CHAIN HYALURONIC ACID/LOW MOLECULAR HYALURONIC ACID
LUPINUS ALBUS SEED EXTRACT,active,1,LUPINUS ALBUS SEED EXTRACT
LYCIUM BARBARUM FRUIT EXTRACT,active,1,LYCIUM BARBARUM (GOJI) FRUIT EXTRACT
MACADAMIA SEED OIL POLYGLYCERYL-4 ESTERS,base,1,MACADAMIA SEED OIL POLYGLYCERYL-4 ESTERS
MAGNESIUM ASCORBYL PHOSPHATE,active,1,MAGNESIUM ASCORBYL PHOSPHATE
MAGNESIUM MYRISTATE,base,1,MAGNESIUM MYRISTATE
MAGNOLIA DENUDATA FLOWER EXTRACT,active,1,MAGNOLIA DENUDATA FLOWER EXTRACT
MAGNOLIA KOBUS FLOWER EXTRACT,active,1,MAGNOLIA KOBUS FLOWER EXTRACT
MALEATED SOYBEAN OIL GLYCERYL,active,1,MALEATED SOYBEAN OIL GLYCERYL/OCTYLDODECANOL ESTERS
MALPIGHIA EMARGINATA SEED EXTRACT,active,1,MALPIGHIA EMARGINATA (ACEROLA) SEED EXTRACT
MALTITOL,active,1,MALTITOL
MALTOSE HYDROGENATED LECITHIN,active; base,1,MALTOSE HYDROGENATED LECITHIN
MANGANESE VIOLET,dyes,1,MANGANESE VIOLET (CI 77742)
MEDECASSOSIDE,active,1,MEDECASSOSIDE
MEDICAGO SATIVA EXTRACT,active,1,MEDICAGO SATIVA EXTRACT
MEDICAGO SATIVA LEAF EXTRACT,active,1,MEDICAGO SATIVA LEAF EXTRACT
MELANIN,dyes,1,MELANIN
MELISSA OFFICINALIS EXTRACT,active,1,MELISSA OFFICINALIS EXTRACT
MENTHA AQUATICA EXTRACT,active,1,MENTHA AQUATICA EXTRACT
MENTHA PIPERITA LEAF JUICE,active,1,MENTHA PIPERITA LEAF JUICE
MENTHYL ETHYLAMIDO OXALATE,active,1,MENTHYL ETHYLAMIDO OXALATE
METHYL 2-OCTYNOATE,fragrances,1,METHYL 2-OCTYNOATE
METHYL BENZOATE,preservative,1,METHYL BENZOATE
METHYLHEPTYLGLYCERIN,base,1,METHYLHEPTYLGLYCERIN
METHYLOPROPANEDIOL,base,1,METHYLOPROPANEDIOL
METHYPROPANDIOL,base,1,METHYPROPANDIOL
MILK FERMENT FILTRATE,active,1,LACTOBACILLUS/MILK FERMENT FILTRATE
MILK PROTEIN EXTRACT,active,1,MILK PROTEIN EXTRACT
MILK SOLIDS,active,1,MILK SOLIDS
MILT EXTRACT,active,1,MILT EXTRACT
MONARDA DIDYMA LEAF EXTRACT,active,1,MONARDA DIDYMA LEAF EXTRACT
MORINDA CITRIFOLIA EXTRACT,active,1,MORINDA CITRIFOLIA EXTRACT
MORINGA OLEIFERA LEAF EXTRACT,active,1,MORINGA OLEIFERA LEAF EXTRACT
MORUS BOMBYCIS LEAF EXTRACT,active,1,MORUS BOMBYCIS LEAF EXTRACT
MORUS NIGRA LEAF EXTRACT,active,1,MORUS NIGRA LEAF EXTRACT
MUSA PARADISIACA FRUIT JUICE,active,1,MUSA PARADISIACA FRUIT JUICE
MYOSOTIS SYLVATICA FLOWER,active,1,MYOSOTIS SYLVATICA FLOWER/LEAF/STEM EXTRACT
MYRCIARIA DUBIA FRUIT EXTRACT,active,1,MYRCIARIA DUBIA FRUIT EXTRACT
MYRISTOYL METHYL GLUCAMIDE,base,1,LAUROYL/MYRISTOYL METHYL GLUCAMIDE
MYRISTYL LACTATE,base,1,MYRISTYL LACTATE
MYRISTYL MALATE PHOSPHONIC ACID,base,1,MYRISTYL MALATE PHOSPHONIC ACID
NARCISSUS POETICUS CALLUS EXTRACT,active,1,NARCISSUS POETICUS CALLUS EXTRACT
NATTO GUM,base,1,NATTO GUM
NYMPHAEA COERULEA FLOWER EXTRACT,active,1,NYMPHAEA COERULEA FLOWER EXTRACT
OCIMUM BASILICUM LEAF EXTRACT,active,1,OCIMUM BASILICUM (BASIL) LEAF EXTRACT
OCTANEDIOL,base,1,OCTANEDIOL
OCTYLDODECYL OLEATE,base,1,OCTYLDODECYL OLEATE
OCTYLDODECYL STEAROYL STEARATE,active,1,OCTYLDODECYL STEAROYL STEARATE
OENOTHERA BIENNIS FLOWER,active,1,OENOTHERA BIENNIS (EVENING PRIMROSE) FLOWER/LEAF/STEM EXTRACT
OLEA EUROPAEA OIL,active; base,1,OLEA EUROPAEA (OLIVE) OIL
OLEA EUROPAEA SEED POWDER,active,1,OLEA EUROPAEA SEED POWDER
OLEA EUROPEA FRUIT OIL,active,1,OLEA EUROPEA FRUIT OIL
OLEIC GLYCERIDES,active; base,1,OLEIC GLYCERIDES
OLEYL ALCOHOL,base,1,OLEYL ALCOHOL
OLEYL ERUCATE,base,1,OLEYL ERUCATE
OLIGOPEPTIDE-2,active,1,OLIGOPEPTIDE-2
OLIGOPEPTIDE-28,active,1,OLIGOPEPTIDE-28
OLIGOPEPTIDE-29,active,1,OLIGOPEPTIDE-29
OLIGOPEPTIDE-32,active,1,OLIGOPEPTIDE-32
OLIGOPEPTIDE-6,active,1,OLIGOPEPTIDE-6
OLIVE OIL PEG-7,base,1,OLIVE OIL PEG-7
OLIVE OIL POLYGLYCERYL-4 ESTERS,base,1,OLIVE OIL POLYGLYCERYL-4 ESTERS
ORANGE ROUGHY OIL,active; base,1,ORANGE ROUGHY OIL
ORCHID EXTRACT,active,1,ORCHID EXTRACT
ORCHIS MASCULA FLOWER EXTRACT,active,1,ORCHIS MASCULA FLOWER EXTRACT
ORYZA SATIVA BRAN CERA,active; base,1,ORYZA SATIVA BRAN CERA
ORYZA SATIVA GERM EXTRACT,active,1,ORYZA SATIVA GERM EXTRACT
ORYZA SATIVA HULL POWDER,active,1,ORYZA SATIVA HULL POWDER
ORYZA SATIVA OIL,active; base,1,ORYZA SATIVA OIL
ORYZANOL,active,1,ORYZANOL
OSMANTHUS FRAGRANS FLOWER EXTRACT,active,1,OSMANTHUS FRAGRANS FLOWER EXTRACT
OXIDIZED ATARACH ACETATE,base,1,OXIDIZED ATARACH ACETATE
OXIDIZED GLUTATHIONE,active,1,OXIDIZED GLUTATHIONE
OXOTHIAZOLIDINE,active,1,OXOTHIAZOLIDINE
OXOTHIAZOLIDINECARBOXYLIC ACID,active,1,OXOTHIAZOLIDINECARBOXYLIC ACID
OXYCOCCUS PALUSTRIS SEED OIL,active,1,OXYCOCCUS PALUSTRIS SEED OIL
OZONIZED OLIVE OIL,active,1,OZONIZED OLIVE OIL
PAEONIA ALBIFLORA FLOWER EXTRACT,active,1,PAEONIA ALBIFLORA FLOWER EXTRACT
PAEONIA LACTIFLORA EXTRACT,active,1,PAEONIA LACTIFLORA EXTRACT
PAEONIA LACTIFLORA FLOWER EXTRACT,active,1,PAEONIA LACTIFLORA FLOWER EXTRACT
PAEONIA SUFFRUTICOSA BRANCH,active,1,PAEONIA SUFFRUTICOSA BRANCH/FLOWER/LEAF EXTRACT
PAEONIA SUFFRUTICOSA EXTRACT,active,1,PAEONIA SUFFRUTICOSA EXTRACT
PALMITAMIDE MEA,base,1,PALMITAMIDE MEA
PALMITOYL GLYCINE,active,1,PALMITOYL GLYCINE
PALMITOYL TETRAPEPTIDE-38,active,1,PALMITOYL TRIPEP-TIDE-38
PANAX GINSENG BERRY EXTRACT FERMENT FILTRATE,active,1,LACTOBACILLUS/PANAX GINSENG BERRY EXTRACT FERMENT FILTRATE
PANAX GINSENG CALLUS CULTURE EXTRACT,active,1,PANAX GINSENG CALLUS CULTURE EXTRACT
PANAX GINSENG SEED OIL,active,1,PANAX GINSENG SEED OIL
PANTHENYL TRIACETATE,active,1,PANTHENYL TRIACETATE
PAPAVER RHOEAS EXTRACT,active,1,PAPAVER RHOEAS EXTRACT
PARETH-12,base,1,PARETH-12
PASSIFLORA INCARNATA FLOWER EXTRACT,active,1,PASSIFLORA INCARNATA FLOWER EXTRACT
PAULLINIA CUPANA FRUIT EXTRACT,active,1,PAULLINIA CUPANA FRUIT EXTRACT
PCA ETHYL COCOYL ARGINATE,active; base,1,PCA ETHYL COCOYL ARGINATE
PECTIN,base,1,PECTIN
PEG-10,base,1,PEG-10
PEG-10 PHYOSTEROL,base,1,PEG-10 PHYOSTEROL
PEG-20 GLYCERYL ISOSTEARATE,active,1,PEG-20 GLYCERYL ISOSTEARATE
PEG-20 SORBITAN ISOSTEARATE,base,1,PEG-20 SORBITAN ISOSTEARATE
PEG-200 HYDROGENATED GLYCERYL PALMATE,base,1,PEG-200 HYDROGENATED GLYCERYL PALMATE
PEG-40 GLYCERYL COCOATE,base,1,PEG-40 GLYCERYL COCOATE
PEG-40 SORBITAN PEROLEATE,base,1,PEG-40 SORBITAN PEROLEATE
PEG-60 ALMOND GLYCERIDES,base,1,PEG-60 ALMOND GLYCERIDES
PEG-8 DIOLEATE,base,1,PEG-8 DIOLEATE
PEG-80 SORBITAN LAURATE,base,1,PEG-80 SORBITAN LAURATE
PELARGONIUM GRAVEOLENS FLOWER WATER,active,1,PELARGONIUM GRAVEOLENS FLOWER WATER
PELARGONIUM GRAVEOLENS WATER,active,1,PELARGONIUM GRAVEOLENS WATER
PENTAERYTHRITYL,base,1,PENTAERYTHRITYL
PENTASODIUM TRIPHOSPHATE,base,1,PENTASODIUM TRIPHOSPHATE
PERSEA,active,1,PERSEA
PERSEA GRATISSIMA OIL UNSAPONIFIABLES,active,1,PERSEA GRATISSIMA (AVOCADO) OIL UNSAPONIFIABLES
PHAEODACTYLUM TRICORNUTUM EXTRACT,active,1,PHAEODACTYLUM TRICORNUTUM EXTRACT
PHLOROGLUCINOL TRIMETHYL ETHER,active,1,PHLOROGLUCINOL TRIMETHYL ETHER
PHORMIDIUM PERSICINUM EXTRACT,active,1,PHORMIDIUM PERSICINUM EXTRACT
PHOSPHORIC ACID,base,1,PHOSPHORIC ACID
PHYTOSTERYL MACADAMIATE,active,1,PHYTOSTERYL MACADAMIATE
PIMPINELLA ANISUM FRUIT EXTRACT,active,1,PIMPINELLA ANISUM FRUIT EXTRACT
PINK CLAY,base; dyes,1,PINK CLAY
PINUS SYLVESTRIS BUD EXTRACT,active,1,PINUS SYLVESTRIS (PINE) BUD EXTRACT
PINUS SYLVESTRIS LEAF EXTRACT,active,1,PINUS SYLVESTRIS LEAF EXTRACT
PIPER METHYSTICUM LEAF,active,1,PIPER METHYSTICUM LEAF/ROOT/STEM EXTRACT
PIRIDOXINE HCL,active,1,PIRIDOXINE HCL
PISTACIA,active,1,PISTACIA
PISUM SATIVUM PEPTIDE,active,1,PISUM SATIVUM PEPTIDE
PLOYQUATERNIUM-7,base,1,PLOYQUATERNIUM-7
POLIANTHES TUBEROSA CALLUS EXTRACT,active,1,POLIANTHES TUBEROSA CALLUS EXTRACT
POLIVINYL ALCOHOL,base,1,POLIVINYL ALCOHOL
POLLEN EXTRACT,active,1,POLLEN EXTRACT
POLOXAMER 188,base,1,POLOXAMER 188
POLY GLYCERYL-10 MYRISTATE,base,1,POLY GLYCERYL-10 MYRISTATE
POLYAMIDE-3,base,1,POLYAMIDE-3
POLYAMIDE-8,base,1,POLYAMIDE-8
POLYETHYLENE TEREPHTHALATE,base,1,POLYETHYLENE TEREPHTHALATE
POLYGLYCERIN-4,base,1,POLYGLYCERIN-4
POLYGLYCERIN-6,base,1,POLYGLYCERIN-6
POLYGLYCERYL 3-COCOATE,base,1,POLYGLYCERYL 3-COCOATE
POLYGLYCERYL-3 ACRYLAMIDE/SODIUM ACRYLOYLDIMETHYLTAURATE,base,1,POLYGLYCERYL-3 ACRYLAMIDE/SODIUM ACRYLOYLDIMETHYLTAURATE
POLYGLYCERYL-3 LAURATE,base,1,INGREDIENTS: POLYGLYCERYL-3 LAURATE
POLYGLYCERYL-3 POLYDIMETHYLSILOXYETHYL DIMETHICONE,base,1,POLYGLYCERYL-3 POLYDIMETHYLSILOXYETHYL DIMETHICONE
POLYGLYCERYL-4 DIISOSTEARATE-POLYHYDROXYSTEARATE-SEBACATE,base,1,POLYGLYCERYL-4 DIISOSTEARATE-POLYHYDROXYSTEARATE-SEBACATE
POLYGLYCERYL-4 ISOOLEATE,base,1,POLYGLYCERYL-4 ISOOLEATE
POLYGLYCERYL-6 DISTEARATE,base,1,POLYGLYCERYL-6 DISTEARATE
POLYGONATUM MULTIFLORUM RHIZOME,active,1,POLYGONATUM MULTIFLORUM RHIZOME/ROOT EXTRACT
POLYGONUM CUSPIDATUM EXTRACT,active,1,POLYGONUM CUSPIDATUM EXTRACT
POLYGONUM FAGOPYRUM SEED EXTRACT,active,1,POLYGONUM FAGOPYRUM SEED EXTRACT
POLYGONUM TINCTORIUM LEAF EXTRACT,active,1,POLYGONUM TINCTORIUM LEAF EXTRACT
POLYGYCERIN-6,base,1,POLYGYCERIN-6
POLYMETHYL TAURATE,base,1,POLYMETHYL TAURATE
POLYPROPYLSILSESQUIOXANE,base,1,POLYPROPYLSILSESQUIOXANE
POLYSORBATE-20,base,1,POLYSORBATE-20
POLYURETHANE-1,base,1,POLYURETHANE-1
PORPHYRA UMBILICALIS EXTRACT,active,1,PORPHYRA UMBILICALIS EXTRACT
POTASSIUM COCOYL RICE AMINO ACIDS,base,1,POTASSIUM COCOYL RICE AMINO ACIDS
POTASSIUM OLIVOYL PCA,active; base,1,POTASSIUM OLIVOYL PCA
POTASSIUM PALMITOYL HYDROLYZED OAT PROTEIN,active,1,POTASSIUM PALMITOYL HYDROLYZED OAT PROTEIN
POTASSIUM PCA,active; base,1,POTASSIUM PCA
POTASSIUM SILICATE,base,1,POTASSIUM SILICATE
POTASSIUM THIOCYANATE,active,1,POTASSIUM THIOCYANATE
POTATO STARCH MODIFIED,base,1,POTATO STARCH MODIFIED
POTENTILLA TORMENTILLA,active,1,POTENTILLA TORMENTILLA
PPG-1-PEG-9 LAURYL GLYCOL ETHER,base,1,PPG-1-PEG-9 LAURYL GLYCOL ETHER
PPG-13-DECYLTETRADECETH-24,base,1,PPG-13-DECYLTETRADECETH-24
PPG-3 CAPRYLYL ETHER,base,1,PPG-3 CAPRYLYL ETHER
PPG-3 MYRISTYL ETHER,base,1,PPG-3 MYRISTYL ETHER
PROPANE,base,1,PROPANE
PROPYLENE GLYCOL CETRIMONIUM CHLORIDE,base,1,PROPYLENE GLYCOL CETRIMONIUM CHLORIDE
PROPYLENE GLYCOL DIHEPTANOATE,base,1,PROPYLENE GLYCOL DIHEPTANOATE
PROPYLENE GLYCOL LAURATE,base,1,PROPYLENE GLYCOL LAURATE
PROTEASE,active,1,PROTEASE
PRUNELLA VULGARIS LEAF EXTRACT,active,1,PRUNELLA VULGARIS LEAF EXTRACT
PRUNUS AMYGDALUS DULCIS OLEOSOMES,active,1,PRUNUS AMYGDALUS DULCIS OLEOSOMES
PRUNUS ARMENIACA SEED POWDER,active,1,PRUNUS ARMENIACA SEED POWDER
PRUNUS CERASUS SEED OIL,active,1,PRUNUS CERASUS (BITTER CHERRY) SEED OIL
PRUNUS DOMESTICA FRUIT EXTRACT,active,1,PRUNUS DOMESTICA (PLUM) FRUIT EXTRACT
PRUNUS MALUS FRUIT EXTRACT,active,1,PRUNUS MALUS FRUIT EXTRACT
PRUNUS MUME FLOWER WATER,active,1,PRUNUS MUME FLOWER WATER
PRUNUS PERSICA FLOWER EXTRACT,active,1,PRUNUS PERSICA FLOWER EXTRACT
PRUNUS PERSICA LEAF EXTRACT,active,1,PRUNUS PERSICA LEAF EXTRACT
PTFE,base,1,PTFE
PUERARIA MIRIFICA ROOT EXTRACT,active,1,PUERARIA MIRIFICA ROOT EXTRACT
PUMPKIN FERMENT EXTRACT,active,1,LACTOBACILLUS/PUMPKIN FERMENT EXTRACT
PUNICA,active,1,PUNICA
PUNICA GRANATUM EXTRACT,active,1,PUNICA GRANATUM EXTRACT
PUNICA GRANATUM FLOWER EXTRACT,active,1,PUNICA GRANATUM FLOWER EXTRACT
PUNICA GRANATUM FRUIT FERMENT EXTRACT,active,1,LACTOBACILLUS/PUNICA GRANATUM FRUIT FERMENT EXTRACT (21 MG)
PUNICA GRANATUM FRUIT JUICE,active,1,PUNICA GRANATUM FRUIT JUICE
PUNICA GRANATUM STEROLS,active,1,PUNICA GRANATUM STEROLS
PURPUREA BARK EXTRACT,active,1,PURPUREA BARK EXTRACT
PVC,base,1,MASKA: PVC
PYRUS MALUS FIBER,active; base,1,PYRUS MALUS FIBER
PYRUS MALUS FRUIT WATER,active,1,PYRUS MALUS FRUIT WATER
PYRUS MALUS JUICE,active,1,PYRUS MALUS JUICE
PYRUS MALUS LEAF EXTRACT,active,1,PYRUS MALUS LEAF EXTRACT
PYRUS PYRIFOLIA FRUIT EXTRACT,active,1,PYRUS PYRIFOLIA FRUIT EXTRACT
PYRUVIC ACID,active,1,PYRUVIC ACID
QUATERNIUM-73,active,1,QUATERNIUM-73
QUERCETIN,active,1,QUERCETIN
QUERCUS SUBER BARK EXTRACT,active,1,QUERCUS SUBER BARK EXTRACT
RETINYL ACETATE,active,1,RETINYL ACETATE
RETINYL LINOLEATE,active,1,RETINYL LINOLEATE
RHODODENDRON FERRUGINEUM EXTRACT,active,1,RHODODENDRON FERRUGINEUM EXTRACT
RHODODENDRON FERRUGINEUM LEAF CELL CULTURE EXTRACT,active,1,RHODODENDRON FEFFUGINEUM LEAF CELL CULTURE EXTRACT
RHODOMYRTUS TOMENTOSA FRUIT EXTRACT,active,1,RHODOMYRTUS TOMENTOSA FRUIT EXTRACT
RHUS SEMIALATA EXTRACT,active,1,RHUS SEMIALATA EXTRACT
RIBES NIGRUM BUD EXTRACT,active,1,RIBES NIGRUM (BLACK CURRANT) BUD EXTRACT
RIBES NIGRUM FRUIT POWDER,active,1,RIBES NIGRUM FRUIT POWDER
RICE FERMENT EXTRACT,active,1,RICE FERMENT EXTRACT
RICE SH-OLIGOPEPTIDE-1,active,1,RICE SH-OLIGOPEPTIDE-1
ROSA CANINA FLOWER OIL,active; fragrances,1,ROSA CANINA FLOWER OIL
ROSA CANINA FLOWER POWDER,active,1,ROSA CANINA FLOWER POWDER
ROSA CANINA FRUIT,active,1,ROSA CANINA FRUIT
ROSA CANINA OIL,active; fragrances,1,ROSA CANINA (ROSEHIP) OIL; ROSA CANINA (ROSEHIP) OIL*. *SKŁADNIKI POCHODZĄCE Z UPRAW EKOLOGICZNYCH
ROSA CENTIFOLIA FLOWER,active,1,ROSA CENTIFOLIA FLOWER
ROSA CENTIFOLIA FLOWER EXTRACT,active; fragrances,1,ROSA CENTIFOLIA FLOWER EXTRACT
ROSA DAMASCENA EXTRACT,active,1,ROSA DAMASCENA EXTRACT
ROSMARINUS OFFICINALIS LEAF WATER,active,1,ROSMARINUS OFFICINALIS LEAF WATER
RUBUS CHAMAEMORUS FRUIT EXTRACT,active,1,RUBUS CHAMAEMORUS FRUIT EXTRACT
RUBUS CHAMAEMORUS SEED EXTRACT,active,1,RUBUS CHAMAEMORUS SEED EXTRACT
RUBUS CHAMAEMORUS SEED OIL,active,1,RUBUS CHAMAEMORUS SEED OIL
RUBUS IDAEUS,active,1,RUBUS IDAEUS (RASPBERRY)
RUBUS IDAEUS JUICE,active,1,RUBUS IDAEUS JUICE
RUBUS IDAEUS LEAF EXTRACT,active,1,RUBUS IDAEUS LEAF EXTRACT
RUSCUS ACULEATUS ROOT EXTRACT,active,1,RUSCUS ACULEATUS ROOT EXTRACT
RUTIN,active,1,RUTIN
SACCHARIDE HYDROLYSATE,active,1,SACCHARIDE HYDROLYSATE
SALICORNIA HERBACEA EXTRACT,active,1,SALICORNIA HERBACEA EXTRACT
SALIX ALBA,active,1,SALIX ALBA
SALIX PURPUREA BARK FERMENT EXTRACT,active,1,LACTOBACILLUS/SALIX PURPUREA BARK FERMENT EXTRACT
SALVIA MILTIORRHIZA ROOT EXTRACT,active,1,SALVIA MILTIORRHIZA ROOT EXTRACT
SAMBUCUS NIGRA FLOWER WATER,active,1,SAMBUCUS NIGRA FLOWER WATER
SAMBUCUS NIGRA FRUIT EXTRACT,active,1,SAMBUCUS NIGRA FRUIT EXTRACT
SANTALUM ALBUM EXTRACT,active,1,SANTALUM ALBUM EXTRACT
SAOWER SEED OIL FERMENT EXTRACT FILTRATE,active,1,PSEUDOZYMA EPICOLA/SAOWER SEED OIL FERMENT EXTRACT FILTRATE
SAPOSHNIKOVIA DIVARICATA ROOT EXTRACT,active,1,SAPOSHNIKOVIA DIVARICATA ROOT EXTRACT
SARGASSUM FULVELLUM EXTRACT,active,1,SARGASSUM FULVELLUM EXTRACT
SARGASSUM PALLIDUM EXTRACT,active,1,SARGASSUM PALLIDUM EXTRACT
SASA QUELPAERTENSISEXTRACT,active,1,SASA QUELPAERTENSISEXTRACT
SAUSSUREA INVOLUCRATA EXTRACT,active,1,SAUSSUREA INVOLUCRATA EXTRACT
SCIADOPITYS VERTICILLATA ROOT EXTRACT,active,1,SCIADOPITYS VERTICILLATA ROOT EXTRACT
SCUTELLARIA ALPINA FLOWER,active,1,SCUTELLARIA ALPINA FLOWER/LEAF/STEM EXTRACT
SEA SALT,active,1,SEA SALT
SECALE CEREALE EXTRACT,active,1,SECALE CEREALE EXTRACT/RYE SEED EXTRACT
SEDUM SARMENTOSUM EXTRACT,active,1,SEDUM SARMENTOSUM EXTRACT
SELAGINELLA LEPIDOPHYLLA EXTRACT,active,1,SELAGINELLA LEPIDOPHYLLA EXTRACT
SERICIN,active,1,SERICIN
SH-DECAPEPTIDE-7,active,1,SH-DECAPEPTIDE-7
SH-DECAPEPTIDE-9,active,1,SH-DECAPEPTIDE-9
SH-OCTAPEPTIDE-4,active,1,SH-OCTAPEPTIDE-4
SH-PENTAPEPTIDE-19,active,1,SH-PENTAPEPTIDE-19
SH-PEPTIDE-11,active,1,SH-PEPTIDE-11
SH-PEPTIDE-9,active,1,SH-PEPTIDE-9
SH-POLYPEPTIDE-22,active,1,SH-POLYPEPTIDE-22
SH-POLYPEPTIDE-3,active,1,SH-POLYPEPTIDE-3
SHEA BUTTER GLYCERETH-8 ESTERS,active; base,1,SHEA BUTTER GLYCERETH-8 ESTERS
SHPINGOLIPIDS,active,1,SHPINGOLIPIDS
SILK AMINO ACIDS,active,1,SILK AMINO ACIDS
SILYBUM MARIANUM EXTRACT,active,1,SILYBUM MARIANUM EXTRACT
SILYBUM MARIANUM SEED EXTRACT,active,1,SILYBUM MARIANUM SEED EXTRACT
SITOSTEARIN,active; base,1,SITOSTEARIN
SMITHSONITE EXTRACT,active,1,SMITHSONITE EXTRACT
SODIUM,base,1,SODIUM
SODIUM ACRYLAMIDE/SODIUM ACRYLOYLMETHYLTAURATE COPOLYMER,base,1,SODIUM ACRYLAMIDE/SODIUM ACRYLOYLMETHYLTAURATE COPOLYMER
SODIUM ACRYLIC ACID/MA COPOLYMER,base,1,SODIUM ACRYLIC ACID/MA COPOLYMER
SODIUM BABASSUAMPHOACETATE,base,1,SODIUM BABASSUAMPHOACETATE
SODIUM BICARBONATE,base,1,SODIUM BICARBONATE
SODIUM BISULFITE,base,1,SODIUM BISULFITE
SODIUM CARBOXYMETHYL STARCH,base,1,SODIUM CARBOXYMETHYL STARCH
SODIUM COCOYL APPLE AMINO ACIDS,base,1,SODIUM COCOYL APPLE AMINO ACIDS
SODIUM COCOYL GLYCINATE,base,1,SODIUM COCOYL GLYCINATE
SODIUM DILAURAMIDOGLUTAMIDE LYSINE,active; base,1,SODIUM DILAURAMIDOGLUTAMIDE LYSINE
SODIUM DODECYLBENZENESULFONATE,base,1,SODIUM DODECYLBENZENESULFONATE
SODIUM GLUTAMATE,active,1,SODIUM GLUTAMATE
SODIUM GUAIAZULENE SULFONATE,active,1,SODIUM GUAIAZULENE SULFONATE
SODIUM HYDROXYPROPYL STARCH PHOSPHATE,base,1,SODIUM HYDROXYPROPYL STARCH PHOSPHATE
SODIUM LAUROYL GLUTAMATE,base,1,SODIUM LAUROYL GLUTAMATE
SODIUM LAUROYL METHYL ISETHIONATE,base,1,SODIUM LAUROYL METHYL ISETHIONATE
SODIUM LAURYL GLUCOSE CARBOXYLATE,base,1,SODIUM LAURYL GLUCOSE CARBOXYLATE
SODIUM LAURYL SULFOACETATE,base,1,SODIUM LAURYL SULFOACETATE
SODIUM MAGNESIUM SILICATE,base,1,SODIUM MAGNESIUM SILICATE
SODIUM METHYL STEAROYL TAURATE,base,1,SODIUM METHYL STEAROYL TAURATE
SODIUM MYRETH SULFATE,base,1,SODIUM MYRETH SULFATE
SODIUM OLIVATE,base,1,SODIUM OLIVATE
SODIUM PALMITATE,base,1,SODIUM PALMITATE
SODIUM PEG-7 OLIVE OIL CARBOXYLATE,base,1,SODIUM PEG-7 OLIVE OIL CARBOXYLATE
SODIUM STEAROXY PG-HYDROXYETHYLCELLULOSE SULFONATE,base,1,SODIUM STEAROXY PG-HYDROXYETHYLCELLULOSE SULFONATE
SODIUM STYRENE/MA COPOLYMER,base,1,SODIUM STYRENE/MA COPOLYMER
SODIUM THIOSULFATE,base,1,SODIUM THIOSULFATE
SOLANUM LYCOPERSICUM FRUIT EXTRACT,active,1,SOLANUM LYCOPERSICUM FRUIT EXTRACT
SOLANUM LYCOPERSICUM SEED OIL,active,1,SOLANUM LYCOPERSICUM SEED OIL
SOLANUM TUBEROSUM PULP EXTRACT,active,1,SOLANUM TUBEROSUM PULP EXTRACT
SOLUBLE COLLAGEN CROSSPOLYMER,active,1,SOLUBLE COLLAGEN CROSSPOLYMER
SOLUBLE PROTEOGLYCAN,active,1,SOLUBLE PROTEOGLYCAN
SOPHORA JAPONICA FLOWER EXTRACT,active,1,SOPHORA JAPONICA FLOWER EXTRACT
SOPHORA JAPONICA FRUIT EXTRACT,active,1,SOPHORA JAPONICA FRUIT EXTRACT
SOYBEAN SPROUT EXTRACT,active,1,SOYBEAN SPROUT EXTRACT
SPANISH LICORICE EXTRACT,active,1,SPANISH LICORICE EXTRACT
SPINACIA OLERACEA LEAF EXTRACT,active,1,SPINACIA OLERACEA LEAF EXTRACT
STEARYL DIMETHICONE,active; base,1,STEARYL DIMETHICONE
STELLARIA MEDIA EXTRACT,active,1,STELLARIA MEDIA EXTRACT
STEPHANIA TETRANDRA ROOT EXTRACT,active,1,STEPHANIA TETRANDRA ROOT EXTRACT
STEVIA REBAUDIANA LEAF EXTRACT,active,1,STEVIA REBAUDIANA LEAF EXTRACT
STEVIOSIDE,fragrances,1,STEVIOSIDE
STRAW GLYCOSIDES,active,1,STRAW GLYCOSIDES
STREPTOCOCCUS THERMOPHILUS LYSATE,active,1,STREPTOCOCCUS THERMOPHILUS LYSATE
STRONTIUM OXIDE,base,1,STRONTIUM OXIDE
STYRENE/BUTADIENE COPOLYMER,base,1,STYRENE/BUTADIENE COPOLYMER
SUCROSE PALMITATE,base,1,SUCROSE PALMITATE
SUNFLOWEROYL METHYLGLUCAMIDE,base,1,SUNFLOWEROYL METHYLGLUCAMIDE
SYRINGA VULGARIS EXTRACT,active,1,SYRINGA VULGARIS (LILAC) EXTRACT
TAMARINDUS INDICA SEED POLYSACCHARIDE,active,1,TAMARINDUS INDICA SEED POLYSACCHARIDE
TANNIC ACID,active,1,TANNIC ACID
TARAXACUM OFFICINALE LEAF EXTRACT,active,1,TARAXACUM OFFICINALE LEAF EXTRACT
TASMANNIA LANCEOLATA FRUIT,active,1,TASMANNIA LANCEOLATA FRUIT/LEAF EXTRACT
TAURATE,base,1,TAURATE
TEPHROSIA PURPUREA EXTRACT,active,1,TEPHROSIA PURPUREA EXTRACT
TERADECYL AMINOBUTYROYLVALYLAMINOBUTYRIC UREA TRIFLUOROACETATE,active,1,TERADECYL AMINOBUTYROYLVALYLAMINOBUTYRIC UREA TRIFLUOROACETATE
TERMINALIA ARJUNA BARK EXTRACT,active,1,TERMINALIA ARJUNA BARK EXTRACT
TERMINALIA CHEBULA FRUIT EXTRACT,active,1,TERMINALIA CHEBULA FRUIT EXTRACT
TETRA SODIUM GLUTAMATE DIACETATE,base,1,TETRA SODIUM GLUTAMATE DIACETATE
TETRA-DI-T-BUTYL HYDROXYHYDROCINNAMATE,active,1,TETRA-DI-T-BUTYL HYDROXYHYDROCINNAMATE
TETRA-METHYL ACETYLOCTAHYDRONAPHTHALENES,fragrances,1,TETRA-METHYL ACETYLOCTAHYDRONAPHTHALENES
TETRADECYL AMINOBUTYROYLVALYLAMINOBUTYRIC UREA ACETATE,active,1,TETRADECYL AMINOBUTYROYLVALYLAMINOBUTYRIC UREA ACETATE
TETRAHYDROXYPROPYL ETHYLENEDIAMINE,base,1,TETRAHYDROXYPROPYL ETHYLENEDIAMINE
TETRAPEPTIDE-21,active,1,TETRAPEPTIDE-21
THEOBROMA CACAO SEED OIL,active,1,THEOBROMA CACAO SEED OIL
THIOCTIC ACID,active,1,THIOCTIC ACID
THYMINE,active,1,THYMINE
THYMUS VULGARIS EXTRACT,active,1,THYMUS VULGARIS EXTRACT
TILIA CORDATA FLOWER WATER,active,1,TILIA CORDATA FLOWER WATER
TIRETHANOLAMINE,base,1,TIRETHANOLAMINE
TOCOPHERYL GLUCOSIDE,active,1,TOCOPHERYL GLUCOSIDE
TOCOPHERYL LINOLEATE,active,1,TOCOPHERYL LINOLEATE
TOCOTRIENOLS,active,1,TOCOTRIENOLS
TRICALCIUM PHOSPHATE,base,1,TRICALCIUM PHOSPHATE
TRIDECETH-10,base,1,TRIDECETH-10
TRIFLUOROMETHYL C1-4 ALKYL DIMETHICONE,base,1,TRIFLUOROMETHYL C1-4 ALKYL DIMETHICONE
TRIFOLIUM PRATENSE EXTRACT,active,1,TRIFOLIUM PRATENSE EXTRACT
TRIMETHOXYCAPRYLYLSILANE,base,1,TRIMETHOXYCAPRYLYLSILANE
TRIS-BHT MESITYLENE,active,1,TRIS-BHT MESITYLENE
TRIS-BIPHENYL TRIAZINE,uv filters,1,TRIS-BIPHENYL TRIAZINE (NANO)
TRISILOXANE,base,1,TRISILOXANE
TRISODIUM PHOSPHATE,base,1,TRISODIUM PHOSPHATE
TRITICUM VULGARE,active,1,PSZENICA; PSZENICY
TRITICUM VULGARE GERM OIL UNSAPONIFIABLES,active; base,1,TRITICUM VULGARE GERM OIL UNSAPONIFIABLES
TRITICUM VULGARE SPROUT EXTRACT,active,1,TRITICUM VULGARE SPROUT EXTRACT
TROXERUTIN,active,1,TROXERUTIN
ULTRAMARINES,dyes,1,CI 77007/ULTRAMARINES
UNDECYL ALCOHOL,base,1,UNDECYL ALCOHOL
UNDECYLENAMIDOPROPYL BETAINE,base,1,UNDECYLENAMIDOPROPYL BETAINE
URACIL,active,1,URACIL
VACCINIUM MACROCARPON FRUIT POWDER,active,1,VACCINIUM MACROCARPON FRUIT POWDER
VACCINIUM MYRTILLUS LEAF EXTRACT,active,1,VACCINIUM MYRTILLUS LEAF EXTRACT
VACCINIUM VITIS-IDAEA FRUIT EXTRACT,active,1,VACCINIUM VITIS-IDAEA FRUIT EXTRACT
VINYL CAPROLACTAM/VP/DIMETHYLAMINOETHYL METHACRYLATE COPOLYMER,base,1,VINYL CAPROLACTAM/VP/DIMETHYLAMINOETHYL METHACRYLATE COPOLYMER
VISCUM ALBUM FERMENT EXTRACT,active,1,SACCHAROMYCES/VISCUM ALBUM FERMENT EXTRACT
VITIS VINIFERA FRUIT CELL EXTRACT,active,1,VITIS VINIFERA FRUIT CELL EXTRACT
VITIS VINIFERA JUICE,active,1,VITIS VINIFERA JUICE
VITIS VINIFERA LEAF EXTRACT,active,1,VITIS VINIFERA LEAF EXTRACT
VITIS VINIFERA LEAF OIL,active,1,VITIS VINIFERA LEAF OIL
VITIS VINIFERA OIL,active; base,1,VITIS VINIFERA (GRAPESEED ) OIL
VOLCANIC ASH,active,1,VOLCANIC ASH
VOLCANIC ASH EXTRACT,active,1,VOLCANIC ASH EXTRACT (15PPM)
VOLCANIC SAND,active,1,VOLCANIC SAND (SILICA)
WALTHERIA INDICA,active,1,WALTHERIA INDICA
WHEAT GERM EXTRACT,active,1,WHEAT (TRITICUM VULGARE) GERM EXTRACT
WINE,active,1,WINE
WINE EXTRACT,active,1,WINE EXTRACT
ZEA MAYS KERNEL EXTRACT,active,1,ZEA MAYS KERNEL EXTRACT
ZEA MAYS SEED EXTRACT,active,1,KOLBY KUKURYDZY; KUKURYDZY; ZIARNO KUKURYDZY
ZEOLITE,active; base,1,ZEOLITE
