id,review_rating,review_text
1069,5,Stosuję ten preparat już bardzo długo. Widzę pozytywne rezultaty.
1069,5,Do cery dojrzałej jest super
1069,5,"idealny,super cena"
1069,5,Dla mnie super!!!!
1069,5,"Mój ulubiony, nie podrażnia, ma bardzo delikatny i przyjemny zapach 🤩"
1069,5,Polecam do cery wrażliwej. Ja mam trądzik różowaty i mnie nie podrażnia .
1069,5,Mój ulubieniec! Dobrze oczyszcza!
1069,5,"to jest mój ulubiony tonic, używam go od lat"
1069,5,Świetny produkt używam od dawna
1069,5,"Bardzo lubię robić zakupy w Rossmannie. Produkty są w przystępnych cenach.Duży wybór.
Lubię kupować kremy toniki z Nivea i Dremiki.
Polecam wszystkim."
108623,5,💯 super
108623,5,Może być
108623,5,🚀🔥👍️💪
108623,5,Wow jaka duża pojemność. Rzadko można spotkać
108623,5,Polecam kupywać wazeline od isany niż od 'Vaseline' ponieważ vaseline testują na zwierzętach
108623,5,"Doskonale natłuszcza skórę,szczególnie swędzącą"
108623,5,Uniwersalny produkt bardzo przydatny do skóry
108623,5,Bardzo dobry
108623,5,bardzo dobry delikatny produkt
108623,5,"prosta, stara wazelinka na popękane, suche palce"
10999,5,Usteczka nawilżone
10999,5,"obładna w zapachu i smaku jak wszystko co z NIvea, nie ma lepszej !"
10999,5,Delikatna
10999,4,oki👍️
10999,5,Niezastąpiona :)
10999,5,Super pomadka ochronna i fajna cena.Polecam
10999,5,"Klasyk, najlepiej nawilżająca pomadka ochronna na całym rynku. Nie znam lepszej."
10999,5,"Nie ma lepszej pomadki, niż klasyczna pomadka nivea 🔥"
10999,5,Używam od zawsze. Jest świetna!
10999,5,ok super
111154,5,Testowałam na mamie i są naprawdę super. Wosk bardzo łatwo się rozgrzewa i nie zastyga od razu po rozgrzaniu tak jak w przypadku innej firmy. Bez problemu wyrywa włoski przy brwiach jak i wąsik.
111154,5,Są skuteczne
111154,5,Po depilacji skóra była gładka i bez podrażnień.
111154,5,Plastry świetnie usuwają nawet krótkie włoski. Formuła jest delikatna dla skóry. Aplikacja jest bardzo prosta i szybka.
111154,5,Dobre.
111154,5,Od lat nalepsze
111154,5,Dobry produkt i dobra cena.
111154,4,"Niby depilacja na zimno a i tak plastry trzeba rozgrzać. Efekt mieszany, nie do końca usuwa wąsa"
111154,3,Średniej jakości
111154,5,Super plastry. Jedna z pań pracujących w Rossmannie mi poleciła i się sprawdziły idealnie.
112679,5,👍️👍️
112679,5,Super nawilża usta💪
112679,5,Najlepsza ochrona spękanych ust!
112679,5,Rewelacja
112679,5,Rewelacyjne nawilżenie!
112679,5,"To mój pewniak na co dzień — świetnie nawilża i szybko koi spierzchnięte usta. Ma przyjemną, ochronną warstwę bez nieprzyjemnego klejenia, a SPF 15 to duży plus na słońce i wiatr. Wygodny format, łatwo się aplikuje i naprawdę trzyma się na ustach. Zdecydowanie 5/5, wracam do niego regularnie!"
112679,5,"Najlepszy balsam do ust jaki dotąd używałam. Doskonale nawilża usta, nawet gdy są mocno przesuszone."
112679,5,podstawa
112679,5,Polecam.
112679,5,"najlepsza szminka ochronna, używam od lat"
112680,5,"mój ulubiony, gęsty, super odżywia i nawilża"
112680,5,Korzystnie wpływa na wyglad warg .
112680,5,"Świetny produkt, super nawilża usta, lekki efekt mrowienia, usta są super nawilżone i daje uczucie powiększenia ust. Używam tego balsamu od lat i na stałe jest w mojej kosmetyczce. Polecam gorąco!👍️"
112680,5,"Niezmienny zakup od lat, jedyny radzi sobie z suchymi ustami bezbłędnie"
112680,5,"Super, dobrze nawilża usta. Efekt utrzymuje się dość długo!"
112680,5,Najlepszy balsam na spierzchnięte usta. Szybka ulga i poprawa
112680,5,"Najlepsza szminka ochronna, używam od lat"
112680,5,Bardzo lubią ten produkt
112680,5,Polecam 🔥
112680,5,mój ulubiony
112682,5,🔥Usta są dobrze nawilżone przez długi czas.
112682,5,Najlepszy!🔥
112682,5,❤️❤️❤️❤️❤️
112682,5,Bardzo dobrze nawilża
112682,5,Uwielbiam
112682,5,Bardzo dobry balsam!
112682,5,Fajnie się rozprowadza na ustach i super nawilża
112682,5,The best
112682,5,"Bardzo fajny, kompaktowy balsam z spf. Idealne nawilżenie na lato."
112682,5,Robi robotę...
113233,5,Cera wygląda na lepiej nawilżoną i pełną energii.
113233,5,🔥💪👍️👍️
113233,5,Skóra pod oczami jest teraz znacznie lepiej nawilżona. Moje oczy wyglądają na jaśniejsze i bardziej świeże. Płatki idealnie dopasowują się do kształtu twarzy.
113233,5,👍️👍️
113233,5,Super wykladzenie
113233,5,Świetne rezultaty
113233,5,To moje ulubione płatki pod oczy.
113233,4,"👍️, lubię je"
113233,5,Rzeczywiście działają. Polecam
113233,5,Idealne (dobre i tanie) do regularnej pielęgnacji skóry wokół oczu.
114849,5,Nie zawiódł mnie ani razu.😍 Konsystencja kremu jest miękka i łatwa w rozprowadzeniu. Sprawdza się na typie mojej skóry.
114849,5,"Nie zatyka porów, koi moją cerę. Krem w sama arz dla mnie - lekki, nie zostawia tłustej warstwy. Nie zostawia żadnych tłustych plam. Poprawia jędrność mojej cery i nawilża. Genialny! Polecam."
114849,3,"Dobry skład. Polecany do skóry wrażliwej i alergicznej, ale mnie podrażnia - szczypie mnie skóra twarzy. Dla wrażliwej skóry nie polecam."
114849,5,sprawdza się nawilżające działanie
114850,3,"Strasznie śmierdzi. Nie mogę znieść tego zapachu! Przez pierwsze klika minut okropnie się lepi, później ten efekt przechodzi. Nawet dobrze się trzyma pod makijażem, ale ze względu na jego ""zapach"" nie kupię go ponownie."
114850,5,Skóra po aplikacji jest gładka i przyjemna w dotyku. Moja skóra jest idealnie nawilżona i wygląda zdrowiej każdego dnia.
114850,5,"Krem używał od około tygodnia. Jest praktyczny do cery wysuszonej. Z racji lepkiej konsystencji używam tylko na noc , ale muszę powiedzieć ,że robi swoją robotę :)"
114850,5,Bardzo łatwy i szybki w aplikacji krem. Daje super efekt nawilżenia. Na pewno do niego wrócę Przyjemny zapach i szybkie wchłanianie. Polecam 👍️👍️👍️ Tubka zapewnia higienicznie i sterylne aplikacje.
11790,5,"Mój wierny towarzysz od dawna. Zawsze pod ręką, zawsze niezawodny"
11790,5,Ślicznie pacznie różą
11790,5,moj ulubiony
11790,5,"Najlepsza pomadka , jak dla mnie stosuje od lat❤️💋"
11790,5,N/A fajny kolor
11790,5,Najlepsza i kolor i nawilżenie
11790,5,Bardzo dobrze nawilża;)
11790,5,Klasyka🔥
11790,5,Dobrze nawilża i optycznie powiększa usta💪
11790,5,W sumie to fajnie że zostawia delikatny kolor.
122797,5,"Regeneruje, koi, daje mi 100% zadowolenia. Praktyczne opakowanie, które zapewnia higieniczne dozowanie. Nie zawiódł mnie ani razu.😍"
122797,5,"Krem w sam raz dla mnie - lekki, nie zostawia tłustej warstwy. 👍️"
122797,5,👍️👍️
122797,5,Każde użycie to czysta przyjemność.
122797,5,"Ma aksamitną teksturę, która pięknie się rozprowadza."
122797,5,Nie spływa i nie pozostawia uczucia lepkości.
122797,5,"To jeden z tych produktów, do których regularnie wracam."
122797,5,"👍️Bardzo dobrze się wchłania, nie trzeba długo czekać."
122797,5,Super opcja do porannego rytuału pielęgnacyjnego. Doskonały wybór dla wymagającej skóry. Poprawia jędrność mojej cery i nawilża.
122797,5,Dzięki niemu zniknęły suche miejsca.
124125,5,Jest dosyć drogi ale dobrze usuwa makijaż
124125,5,"🚀Nie podrażnia, nawet przy codziennym stosowaniu. Moje oczy po demakijażu nie są zaczerwienione ani podrażnione. Przezroczyste ścianki ułatwiają kontrolowanie zużycia płynu."
124125,5,To doskonały wybór dla osób o bardzo wrażliwych powiekach.
124125,5,"Super jeden który dobrze zmywać 👍️ Składniki odżywcze sprawiają, że rzęsy wyglądają na zdrowsze. Nie trzeba mocno trzeć, by oczy stały się czyste. Butelka ma odpowiedni kształt, dobrze leży w dłoni."
124125,5,"Dobrze przemyślany skład, który nie szczypie w oczy."
124125,5,"Rewelacyjny płyn ,zmywa każdy makijaż."
124125,5,"Najlepszy płyn do demakijażu, zmywa nawet wodoodporny makijaż. Używam od lat."
124125,5,"Uzywam od dawna, super do wodoodpornej maskary"
124125,5,Bardzo delikatny dla skóry wokół oczu. Świetnie radzi sobie z wodoodpornym makijażem. Dobrze się dozuje produkt.
124125,5,Ulubiony od lat🔥
124154,5,👍️👍️
124154,5,Dobra proporcja ceny do jakości
124154,5,Fajnie nawilża
124154,5,Delikatnie nawilża. Ładny perłowy kolor.
124154,5,Córka zadowolna
124154,5,🔥🔥🔥
124154,5,Pomadka ochronna kupiona dla córki a ona zadowolona 💪💯❤️
124154,5,Córka zadowolona
124154,2,Be rewelacji
131521,5,Składniki są odpowiednie do mojej wrażliwej cery.
131521,5,"Dobry, naturalny skład, czuć glinkę. Dobrze oczyszcza skórę. Dobra jakość w stosunku do ceny."
131521,5,polecam
131521,4,"Tania,średnio działa ale działa gruntem rzeczy"
131521,3,👍️🔥👍️
131521,5,"Polecam, używam od kilku lat"
131521,5,Cudnie oczyszcza cerę
131521,5,Fajna maseczka.
131521,5,👍️produkt spełnia moje oczekiwania
131521,5,"Co producent oboecał to się sprawdziło. Plus będzie plus za pdczucia po zmyciu maseczki (łatwo się zmywa, nie pozostawia lepkiego filmu na skórze, nie powoduje świądu ani wyprysków)."
131528,5,"Bardzo podoba mi się skład, czuję, że działa."
131528,3,💯💯🤩🙂
131528,5,bardzo lubię
131528,5,WYCZYŚCIŁA MOJE PORY
131528,5,Ulubiona od lat:)
131528,5,👍️produkt spełnia moje oczekiwania
131528,5,Lubię tę maseczkę
131528,5,super🔥
131528,5,👍️👍️👍️
131528,4,👍️👍️
13161,4,Dobrze nawilża i nie uczula
13161,5,Bardzo lubię ten pry
13161,5,Działa świetnie jako baza pod codzienne wyzwania.
13161,5,"Krem ma idealną konsystencję, łatwo się rozprowadza. Widzę poprawę nawilżenia mojej skóry. Zapach jest bardzo neutralny, nie drażni."
13161,5,Po nałożeniu skóra jest pełna blasku.👌
13161,5,Super się nakłada – codzienna pielęgnacja to przyjemność.
13161,4,"Nawilża skórę, ale w konsystencji jest ciężki do smarowania."
13161,5,Moja skóra jest idealnie nawilżona i wygląda zdrowiej każdego dnia.
13161,5,"Super wydajny, mogę go stosować także na noc."
13161,5,Aplikacja jest szybka i komfortowa.
13162,5,Można bez obaw stosować także na szyję i dekolt.
13162,5,"Nie klei się, nie zostawia żadnych śladów. Nie zatyka porów, koi moją cerę. Zostaje ze mną na dłużej."
13162,5,"Moja cera odżyła, boski krem."
13162,5,Idealny do szybkiej pielęgnacji – zero problemów z aplikacją. Delikatnie koi i dobrze sprawdza się także przy skórze wrażliwej. Idealny do codziennej pielęgnacji.⭐
13162,5,Skóra po aplikacji jest gładka i przyjemna w dotyku.
13162,5,"Skóra jest miękka, dobrze nawilżona. Wygodna i szybka aplikacja. Rekomenduję, sprawdził się doskonale.😍"
13162,5,"Nie uczula, nie drażni, a efekty są zauważalne już po kilku dniach."
13162,5,Jedyny krem który od kilkunastu lat mnie nie uczula.
13162,5,Daje szybko zauważalne efekty;).
13162,5,"Bardzo przyjemna formuła, idealny krem na co dzień. To jeden z tych produktów, do których regularnie wracam. Naprawdę wart uwagi, polecam z całego serducha.❤️"
13165,5,"Bardzo lekki, nie obciąża nadmiernie twarzy. Daje długotrwałe uczucie komfortu i miękkości. Dla mnie to idealny, neutralny zapach do codziennej pielęgnacji."
13165,5,"Bardzo klasyczny, oliwkowy zapach bez zbędnych dodatków. Nie jest ani za gęsty, ani za rzadki. Idealny do codziennego stosowania dla suchej cery."
13165,5,"Krem ma przyjemną, bogatą konsystencję. Po nałożeniu skóra staje się miękka i gładka. Zapach jest subtelny i nie drażni. Stosuję ten krem już od wielu lat, jest idealny do skóry suchej i wrażliwej, polecam👌"
13165,5,Super nawilżający 👍️
13165,5,"Nadaje się do stosowania na twarz, szyję i dekolt – nic się nie marnuje."
13165,5,Przyjemnie się nakłada na skórę. Używam codziennie i za każdym razem cera wygląda na zdrowszą. Zdecydowanie mój numer 1 – i zostaje nim na długo. Dobry polski produkt. 👍️❤️
13165,5,"Poprawia jędrność mojej cery i nawilża. Bardzo dobrze się wchłania, nie trzeba długo czekać. Wysoka jakość, w pełni spełnił moje oczekiwania. Używam go od lat produkt nr. 1"
13165,5,"Cera wygląda świetnie, nawet bez makijażu. Wygodne opakowanie i szybka aplikacja."
13165,5,"Regeneruje, koi, daje mi 100% zadowolenia. Lubię ten krem za komfort stosowania. Jeden z tych produktów, które zostają na stałe."
13165,5,Oliwkowy krem naturalny często go stosuje. Jest dobry dla skóry.
132393,5,Dobrze czyszczą białą tablicę z pisaków
132393,5,"piekny zapach, kupiony na promce"
132393,5,bez uwag
132393,5,Polecam
132393,4,"mega mokre, dobrze domywają"
132393,1,słaby i zapach nie fajny
132393,5,Lubię to
132393,5,Super 👍️🔥🔥
132393,5,Przyjemny delikatny zapach. Super
132393,4,Przydatne w podróży i na szybki demakijaż 👍️
132461,5,"Moja skóra jest nawilżona przez cały dzień. Zgrabne opakowanie, idealne do torebki czy na wyjazd."
132461,5,"Wygodna tubka sprawia, że łatwo dobrać odpowiednią ilość produktu. Bardzo dobrze radzi sobie z przesuszeniami i szarą cerą."
132461,5,"Pachnie delikatnie tormentiolem, bez kwasów, SUPER, polecam, szybko się wchłanie, nie natłuszcza❤️"
132461,5,Bezproblemowa aplikacja nawet w pośpiechu.
132465,4,"Testuję.Zapach, konsystencja ok.
👍️"
132465,5,"jet świetny, od innych puchną mi oczy i łzawią, POLECAM💪"
132465,5,"Bardzo fajny podstawowy krem pod oczy w dobrej cenie. Nawilża, odżywia, dobrze współgra z korektorem."
132465,5,"super krem z dobrym składem, fajna konsystencja i zapach, dobrze się wchłania i super pod korektor pod oczy, na pewno kupię znowu"
133209,5,"Po prostu niezbędny, gdy skóra na ustach pęka."
133209,5,"Zapewnia dobre nawilżenie ust przez długi czas. Na ustach wygląda niemal całkowicie przezroczyście. Sztyft działa bardzo płynnie, nie blokuje się. Polecam 🔥"
133209,5,"Dobrze nawilża suche usta, przywracając im komfort."
133209,5,"Jedyna pomadka do ust, która nie rozmazuje się po ustach, dobrze nawilża i nie jest zbyt tłusta. Wysoki filtr doskonale chroni przed słońcem, dodatkowo nakładam na nos i brodę podczas jazdy rowerem."
133209,5,💯🔥💪
133209,5,rewelacyjna
133209,5,"Bardzo dobra pomadka, nawilża mocno usta i takie pozostają"
133209,5,Jest rewelacyjna używam od wielu lat
133209,5,Od kilku lat to moja ulubiona pomadka ochronna
133209,5,bardzo mi pomógł❤️
13737,5,"Nie zapycha porów, a skóra staje się gładsza i bardziej rozświetlona."
13737,5,Przyjemnie się nakłada na skórę.
13737,5,Bardzo dobrze radzi sobie z przesuszeniami i szarą cerą.
13737,5,Skuteczność widoczna już po pierwszym tygodniu stosowania.
13737,5,👍️❤️🤩🤩🤩
13737,5,Cera wygląda zdrowiej.
13737,5,"Błyskawicznie poprawia nawilżenie, nawet w trudnych warunkach pogodowych. Kosmetyk, do którego chce się wracać. Wygodne opakowanie i szybka aplikacja."
13737,5,"Lubię go za to, że tak lekko się rozprowadza. Moja skóra jest nawilżona przez cały dzień. Nie wyobrażam sobie teraz pielęgnacji bez niego.😍"
13737,5,"Krem na idealną formułę. To jeden z tych produktów, do których regularnie wracam. 👍️"
13737,5,"Bardzo skuteczny krem,delikatny i miły zapach."
13738,5,"Skład wydaje się być przemyślany i bezpieczny dla wrażliwej skóry. Krem ma przyjemną, gładką konsystencję."
13738,5,"Stosuję od lat i widzę, że daje to dobre rezultaty."
13738,5,Fanie nawilża i odżywia skórę
13738,5,Bardzo mi odpowiada
13738,5,Polecam
13738,5,"Bardzo dobry produkt, w dobrej cenie."
13738,5,"Dla mnie najlepszy, stosuję go od lat"
13738,5,Polecam serdecznie
13738,5,Dla mnie to najlepszy krem pod oczy. Po stosowaniu go brak jakichkolwiek skutków ubocznych dla oczu .
13738,5,Dla mnie najlepszy lekki krem po oczy do tego robi swoje
14430,5,Dobrze działa na zaskórniki i niedoskonałości.
14430,5,doskonały
14430,5,Jest ok
14430,5,Ładnie oczyszcza pory.
14430,5,🔥👍️💪
14430,5,💯💯💯
14430,5,"Dobry do skóry tłustej, dla pozostałych może być za mocny i wysuszać"
14430,5,Tonik świetnie odświeża i oczyszcza skórę. Jest łagodny i przyjemnie pachnie.
14430,5,"To już któreś opakowanie z rzędu. To jedyny tonik odpowiadający potrzebom mojej skóry 💯 po tak dobrej cenie i tak łatwo dostępny (chyba jeszcze się nie spotkałam, żeby nie było go na półce w Rosku)."
14430,5,"👍️Od dawna używam toni i cieszę się, że jest dostępny w Państwa sklepie.❤️"
144421,5,Produkt warty polecenia.👍 💯
144421,5,"Łagodzi i leczy suche usta, lekki smak truskawki, polecam!"
144421,5,❤️❤️❤️
144421,4,Dobra ale wolę klasyka ponieważ jest bardziej gęsty.
144421,5,Uwielbiam
144421,5,To jest moja najlepsza pomoc dla moich ust 🚀
144421,5,Carmex od zawsze był 10 out of 10 jeśli chodzi o balsam do ust
144421,4,Produkt bardzo fajny dla nastolatki.
144421,5,Super zapach i konsystencja
144421,5,"Carmex patys geriausi, +SPF15 labai gerai visai metų laikais ❤️"
148819,5,Jest ok
148819,5,Dobrze oczyszcza skórę twarzy
148819,4,not for sensitive skin
148819,5,Bardzo dobrze oczyszcza skórę i przy tym jest delikatny
148819,5,Testuję dopiero ale podoba mi się jego konsystencja i te małe drobinki pilingujące
148819,5,🔥💪🚀💯💯💯🚀🚀🚀👍️💪👍️8🔥🔥
148819,5,Polecam ❤️
148819,5,Polecam 👍️
148819,5,Używam go przez krótki czas ale jak na razie działa jak powinno skóra wygląda lepiej po użyciu.
148819,5,"Drobne granulki peelingu dobrze oczyszczają twarz, wystarczy naprawdę niewielka ilość żelu.
Skóra staje się gładka i przyjemna w dotyku, a twarz lekko matowa."
148820,4,Trzeba myć 2x zeby domyć twarz po całym dniu.
148820,5,Świetny produkt
148820,5,"Dobrze oczyszcza skórę, regularne używanie daje efekty, mniej widocznych krostek i niedoskonałości, szczególnie jak ma się mini trądzik :) jedyna uwaga to słabo się pieni"
148820,4,całkiem ok
148820,5,Bardzo dobrze myje twarz
148820,5,"Super produkt, polecam !!!"
148820,5,🚀👍️ Super
148820,5,"aktualnie zużywam 3 opakowanie❤️
żel przyjemnie pachnie i doskonale oczyszcza💯
faktycznie jest po nim mniej niedoskonałości💪❤️🚀
myślę, że to nie moje ostatnie opakowania🙌
...Więcej"
148820,5,"Jeden z najlepszych żeli do mycia twarzy, to już chyba moje 5 opakowanie, jest delikatne, mam skórę mieszaną i po nim ograniczył się wysyp niechcianych pryszczy."
148820,5,bardzo dobry żel do twarzy🔥🔥🔥
148823,5,"Nie zostawia żadnych tłustych plam. Po jego użyciu, skóra wydaje się niesamowicie gładka i odżywiona.👌"
148823,5,"Skuteczność widoczna już po pierwszym tygodniu stosowania. Aplikacja tego kremu to miły początek dnia. Poprawia jędrność mojej cery i nawilża. Wysoce polecam, jestem zadowolona z zakupu."
148823,5,"Dobry krem dla nastoletniej, trądzikowej buzi."
148823,5,"Jestem w trakcie testowania, ale zakładam, że jak większość Waszych produktów będzie bardzo dobry"
148823,5,"Bardzo dobrze radzi sobie z przesuszeniami i szarą cerą. Bardzo przyjemna formuła, idealny krem na co dzień. Kupiłabym ponownie.;) Polecam serdecznie."
148823,5,Świetna opcja na poranną pielęgnację – ekspresowe użycie.
148823,5,💯Odczuwalnie wygładza i zmiękcza skórę.
148823,5,"Nawilża i regeneruje skórę. Nie roluje się pod podkładem, świetny jako baza."
148823,5,"Nie zostawia żadnych tłustych plam. Po jego użyciu, skóra wydaje się niesamowicie gładka i odżywiona.👌 Zauważyłam, że makijaż wygląda na nim lepiej i dłużej się utrzymuje. Lubię ten krem za komfort stosowania. Genialny! Polecam."
148823,5,Skóra wygląda o wiele lepiej już w krótkim czasie.
154440,5,"Polecam, bardzo dobrze zmywa makijaż"
154440,5,"Płyn micelarny Ziaja kupuję ponieważ, jako jedyny na który nie jestem uczulona Bardzo łagodny skład, idealny dla delikatnej cery."
154440,5,"Ten płyn jest naprawdę delikatny, nie piecze i co najlepsze zmywam nim makijaż z oczu. Oczy wogole nie szczypią jak po wszystkich innych. Polecam naprawdę super produkt🔥"
154440,5,"Super produkt! Nie wysusza, dobrze oczyszcza twarz. Polecam!"
154440,5,"Bardzo skutecznie usuwa makijaż 
Używam od lat"
154440,5,Używam od chyba 20 lat i nie zamierzam zmieniać
154440,5,Płyn micelarny Ziaji bardzo dobrze usuwa makijaż jednoczesnie dobry dla cery.
154440,5,Bardzo fajny płyn nie podrażnia skóry na twarzy 💯
154440,5,"Stosuję od lat, nigdy się nie zawiodłam. Nie powoduje uczuleń, łagodzi skórę."
155247,5,Ziaja jest super jak zawsze.
155247,5,"Nadaje się do stosowania na twarz, szyję i dekolt – nic się nie marnuje."
155247,4,"Regeneruje, koi, daje mi 100% zadowolenia. Strzał w dziesiątkę, jestem na tak. Opakowanie nie brudzi, idealne do precyzyjnego dozowania."
155247,2,Dla mnie za śliski . Zostawia warstwę na skórze
155247,5,"Jak na niska cenę daje radę Idealny do codziennej pielęgnacji.⭐ Daje efekt wypoczętej skóry. Fantastyczna, lekka formuła."
15589,5,"Tani tonik ale spełnia swoje funkcje, skóra odświeżona."
15589,5,Super 👍️
15589,5,"Świeży, ogórkowy zapach, bardzo przyjemny. Nawilżenie jest wystarczające, ale nie pozostawia tłustej warstwy. Tonik odświeża skórę i pozostawia ją gładką."
15589,5,daje poczucie świeżosci szczególnie rano
15589,4,"Dobra relacja jakości do ceny, tonik odświeża i ładnie pachnie"
15589,5,Super produkt za dobrą cenę 👍️
15589,5,👍️Fajny tonik.
15589,5,💯❤️🔥
15589,5,"Najlepszy tonik 
Skóra dobrze nawilżona.. blask i świeżość"
157211,5,Lubię ten krem za komfort stosowania. Widocznie zmniejsza zaczerwienienia i wyrównuje koloryt skóry. Mam ochotę kupić zapas na cały rok.
157211,5,"Skóra wygląda o wiele lepiej już w krótkim czasie. Krem na idealną formułę. Totalnie mnie zauroczył, konsystencją, działaniem, zapachem."
157211,5,"Bardzo przyjemna formuła, idealny krem na co dzień. To jeden z tych produktów, do których regularnie wracam. Nie wyobrażam sobie teraz pielęgnacji bez niego.😍 używam go już bardzi dlugo i bardzo go polecam mimo ze jest tani to jest bardzo dobry👍️"
157211,3,"Bardzo tlusty, dziwny zapach"
157211,5,"Daje wspaniałe efekty. Naprawdę wart uwagi, polecam z całego serducha.❤️ Aplikacja jest szybka i komfortowa."
157211,5,"Konsystencja kremu idealnie współgra ze skórą ani za rzadka, ani za gęsta."
157211,5,"Skóra jest miękka, dobrze nawilżona."
157211,5,"Nie zatyka porów, koi moją cerę."
157211,4,Krem świetnie się rozprowadza i natychmiast wchłania.
157211,5,"Nie lepi się, nie zostawia śladów na ubraniach."
158870,5,Najlepszy błyszczyk
158870,5,Dobrze nawilża usta
158870,5,Balsam do ust też jest super
158870,5,Działa nawilżająco
158870,5,Dobra klasyczna pomadka. Kupiłam dla syna. Chroni od wiatru na treningach z piłki i nie widac za bardzo na ustach.
158870,2,"Po nałożeniu na usta w ciągu kilku minut jej nie ma. Słabo nawilża ,jest rzadka w konsystencji w przeciwieństwie do miodowej np."
158870,5,Dla córki. Zadowolona
158870,4,Może być
158870,5,"Super, tania i fajna"
158870,5,Super nawilża usta.
158871,5,Nawilża najlepiej z całej serii pomadek Isana.
158871,5,ekstra!
158871,4,Też dla wnuczki kupiłam i jest zadowolona 🤩
158871,5,💯💯👍️
158871,4,💪💪🤝
158871,5,"Uniwersalna, super do codziennego użytku."
158871,4,"Dobra pomadka, nawilża usta. Może niekoniecznie podoba mi się zapach, ale nie jest zła :)"
158871,5,Polecam
158871,3,Bardzo słabo nawilża i łagodzi spękane usta
158871,4,Średnia
163334,5,"Nadaje się do stosowania na twarz, szyję i dekolt – nic się nie marnuje."
163334,5,"Cera wygląda świetnie, nawet bez makijażu."
163334,4,Przyjemnie się nakłada na skórę.
163334,5,"Błyskawiczna aplikacja, świetna dla zabieganych. Bardzo dobrze radzi sobie z przesuszeniami i szarą cerą. Ma wszystko, czego szukam w dobrym kremie."
163336,5,super👍️
163336,5,Łagodne dla oczu
163336,5,Mleczko jest bardzo delikatne dla skóry. Składniki są łagodne i nie podrażniają. Moja skóra czuje się świetnie po użyciu.
163336,5,"Stosuję regularnie i nie mam zastrzeżeń. Zawiera oliwę z oliwek, która nawilża. Działa bardzo szybko, co cenię wieczorami."
163336,5,Dobrze oczyszcza twarz i okolice oczu.
163336,5,używam od kilku lat i jestem bardzo zadowolona.👍️
163336,5,Jestem zadowolona 👍️
163336,5,Produkt spełnia moje oczekiwania.
163336,5,Fajne delikatne do mojej wrażliwej cery super
163336,5,"Delikatny, bardzo dobrze radzi sobie nawet z sporą warstwą makijażu 😉"
163376,5,klasyka
163376,5,Krem jak masełko. Extra formuła.
167244,5,Skuteczny żel przeciwtrądzikowy w rozsądnej cenie.
167244,4,"👍️Zapach jest neutralny, co jest plusem dla wrażliwców."
167244,5,Delikatny żel do twarzy. Nie powoduje podrażnień ani nie wysusza skóry.
167244,5,Super produkt dla młodej cery z problemami
167244,5,Bardzo dobrze myje tłustą skórę
167244,5,Polecam.
167244,5,"Żel ma dość intensywny, ale przyjemny zapach oraz konsystencję, która sprawia, że jest bardzo wydajny. Po umyciu twarzy pojawia się delikatne uczucie ściągnięcia, ale w pozytywnym sensie – daje ono poczucie dobrego i skutecznego oczyszczenia. Mam cerę delikatną i miejscami przesuszoną, a mimo to żel nie powoduje podrażnień ani dyskomfortu. Sama konsystencja sprawia, że twarz myje się czymś śliskim i bardzo dobrze rozpuszczalnym w wodzie, co jest przyjemne w użyciu. Za tę cenę to naprawdę świetny produkt. Dodatkowo małe, solidne i dobrej jakości opakowanie sprawia, że idealnie nadaje się również w podróży.
...Więcej"
167244,5,Super działa i super mało kosztuje.
167244,5,Bardzo dobry produkt
167244,5,🤩Ten żel jest cudowny polecam na trądzik dziękuję
167246,4,"Świetna cena, dobrze wyciągają większość wyprysków, a do tego są bardzo dyskretne, prawie nie widać ich na skórze."
167246,2,Nie widzę różnicy po stosowaniu jak w instrukcji
167246,4,Są prawie niewidoczne na skórze. Bardzo łatwo je nakładać.
167246,5,Nie testowałam - produkt zwrócony
167246,5,🔥🔥🔥🔥🔥🔥
167246,5,Polecam ❤️
167246,5,Bardzo Polecam
167246,5,Dobrze działają
167246,5,Bardzo dobre plastry
167246,4,są👍️ ok
168258,5,zgrabny i skuteczny
168258,5,Bardzo fajne
168258,5,Tępi pryszcze u osób w każdym wieku.💪
168258,5,"Córka użyła dopiero raz, ale raczej jest ok"
168258,5,doskonały żel
168258,5,👍️👍️
168258,3,Chyba bardziej pogorszą niz poprawia
168258,5,"Mój ulubiony, działa"
168258,5,🔥💪💪
168258,5,spk moze byc
16908,5,Łatwo się rozprowadza na ustach.
16908,5,Nawilza i pozostawia ładny kolor
16908,3,Za bardzo perłowa
16908,5,🔥🔥🔥
16908,3,"Kolor jest za bardzo perłowy, wygląda sztucznie"
16908,5,"Subtelny koloryt, miła i łatwa w rozprowadzaniu"
16908,3,Balsam powoduje uczucie ściągnięcia i wysuszenia skóry ust. Trzeba co chwilę ponawiać aplikację.
16908,5,Chroni usta w mrożne dni.
16908,5,Super przy zimowej aurze💯
16908,5,Ładne perłowe wykończenie ust
171035,5,Swietne
171035,5,Na razie do twarzy i dłoni sprawiają się zadowalająco
171035,3,Normalne nic szczególnego i niemieckie nie ma polskich marek
171035,5,👍️👍️👍️👍️👍️👍️
171035,4,Chusteczki są OK.
171035,5,"dobre chusteczki,a cena super"
171035,4,"Nie tego się spodziewałam,mało nasączone nie zmywają dobrze makijażu"
171035,5,polecam
171035,4,👍️👍️👍️
171035,4,Są ok ale mogłyby być lepiej nasączone.
171036,4,"kilka dni stosowania, lekka konsystencja. czekam na efekty."
171036,4,"Lekka formuła i delikatny zapach sprawiają wiele przyjemności w czasie aplikacji, widać efekty działania koenzymu Q10 na skórze twarzy już po tygodniu -skóra jest wyraźnie napięta , rozjaśniona i ładnie nawilżona, polecam"
171099,5,Bardzo dobrze nawilża suche usta.
171099,5,Świetnie się sprawdza przy popękanych ustach.
171099,4,Jest chłodzący i szybko wchniania się
171099,5,Bardzo dobry i skuteczny produkt.❤️
171099,5,Polecam serdecznie. Ratuje usta gdy sa przesuszone. 🔥
171099,5,Jedyny ratunek dla bardzo suchych ust
171099,5,"Jedyna pomadka, jakiej używam 💯 Multifunkcyjna – do stosowania jako balsam nawilżający codziennie, maska na noc czy pomoc w przyspieszeniu procesu gojenia się strupów. Ratuje też w przypadkach zapalenia czerwieni wargowej. 🚀Jedynym negatywem może być mentolowy zapach i posmak w tym produkcie Blistex."
171099,5,"To już moje kolejne opakowanie, świetnie działa na moje przesuszone usta przy leczeniu trądziku."
171099,5,💪❤️🚀💯
171099,5,Najlepsza
171104,5,Najlepsz
171104,5,najlepsza pomadka ❤️
171104,5,"Najlepsza na wysuszone i popękane usta, szybko goi rany, nigdy nie miałam lepszej pomadki ochronnej, ponadto długo utrzymuje się na ustach.💯"
171104,5,"Najlepsza i sprawdzona od roku lub dłużej. 
Testowałam różne balsamy i pomadki ochronne, ale żadne nie spełniały moich oczekiwań. Ten balsam jest wydajny, daje szybkie efekty, skutecznie chroni i nawilża usta, wargi są gładkie, efekt mentolowy daje przyjemne uczucie chłodzenia i szybko regeneruje spierzchnięte wargi. 🔥🚀❤️
...Więcej"
171104,5,Super skuteczna na suche usta
171104,5,Bardzo dobry jakościowo odrazy po użyciu czuć różnicę.
171104,5,"Bardzo fajny, tłusty, ale nie zlepia ust."
171104,5,"Ta pomadka jest świetna i ratuje moje przesuszone, spierzchnięte usta. Zdecydowanie polecam"
171104,5,Poleca
171104,5,"Bardzo dobry produkt, szybko potrafi zaleczyć suche i popękane usta. Mocno mentolowy, ale mi to nie przeszkadza, bo ładnie trzyma się na wargach i nie migruje. Poręczne opakowanie."
171112,5,Bardzo dobry balsam do ust
171112,5,💯🚀💪🔥
171112,5,"Zwykła, ochronna bezbarwna"
171112,5,Spełnia oczekiwania.
171112,5,"Super. Osobiście uwielbiam uratował moje usta w kryzysie. Od dawna już stosuje na okrągło. Moj ulubiony balsam do ust 
 Polecam"
171112,5,🔥🔥🔥👍️
171112,5,Polecam
171112,5,mega nawilżenie ❤️
171112,5,🙌 super
171112,5,"Niezastąpiona pomadka, nie znalazłam lepszego balsamu który tak koi moje usta o każdej porze roku ❤️"
172262,5,"Szybko zmywa makijaż, nie podrażnia. Używam go także do zmywania trwałych pomadek - niczym innym nie schodzą. Bardzo polecam"
172262,5,Skutecznie usuwa makijaż
172262,5,Super produkt
172262,4,"Bardzo skuteczny, delikatny. Idealny na podróż"
172262,4,Ok małe do samolotu jak najbardziej
172262,5,"Dobrze zmywa tusz do rzęs. Wygodny do zabrania w podróż. 
Na minus - wycieka, gdy butelka nie jest w pionie."
172262,2,"Mnie nie pasują, ale to rzecz indywidualna"
172262,5,Polecam gorąco 💯
172262,5,Czesto kupuje na wyjazdy. Starcza spokojnie na tydzień i dobrze domyea makijaż
172262,4,Słabo zmywa wodoodporny tusz
173154,5,Ok ok ok Dobrze dobrane składniki dla skóry.
173154,4,10 de 10 me ha sido muy útil
173154,5,"Dobrze się wchłania. Efekty do oceny za jakiś czas. Końcówka chłodząca świetnie się sprawdza, zwłaszcza rano."
173154,5,Bogaty zestaw składników aktywnych.
173154,5,"Składniki szybko się wchłaniają, nie pozostawiając tłustej warstwy."
173154,5,"Świetny!
Miła chłodna końcówka, nie uczula, dobrze się wchłania i bardzo estetyczne opakowanie"
173154,5,"Krem okej, nawilża dobrze"
173154,5,"Znam t'en produit, jest swietna, bardzo dobra relacja zalety-cena, ale czy mozna czasem liczyc na promocję cenową?"
173154,5,Bardzo fajny efekt już po pierwszym użyciu. Głowica jest metalowa i naprawdę chłodzi podczas aplikacji kremu .
173154,5,"Najlepszy krem pod oczy, super forma podania, chłodząca i masującą końcówka rewelacja 🚀"
173157,5,💯 doskonały dla mojej cery.
173157,5,👍️💯Polecam
173157,5,"Świetny kosmetyk do twarzy
Dzięki super promocji w Rossmanie mogłam nabyć taniej."
173157,5,"💯 myślałam, że beż dobre, a jest... świetne!! Obawiałam się że może drażnić skórę tymczasem odżywia. Polecam!"
173157,4,"Dzień dobry,
Używam ten specyfik dopiero kilka dni. Bardzo dobrze sie rozprowadza na twarzy . Czekam na głębszy efekt, problemem są zmarszczki głównie nad ustami"
173157,5,👍️super
173157,5,"Super kosmetyki, używam i polecam"
173157,5,Skóra jest po nim nawilżona i świeża 😊
173157,5,"Super serum, twarz jest pięknie napięta, dla mnie rewelacja, kupiłam już 3 raz, polecam 👍"
173161,5,"Poprawia elastyczność i ogólną kondycję skóry. Świetnie współgra z makijażem, nic się nie roluje. Genialny! Polecam. 💯"
173161,5,"Produkt dobrze się sprawdził w codziennej pielęgnacji. Zapach jest bardzo stonowany, w sama raz. 💯"
173161,5,Jestem zadowolony z tej bogatej formuły.
173161,5,Aplikacja jest czysta i bezproblemowa.
173161,5,Krem na idealną formułę. Moja skóra jest nawilżona przez cały dzień.
173161,5,"Dobrze się rozprowadza, nie trzeba mocno wcierać. Zdecydowanie poprawił wygląd mojej skóry – jest bardziej promienna i napięta. Jeden z tych produktów, które zostają na stałe."
173161,4,"Krem wygładza skórę, ale pozostawia film, nie wchłania się do końca."
173161,5,"Super się nakłada – codzienna pielęgnacja to przyjemność. Delikatnie koi i dobrze sprawdza się także przy skórze wrażliwej. Naprawdę wart uwagi, polecam z całego serducha.❤️"
173161,5,"Konsystencja kremu idealnie współgra ze skórą ani za rzadka, ani za gęsta."
173161,4,"Regeneruje, koi, daje mi 100% zadowolenia. Skóra po aplikacji jest gładka i przyjemna w dotyku. Rewelacja – zdecydowanie go polecam."
177944,5,"Mam skórę skłonną do podrażnień i zaczerwień. To mleczko jako jedno z nielicznych nie powoduje reakcji alergicznych. Jest delikatne, super się rozprowadza i świetnie zmywa makijaż. Pozostawia skórę nawilżoną i odświeżoną. Nr 1 w codziennej pielęgnacji."
177944,4,👍️jest tolerancyjny dla cery wrazliwej i nie uczula
177944,5,"Mleczko jest naprawdę delikatne dla skóry. Zawiera składniki nawilżające, co czuć na skórze. Skóra po użyciu jest miękka i gładka."
177944,5,"Wspaniały produkt, tylko jego używam, bo czuję, że mi służy."
177944,5,"Dobrze zmywa makijaż , nie zostawia tłustej warstwy. Wygodnyaplikator duża pojemnosc"
177944,5,👍️Idealny
177944,5,"Super mleczko , bez problemu ładny zmywa makijaż oraz dobrze nawilża skórę"
177944,5,👍️💯👍️👍️👍️👍️👍️
177944,5,wszystko ok
177944,5,Świetny produkt
177947,5,Czuję komfort zaraz po usunięciu resztek kosmetyków. Bardzo dobrze radzi sobie z oczyszczaniem linii rzęs. Dobrze się dozuje produkt.
177947,5,Dwufazowy płyn działa bardzo skutecznie.
177947,5,"Delikatny płyn do oczu, nie podrażnia."
177947,5,Najlepszy
177947,5,"Dość drogi, ale nic nie domywa tak dobrze wodoodpornego tuszu jak ten dwufazowy płyn."
177947,5,"Świetnie usuwa makijaż i jest bardzo delikatny dla oczy, nawet dla wrażliwych"
177947,5,"Fajny kosmetyk, skuteczny."
177947,5,Najlepszy do wodoodpornego tuszu
177947,5,"Nie szczypie w oczy wręcz je delikatnie natluszcza, i odżywia 
Barszo dokładnie zmywa makijaż"
177947,5,🔥🔥🔥🔥
178242,5,Aplikacja tego kremu to miły początek dnia. Zdecydowanie poprawił wygląd mojej skóry – jest bardziej promienna i napięta.
178242,5,Poprawia jędrność mojej cery i nawilża. Codzienne użycie to przyjemny moment.;) Na pewno jeszcze nie raz po niego sięgnę.
178242,5,"Bardzo łatwy i szybki w aplikacji krem. Poprawia elastyczność i ogólną kondycję skóry. Jeden z lepszych kosmetyków, jakie miałam."
178242,5,"Bardzo przyjemna formuła, idealny krem na co dzień."
178242,5,"To jeden z najwygodniejszych kremów, jakie miałam. Nie uczula, nie drażni, a efekty są zauważalne już po kilku dniach. Warto mieć go w swojej kosmetyczce."
178242,5,"Jest doskonały, nawet dla cery naczynkowej. Fantastyczna, lekka formuła. Ten produkt to skarb, nie zamienię na żaden inny."
178242,5,Super opcja do porannego rytuału pielęgnacyjnego. Doskonały wybór dla wymagającej skóry.
178242,5,Nawilżenie jest na najwyższym poziomie i długotrwałe.❤️
178242,5,Nawilża i regeneruje skórę. Bezproblemowe dozowanie – nie trzeba się martwić nadmiarem. Bardzo dobra jakość w rozsądnej cenie.
178246,5,"Krem w sama raz dla mnie - lekki, nie zostawia tłustej warstwy. Aplikacja jest szybka i komfortowa."
178246,5,Odczuwalnie wygładza i zmiękcza skórę. Nie zostawia smug ani uczucia ściągnięcia.
178246,5,Nawilżenie jest na najwyższym poziomie i długotrwałe.❤️
178246,5,"Fantastyczna, lekka formuła. Nie uczula, nie drażni, a efekty są zauważalne już po kilku dniach. Na pewno do niego wrócę."
178246,5,"Krem szybko się wtapia w skórę, bez rolowania."
178246,5,"Bardzo dobrze się wchłania, nie trzeba długo czekać."
178246,5,"Nawilża i regeneruje skórę. Wysoka jakość, w pełni spełnił moje oczekiwania. Bardzo łatwy i szybki w aplikacji krem."
178246,5,"Skóra jest miękka, dobrze nawilżona. Nadaje się do stosowania na twarz, szyję i dekolt – nic się nie marnuje. Dobry kosmetyk, polecam serdecznie.👍 Uwielbiam ten krem za to, jak lekko się aplikuje."
178246,5,Jest odpowiedni dla każdego typu skóry.❤️ Skóra po aplikacji jest gładka i przyjemna w dotyku. Produkt godny zaufania. ❤️ napewno jeszcze go kupię lecz poczekam na promocję 😉❤️
178246,5,Buzia wygląda od razu lepiej.;)
178250,5,"Dobrze się wchłania
Widać delikatne efekty"
178250,5,"nie podrażnia oczu, bardzo dobrze nawilża"
178250,5,Nie umiem jeszcze ocenić. Za krótko stosuję.
178250,5,"Ok,super produkty"
178250,4,"Opakowanie łatwe do aplikacji, przyjemny zapach, na efekty trzeba poczekać no i może ciut drogi"
178250,3,"Krem szczypie w oczy, co jest dziwne przy produkcie dedykowanym dla oczu"
178250,5,Polecam świetnie się sorawia
178250,5,"Siostra prosiła mnie o kupno tego kremu , używa go i jest zadowolona"
178250,3,Poprawny nawilżacz. I tyle.
178250,5,Krem ten dobrze nawilża skórę wokół oczu.
179234,5,bardzo dobrze usuwają makijaż
179234,5,💪💪💪💪💯
179234,5,Swietnie się sprawdzają. Super cena.
179234,5,Wszystko ok
179234,5,Dobry produkt
179234,5,Polecam
179234,5,👍️👍️👍️
179234,5,🔥🔥🔥
179234,5,Produkt potrzebny gdy nie ma sie dostepu do wody poza domem.
179234,3,Często są w promocji ale przeważnie są prawie suche po otwarciu i nie nadają się do demakijażu u
183785,5,"Dobry skład, nie podrażnia mojej skóry. 💯"
183785,5,Bardzo lubię ten płyn
183785,2,👍️👍️
183785,5,"sprawdza się do cery trądzikowej, polecam"
183785,4,Dobrze zmywa makijaż ale podrażnia mi trochę skórę przy okolicach oczu
183785,5,👍️👍️👍️
183785,4,Płyn leci na reklamie. Jest drogi i wcale nie taki super jak go wszędzie polecaja
183785,5,Super płyn do demakijażu
183785,5,"Delikatna , nie drażniąca i dobrze oczyszcza po 
 makijażu"
183785,5,Duża gama produktów Przejrzysta eksponacja i wiele promocji. Bardzo
183788,5,Daje efekt WOW! Konsystencja kremu jest miękka i łatwa w rozprowadzeniu. Mam ochotę kupić zapas na cały rok.
183788,5,"Po 7 nocach stosowania już widzę poprawę. Poziome linie na czole wydają się płytsze, a skóra ogólnie jest rozświetlona. Bardzo przyjemny zapach jest dodatkowym plusikiem."
183788,5,"👍️Nie zostawia tłustego filmu, skóra jest od razu gotowa na makijaż."
183788,4,"Krem na pewno wygładza skórę, ale pozostawia film, nie wchłania się w pełni."
183788,5,"Cera wygląda świetnie, nawet bez makijażu."
183788,5,Używam codziennie i za każdym razem cera wygląda na zdrowszą.
183788,5,Znakomicie sprawdza się jako część wieczornej rutyny.
183788,5,"To jeden z tych produktów, do których regularnie wracam."
183788,4,Cera wygląda na wypoczętą i bardziej jędrną. Nie żałuję zakupu i polecam. Nie zostawia żadnych tłustych plam.
183788,5,"Bardzo przyjemna formuła, idealny krem na co dzień. Krem w sama raz dla mnie - lekki, nie zostawia tłustej warstwy."
193204,5,Bardzo dobrze i na długo nawilża usta.
193204,1,Smak kamfory w ustach ..fuj.. wanilia prawie nie wyczuwalna a i efektu wow nie robi .. pieniądze stracone ..używać nie będę ..
193204,5,Ok jest naprawdę skuteczny
193204,5,Świetna pomadka. Bardzo wydajna
193204,5,"Zawsze super! Pieknie pachnie, swietnie nawilza. Polecam"
193204,5,Wspaniały balsam do ust. Daje niesamowite ukojenie przy spierzchniętych i wysuszonych ustach. Powłoka na ustach utrzymuje się bardzo długo. Polecam.
193204,5,Super szminka
193204,5,"Najlepsze balsamy do ust, jeśli chodzi o zapewnienie długotrwałego nawilżenia przy każdych warunkach, a poza tym pięknie błyszczą i pachną, a nawet powiększają usta.🔥👍️💪🚀💯❤️"
193204,5,Super nawilża usta
193204,4,Okokoklkom
193207,5,❤️❤️❤️
193207,4,Za bardzo się rozpływa.
193207,5,💯knnj
193207,5,Rewelacyjne nawilżenie!
193207,1,"wiecej szkód niz pozytku,lubie carmexy za efekt chlodzenia ale niestety do tej pory walcze z suchymi ustami przez to ze kiedy kolwiek dotknelo to moich ust"
193207,5,"uwielbiam, ratuje moje usta"
193207,5,Super nawilża usta.
193207,5,"Działanie jak wszystkie Carmexy, ale smak limonki to super pomysł! 💯"
193207,5,🔥🔥🔥
193207,5,Najlepsza pomadka
194768,4,"Piękny kolor, maleńkie zastrzeżenia odnośnie zapachu.❤️"
194768,5,"Piękny zapach, polecam."
194768,5,Fajna pomadka! Przyjemny aromat arbuza.
194768,5,Doskonale nawilża! Pokecam👍️
194768,5,Świetny! Nawilża i ma cudowny zapach!
194768,5,Polecam
194768,5,Super nawilza i nadaje ustom ładny kolor ❤️
194768,5,👍️👍️
194768,5,Sprawdzony produkt i miła obsługa
194768,5,Dla mnie rewelacyjna!!!
194846,5,"świetne kapsułki , kupię ponownie"
194846,5,👍️ Ok
194846,5,"Po nałożeniu czuć natychmiastowe nawilżenie. Efekty są widoczne już po kilku zastosowaniach, skóra jest gładsza."
194846,5,"Skóra jest po tym przyjemnie nawilżona. Ma przyjemną, oleistą konsystencję, która szybko się wchłania. Skóra wygląda na bardziej odżywioną i promienną. 💯"
194846,5,"Używam już dłuższy czas, świetnie nawilża"
194846,5,"Używam tych kapsułek od dłuższego czasu, regularnie, i jestem z nich bardzo zadowolona. Wewnątrz konsystencja przypomina witaminę C z lekką warstewką olejową, co bardzo mi odpowiada.

Dużym plusem jest to, że każdy wałek do masażu świetnie sunie po tych kapsułkach, co sprawia, że masaż jest przyjemny i efektywny.
...Więcej"
194846,5,Działają wygładzająco i widać efekty.Jestem zadowolona :)
194846,5,do skóry suchej
194846,1,"Baza Silikonowa: Produkt opiera się na Dimethicone i Trisiloxane. Choć są one bezpieczne i dają efekt ""jedwabistej skóry"", osoby unikające silikonów w pielęgnacji (tzw. ""silicone-free"") mogą uznać to za wadę. Silikony nie regenerują skóry, jedynie tworzą na niej film. Mikroplastik: Niektóre syntetyczne polimery (jak Hydrogenated Polyisobutene) są czasem poddawane dyskusji w kontekście ekologicznym, choć formalnie nie zawsze są klasyfikowane jako mikroplastik w rozumieniu najnowszych restrykcji UE. Wolę skwalan i silikon roślinny w składzie.
...Więcej"
194846,5,Jak dla mnie pełen sztos. Używam regularnie zawsze na początku miesiąca w pielęgnacji nocnej w zamian za serum. Cera rano jest pięknie nawilżona. I do tego kosztuje grosze. Grzech nie spróbować.
199151,1,"Nie polecam, produkt nie usunął ŻADNYCH włosków, nawet tych delikatnych i cieniutkich, a co dopiero nieco grubszych. Próbowałam kilka razy i niestety brak jakichkolwiek efektów. Szkoda"
199151,4,"W porządku, polecam! Mam wrażenie, że z mocniejszymi włoskami nie radzi sobie jakoś dobrze."
199151,5,Zgodnie z oczekiwaniami.
199151,5,🔥🔥🔥
199151,5,Jeszcze nie utrzymałam ale przypuszczam że będzie ok bo Bielenda to dobra firma.
199151,2,Produkt nie zadziała na grubsze włoski. Produkt brzydko pachniał
199151,4,Dobrze depiluje ale zbyt szybko ponownie wyrastają
199151,5,Wolę go od plastrów
199151,5,Skuteczny.
199151,3,Jestem w trakcie testowania ciężko mi na tą chwilę wydać opinię
199466,5,"Krem w sama raz dla mnie - lekki, nie zostawia tłustej warstwy. Krem świetnie się rozprowadza i natychmiast wchłania. Kosmetyk, do którego chce się wracać."
199466,5,"Błyskawiczna aplikacja, świetna dla zabieganych. Po jego użyciu, skóra wydaje się niesamowicie gładka i odżywiona.👌 Świetny wybór, bardzo się u mnie sprawdził. Polecam."
199466,5,Konsystencja kremu jest miękka i łatwa w rozprowadzeniu. 🔥🔥👍️👍️❤️
199466,5,Znakomicie sprawdza się jako część wieczornej rutyny.
199466,5,"Regeneruje, koi, daje mi 100% zadowolenia."
199466,5,"Idealny do szybkiej pielęgnacji – zero problemów z aplikacją. Moja skóra jest teraz bardziej elastyczna. Wysoce polecam, jestem zadowolona z zakupu."
199466,5,Codzienne użycie to przyjemny moment.;)
199466,5,Każde użycie to czysta przyjemność. Cera wygląda na wypoczętą i bardziej jędrną.
199466,5,Daje super efekt nawilżenia.
199466,5,Ok ok ok
199467,5,Zdecydowanie poprawił wygląd mojej skóry – jest bardziej promienna i napięta.
199467,5,Po kilku dniach cera stała się wyraźnie gładsza i bardziej elastyczna.
199467,5,"Nie zostawia tłustego filmu, skóra jest od razu gotowa na makijaż."
199467,5,Skóra wygląda o wiele lepiej już w krótkim czasie. Wygodne opakowanie ułatwia codzienne stosowanie.
199467,5,Nadaje cerze naturalny blask i poprawia jej strukturę. 👍️
199467,5,"Błyskawiczna aplikacja, świetna dla zabieganych. Daje super efekt nawilżenia. Dobry kosmetyk, polecam serdecznie.👍"
199467,5,"Krem szybko się wtapia w skórę, bez rolowania."
199467,4,Codzienne użycie to przyjemny moment.;) Nawilżenie jest na najwyższym poziomie i długotrwałe.❤️
199467,5,Krem świetnie się rozprowadza i natychmiast wchłania.
199467,5,Krem na idealną formułę.
199693,5,"dobrze się wchłania, delikatny do skóry"
199707,5,Po 4 użyciach z rolerem widać efekty.💯
199707,5,"używam od lat tego olejku i jestem z niego bardzo zadowolona, cena również bardzo przystępna POLECAM!!!"
199707,5,"Doskonały produkt, skuteczny i cudownie pachnie"
199707,5,"Polecam, fajna konsystencja."
199707,5,"Doskonały produkt,moja twarz uwielbia go.
Wspaniałe się wchłania ,czyni skórę delikatną,młodszą .Olejek ten stosuję od lat i jestem bardzo zadowolona.Cieszę się że jest dostępny."
199707,5,"Ten olejek stosuje podczas wakacji i urlopów zimowych. Oprócz kremu z filtrem oczywiście. 
Lekka konsystencja i delikatny zapach powoduje że na pewno sięgnę po kolejną buteleczkę."
199707,5,"Ślicznie pachnie, świetnie się wchłania, super nawilża.POLECAM"
199707,5,Produkt naturalny bez zbędnej chemii
199707,4,"Pięknie pachnie, odpowiedni do masażu twarzy i cery suchej 👍️"
199707,5,uwielbiam ten olejek do masażu twarzy i nie tylko❤️
2009024,5,"Bardzo dobra, dobrze nawilża, ale ma za mocne zapach,ale dla mnie to jest spoko"
2009024,5,"Zostawia uczucie nawilżenia, ale nie jest tłuste. Po nałożeniu usta są błyszczące i wyglądają na odżywione. Łatwo się nakłada."
2009024,3,Ok ok ok
2009024,5,"Nawilżenie jest długotrwałe, nawet po przebudzeniu."
2009024,2,Rozczarowuje zapach i posmak
2009024,5,"Super nawilża usta,nie klei się"
2009024,5,"❤️fajna maska, ale raczej nazwałabym ją balsamem"
2009024,4,Taki spoko bez szału. Słodki i dosyć przyjemny w odczuciu ale bez efektu wow
2009024,5,MEGA NAWILŻA🔥 TO MÓJ ULUBIONY BALSAM💯🔥❤️🤩👏🙌
2009024,5,"git, smaczne"
2009025,4,"Balsam jest bardzo wygodny w użyciu, porządnie nawilża i pachnie egzotycznym mango. Gwiazdka odjęta ponieważ górna warstwa (ok 3 mam) jest pomarańczowa, czy taka reakcja jest normalna dla produktu nie wiem. Używam i nie ma żadnych niepożądanych reakcji👍️"
2009025,5,🔥Pyszny balsam :) świetnie nawilża usta jak się je lekko posmaruje a przy nałożeniu grubej warstwy tworzy genialną maskę
2009025,5,Super produkt
2009025,5,Dobrze nawilża i pięknie pachnie 💞
2009025,5,Świetnie regerlneruje usta i chyba nie musze juz nic wiecej dodawac 👍️💪
2009025,5,"Obłędnie pachnie, świetnie nawilża i regeneruje usta"
2009025,5,"to już drugie opakowanie, uwielbiam! świetnie nawilża usta, wydajna, przyjemny zapach, dobra gruba konsystencja, idealna na noc! poleciłam już Mamie i Przyjaciółce :)"
2009025,5,Bardzo mi się podoba
2009025,5,Nic nie nawilża lepiej niż ten produkt 💯🔥❤️🤩
2009025,5,"Ok
Dobry"
200921,5,"Bardzo dobrze usuwający makijaż, a do tego doskonale nawilża. Polecam serdecznie"
200921,5,Produkt spełnia oczekiwania
200921,5,"Przyjemne, dobrze zmywa makijaż"
200921,5,Super🔥💪💯 fajnie delikatnie oczysza makijaż.
200921,5,💪good
200921,5,"Używam od lat, świetnie sobie radzi nawet z wodoodpornym makijażem, nie szczypie w oczy"
200921,5,Najlepsze mleczko do demakijażu polecam
200921,5,"Mleczko miceralne de-makijasz firmy Ziaja, tylko takie używam, pięknie zmywa zarazem nawilża skórę, Jest Super, polecam💯"
200921,5,Od lat używam tylko tego❤️
2010023,5,"Nie skleja ust, nie jest nieprzyjemny w smaku i nawilża usta na wiele godzin."
2010023,3,"Usta zą zaklejone, nie nawilżone"
2010023,5,Ta marka to zawsze dobry wybór. Lekki i nie uczula
2010024,5,💯💯💯
2010024,4,"Bardzo dobrze nawilża, na opakowaniu jest informacja że produkt pachnie tofi, mimo to osobiście czuję zapach play - doh, właśnie takiej ciastoliny"
2010024,5,"Nie lepią się usta, wygląda super i fajnie nawilża"
2010024,5,Uwielbiam całą serię. Świetnie nawilżają usta.
2010024,5,❤️❤️❤️ super
2010024,5,"Usta nawilżone, delikatny połysk"
2010024,5,🚀🚀🚀
2010025,5,🔥🔥🔥🔥🔥
2010025,5,🤩Pozostawia uczucie nawilżenia bez tłustego filmu.
2010025,5,"Każdy olejek od Your Kaya bardzo lubię, bo komfortowo czuję się z nim na ustach także nie mam się do czego przyczepić :)"
2010025,5,Super błysk i nawilżenie.
2010025,5,nawilża robi ładne glow na ustach i jest go sporo
2010025,5,Świetny
2010025,5,super nawilża !!!!
2010025,5,nic tak nie nawilża moich ust
2010025,5,"Dobrze nawilża, choć myślałam że to będzie pomadka."
2010025,4,Jest okej
2011013,5,Używam na noc. Bardzo regeneruje usta. Gorąco polecam
2011013,4,Bardzo fajna pomadka do ust.
2011013,5,Usta gładkie dobrze nawilzone
2011013,4,🔥🔥🔥
2011013,5,Swietna
2011013,5,Tej nie używam nie jest jak jest
2011013,3,Miałam lepsze pomadki ochronne.
2011013,5,Bardzo dobrze nawilża
2011013,3,"Owszem, używam, ale teraz już chyba z rozpędu ... Nie ma takiego działania jak w reklamie :("
2011013,5,ok👍️💯
2011117,5,👍️👍️👍️👍️👍️👍️👍️👍️👍️
2011117,5,…👍️…tak
2011117,4,Raczej ok
2011117,1,Ta pomadka higieniczna jest stara i wyschnięta. Niestety pieniądze wyrzucone w błoto :(
2011117,5,Córeczka jest zadowolona 💯
2011117,5,Ukierunkowanie i dostosowanie dla dzieci.
2011167,5,"Nie podrażniają skóry,a są skuteczne!"
202217,5,"Bardzo delikatny dla mojej skóry, nie powoduje podrażnień. Pozostawia skórę odświeżoną i nawilżoną."
202217,4,Ideąlny do suchej skóry; dostępność gorsza.
202217,5,"dla mnie super produkt, super oczyszcza, i nie wysusza👍️"
202217,5,"Produkty Mixa to prawdziwe odkrycie, również balsam do ciała. Polecam."
202217,5,Super produkt!
202217,5,Super zmywa makijaż i nie wysusza 💯
202217,5,"Używam już od wielu lat. Jest delikatny, a jednocześnie dokładnie zmywa makijaż. Nie planuję zmieniać."
202217,5,💪🚀👍️
202217,5,bardzo dobry
202217,4,"Dobry płyn, dobrze zmywa makijaż oczu"
202218,5,"Regeneruje, koi, daje mi 100% zadowolenia. Aplikacja jest szybka i komfortowa. Rekomenduję, sprawdził się doskonale.😍"
202218,5,Bardzo dobra jakość w rozsądnej cenie.
202218,5,"Bardzo aksamitny, czuć wysoką jakość tej gęstej receptury. Wspaniale koi podrażnienia spowodowane zmianami temperatury."
202218,5,"Krem jest dość gęsty, ale dobrze się rozprowadza. Bardzo dobrze wpływa na barierę ochronną mojej skóry."
202218,5,"Świetnie sprawdza się w pielęgnacji cery wymagającej odżywienia. Nie czuję w nim żadnej chemii, bardzo łagodny aromat. Bogata, odżywcza formuła pozostawia skórę nawilżoną."
202218,5,świetny krem❤️Krem na idealną formułę. Genialny! Polecam.
202218,5,"To jeden z tych produktów, do których regularnie wracam."
202218,5,"Bardzo dobrze się wchłania, nie trzeba długo czekać. ❤️"
202218,5,"Bardzo dobrze radzi sobie z przesuszeniami i szarą cerą. Krem świetnie się rozprowadza i natychmiast wchłania. Można polecać, jest najlepszy."
202218,5,"Cudownie kremowa formuła – łatwo się go używa. Nie uczula, nie drażni, a efekty są zauważalne już po kilku dniach. Cudo! Spełnił wszystkie moje oczekiwania – a nawet więcej. 
Najważniejsze że nie powoduje alergii i działa kojąco na wrażliwą skórę."
2029002,5,Przydatne w podróży.
2029002,4,"4 dlatego,że jeszcze nie wiem jakie będą. Dopiero próbuję"
2029002,5,delikatne i ładnie pachną dobrze zmywają tusz do rzęs
2029002,5,"Super, mega łatwe w użyciu"
2029002,5,Produkt spełnia moje oczekiwania
2029002,4,"Chusteczki takie sobie, trochę szczypią w oczy. Ale dla kogoś innego mogą być dobre. 
Dla mnie odpadają, są lepsze z innych firm..."
2029002,4,👍️spoko
2029002,5,"Zawsze woziłam tonik i płatki, kiedyś kolezanka dala mi takie chusteczki i juz zostały ze mną polecam"
2029002,5,Skuteczność
2029002,5,Zawsze w mojej torebce
2029005,5,Swietny podczas podrozy
2029005,4,👍️👍️
2029005,5,Faktycznie zmywają makijaż wodoodporny.
2029005,3,Mało wilgotne
2029005,4,"Trochę wysuszają mi skórę, ale dla kogoś innego mogą być dobre."
2029005,4,"Chusteczki dobrze nawilżone, ładnie usuwają makijaż ale zostawiają wrażenie lepkosci"
2029005,5,Nie drenują kieszeni i warto je mieć pod ręką.
2029005,4,Do delikatnego makijażu
2029005,5,"Ok, fajnie usuwaj"
2029005,3,drażnią oczy
2031027,5,"Super nawilża, fajnie się wchłania"
2031027,5,Daje super efekt nawilżenia.
2031027,5,Super pod podkład NAM Second Skin.
2031027,5,Superr
2031027,4,"Krem ma lekką, łatwo się rozprowadza."
2031027,5,"Kocham ten krem, cera tłusta lekki trądzik hormonalny. Nie zapycha Efekty są naprawdę świetne."
2031027,5,"Świetnie współgra z makijażem, nic się nie roluje. Jest doskonały, nawet dla cery naczynkowej. Nie żałuję zakupu i polecam."
2031027,5,"Odczuwalnie wygładza i zmiękcza skórę. Krem szybko się wtapia w skórę, bez rolowania. Na pewno wrócę do tego produktu.❤️"
2031027,5,"świetny kremik dla delikatnej cery, odkąd go stosuje to nic mnie już nie zapycha, odpowiedni zarówno na dzień jak i noc"
2031027,5,"Regeneruje, koi, daje mi 100% zadowolenia."
2031029,5,Idealnie się nakłada
2031029,5,"Bardzo sprawnie się wchłania, co ułatwia dalszą pielęgnację. Skóra jest dobrze nawilżona po użyciu. Widzę poprawę jędrności skóry."
2031029,5,"Czuję, że moja cera jest gładsza i bardziej elastyczna. 💞"
2031029,2,"Niestety produkt na mojej cerze mieszanej nie sprawdził się. Trochę zapychał pory i powstawały punktowe stany zapalne, głównie na policzkach, nosie i brodzie. Ma dość intensywny zapach, mnie akurat to nie przeszkadza. Konsystencja dość rzadka, dobrze sie wchłania. Nie jestem w stanie ocenić efektów, które obiecuje producent, ponieważ po tygodniu przestałam używać.
...Więcej"
2031029,5,Używam go pierwszy raz i jestem zadowolona.
2031029,5,serum spełnia moje oczekiwania. Jedyny problem to pozostający krem w buteleczce gdzyż aplikator nie pobiera gdy kremu jest mało
2031029,5,"Delikatne serum, pod każdy krem, dla mnie działa,"
2031029,5,"Dopiero zaczynam używać, ale liczę na dobre efekty, zwłaszcza, że kosmetyk jest w dobrej cenie :)"
2031029,5,"Dobrze się wchłania, skóra jest gładka i delikatna"
2031029,5,Dla mojej cery jest ok
2031030,5,"Praktyczne opakowanie, które zapewnia higieniczne dozowanie. Kompatybilny z innymi kosmetykami do twarzy.;)"
2031030,5,Aplikacja jest szybka i komfortowa. Delikatnie koi i dobrze sprawdza się także przy skórze wrażliwej. 🔥💯❤️🤩💞🙌
2031030,5,"Krem ma przyjemną, lekką konsystencję. Zauważyłam poprawę jędrności skóry. Delikatny, przyjemny zapach. ❤️"
2031030,5,"Dobrze się rozprowadza, nie trzeba mocno wcierać. Skóra jest miękka, dobrze nawilżona. Produkt godny zaufania."
2031030,5,Super się nakłada – codzienna pielęgnacja to przyjemność. Sprawdza się na typie mojej skóry.
2031030,5,"Poprawia elastyczność i ogólną kondycję skóry. Fantastyczna, lekka formuła. Rekomenduję, sprawdził się doskonale.😍"
2031030,5,"Nawilża i regeneruje skórę. Na pewno do niego wrócę. Konsystencja kremu idealnie współgra ze skórą ani za rzadka, ani za gęsta. ❤️"
2031030,5,"ŚwietnyOpakowanie bardzo praktyczne, nic się nie marnuje. Kupiłabym ponownie.;) Polecam serdecznie. Nie zostawia tłustego filmu, skóra jest od razu gotowa na makijaż. Moja skóra jest idealnie nawilżona i wygląda zdrowiej każdego dnia."
2031030,5,"Aplikacja jest czysta i bezproblemowa. Odczuwalnie wygładza i zmiękcza skórę. Kosmetyk, do którego chce się wracać."
2031030,4,"Bardzo dobrze się wchłania, nie trzeba długo czekać."
2031033,5,"Uwielbiam ten krem za to, jak lekko się aplikuje. Zdecydowanie poprawił wygląd mojej skóry – jest bardziej promienna i napięta. Mam ochotę kupić zapas na cały rok."
2031033,5,Bardzo dobrze radzi sobie z przesuszeniami i szarą cerą.
2031033,5,"Buzia wygląda od razu lepiej.;) Konsystencja kremu idealnie współgra ze skórą ani za rzadka, ani za gęsta."
2031033,5,"Krem jest bardzo lekki i szybko się wchłania. Dobrze nawilża i sprawia, że skóra jest bardziej elastyczna."
2031033,5,"Skóra odpowiednio nawilżona, natłuszczona i bardziej elastyczna."
2031033,4,Można bez obaw stosować także na szyję i dekolt.
2031033,5,"Witam, krem bardzo dobry, najlepszy do tej pory jaki miałam. Pozdrawiam z Gdańska.Krem na idealną formułę."
2031033,4,Super się nakłada – codzienna pielęgnacja to przyjemność.
2031033,5,Wygodna i szybka aplikacja. Ten krem to prawdziwy game-changer w mojej codziennej pielęgnacji. Na pewno jeszcze nie raz po niego sięgnę.
2031036,5,bardzo fajna
2031036,5,Składniki aktywne widocznie działają na skórę.
2031036,5,"super, stosuję zamiennie z kremem na noc"
2031036,5,Dobra🔥
2031036,5,"Maseczka do twarzy jak najbardziej polecam ,pięknie ujedrnia twarz ,wygładza ,polecam z czystym sumieniem , działa WOW."
2031036,4,Używam jak kremu na noc rano skóra jakby bardziej jędrna
2031036,5,"Świetna maseczka, poprawia elastyczność cery"
2031036,5,👍️👍️
2031036,4,Super skóra po aplikacji szczególnie po ciężkim dniu!
2031036,5,Maseczka jest również świetna
2031056,5,Bardzo dobry krem . I działa!!
2031056,3,Po ok. 3 miesiącach stosowania nie widzę efektów
2031056,5,"Jestem zadowolona z kremu,wyraznie przebarwienia się zmniejszają po dłuższym stosowaniu"
2031056,5,lubię tą linie kremów❤️
2031056,5,"Świetny produkt,kupiłam ponownie"
2031056,5,Robi robotę. Wydajne i pięknie pachnie.. Wyrównuje. Koloryt
2031056,5,jestem bardzo zadowolona z wybranych artykułów.
2031056,5,👍️💯 polecam
2031056,5,"Krem zgodny z moimi oczekiwaniami. Skóra po nim mjest wyraźnie rozświetlona, zmarszczki delikatnie się spłyciły.💪"
2031056,5,"Uwielbiam kremy z tej serii. Są świetne, a skóra po nich jest aksamitna. To moje drugie opakowanie , ale kupię następne."
2031057,5,"Serum jest super, daje poczucie łagodności, głębokiego nawilżenia. Skóra jest wypoczęta i wyciszona. Polecam serdecznie"
2031057,5,"Super serum , dobrze się wchłania , delikatnie pachnie , po paru dniach stosowania skóra wygląda na bardziej napiętą"
2031057,5,Działa doskonale
2031069,5,Można bez obaw stosować także na szyję i dekolt. Odczuwalnie wygładza i zmiękcza skórę. Bardzo dobra jakość w rozsądnej cenie.
2031069,5,Znakomicie sprawdza się jako część wieczornej rutyny. Konsystencja kremu jest miękka i łatwa w rozprowadzeniu. Ten krem to absolutny hit!👌
2031069,4,👍️Moja skóra jest nawilżona przez cały dzień.
2031069,5,"Daje szybko zauważalne efekty;). Krem świetnie się rozprowadza i natychmiast wchłania. Nie zawiódł mnie ani razu.😍 Moja cera odżyła, boski krem."
2031069,5,"Poprawia elastyczność i ogólną kondycję skóry. Nadaje się do stosowania na twarz, szyję i dekolt – nic się nie marnuje."
2031069,5,"Bardzo przyjemna formuła, idealny krem na co dzień."
2031069,5,Bardzo łatwy i szybki w aplikacji krem.
2031069,5,"Najlepszy, moja cera jest teraz promienna i nawilżona. Skóra po aplikacji jest gładka i przyjemna w dotyku. Ten produkt to skarb, nie zamienię na żaden inny."
2031069,5,"Zauważyłam znaczną poprawę w wyglądzie mojej cery. Wysoce polecam, jestem zadowolona z zakupu."
2031070,5,Bardzo dobry i skuteczny krem za atrakcyjną cenę.Polecam.Każde użycie to czysta przyjemność.
2031070,5,Moja skóra jest nawilżona przez cały dzień.
2031070,5,"Codzienne użycie to przyjemny moment.;) Nie zatyka porów, koi moją cerę. Wreszcie coś, co naprawdę działa!"
2031070,5,Bardzo dobry skład
2031070,5,Delikatnie koi i dobrze sprawdza się także przy skórze wrażliwej. Super się nakłada – codzienna pielęgnacja to przyjemność. Cudo! Spełnił wszystkie moje oczekiwania – a nawet więcej.
2031070,5,"Nie uczula, nie drażni, a efekty są zauważalne już po kilku dniach. Wygodne opakowanie ułatwia codzienne stosowanie. Wysoce polecam, jestem zadowolona z zakupu."
2031070,5,Kremy Lirene to bardzo dobry produkt polecam
2031070,5,"Jestem zadowolona 👍️Nawilżenie 10/10.;) Lekka formuła, idealna na co dzień."
2031070,5,"Nadaje się do stosowania na twarz, szyję i dekolt – nic się nie marnuje."
2031070,5,"Moja skóra jest teraz bardziej elastyczna. Znakomity krem, polecam.👌 Daje super efekt nawilżenia. Ma delikatny, przyjemny zapach – dodatkowy plus przy aplikacji. Nie żałuję zakupu i polecam."
2031076,5,Jęto maska lekka i skuteczna
2031077,5,"Wszystko w porządku, ale troszkę silny, przy wrażliwej cerze trzeba troszkę uważać:)"
2031079,5,👍️ 🤩
2031079,3,piecze
2031079,5,W porządku
2031079,5,Polecam
2031079,5,Najlepsze Polecam
2031079,5,Wszystko zgodnie z opisem.
2031085,5,"Jest ok, delikatna, nie podrażnia, ładny zapach"
2031085,5,"Bardzo dobra pianka, używam od kilku lat i chwalę sobie jakość"
2031085,5,Jest super nie uczula
2031085,5,zona uzywa
2031085,5,Ok. Polecam
2031085,5,"Super, nie podrażnia nawet bardzo wrażliwej skóry."
2031085,5,Jakość idzie w parze z ceną. W promocji można dostać za fajną cenę. Robi to co ma robić. Nie jest to gęsta pianka tak jak w przypadku Cetaphil czy La Roche Posay ale na jakiś wyjazd jak najbardziej polecam. Ładnie pachnie i nie podrażnia.❤️
2031085,5,"Bardzo dobry produkt, godny polecenia. 👍️"
2031085,5,Używam elminując mydło
2031087,5,"Rano wypryski były znacznie mniej widoczne, a skóra wokół nich spokojniejsza. Dyskretne i zabawne zarazem, można je nosić bez skrępowania. Bardzo sprawny system odklejania od podkładu."
2031087,5,Plastry szybko pomogły mi w walce z niedoskonałościami.
2031087,5,Polecam
2031087,5,Przykrywa trądzik
2031087,5,moje ulubione
2031087,4,"Najlepsze gwiazdki na noc, używam również na dzień 🔥"
2031087,5,"Fajne plasterki, dobrze ukrywają niedoskonałości, chronią przed drapaniem czy dotykaniem ranki."
2031087,5,Nie odklejają się i ładnie goją małe krostki.
2031087,5,"Moje gwiazdki są dość dobre na wypryski ale prawie nie świecą w ciemności, co w sumie uważam za korzystne. Polecam👍️"
2031087,5,❤️Doskonałe plastry
2031105,4,Good Result
2031105,5,🚀🚀🚀🚀
2031105,5,Żel używa nastolatek i jest z niego zadowolony. Polecam 👍️💪
2031105,5,Syn stwierdził że ma lepszą cerę trądzik schodzi
2031105,5,bardzo pomógł mi z wypryskami i porami
2031105,5,Uwielbiam ten żel do twarzy. Kupuję go jednak tylko jak jest na promocji.
2031105,5,Bardzo dobrze oczyszcza skórę zapobiegając niedoskonałościom.
2031105,5,👍️ Dobrze oczyszcza z resztek makijażu.....
2031105,5,Dobry!
2031105,5,🔥🔥🔥🔥
2031127,4,"Mięsista pomadka, ale z bardzo dużym wysuszeniem sobie nie poradziła"
2031127,4,💯👍️🔥
2031127,5,❤️❤️❤️❤️
2031127,5,dobra pomadka
2031127,5,🔥🔥🔥
2031127,5,"Super odżywia, nie rozmazuje się po poduszce, jak dla mnie super💪i usta są dobrze odzywione"
2031127,5,Usta są przyjemnie gładkie i miękkie.
2031127,5,"Używam jej codziennie, nie tylko na wieczór. Jest lekka ale jednocześnie tworzy ochronną warstwę na ustach. Nie potrafię zliczyć ile już opakowań skończyłam 🤩"
2031127,5,Moja ulubiona pomadka do ust. Żadna tak skutecznie nie leczy pękniętych ust 🔥
2031127,5,"💪🔥
Najlepsza ochrona ust jaką kiedykolwiek miałem okazję stosować. Nie tylko maska nocna, ale całodzienna ochrona, szczególnie sprawdzająca się w pomieszczeniach klimatyzowanych (pociągi, biura, sklepy, samochody)
...Więcej"
2031141,5,"Skóra pod oczami jest teraz znacznie bardziej nawilżona. Produkt nadał mojej skórze pod oczami promienny blask. Łatwo je nałożyć, świetnie dopasowują się do kształtu twarzy."
2031141,5,Skóra pod oczami jest teraz znacznie bardziej nawilżona. Produkt nadał mojej skórze pod oczami promienny blask.
2031141,5,polecam zawsze do nich wracam
2031141,5,"👍️ super nawilzające płatki ,polecam"
2031141,4,Łagodzi podkrążone oczy ale trochę za mało niweluje zmarszczki 🤷🏻‍♀️
2031141,5,Super działa
2031141,5,Super ok
2031141,5,❤️ Świetne
2031141,5,"Świetne płatki pod oczy, trzymane w lodówce dają super efekty🔥"
2031141,5,🔥🔥🔥🔥
2031142,5,moje ulubione 👍️
2031142,4,"Nawilżają, nie spływają spod oka. Nie robią jakiegoś efektu wow ale mogą być do codziennej porannej pielęgnacji"
2031142,5,❤️Świetne
2031142,1,"Płatki zsuwają się, efekt bez rewelacji"
2031142,5,polecam
2031142,5,Mam już kolejne opakowanie tych płatków i polecam z czystym sumieniem ! 💯
2031142,3,"Na pewno dobra cena do ilości, ale te pakowane pojedynczo są dużo lepsze. Te są bardzo cienkie, inne w odczuciu i mają inny kształt, który jest mało wygodny. Szersza część jest za okrągła a tylnia wygięta pod złym kątem i zbyt zakręcona. Płatki na początku się zsuwają spod oczu. Dopiero jak trochę wyschną siedzą na miejscu. Pod koniec czuć, że jest napięcie, ale i lekkie pieczenie. Efektów za bardzo nie widziałam. Pozostałe pakowane po 5 par są lepsze.
...Więcej"
2031142,5,Super płatki. Dobrze nawilżają i napinają skórę pod oczami.
2031142,5,Na razie testuję. Póki co jest ok
2031142,5,"Świetne płatki, kupione na promce to bardzo dobry deal"
2031143,5,polecam
2031143,5,"Bardzo dobry krem,delikatna konsystencja, pięknie pachnie i super nawilża"
2031143,1,"Niestety podrażnił mi cerę, bardzo jest po nim zaczerwieniona. Już dawno nie miałam takich kłopotów 😕"
2031143,1,"To w ogóle ma filtr w sobie? Pół godziny na słońcu i twarz opalona, z żadnym innym produktem z spf 50 to się nigdy nie stało"
2031144,2,"Płatki powinny być cieńsze ,delikatniejsze"
2031144,5,Skóra pod oczami jest teraz o wiele bardziej nawilżona.
2031144,5,Są okej
2031144,5,"Super, sprawdzają się"
2031144,4,"Jest okej nie jest znakomite ale jest ok podobało mi się
To że po zdjęciu moja skóra lśniła
Powinny być troszkę tańczę"
2031144,5,Świetne 🤩
2031144,4,Dopiero wypróbowuję ten produkt
2031144,5,🚀💯💯❤️🤝
2031144,1,"Niestety płatki żelowe nie spełniły moich oczekiwań. Są mocno nasączone, przez co zsuwają się z twarzy i trudno je utrzymać na miejscu. Po użyciu nie zauważyłam żadnego efektu, ani nawilżenia, ani wygładzenia. Produkt wyglądał obiecująco, ale w moim przypadku kompletnie się nie sprawdził"
2031144,5,😄💞🙌
2031145,5,"Ładnie pachnie, ładna szata graficzna, nie podrażnia, nie uczula, nawilża, napina buzię"
2031145,2,Maska po prostu śmierdziała chemicznym arbuzem
2031145,2,Jest bardzo rozwodniona i okropnie żel się wchłania
2031145,4,To jest dobre
2031145,5,Super są maski z tej serii ❤️
2031145,5,👍️👍️👍️
2031145,5,Super ok
2031145,5,Jest ok 👍️
2031145,5,Super produkt! Idealnie nawilża cerę i pięknie pachnie! A to wszystko w super cenie!
2031145,5,Na dobry relax z przyjaciółmi
2031146,5,Skład jest przejrzysty i budzi moje pełne zaufanie. Pomaga zniwelować oznaki zmęczenia po ciężkim dniu. Opakowanie jest estetyczne i łatwe do otwarcia.
2031146,5,"Słodki zapach truskawki jest wyczuwalny, ale nie nachalny."
2031146,5,"Fajne opakowanie, dobra marka, nie uczula, nie podrażnia, nawilża, ładnie pachnie, napina skórę"
2031146,3,Maska sama w sobie jest super tylko według mnie strasznie śmierdziała chemiczną truskawką
2031146,3,Pięknie pachnie ale jest cała mokra
2031146,5,🔥🔥🔥
2031146,5,To jest super
2031146,5,Pięknie pachnie i świetnie nawilża
2031146,5,Super są maski z tej serii ❤️
2031146,5,Super ok
2031148,5,Widać efekt
2031148,4,Może być
2031148,5,super🔥
2031148,5,"Polecam maseczki z tej firmy. Są dość duże, ale fajnie się ich używa."
2031148,5,Jak wszystkie maseczki z tej serii-fajne nawilżenie za rozsądną cenę.
2031148,5,🔥🔥🔥
2031148,5,🔥💪🔥
2031148,5,"Zgodny z opisem producenta, zawiera niacynamid i olejek z drzewa herbacianego."
2031148,5,Przekozak maska
2031148,5,Spoko za taką cenę
2031149,5,Polecam
2031149,5,Jak wszystkie maseczki z tej serii-fajne nawilżenie za rozsądną cenę.
2031149,5,Cera po użyciu maski jest promienna i nawilżona.
2031149,5,"świetne, bardzo dobrze działają, kupuję głównie te i poleciłam je już w rodzinie i wśród znajomych :) polecam!"
2031149,5,Kupiłam na prezent. ale obdarowana chyba była zadowolona :)
2031149,5,"Bogaty skład, czuć dobre składniki."
2031149,5,Przekozak maska
2031149,5,Złoto koloidalne i ceramidy to świetne połączenie.
2031149,5,Polecam👍️
2031149,4,👍️👍️👍️👍️👍️👍️
2031150,5,Dobrze działa
2031150,5,"Dobry dobór komponentów, nie uczula mojej twarzy."
2031150,5,"Bardzo dobre składniki, czuć że to coś naturalnego."
2031150,5,"Świetne maseczki, duża powierzchnia płachty, bardzo dobrze odżywoają i używana z lodówli świetnie pobudza i zmniejsza opuchliznę na twarzy"
2031150,5,Fajna maska do twarzy.
2031150,5,Jak wszystkie maseczki z tej serii-fajne nawilżenie za rozsądną cenę.
2031150,5,Super. Nie uczula mnie a robi to większość produktów.
2031150,5,Polecam👍️
2031150,5,Przekozak maska
2031150,5,"Przyjemna, ujędrnia, nawilża"
2031151,5,❤️💯💯💯
2031151,4,👍️👍️👍️👍️👍️👍️
2031151,5,🔥🔥🔥🔥
2031151,5,Uwielbiam
2031151,5,Najlepsza maseczka
2031151,5,Świetna
2031151,5,"Fajna, nawilżająca maska."
2031151,5,🔥🔥🔥
2031151,5,Dobra jakosciowo maseczka cera po niej jest gladka i nawilzona
2031153,5,lubię te maski
2031153,5,Super produkt
2031154,5,"Fajna maseczka, przy regularnym stosowaniu 3 razy w tygodniu skóra jest bardziej nawilżona"
2031154,5,Super produkt
2031155,5,💯💪💞Skóra jest po niej nawilżona i gładka.
2031155,5,"Skóra delikatna i nawilżona,"
2031155,5,❤️❤️❤️❤️
2031155,5,Super maseczka💪
2031155,5,Polecam
2031155,4,Jeszcze jej nie miałam nigdy
2031155,5,Córce się sorawdza
2031155,5,Tani i dobra!
2031155,4,"Spoko, nawilza"
2031155,5,Intensywny cytrusowy zapach 😍 Zaczerwienienia znikają a skóra jest pięknie rozświetlona.
2031156,5,🔥👍️💯❤️
2031156,5,"lubię maski z tek serii, są z miękkiego tworzywa dobrze nawilżone"
2031156,5,Polecam
2031156,5,"Fajna maseczka, przy regularnym stosowaniu 3 razy w tygodniu skóra jest bardziej nawilżona"
2031156,5,Lubię te maseczki. Super
2031156,5,Super produkt
2031166,5,supper !!!
2031166,5,Najlepsze ostatnio używane przeze mnie
2031166,4,Średnia
2031166,5,Lubię te maseczki
2031166,5,Jak cała seria rewelacja
2031166,5,Skóra wygląda lepiej po użyciu. Jest miękka i nawilżona 🤩
2031166,5,Super 🔥
2031166,3,wysypała mnie😔
2031166,5,Ok myślę że działa 👍️🚀🚀
2031166,5,"Najlepsza odżywka do skóry twarzy! Trzymam ją 20 minut do całkowitego wchłonięcia. Skóra jest mocno odżywiona, miękka i gładka. Po zniszczeniu bhl zbyt mocnym peelingiem i wysypce to było moje lekarstwo ❤️"
2031167,5,"Składniki wydają się być dobrej jakości, czuję nawilżenie."
2031167,5,Fajna maseczka
2031167,5,Dobry produkt w dobrej cenie
2031167,5,Rewelacja
2031167,5,Przyjemnie się nakłada
2031167,5,Super .
2031167,5,Ok myślę że działa
2031167,5,"Wszystkie maseczki tej firmy jak dla mnie są bardzo dobre.
Polecam"
2031167,3,Podobnie jak z poprzednią maseczką nie zauważyłam wyraźnych efektów ponownie użyję i ocenię
2031167,5,Bardzo polecam
2031169,5,"Skóra jest miękka, dobrze nawilżona. Konsystencja kremu idealnie współgra ze skórą ani za rzadka, ani za gęsta. To był dobry wybór."
2031169,5,"Cera wygląda świetnie, nawet bez makijażu."
2031169,5,"Dla mnie bardzo dobry, polecam 👍️"
2031169,5,"Fantastyczna, lekka formuła. Cera wygląda na wypoczętą i bardziej jędrną. Fantastyczny krem, polecam każdemu."
2031169,5,Nadaje cerze naturalny blask i poprawia jej strukturę.
2031169,5,"Odczuwalnie wygładza i zmiękcza skórę. Krem świetnie się rozprowadza i natychmiast wchłania. Uwielbiam efekt miękkiej, wypoczętej skóry tuż po aplikacji."
2031169,4,"Skóra po aplikacji jest gładka i przyjemna w dotyku. To jeden z tych produktów, do których regularnie wracam. Wspaniały zakup, polecam.👍"
2031169,5,Poprawia jędrność mojej cery i nawilża.
2031169,5,"Super wydajny, mogę go stosować także na noc. Daje super efekt nawilżenia."
2031169,4,"Nie zapycha porów, a skóra staje się gładsza i bardziej rozświetlona."
2031170,4,Idealna konsystencja na dzień i na noc.
2031170,5,Nawilżenie jest na najwyższym poziomie i długotrwałe.❤️
2031170,4,Można bez obaw stosować także na szyję i dekolt.
2031170,5,Jestem alergikiem a ten krem służy mojej cerze (no i po promocji). Dziękuję💚
2031170,5,"Super wydajny, mogę go stosować także na noc."
2031170,5,Cudownie kremowa formuła – łatwo się go używa. 👍️
2031170,5,Kompatybilny z innymi kosmetykami do twarzy.;)
2031170,5,"Bardzo dobrze się wchłania, nie trzeba długo czekać. Cera wygląda świetnie, nawet bez makijażu. Jeden z lepszych kosmetyków, jakie miałam."
2031170,4,Moja skóra jest nawilżona przez cały dzień.
2031170,5,"Nie uczula, nie drażni, a efekty są zauważalne już po kilku dniach. Konsystencja kremu idealnie współgra ze skórą ani za rzadka, ani za gęsta. Cena i skład wzbudzają zaufanie. 👍️"
2038042,5,"Bardzo delikatna, porównywalna jakość do droższych produktów o podobnym działaniu a lepsza cena."
2038042,4,"walczę z barierą hydrolipidową i mam nadzieję, że przyniesie mi ukojenie. Póki co to co zauważyłam to nie wysusza AŻ TAK jak inne płyny, jednak nadal czuję minimalne ciągnięcie na twarzy po umyciu"
2038042,5,"👍️ dobry produkt, polecila mi pracownica Rossmanna, bardzo mila kompetentna osoba 👍️"
2038042,5,"łagodny dla skóry, delikatny, jedwabista konsystencja i powłoka na skórze"
2038042,5,mój ulubieniec do demakijażu
2038042,5,"Bardzo lubię tą emulsję, jest delikatna i nie wysusza twarzy. Nie zgodzę się tylko z tym, że nadaje się do demakijażu, bo potrafi nie domyć resztek podkładu."
2038042,5,Super produkt. To już moje kolejne opakowanie
2038042,5,"Dla mnie super emulsja, nie zapycha, nie daje uczucia ściągnięcia, nawilża, czuję po niej dobrze oczyszczoną cerę."
2038042,5,Super! Delikatna emulsja i ładnie domywa
2038042,5,Nawilża i działa - bardzo delikatnie ale skutecznie czyści skórę. Polecam ❤️
2038043,5,"Dobrze się wchłania, nie pozostawiając tłustej warstwy. Zauważyłam znaczną poprawę nawilżenia skóry. Zapach jest neutralny, ledwo wyczuwalny."
2038043,5,"dobry treściwy krem nawilżający, kocham obie wersje"
2038043,5,Lekki nie pozostawia tłustego filtru na skórze. Fajnie nawilża .
2038043,5,"Odczuwalnie wygładza i zmiękcza skórę. Krem na idealną formułę. Naprawdę wart uwagi, polecam z całego serducha.❤️"
2038043,5,"Dobrze się rozprowadza, nie trzeba mocno wcierać. Nawilżenie 10/10.;) Wreszcie coś, co naprawdę działa!"
2038043,5,"Świetny krem. Porządnie nawilża, bardzo szybko się wchłania, a makijaż wygląda na nim perfekcyjnie ❤️"
2038043,5,Poprawia elastyczność i ogólną kondycję skóry.
2038043,5,"Nie zostawia smug ani uczucia ściągnięcia. Nadaje cerze naturalny blask i poprawia jej strukturę. Ma wszystko, czego szukam w dobrym kremie."
2038043,5,"Aplikacja jest szybka i komfortowa. Nie uczula, nie drażni, a efekty są zauważalne już po kilku dniach. Kosmetyk, do którego chce się wracać."
2038043,5,"Praktyczne opakowanie, które zapewnia higieniczne dozowanie. Cudo! Spełnił wszystkie moje oczekiwania – a nawet więcej. Skuteczność widoczna już po pierwszym tygodniu stosowania."
2038044,5,Rewelacyjne serum! 😊
2038044,5,👍️👍️👍️
2038044,5,"Serum jest super, lekkie , delikatne"
2038044,5,"Skóra jest teraz o wiele lepiej nawodniona. Lekka konsystencja, szybko się wchłania. Widzę pozytywne efekty po kilku dniach stosowania. Bardzo polecam dla skóry wrażliwej i skłonnej do alergii. Mam kolejne opakowanie i napewno będę nadal stosować."
2038044,5,"dobre serum nawilżająco-regenerujace, kupuję go co jakiś czas, duży plus za brak zapachu"
2038044,5,❤️❤️❤️❤️❤️
2038044,5,Spoko jest
2038044,5,Intensywnie nawilża i wspiera odbudowę bariery ochronnej skóry.
2038044,5,"nic szczególnego, ale nawilża"
2038044,5,"dobrze się nakłada, nie wysusza"
2038054,5,"Super bo nie uczula i daje dobry efekt.
Skóra nie jest ściagnieta"
2038054,5,"bardzo przyjemny, delikatny"
2038054,5,Doskonale oczyszcza i nie podrażnia. Dla mnie hit 😁
2038054,5,"Bardzo dobry produkt 🔥
Polecam serdecznie 👍️"
2038054,4,Jest okej
2038054,5,👍️👍️
2038054,5,"Jestem w fazie testow, chociaz tesknie za stara seria AA, jestem atopowcem, bardzo ostroznie musze dobierac kosmetyki."
2038054,1,Płyn ma lekko tłustą konsystencję i piecze w oczy.
2038054,5,Delikatny i skuteczny.💯
2038054,5,To mój ulubiony płyn do codziennej pielęgnacji❤️
2038055,5,"Skóra po użyciu jest przyjemnie nawilżona. Produkt dobrze się wchłania. Zauważyłam/am, że składniki dobrze wpływają na moją cerę."
2038055,5,"Jestem bardzo zadowolona, skóra nawilżona i odświeżona, nie mam uczucia ściągnięcia. Mam cerę wrażliwą, a nic się nie dzieje, wszystko ok."
2038055,5,Ładnie pachnie i super nawilża
2038055,5,"Zostawia skórę świeżą i ""napitą"". Subtelnie, ale bardzo ładnie pachnie"
2038055,5,👍️ ok
2038055,5,Polecam
2038055,4,"Jeszcze nie mam zdania , narazie nasza relacja jest poprawna :)"
2038055,5,"Moja ukochana esencja, pomogła mi odbudować barierę hydrolipidową, bardzo polecam"
2038055,5,Świetny produkt
2038055,5,"Delikatny, lekko natłuszcza , zdecydowanie dla delikatnej suchej skóry twarzy ."
203823,5,"Nie klei się, nie zostawia żadnych śladów."
203823,4,Super się nakłada – codzienna pielęgnacja to przyjemność. Moja skóra jest nawilżona przez cały dzień.
203823,5,"Wszystkie produkty są wysokiej jakości.Znakomity krem, polecam.👌"
203823,5,"Cera wygląda świetnie, nawet bez makijażu. Bardzo przyjemna formuła, idealny krem na co dzień. To mój ulubieniec wśród kremów. Zauważyłam, że makijaż wygląda na nim lepiej i dłużej się utrzymuje. Naprawdę wart uwagi, polecam z całego serducha.❤️"
203823,4,"Krem ma delikatny, przyjemny zapach; świetna jakość w dobrej cenie - czasem dostępny w promocji; sprawdza się na typie mojej skóry. 🙂"
203823,4,"Daje wspaniałe efekty. Konsystencja kremu idealnie współgra ze skórą ani za rzadka, ani za gęsta. Produkt godny zaufania."
203823,5,Nawilża i regeneruje skórę.
203823,5,"Nie zatyka porów, koi moją cerę."
203823,5,"Bardzo dobrze się wchłania, nie trzeba długo czekać. To jeden z tych produktów, do których regularnie wracam. Nie zawiódł mnie ani razu.😍"
203823,5,"Znakomicie sprawdza się jako część wieczornej rutyny. Nie roluje się pod podkładem, świetny jako baza. Rewelacja – zdecydowanie go polecam."
203826,5,To już kolejne opakowanie. Lubię do niego wracać
203826,5,"Nie jest zbyt intensywny, co jest plusem. Skóra jest po niej gładsza. Pasta ma przyjemną konsystencję."
203826,5,najlepsza
203826,5,Świetne na niedoskonałości ❤️
203826,5,Polecam.
203826,5,"Mozna uzywać jako peeligu typu scrub oraz zostawic na kilka minut jako maseczkę zeby wyregulować przetluszczanie skory.
💪 polecam!"
203826,4,Spoko produkt 👍️
203826,4,Wszytsko super działa.💯polecam
203826,5,"Biała pasta, delikatnie złuszcza naskórek , używam naprzemienne z kilkoma innymi produktami.
Niska cena ."
203826,4,dobrze oczyszcza skórę
203827,5,Działa.👍️
203827,5,"Ma przyjemny zapach, nie zostawia uczucia zciągnięcia."
203827,5,💯 idealny produkt.
203827,4,"Bardzo fajna cena, jakość, ale zostawia na twarzy uczucie oblepienia"
203827,5,Świetny produkt polskiego producenta!
203827,5,Polecam
203827,4,"to narazie moje 2 opakowanie, i sprawdza się dobrze, poczekam na efekty"
203827,3,Strasznie wysusza skórę twarzy działa bardzo intensywnie ściągająco. Produkt nie dla mnie.
203827,5,"najlepszy tonik jaki używałam, daje efekt❤️"
203827,5,"super, odświeża i redukuje niedoskonałości"
203938,5,"Nie zostawia tłustego filmu, skóra jest od razu gotowa na makijaż. Daje super efekt nawilżenia. Zostaje ze mną na dłużej."
203938,5,Super się nakłada – codzienna pielęgnacja to przyjemność.
203938,4,Kompatybilny z innymi kosmetykami do twarzy.;)
203938,5,"Delikatnie koi i dobrze sprawdza się także przy skórze wrażliwej. Ma aksamitną teksturę, która pięknie się rozprowadza. Wspaniały zakup, polecam.👍"
203938,5,"Uwielbiam efekt miękkiej, wypoczętej skóry tuż po aplikacji. Nadaje się do stosowania na twarz, szyję i dekolt – nic się nie marnuje. Działa dokładnie tak, jak obiecuje producent.⭐"
203938,5,Nie spływa i nie pozostawia uczucia lepkości. Używam codziennie i za każdym razem cera wygląda na zdrowszą. Strzał w dziesiątkę – udany zakup.
203938,5,Można bez obaw stosować także na szyję i dekolt. 👍️
203938,5,Aplikacja jest czysta i bezproblemowa. Wygładza drobne linie i zmarszczki. Mój absolutny hit w codziennej pielęgnacji.
203938,5,"Krem świetnie się rozprowadza i natychmiast wchłania. Poprawia jędrność mojej cery i nawilża. Wysoce polecam, jestem zadowolona z zakupu."
203938,3,"Skład średni, skóra niby wydaje się nawilżona i wypielęgnowana ale na krótką metę, potem wszystko wraca do pierwotnego stanu."
2040115,5,💪👍️💪
2040115,5,mąż zadowolony
2040115,3,Bardzo słabo działa na mnie
2040115,5,naprawdę działa💯
2043022,5,Świetnie radzą sobie z usuwaniem makijażu 👍️
2043022,5,Używałam chusteczek do demakijażu BIOTANIQUE ale niestety od jakiegoś czasu są nieosiągalne w sklepach stacjonarnych w Pile. Kupiłam obecnie te i też spełniają swoją funkcję.
2043022,5,"Fajne chusteczki, ładnie zmywają makijaż, są dobrze nawilżone."
2043022,5,Bardzo skutecznie usuwają makijaż
2043022,5,🔥👍️💪
2043022,5,Idealnie się sprawdzają. Mam problematyczną cerę a nie uczulają 🔥
2043022,5,Jestem zadowolona z zakupu.
2043022,5,👍️super zmywają makijaż
2043022,5,Super wilgotne stosuję od dłuższego czasu dobra cena nawet bez promocji
2043022,5,"Bardzo dobrze nawilżone, delikatny zapach, Bardzo ładnie zmywają makijaż"
2045031,5,"Skóra gładka, nawodniona, po wykończeniu opakowania będę mogła coś więcej powiedzieć"
2045031,5,Doskonale nawilża nawet suchą skórę. Lekka formuła szybko się wchłania. A do tego pięknie pachnie!!! Polecam! ❤️
2045031,5,swietny
2045031,5,"Stosuję go dopiero tydzień, ale czuję, że działa. Nakłada się go mało, super nawilża i to na długo na czym mi zależało ponieważ od dłuższego czasu mam problem z odwodnioną, suchą skórą. Nadaje się pod kremy i makijaż. 🔥
Dla mnie +💯 do oceny, że Polska marka i szklany pojemnik.
...Więcej"
2045031,3,"serum ładnie pachnie, szybko się wchłania, pozostawia delikatnie lepką skórę - plusy
nie zauważyłam aby miało rzeczywiście efekt nawadniający, skórę dalej mam suchą, pomimo stosowania zgodnie z zaleceniami - minusy"
2045031,5,Przyjemny w stosowaniu
2045031,5,Świetne! Pięknie przygotowuje skórę pod makijaż.
2045031,5,"Super serum, polecam"
2045031,5,Dobry produkt. Dziękuję
2045031,5,Świetny produkt. Super nawilżacy i wygładzający
2047000,5,Pięknie rozjaśnia i wyrównuje kolor skóry!
2047000,5,"Pięknie pachnie, jakby nakładać na twarz miąższ z pomarańczy. Co do efektów - z pewnością trzeba zaczekać"
2047000,5,💪🤝❤️
2047000,5,"Bardzo dobrze nawilża, rozświetla, dobrze się wchłania, nie daje efektu folii na twarzy i CUDOWNIE pachnie."
2047000,5,"bardzo fajne serum, mam już kolejne opakowanie, super nawilża i rozświetla cerę"
2047000,5,"Doskonały produkt, piękny energetyczny zapach; do tego genialne opakowanie, mam 💯% bewności ze serum jest aktywne do całkowitego zużycia. Na dodatek nie ma możliwości zgubienia zakrętki od butelki. Polecam ❤️"
2047000,5,Świetny orzeźwiający zapach i super działanie
2047000,5,"🔥Opakowanie jest wygodne w użyciu, a sam krem dobrze dopasowuje się do mojej skóry."
2047000,5,"Pięknie pachnie cytrusami, nawilża, idealny pod krem, zużyłam kilkanaście opakowań i wciąż wracam, jedyny minus to słaba wydajność."
2047000,5,Polecam
2047001,2,Ten krem się roluje na twarzy
2047001,3,"dość ciężki, nie sprawdził się przy cerze mieszanej"
2047001,5,"Ma aksamitną teksturę, która pięknie się rozprowadza."
2047001,5,Super. Bardzo podoba
2047001,1,"Ostatni raz daje Resibo szansę. Po wielu próbach kosmetyki nie są absolutnie warte swojej ceny. Filtr roluje się niezależnie co stosuje się pod nim. Każde serum, krem, ba, nawet na czystą skórę - krem rozwarstwia się. Nie polecam. Nie wspominając o małej gramaturze. Ździerstwo."
2047001,4,Lubię ten krem za komfort stosowania.
2047001,5,"Daje wspaniałe efekty. Ma delikatny, przyjemny zapach – dodatkowy plus przy aplikacji. Działa dokładnie tak, jak obiecuje producent.⭐"
2047001,5,Super!
2047001,5,"Bardzo przyjemna formuła, idealny krem na co dzień."
2047001,5,"Nawilżenie 10/10. Bardzo przyjemna formuła, idealny krem na co dzień. Jeden z lepszych kosmetyków z uv 50, jakie miałam. dobry d cery naczynkowej, niweluje zaczerwienienia. polecam"
2047002,3,"Olejek ma przyjemny, nienachalny zapach, jest w praktycznej butelce. Uważam, że taki produkt, nakładany dłońmi powinien być łatwiejszy w rozprowadzaniu na twarzy i skuteczniejszy w zmywaniu jedynie maskary. Cieszę się, że kupiłam go na promocji, choć i tak, w mojej ocenie - przepłaciłam."
2047002,4,Dobrze zmywa makijaż ale ciężko się emulguje
2047002,5,Super produkt
2047002,5,Gładkość i brak uczucia ściągniętej skory po życiu - rewelacja. Bardzo delikatny zapach
2047002,5,"Bardzo fajny olejek. Dla mnie niezastąpiony jako pierwszy etap oczyszczania twarzy. W parze z żelem brzoskwiniowym tej samej marki tworzy duet idealny ☺️. Uważam, że cena adekwatna do jakości. Ponadto olejek jest wydajny i często można go dorwać w promocji 😉. Wspomnę też, że nie noszę makijażu, więc nie wiem jak sobie radzi z jego domywaniem, ale z SPFem daje sobie rade świetnie 😀.
...Więcej"
2047002,5,Dobrze zmywa
2047002,5,Bardzo polecam jako pierwszy etap oczyszczania twarzy. Ładnie usuwa makijaż i nie podrażnia.
2047002,5,"Świetnie usuwa makijaż, a przy tym jest bardzo delikatny dla skóry. Polecam. 👍️"
2047002,5,"Bardzo go lubię, pięknie pachnie."
2047005,5,"Polecam! Bardzo wydajny produkt. Nie podrażnia, delikatny do wrażliwej cery.👍️"
2047005,5,"Super sie go uzywa, jest bardzo delikatny, niewielka ilość wystarczy by umyć dokładnie cala twarz. Napewno bede do niego wracac."
2047005,5,"Uwielbiam ten żel. Ładnie zmywa makijaż, delikatny, nie piecze w oczy. Pięknie pachnie"
2047005,4,"Bardzo dobry, delikatny żel do mycia. Wydajny. Wystarcza mi na ok 3 miesiące codziennego stosowania."
2047005,5,❤️ SUPER PRODUKT
2047005,5,Żel dobrze oczyszcza i pozostawia skórę nawilżoną. Stosuję jako drugi produkt po olejku do demakijażu.
2047005,3,"Faktycznie kropla wielkości groszku domywa całą twarz. Pachnie bardziej świeżym ogórkiem niż brzoskwinią, przez co sprawia wrażenie taniego żelu. Spodziewałam się większego komfortu przy użytkowaniu"
2047005,5,Superowo produkt polecam
2047005,5,"Uwielbiam. Mam bardzo wrażliwą skórę, wiele kosmetyków do mycia twarzy (nawet ""delikatnych"") mnie wysusza, a po tym w końcu nie jestem ściągnięta i wyschnięta na wiór. Jak na mój portfel jest trochę drogi, ale na promocji się na pewno zaopatrzę. ❤️"
2047006,5,Fajna ale droga
2047006,5,Uwielbiam tą maseczkę
2047006,4,🚀🚀🚀💯
2047006,5,🔥 polecam
2047006,2,Na drugi dzień obudziłam się z wysypką na twarzy. Krostki były podrażnione i czerwone
2047006,5,Dobrze nawilża i ma przyjemny zapach
2047006,5,"Super maska, polecam."
2047006,5,"Cudo! Efekt skóry nawilżonej, muśniętej słońcem. 🔥"
2047006,5,Jest świetna😄
2049042,5,"ślicznie pachnie, niezawodny od lat"
2049042,5,Jak zawsze idealne nawilżenie
2049042,5,🚀💯👍️
2049042,5,"Wow
💯"
2049042,5,Najlepiej nawilżająca usta szminka ochronna
2049042,5,Super💪
2049042,4,ładnie pachnie
2049042,1,"Nieprzyjemny, mentol na ustach"
2049042,5,Super balsam
2049042,5,"Świetna pomadka, bardzo dobrze nawilża i ma przyjemny smak i zapach."
2052010,5,Świetna opcja na poranną pielęgnację – ekspresowe użycie.
2052010,5,"Bardzo przyjemny, lekki, szybko się wchłania i prawie nie bieli."
2052010,5,Po kilku dniach cera stała się wyraźnie gładsza i bardziej elastyczna.
2052010,5,Nie zostawia smug ani uczucia ściągnięcia.
2052010,5,Lubię ten krem za komfort stosowania.
2052010,5,"Po jego użyciu, skóra wydaje się niesamowicie gładka i odżywiona.👌"
2052010,5,"Daje szybko zauważalne efekty;). Lekka formuła, idealna na co dzień."
2052010,5,"Nie klei się, nie zostawia żadnych śladów."
2052010,5,krem w sam raz dla mnie👍️Nawilżenie jest na najwyższym poziomie i długotrwałe.❤️
2052010,5,"Ma delikatny, przyjemny zapach – dodatkowy plus przy aplikacji. Wszystko spoko jak dla mnie"
2055045,5,"Bardzo polecam jeżeli ktoś tak jak ja choruje na AZS. Ten krem to prawdziwy game-changer w mojej codziennej pielęgnacji. Bardzo dobrze się wchłania, nie trzeba długo czekać. Wreszcie coś, co naprawdę działa! Dotychczas przetestowałam kilkadziesiąt produktów i tych na AZS i tych do codziennej pielęgnacji ,do skóry wrażliwej i efekt był podobny ,niby fajnie ale zmiany AZS na twarzy się pojawiały, dopóki nie kupiłam tego kremu. Krem jest leciutki, nie jest tłusty, dodaje lekkiego Glow i skóra wygląda świeżo. Jestem zakochana!
...Więcej"
2055045,5,Krem został mi polecony przez specjalistę. Nie używałam go wcześniej. Bardzo dobrze się rozprowadza i wchłania. Skóra wydaje się odprężona.
2055047,5,💯🔥💯
2055063,5,odpowiada mi stopień natłuszczenia ust po zastosowaniu pomadki
2055063,4,👍️👍️
2055063,3,"Średnia jakość, następnym razem kupie cos firmowego"
2055063,5,"Kupuję cały czas, lubię zapach."
2055063,5,Skład pochodzenia roślinnego
2055063,5,"Balsam Isana dobrze nawilża usta, choć pozostawia na nich nieco tłusty filtr. Nakładam go głównie na noc. Mimo to polecam."
2055063,5,Bardzo fajne są po niech usta
2055063,5,👍️polecam gorąco dwupak sie opłaca
2055063,5,Nie kupuję nic innego. Świetnie nawilża. Używam od bardzo dawna.
2055063,5,Bardzo dobra pomadka ochronna 👍️
2064000,5,"Nie zostawia tłustego filmu, skóra jest od razu gotowa na makijaż. Nawilżenie jest na najwyższym poziomie i długotrwałe.❤️"
2064000,5,Super się nakłada – codzienna pielęgnacja to przyjemność. Odczuwalnie wygładza i zmiękcza skórę. Nie zawiódł mnie ani razu.😍
2064000,5,"Uwielbiam efekt miękkiej, wypoczętej skóry tuż po aplikacji."
2064001,5,"Krem idealny do cery naczynkowej,dobrze kryje niedoskonałości,napewno zostanie u mnie na długo.👍️"
2064001,5,Delikatnie koi i dobrze sprawdza się także przy skórze wrażliwej.
2064001,5,"Uwielbiam efekt miękkiej, wypoczętej skóry tuż po aplikacji. Fantastyczna, lekka formuła. Rewelacja – zdecydowanie go polecam."
2064002,5,Super na naczynka
2065003,5,🔥🔥🔥
2065003,4,Maseczka spoko ale mogła by być trochę lepsza
2065003,5,"Nawilża, ładnie pachnie"
2065003,5,świetny design
2065003,4,Nawilża ale na krótko
2065003,5,Fajna maska w dobrej cenie
2065003,5,👍️❤️🤩
2065003,3,🚀🚀💯
2065003,4,Ta maseczka nic nie daje:/
2065003,5,Polecam🔥
2067732,5,Doskonale wygładza skórę twarzy
2067732,1,"Zbyt rzadki, za mało drobinek w środku, jednocześnie na tyle ostry abym czuła po nim nieprzyjemne ściąganie skóry"
2067732,5,"Delikatny, pomimo iż czuć w nim drobinki peelingujące. Skutecznie a zarazem bez podrażnień oczyszcza skórę twary."
2067732,5,Polecam
2067732,5,Fajnie sie naklada
2067732,5,Delikatny dobrze działa
2067732,5,Spełnia moje oczekiwania 👍️
2067732,3,Nie byłam z niego zadowolona. Dla mnie jest zbyt wodnisty
2067732,5,Bardzo dobry produkt. Delikatnie oczyszcza skórę
2067732,5,Godny polecenia
2067994,5,"uwielbiam ten produkt, nie tylko do twarzy, ale również na całe ciało by usunąć zrogowaciały naskórek, bardzo skuteczny"
2067994,4,"Zmagam się z wypryskami na plecach i barkach. Po użyciu tego produktu (z polecenia różnych beauty influencerek) po 2-3 razach od razu widać znacznie mniejszą ilość wyprysków, brak takich ""gul"" i ""kulek"" z tych wyprysków tylko ładnie wszystko zasuszone. Próbowałam użyć na twarz bo również zmagam się z trądzikiem delikatnym, i wypryskami to lekko przesuszył moja skórę, ale jak następnym razem wymieszałam go z pianką nawilżającą to świetnie oba produkty się zbalansowały <3 Może to kwestia użycia go 1 raz samego ale mimo to naprawdę polecam <333❤️💯💯💯 strzał w 10 -tkę <333🤝🤝🚀🔥
...Więcej"
2067994,5,Produkt ma dobrą konsystencję. Dobrze oczyszcza skórę. Zapach jest delikatny.
2067994,5,Rewelacyjny! Skóra jest mega gładka i świetnie oczyszcza🔥
2067994,5,"Sprawdza się do twarzy jak i na wypryski na plecach, czy nawet pod pachy, delikatny zapach"
2067994,5,Jest super na zaskórniki
2067994,5,Fajnie oczyszcza
2067994,5,"Nie ma zapachu, dobrze myje twarz, nie podrażnia"
2067994,5,To jest tak dobre że polecam każdemu kto chce słuchać!
2067994,5,🔥💪💪🚀💯bardzo pomaga
2069433,5,"Fajna, treściwa"
2069433,5,Dobrze nawilża i regeneruje usta
2069433,2,"nie ładny zapach,nic nie robi z ustami."
2069433,5,"Po raz pierwszy kupiłam ten produkt i jestem bardzo zadowolona. Pomadka dobrze rozprowadza się na ustach. Nawilża i natłuszcza je, chroni tak, jak trzeba. ❤️"
2069433,3,"Średnia, nie podoba mi się konsystencja"
2069433,4,"Dobrze nawilża, ale jest dosyć ciężka na ustach. Na mocne wysuszenia nie działa tak dobrze, ale do codziennego użytku sprawdza się. Minus to zapach i smak."
2069433,5,👍️🔥polecam
2069433,5,😎😎😎😎😎
2069433,5,Polecam świetnie chroni i nawilza.
2069433,5,Pomaga moim wysuszonym w pracy ustom
2071285,5,"To mój pierwszy produkt z retinolem, nie wystąpiły żadne podrażnienia"
2071285,5,"Świetne serum! Super nawilżenie. Twarz jest gładka, delikatna, jędrna, przyjemna w dotyku.
Nie klei się po nałożeniu na twarz. Używam co drugi dzień. Brak skutków ubocznych typu swędzenie czy pieczenie.
Cera jest super nawilżona i odżywiona. Z czystym sumieniem polecam ten kosmetyk od Isany. 🔥💪👍️❤️
...Więcej"
2071285,5,"Bardzo fajne serum, skóra jest po nim nawilżona i odżywiona, ładnie wygląda. Na plus jest opakowanie ze szkła/ceramiki."
2071285,5,"Świetne serum napoczętej swojej przygody z retinolem. Super skład który łagodzi podrażnienia, nawilża i odbudowuje barierę hydrolipidową. 
Bardzo dobry skład, cena super"
2071285,5,"Świetne na początek z retinolem, nie podrażnia i nie wysusza skóry."
2071285,5,Bardzo dobry produkt na początek retinizacji. Przystepna cena. Często na peomocji💪💯
2071285,5,"Świetne serum, nawilża, ujędrnia, nie podrażnia skóry."
2071285,5,"Bardzo dobry produkt. Świetnie rozjaśnia skore, zwęża pory, redukuje niedoskonałości 🔥💪"
2071285,4,"Za krótko używam , ciężko mi ocenić , bez zapachu o efektach nie będę się jeszcze wypowiadać"
2071286,4,"Przy mojej twarzy na początku strasznie mnie wysypało,. późnej było coraz lepiej"
2071286,5,Efekty widoczne juz po kilku dnuach stosowania.
2071286,4,"Używam od tygodnia, bardzo wydajny,mam nadzieję że sprawdzi się przy dłuższym używaniu"
2071286,5,"Mega je lubię, odkąd je stosuje zauważyłam znaczącą redukcję wszelkich przebarwień"
2071286,5,❤️❤️❤️
2071286,5,Jest świetny produkt godny polecenia
2071286,4,👍️ Dobrze się wchłania. Nie podrażnia.
2071286,5,Polecam
2071286,5,dobrze koi skórę
2071286,5,Za tą cene nie ma nic lepszego
2071288,5,"Super skład , świetnie się wchłania, widać efekty. Dziękuję."
2071288,5,lubię👍️
2071288,5,Szybko się wchłania skóra jest po nim miękka
2071288,5,"jak na razie serum sprawdza się świetnie, jestem zadowlolna z zakupu"
2071288,5,"Nałożone podczas porannej rutyny, sprawia że skóra wygląda świeżo."
2071288,4,"Bardzo dobrze nawilża twarz szyję 
Jest gładka i napięta chociaż w fazie testów, ale mogę polecić👍️"
2071288,5,🚀👍️🔥
2071288,5,so far so good
2071288,5,W tej cenie nie ma lepszego serum
2071288,5,"Przyjemna aplikacja produktu, polecam💪"
2071291,5,Dobrze nawilża. Nie uczula
2071291,5,👍️👍️👍️
2071291,5,"Przyjemne, lekkie serum i ta cena!"
2071291,5,super nawilża skórę
2071291,5,👍️👍️
2071291,3,"Niezbyt przyjemny w użyciu, plus wysypało mnie po nim mimo, że moja skóra dobrze toleruje inne produkty zawierające niacyniamid. Nie zauważyłam też efektu nawilżenia. Jest bezzapachowy. Nie kupię ponownie. Opakowanie ok, dobrze dozuje produkt"
2071291,4,"Ok, ale bez fajerwerków, ani pomaga ani szkodzi."
2071291,5,od pierwszego użycia czuć różnicę
2071291,4,Serum ok
2071291,5,"Lekki, wodnisty i nie podrażnia skóry. Polecam"
2071297,5,"Nie uczula, nie drażni, a efekty są zauważalne już po kilku dniach."
2071297,5,"Mam problem z przetłuszczającą się i jednocześnie łuszczącą skórą. Do tego jest bardzo wrażliwa. Zużyłam pierwsze opakowanie i widzę poprawę. Nie uczulił, ani nie podrażnił. Myślę że jest faktycznie wart polecenia 💪 Używam jednocześnie serum."
2071297,4,"Nie zostawia tłustego filmu, skóra jest od razu gotowa na makijaż. Krem w sama raz dla mnie - lekki, nie zostawia tłustej warstwy."
2071297,3,Nic szczególnego
2071297,5,"Wspaniały zakup, polecam.👍"
2071297,5,"Zdecydowanie poprawił wygląd mojej skóry – jest bardziej promienna i napięta. Znakomity krem, polecam.👌 Krem świetnie się rozprowadza i natychmiast wchłania."
2071297,5,"Nie lepi się, nie zostawia śladów na ubraniach. Nawilża i regeneruje skórę. Produkt godny zaufania."
2071297,5,"Moja cera odżyła, boski krem. Bardzo dobrze się wchłania, nie trzeba długo czekać. Mój absolutny hit w codziennej pielęgnacji."
2071297,5,"Cera wygląda świetnie, nawet bez makijażu. Strzał w dziesiątkę, jestem na tak. Świetna opcja na poranną pielęgnację – ekspresowe użycie."
2071297,5,"Codzienne użycie to przyjemny moment.;) Po jego użyciu, skóra wydaje się niesamowicie gładka i odżywiona.👌 Wszystko super, tylko kupować."
2071400,5,"Zauważyłem, że cera jest gładsza i lepiej nawilżona. Konsystencja jest zwarta, ale łatwo się rozprowadza. Efektem jest cera wyglądająca na bardziej wypoczętą."
2071400,4,"Skóra jest odczuwalnie bardziej nawilżona po użyciu. Ma przyjemną, żelową konsystencję. Skóra stała się bardziej promienna i wygładzona."
2071400,5,To juz kolejny zakup tego serum. Warto wypróbować.
2071400,5,Bardzo dobrze się wchłania❤️
2071400,5,Bardzo efektywnie radzi sobie z przebarwieniami i bliznami po pryszczach
2071400,5,Super💪
2071400,3,"Na razie nie widzę różnicy,miał pomóc na kaszke ale na razie nic się nie dzieje"
2071400,5,odpowiednia jakość do ceny
2071400,5,serum fajnie łagodzi zaczerwienienia i mniejsze wypryski. polecam 👍️
2074278,4,"Dobrze trzymają się pod oczami. Czuję, że okolice oczu są dobrze nawilżone."
2074278,5,Dają ładny efekt rozjaśnienia całej okolicy.
2074278,5,Okolice oczu wyglądają na jaśniejsze.
2074278,5,Po użyciu czuć wyraźne nawilżenie i ukojenie.
2074278,5,"Bardzo dobrze przylegają do skóry,nie ześlizgują się, dobrze nawilżają delikatną skórę pod oczami."
2074278,5,efekt chłodzenia
2074278,5,"Bardzo lubię ten kosmetyk, używam go od dawna, bo widzę efekty"
2074278,5,Zauważalny efekt od razu po użyciu! Kupię większy zapas na promocji.
2074278,5,Fajne płatki pod oczy
2074278,5,💪❤️Super relaks.
2074888,4,"Są ok, może nie robią nic szczególnego ale od czasu do czasu się skuszę"
2074888,5,"Czuję, że płatki dbają o odpowiednie nawilżenie skóry."
2074888,5,"Płatki dodają skórze potrzebnego blasku i energii. Idealne rozwiązanie, gdy skóra potrzebuje szybkiego nawilżenia. 
I co ważne, nie ześlizgują się 🫣"
2074888,4,"Zauważyłam, że spojrzenie stało się wyraźnie świeższe. Płatki dobrze przylegają do skóry pod oczami. Skóra pod oczami jest teraz o wiele bardziej nawilżona."
2074888,5,Twarz wygląda na bardziej promienną po tym zabiegu.
2074888,4,💯👍️🤝
2074888,5,Skóra pod oczami jest teraz o wiele bardziej nawilżona.
2074888,4,Moim zdaniem nie robią nic
2074888,5,Są super na odświeżenie oczu
2074888,5,Pięknie pachną 💖
2075661,5,"Dobrze się nakłada, nie jest twarda i nie robi dziwnej warstwy na ustach. Polecam"
2075661,5,Polecam
2075661,5,Najlepiej zabezpiecza I jeszcze jest w dobrej cenie.
2075661,5,Pomadka spełnia swoją funkcję.
2075661,5,Super!
2075661,5,Dobrze chroni usta w upalne dni.🙂
2075661,5,Jest super 🙂
2075661,4,"Dobry skład, ale brak zapachu to nie dla mnie. Ale na wakacje i w zimie się przyda!"
2076059,5,"Jestem zaskoczona, jak szybko się wchłania. Doskonale regeneruje skórę w ciągu nocy."
2076059,5,"Lubię go za to, że tak lekko się rozprowadza."
2076059,5,Dzięki niemu zniknęły suche miejsca.
2076059,5,"Krem w sama raz dla mnie - lekki, nie zostawia tłustej warstwy. Super wydajny, mogę go stosować także na noc. Produkt godny zaufania."
2076059,5,"Ma aksamitną teksturę, która pięknie się rozprowadza."
2076059,5,Świetny regenerator skóry
2076059,5,Daje wspaniałe efekty.
2076059,5,Cera wygląda na wypoczętą i bardziej jędrną.
2076059,5,"Lekka formuła, nie zapycha porów."
2076059,5,"To jeden z tych produktów, do których regularnie wracam."
2076063,5,"Nie bieli, szybko się rozprowadza i pozostawia skórę pięknie rozświetloną, ale nie tłustą. Jest też lekki i ma przyjemny zapach"
2076063,5,"Praktyczne opakowanie, które zapewnia higieniczne dozowanie. Buzia wygląda od razu lepiej.;) Świetny wybór, bardzo się u mnie sprawdził. Polecam."
2076063,5,"Bardzo dobry SPF miejski. Robi to, co powinien: chroni, dobrze się wchłania i nie roluje. I do tego jeszcze cena!"
2076063,4,"Błyskawiczna aplikacja, świetna dla zabieganych. Skóra jest miękka, dobrze nawilżona. Ładny delikatny zapach."
2076063,5,"Lejący krem spf, który ładnie wyrównuje koloryt, nie szczypie w oczy, bardzo przyjemny produkt"
2076063,5,"To moje drugie opakowanie tego kremu i pewnie nie ostatnie - skutecznie chroni przed słońcem, nawet na egzotycznej plaży, a dodatkowo lekko wyrównuje koloryt, więc zwłaszcza na wakacjach makijaż jest zbędny. Na co dzień też super, bo jest lekki i bezproblemowy w stosowaniu pod makijaż"
2076063,5,"Bardzo przyjemna formuła, idealny krem na co dzień."
2076063,5,"Bardzo przyjemny krem nawilżający, ładnie wtapia się w skórę i ją rozświetla. Szukałam kremu z SPF50 i w tym kremie znalazłam to ‚coś’ więcej, które robi różnicę. Lekka i nieklejąca się konsystencja jest idealna na lato!"
2076063,5,"super! ładny zapach, kolor ma delikatny coś typu podkład ale na twarzy nie widać zmian jeśli chodzi o kolor. z makijażem wszystko w porządku nic się nie roluje ani nie ciastkuje. mega polecam 🥰"
2076063,5,"Praktyczne opakowanie, które zapewnia higieniczne dozowanie. Jeszcze niewiele używałam, ale dobrze się wchłaniaIdealny do codziennej pielęgnacji.⭐"
2076064,5,Krem jest bardzo lekki i szybko się wchłania. Zauważyłam poprawę elastyczności i nawilżenia skóry.
2076064,4,Konsystencja kremu jest miękka i łatwa w rozprowadzeniu. To był dobry wybór.
2076064,5,Zauważyłam znaczną poprawę w wyglądzie mojej cery.
2076064,5,"Bardzo przyjemna konsystencja. Świetnie się nakłada i dobrze wchłania, nie zostaje tłusty filtr. Skóra jest odprężona i delikatna.
Mam nadwrażliwe i reaktywne oczy. Czesto, nawet przy dermo kremach, po nałożeniu na skórę twarzy krem wydziela jakieś lotne zwiazki, które powodują łzawienie, pieczenie i podrażnienie oczu. Przy tym produkcie takich reakcji nie zauważyłam.
...Więcej"
2076064,5,"💯Wygodne opakowanie ułatwia codzienne stosowanie. Nie zatyka porów, koi moją cerę."
2076064,5,Idealny do szybkiej pielęgnacji – zero problemów z aplikacją. Kupiłam trzeci raz.
2076064,5,"Uwielbiam efekt miękkiej, wypoczętej skóry tuż po aplikacji. Super wydajny, mogę go stosować także na noc. Wspaniały zakup, polecam.👍"
2076064,4,"Fantastyczna, lekka formuła."
2076064,5,"Krem szybko się wtapia w skórę, bez rolowania."
2076064,5,Używam kremy z serii AA i ten jest super!
2076065,5,Produkty są sprawdzone poprzez już wielokrotne użycie
2076065,5,"Super jestem bardzo zadowolona, świetnie ujędrnia skórę. Polecam"
2076065,5,💪💯🔥
2076065,5,Jestem pozytywnie zaskoczona tym produktem.
2076065,5,💪 ....
2076065,5,"Zaczęłam używać, delikatna konsystencja, dobrze się rozprowadza."
2076065,5,"Dobra, lekka konsystencja, śliczny zapach. Rolki przypiminają o konieczności masowania skóry. Fajnie się tymi rolkami operuje. Czy skuteczne? Umiarkowanie, ale używam systematycznie i nie mam zamiaru przestawać.
Na minus: za mała pojemność :("
2076065,5,Rewelacyjne serum. Skóra na twarzy jest nawilżona i odświeżona.
2076065,5,"Świetny krem. Doskonale nawilża i jest bardzo wydajny, a do tego pięknie pachnie."
2076065,4,Polecam
2076066,5,Bardzo dobry produkt.
2076066,5,Dobra konsystencja świetnie się wchłania
2076066,5,"Dobrze nawilża,przyjemnie chłodzi przy aplikacji. Mam nadzieję,że będą trochę mniejsze cienie pod oczmi."
2076066,5,"Cieszę się, że skład jest dobrze przemyślany. Konsystencja jest lekka i łatwo się wchłania. Efekty są widoczne zwłaszcza rano, skóra jest wypoczęta."
2076066,5,"Bardzo wygodny w wykorzystaniu. 
Przyjemna konsystencja kremu, dobrze się wchłania."
2076066,5,Bardzo dobry
2076066,5,👍️👍️👍️👍️👍️
2076066,3,"Pierwszy zakup, czekam na efekty 😉😉😉"
2076066,5,"Znakomita konsystencja, bardzo dobrze się wchłania i koi skórę oczu. Poleczm"
2076066,5,Rewelacja. Bardzo dobry.
2076067,5,"Krem ma idealną konsystencję, nie jest ani za gęsty, ani za rzadki."
2076067,5,Moja skóra jest nawilżona przez cały dzień. Zostaje ze mną na dłużej. Krem na idealną formułę.
2076067,5,Sprawdza się na typie mojej skóry. Cudownie kremowa formuła – łatwo się go używa. To był dobry wybór.
2076067,5,Poprawia jędrność mojej cery i nawilża.
2076067,5,Aplikacja jest czysta i bezproblemowa. Moja skóra jest teraz bardziej elastyczna. Na pewno wrócę do tego produktu.❤️
2076067,5,"Nadaje się do stosowania na twarz, szyję i dekolt – nic się nie marnuje. Wszystko super, tylko kupować. Wygładza drobne linie i zmarszczki."
2076067,5,"Przyjemnie się nakłada na skórę. Zauważyłam, że makijaż wygląda na nim lepiej i dłużej się utrzymuje. Jeden z lepszych kosmetyków, jakie miałam."
2076067,3,"Dobry krem na noc , bardzo dobra konsystencja, trzeba sporo nałożyć na skórę , ja mam bardzo suchą"
2076067,5,"Bezproblemowa aplikacja nawet w pośpiechu. Nadaje cerze naturalny blask i poprawia jej strukturę. Rewelacja – zdecydowanie go polecam. 
Poleciłam mojej siostrze i przyjaciółce. Obie kupiły, są bardzo zadowolone:)"
2076067,5,"Dobrze się wchłania, używam 1 tydzień, ale skóra jest dobrze nawilżona."
2076338,4,"Najlepsza maska, ale jest bardzo droga jak na maseczkę."
2076338,5,Bardzo dobry produkt
2076340,5,👍️👍️
207637,5,"Zauważyłam, że składniki są łagodne dla skóry. 💪"
207637,5,"Dobry skład, bez zbędnych dodatków."
207637,5,Świetna zawartość i ceną też.
207637,5,Spełnienia moje potrzeby
207637,5,👍️💯👍👍👍👍
207637,5,delikatny. kolejne opakowanie. jak zmienię to i tak wracam.👍️👍️👍️super
207637,5,👍️🔥🔥
207637,5,Polecam
207637,5,nie do końca rozpuszcza tusz do rzęs a nie używam wodoodpornego i trzeba ostrożnie aplikować bo zbyt dużo się go wylewa na wacik
207637,5,"Bardzo dobrze zmywa makijaż, nie ściąga skóry, dobrze nawilża. Jest delikatny ale skuteczny!"
2076370,5,🔥🔥supe
2076370,5,🔥moja skóra po tym produkcie była nie zwykle wygładzona oraz nawilżona
2076370,5,"ŚWIETNA PRZED MAKIJAŻEM OKOLICZNOŚCIOWYM, ABY LEPIEJ SIĘ TRZYMAŁ"
2076370,5,Kocham to ukojenie !
2076370,5,Bardzo dobrze odżywia i nawilża skórę.
2076370,5,Polecam
2076370,5,"Maska jest w porządku, ale ciężko się ją aplikuje"
2076370,5,🚀💯❤️
2076370,3,Nic szczególnego
2076377,5,Dobry skład kosmetyku
2076377,5,👍️💯❤️
2076377,5,dobrze regeneruje
2076377,5,💯 świetny produkt polecam
2076377,5,Polecam 🙂
2076377,5,Świetny efekt za niewielką cenę.
2076377,5,"bardzo dobrze nawilża i regeneruje skórę, jestem zadowolona z zakupu"
2076377,5,"super działa, przygotowuje🔥 do dalszych zabiegów"
2076377,5,"Super nawilżająca, bogata ,bardzo mokra 🤗"
2076377,4,Jedna z gorzej dopasowanych masek do ksztaltu twarzy. Efekt nawilżenia i bezpieczny skład na plus.
2076378,5,dobrze nawilża skórę
2076378,5,"Bardzo przyjemna maseczka. Dobrze nawilża i koi skórę. Skład jest naprawdę dobry, bez uczucia lepkości. Po użyciu skóra wygląda świeżo i zdrowo. Polecam🔥"
2076378,5,"Super odżywienie, dobrze nasączona i wykrojona , polecam"
2076379,5,❤️❤️❤️
2076379,4,Dobry sklaf
2076379,5,idealna
2076379,5,👍️👍️
2076379,5,"Maska z polecenia, dobra!"
2076379,5,Skóra po nałożeniu maseczki jest bardzo nawilżona
2076379,5,Polecam 🙂
2076379,5,"Dobrze nawilżająca maseczka , dobrze przygotowuje do kolejnych zabiegów.🔥"
2076379,5,"Super bogata , ładnie pachnie"
2076379,5,👍️👍️👍️
2076382,5,🔥👍️💪🚀
2076382,2,Nie polecam
2076382,5,Maseczka którą będę używać nie jeden raz
2076382,5,Super 👍️
2076382,4,"tej maseczki jeszcze nie użyłam, ale inne z serii dermika są super,dlatego tą ocenie na 4"
2076382,5,Bardzo dobra maska
2076545,5,Lubię te maseczki: sprawiają że czuję się „0dswiezona”
2076545,5,Super 👍️
2076545,4,Dla mnie zbyt ściągająca. Ale po nałożenia przyjemne uczucie chłodu.
2076545,4,jeszcze nie używałam
2076545,5,Całkiem ok
2076547,5,Super maseczka. Skóra nawilżona❤️
2076547,5,Super!
2076575,5,"Polecam, nakładane na noc robią robotę👍️🔥"
2076575,5,"Działają bardzo skutecznie, co widać po stanie mojej cery."
2076575,3,Brak w ofercie przezroczystych plastrów
2076575,4,Polecam
2076575,5,Najlepiej działające plastry
2076575,5,Super:)
2076575,5,Plastry naprawdę pomogły mi szybko pozbyć się wyprysków. Te gwiazdki są super urocze! Dobrze trzymają się skóry przez całą noc.
2076575,5,"Najlepsze, urxywalam już chyba z wszystkich firm ale te d,ialaja najlepiej."
2076575,5,Najlepsze plasterki 💞 super działają
2076575,5,"Mam skórę dojrzałą i pojawiają mi się pojedyncze wypryski. Przyklejam na noc, i rano problem albo znika, albo jest dużo mniejszy."
2076621,3,"Maseczka ma przepiękny zapach, dobrze regeneruję skórę, ale jak nałożyłam większą ilość to roluje się, więc już raczej nie kupię."
2076621,5,Fajnie nawilzająca maseczka
2076621,5,Spoko produkt
2076621,5,Używam jej od czasu do czasu jako krem do twarzy na noc.
2076621,4,Bardzo dobrze nawilża
2076621,5,uwielbiam twarz nawilżona bez podrażnień ❤️💯
2076621,5,Super.
2076621,5,Superowa
2076621,5,Świetna
2076621,5,najlepsza maseczka z ceramidami
2076622,5,Gęsta maseczka. Dużo lepsze stężenie niż to samo serum
2076622,4,"Taki w miarę, cudów nie ma"
2076622,5,super maseczka z peptydami
2076622,5,"Szybko się wchłania i sprawia,że twarz jest napięta i wygładzona"
2076622,5,Używam od dawna i daje świetne rezultaty. Zachęcam do zakupu.
2076622,5,Bardzo dobry produkt.
2076622,3,Nieduże zmiany
2076635,5,bardzo dobre
2076635,5,Moje okolice oczu są odżywione i nawilżone.
2076635,5,Są bardzi fajne
2076635,5,Super polecam
2076635,5,Bardzo fajny zestaw. Każde płatki pomagają na inny problem wokół oczu.przy prmocji zestaw ma bardzo fajną cenę.
2076635,5,bardzo spodobało się
2076635,4,Fajne płatki w dobrej cenie
2076635,5,👍️💯❤️
2076635,5,świetnie się utrzymują i nawilżają frlaksują okolice oka. polecam.
2076635,5,"Dobre płatki, fajnie nawilzają."
2076636,5,👍️super
2076636,5,Super oczyszcza i zwęża pory do tego ma bardzo ładny zapach
2076636,5,🚀🚀🚀
2076636,4,👍️👍️
2076636,5,Polecam bardzo dobry
2076636,5,"Świetny oczyszczający tonik do twarzy, dobrze oczyszcza"
2076636,5,Рекомендую 🔥
2076636,5,"Bardzo dobry produkt, świetnie odświeża skórę.👍️💪"
2076636,5,najlepszy do problematycznej skóry. Rozpuszcza wszystkie niedoskonałości
2076636,2,Nie ma efektu
2076637,5,"Cudowna maseczka, jedna z moich ulubionych. Mam cerę mieszaną skłonną do niedoskonałości i u mnie sprawdza się świetnie. Fajnie nawilża, odżywia. Płachta jest hydrożelowa przez co trzymanie jej na twarzy jest bardzo przyjemne. Fajnie koi, nawilża i odżywia."
2076637,5,Cudo ♥️♥️♥️♥️
2076637,5,Bardzo nawadnia i zakładając ją moja skóra odpoczywa 💯
2076637,5,Ukojenie i nawilżenie
2076637,5,"Super maska,polecam z całego serca ❤️"
2076637,5,Bardzo fajna maska w płacicie stosuje kiedy chce mega nawilżyć skórę przed większym wyjściem
2076637,5,"Moja obecnie najbardziej ulubiona maseczka z Rossmanna Łagodzi moją skórę, nie podrażnia. Prosta aplikacja"
2076637,5,"Maseczka MEDIHEAL hydrożelowa w płachcie wspaniale koi a takze nawilża podrażniona i sucha skórę. Wracam do tych maseczek po raz kolejny i znów mnie nie zawiodły. Jestem z nich bardzo zadowolona na tyle ze polecam im moim znajomym oraz przyjaciółką . Moje top 1 w maseczkach do twarzy. ❤️💪💯💯💯😎❤️❤️❤️❤️❤️❤️❤️
...Więcej"
2076637,5,uwielbiam tą markę i polecam wszystkim
2076637,5,Polecam!
2076671,5,"Nie zapycha porów, a skóra staje się gładsza i bardziej rozświetlona. Przyjemnie się nakłada."
2076671,4,"Lekka formuła, idealna na co dzień. Niestety, nie widzę tego efektu wypoczętej skóry, jednak działa na tyle dobrze jako taki dobry nawilżacz i nie roluje się pod makijażem, że to już moje któreś z kolei opakowanie."
2076671,5,Sztos !!! Ma wszystko o czym jest napisane na opakowsniu ! Wspaniały !
2076671,4,"Bardzo dobrze się wchłania, przyjemnie pachnie, ma lekka konsystencję. Co do wyrównania koloru nie mam pewności, ale mam poczucie ze budzi rano skórę na twarzy 😃"
2076671,5,"Nie roluje się pod podkładem, świetny jako baza."
2076671,5,Daje efekt wypoczętej skóry.
2076671,5,"Lekka formuła, nie zapycha porów. Odczuwalnie wygładza i zmiękcza skórę. Na pewno jeszcze nie raz po niego sięgnę."
2076671,5,"To już moje drugie opakowanie. Poradził sobie z przebarwieniami , z którymi inne drogie produkty nie dawały sobie rady 💯"
2076671,5,Moja skóra jest nawilżona przez cały dzień💪
2076994,5,"Krem w sam raz dla mnie - lekki, nie zostawia tłustej warstwy."
2076994,5,Zdecydowanie poprawił wygląd mojej skóry – jest bardziej promienna i napięta.
2076994,5,Sprawdza się na typie mojej skóry. Produkt godny zaufania.
2076994,5,"Bardzo przyjemna formuła, idealny krem na co dzień. Bardzo dobrze radzi sobie z przesuszeniami i szarą cerą."
2076994,5,Likwiduje przebarwienia przy dłuższym użytkowaniu
2076994,4,"Gęsta konsystencja. Szybko się wchłania, pozostawia świetlistość. Minusem jest zawartość alkoholu, którą czuć na twarzy. Może przesuszać. Warto nałożyć serum, krem nawilżający pod spód."
2076994,5,"Świetny krem do twarzy, ładny zapach , cera nawilżona 👍️."
2076995,5,"Fluid (bardziej krem spf) fajnie się rozprowadza i szybko się wchłania. Nie zostawia białych śladów na twarzy. Na efekty co do przebarwień muszę poczekać, ponieważ stosuje go od niecałych dwóch tygodni. Co zauważyłam to twarz jest bardziej nawilżona i przyjemna w dotyku. Niezapycha porów. W opakowaniu jest jeszcze próbka serum do twarzy na noc😊 Miły gratis. Polecam w 100%"
2076995,5,"Fluid (bardziej krem spf) fajnie się rozprowadza i szybko się wchłania. Nie zostawia białych śladów na twarzy. Na efekty co do przebarwień muszę poczekać, ponieważ stosuje go od niecałych dwóch tygodni. Co zauważyłam to twarz jest bardziej nawilżona i przyjemna w dotyku. Niezapycha porów. W opakowaniu jest jeszcze próbka serum do twarzy na noc😊 Miły gratis. Polecam w 100%
...Więcej"
2076995,5,"Nie zapycha porów, a skóra staje się gładsza i bardziej rozświetlona. Idealny do szybkiej pielęgnacji – zero problemów z aplikacją."
2076995,5,"super 💪 nie pozostawia tłustej cery, przebarwienia powoli znikają 100% zadowolenia. Przyjemnie się nakłada na skórę."
2076995,4,Ogólnie fajny produkt ale trochę się roluje w ciągu dnia pod makijażem i zostawia małe ślady
2076996,5,Produkt spełnia moje oczekiwania.
2076998,5,Zadowolona
2076998,5,Super zel myjący - zużyłam juz wiele butelek tego produktu oraz innych z tej samej linii. Polecam zwłaszcza zel z witaminą C ( zolty).
2076998,5,"Mocno polecam, bardzo dobry produkt"
2076998,5,Dobra cena i świetna jakość
2076998,5,Produkt super do ceny mieszanej. Jedynie aplikator nieudany
2076998,5,"To produkt, który mile mnie zaskoczył już po kilku użyciach. To coś więcej niż zwykły żel do mycia – jego formuła serum z aktywnymi składnikami działa od pierwszego kontaktu ze skórą. Na szczególną uwagę zasługuje kwas salicylowy, znany ze swojego działania oczyszczającego pory, redukującego niedoskonałości i wspomagającego walkę z przebarwieniami. Dzięki niemu żel nie tylko dokładnie usuwa zanieczyszczenia, ale też przy regularnym stosowaniu poprawia ogólną kondycję skóry. Staje się ona bardziej klarowna i jednolita. Formuła została wzbogacona również o niacynamid (wit B3), który pomaga wyrównać koloryt skóry i działa łagodząco, a także o składniki nawilżające, dzięki czemu produkt nie przesusza skóry, co jest częstym problemem w przypadku kosmetyków z kwasami. Żel ma przyjemną, lekką konsystencję i delikatny, świeży zapach. Dobrze się pieni, łatwo spłukuje i pozostawia uczucie odświeżenia bez ściągnięcia.
...Więcej"
2076998,5,Produkt spełnił moje oczekiwania skóra oczyszczona i pełna blasku.Polecam 💯❤️
2076998,5,Polecam🚀💯
2077002,5,Produkt faktycznie wygładza skórę.
2077050,3,po nałożeniu szczypie w twarz
2077050,5,"Bardzo dobry,tani kosmetyk. Nie drażni wrażliwej skóry,pięknie oczyszcza,czuć że nawilża i odżywia skórę. Naprawdę polecam!"
2077050,5,Sprawdzony produkt od dawna go używam
2077050,5,❤️ SUPER PRODUKT
2077050,5,❤️❤️❤️ moj ulubiony
2077050,5,Fajna cena
2077050,5,Fajnie wygładza
2077050,5,Świetny do cery wrażliwej.
2077050,4,Jest pk
2077050,2,Mam suchą skórę . Mi się nie sprawdza . Ten żółty jest lepszy jak do mojej skóry
2077051,5,"Fajny produkt, jestem zadowolona"
2077051,4,Have not tried it yet
2077051,4,Cenowo super
2077051,5,❤️❤️❤️
2077051,4,"Konsystencja rzadkiego żelu do mycia bez żadnych drobinek, ale fajnie oczyścił twarz. Konieczne dłuższe stosowanie aby sprawdzić efekty."
2077051,5,Robi swoją robotę
2077051,5,"Dobry skład, dobra cena, ładnie pachnie. Przyjemnie się używa."
2077051,5,Świetnie oczyszcza i peelenguje twarz
2077051,5,"Peeling działa na moją skórę, ale jej nie podrażnia. Po użyciu cera jest wyraźnie gładsza i świeższa. Ma lekką, żelową konsystencję i delikatny zapach. ❤️"
2077051,5,Skóra gładka za niewielką cenę
2077052,5,"Mój ulubiony tonik, polecam"
2077052,5,super ok ok ok ok
2077052,5,"Kolejne opakowanie toniku, świetne nawilżenie , polecam"
2077052,5,💯💯💯
2077052,5,"Ulubiony , taki niepozorny, a daje radę! Nawilża, otwiera skórę na przyjęcie serum lub kremu, odświeża. I kosztuje grosze ❤️"
2077052,5,🚀🚀🚀
2077052,5,🔥🔥🔥
2077052,4,"Przyjemny zapach i w stosowaniu. Myślę że będę do niego wracać, choć nie zauważyłam szczegolnej poprawy kondycji skóry, czy cokolwiek innego. Natomiast udany produkt, nic nie szczypie itp."
2077052,5,"ja nakladam przed esencja z laab,nie wiem czy cos robi ale fajnie odświeża"
2077053,5,"Zapach jest praktycznie niewyczuwalny, co jest dla mnie plusem."
2077053,5,Polecam💯
2077053,5,Świetny produkt polecam ma fajną konsystencję
2077053,5,"Bardzo dobry, delikatny tonik. Nie podrażnia."
2077053,5,Super!
2077053,5,Przyjemna esencja. Dobrze nawilża i napina skórę po myciu. Nie podrażnia 😉
2077053,4,4 gwiazdki tylko dlatego że trochę niewygodnie się dozuje
2077053,5,Jest super
2077053,5,Produkt jest doskonały polecam
2077053,5,"Świetnie nawilża, dobrze się wchłania 💞"
2077054,4,"Jak za tą cenę to jest bardzo w porządku:)) nie uczula, nie podraznia, nie wysypuje mnie jakos specyficznie po nim"
2077054,5,👍️👍️👍️
2077054,5,💯💯💯
2077054,4,Dobrze oczyszcza twarz
2077054,5,Super🔥
2077054,5,Idealny na rozjaśnienie ciemnych pach lub łokci
2077054,3,"Dobrze działa, nie wysusza i ma dobry skład"
2077054,5,"Super , moja skóra sie uspokoiła 💪🏼☺️"
2077054,5,Polecam 🔥
2077054,5,"Łagodnie czyści skórę, działa na niedoskonałości, ładnie pachnie. Dla mnie super."
2077250,5,💪 super
2077250,5,Polecam jak najbardziej
2077250,5,❤️❤️❤️
2077250,5,Świetny skład świetny produkt
2077250,5,"Tołpa nie zawodzi, bardzo dobry produkt💪"
2077250,5,"Żel ma super konsystencję, nie podrażnia oczu (co dla mnie było kluczowe), pozostawia skórę bardzo czystą i czuć że nie ma na niej składników pielęgnacyjnych. Może nie wszystkim przypaść do gustu, właśnie dlatego że idealnie zmywa wszystko z twarzy."
2077250,5,"Produkt naturalny, bez parabenów, silikonów i innych ""cudów"" niszczących skórę i zdrowie, za co wielki plus. Dobrze zmywa podkład, do usunięcia w całości zwykłej maskary raczej potrzeba użyć czegoś jeszcze specjalnie przeznaczonego do demakijażu oczu."
2077250,5,Żel do mycia twarzy z trądzikiem jest super
2077250,5,Super produkt.
2077250,5,Najlepszy płyn do mycia twarzy
2077267,5,Jest ok
2077267,5,Polecam
2077267,1,"Uwaga dla cer wrażliwych - szczypie w oczy - niestety muszę zużyć do ciała, a bardzo lubię serię LAAB"
2077267,5,"Polecam ….10/10. Gładka skóra,bardzo dobrze się rozprowadza super produkt"
2077267,5,najlepsza pianka❤️
2077267,5,"super, dobra aplikacja, zapach, idealnie myje"
2077267,5,"Bardzo ładnie oczyszcza skórę twarzy, domowa dobrze makijaż . Przyjemny zapach. ❤️"
2077267,5,"Super myję twarz, mam problem z kaszką po użyciu niektórych produktów a tu nie występuje ten problem"
2077267,5,"Przyjemny zapach, delikatny i vege"
2077267,5,"Świetna pianka, dobrze czyści, super konsystencja."
2077268,5,Świetnie zmywa maskarę. Nie podrażnia oczu.
2077268,5,"Nie uczula, dobrze usuwa makijaż."
2077268,5,"Płyn dobrze sobie radzi z tuszem,którego inna emulsja do demakijażu oczu nie mogła nawet rozpuścić."
2077268,5,Super płyn do demakijażu. Polecam.
2077268,4,Spelnia swoje zadanie. Dobrze usuwa makijaż
2077268,5,Noszę soczewki więc dla mnie idealny zresztą marka AA jest super💯
2077268,5,"Dobrze zmywa makijaż, nie uczula."
2077268,5,Super płyn do demakijażu oczu nie szczypie i nie podrażnia oczu
2077268,5,"5 gwiazdek troche na wyrost, ale biorąc pod uwagę cenę i fakt, ze produkt jest hipoalergiczny to może być😀
Szkoda, ze firma zrezygnowała, już dawno, z podzialu na kategorie wiekowe. Dzialanie bylo wówczas rewelacyjne, ale tez sklad był lepszy."
2077268,5,Nie podrażnia wrażliwych oczu.
2077352,5,Fajnie pachnie dobrze oczyszcza
2077352,5,Super używam od ponad roku
2077352,5,Przyjemny I dobrze oczyszcza
2077352,5,"bardzo dobry produkt jestem bardzo zadowolona , Ania Krawczyk"
2077352,5,"Dobry, produkt do mycia twarzy, przyjemna konsystencja. Nie podrażnia ani nie uczula."
2077352,5,"Super oczyszcza, nie szczypie w oczy, dobrze usuwa pozostałosci makijażu w tym maskarę. Dobrze pachnie i dosyć wydajny. Polecam"
2077352,5,Produkt łatwy w aplikacji. Ładny zapach. Skóra jest napięta i oczyszczona.
2077352,5,"Lekka, łatwa i przyjemna."
2077352,5,"Świetna pianka, dokładnie oczyszcza i nie suszy twarzy"
2077352,5,"Delikatnie, ale skutecznie oczyszcza. Nie podrażnia. Wydajny produkt, wystarczy jedna pompka na mycie. Super."
2077354,5,❤️głeboko nawilża
2077354,5,Fajnie nawilża tylko rzecz w tym że muszę bardzo daleko od twarzy mieć po dopiero psikać
2077354,5,"Nie sądziłam,źe tak odświeźa i nawilża twarz"
2077354,5,"To moje 2opakowanie, bardzo dobry skład produktu, nawilża, odświeża i tonizuje skórę."
2077354,5,💯rewelacyjny produkt
2077354,5,❤️💯👍️
2077354,5,"Produkt spełnia moje oczekiwania.
Twarz jest odświeżona ,zrelaksowana."
2077354,5,"Super mgiełka, nawilża i tonizuje. Lekka konsystencja, w sam raz na lato. Szybka aplikacja, bez płatka kosmetycznego. Nie lepi się. 👍️"
2077354,5,"Fajnie nawilża, szybkie rozwiązanie"
2077354,5,"Fajny odświeżający tonik. Kocham produkty Bielendy, dlatego padło również na tonik tej firmy. Polecam!"
2077357,5,❤️❤️❤️❤️🤝
2077357,5,Jestem bardzo zadowolona produkt bardzo dobry wygładza skórę twarzy szyi cena dostępna dla wszystkich im
2077357,5,💪🔥👍️
2077357,5,Skóra jest po nim gładsza i przyjemnie nawilżona. Ma lekką i szybko wchłaniającą się konsystencję. Widocznie poprawił wygląd mojej skóry. Super działa na kasze na twarzy. Odpowidni dla cery relatywnej ❤️❤️
2077357,5,Serum jest super nie podrażnia i rodzi sobie z zaskórnikami polecam💖💖
2077357,5,"Bardzo lekka konsystencja, szybko się wchłania, przyjemny delikatny zapach, skóra po zastosowaniu jest lekko napięta, na pewno nie nawilżona, po wchłonięciu serum używam jeszcze kosmetyku nawilżającego.
Stonuję codziennie rano i wieczorem od około 10 dni, na chwilę obecną nie wiedzę żadnego efektu"
2077357,5,"Faktycznie dziala, zero niedoskonałości. Znikły i nic nowego nie powstaje .🔥"
2077357,5,❤️💯❤️
2077357,5,Bardzo dobry do problematycznej skóry. Nie wysusza a pomaga.
2077357,5,Polecam
2077359,5,"Produkt działa, skóra nawilżona, w przyjemnym opakowaniu, ładnie pachnie."
2077359,5,Super nawilża
2077359,5,👍️👍️👍️
2077359,5,Syn je uwielbia. Sama też stosuję
2077359,5,Super!👍️
2077359,5,"Cudowne serum! Polecam wypróbować, bo jest naprawdę skuteczne i wydajne!"
2077359,5,Działa
2077360,5,"Lubię go za to, że tak lekko się rozprowadza."
2077360,5,Sprawdza się na typie mojej skóry.
2077360,5,"Krem w sama arz dla mnie - lekki, nie zostawia tłustej warstwy. Skóra wygląda o wiele lepiej już w krótkim czasie. Wysoce polecam, jestem zadowolona z zakupu."
2077360,5,"Ma aksamitną teksturę, która pięknie się rozprowadza."
2077360,4,"Nie roluje się pod podkładem, świetny jako baza. Nie podrażnia oczu.Delikatnie koi i dobrze sprawdza się także przy skórze wrażliwej."
2077360,5,"Widocznie zmniejsza zaczerwienienia i wyrównuje koloryt skóry. Fantastyczna, lekka formuła. Kupiłabym ponownie.;) Polecam serdecznie. Po jego użyciu, skóra wydaje się niesamowicie gładka i odżywiona.👌"
2077360,2,"Bardzo się roluje, spodziewałam się czegoś lepszego po lekkiej konsystencji."
2077360,5,Daje efekt wypoczętej skóry.
2077360,5,"Nie zapycha porów, a skóra staje się gładsza i bardziej rozświetlona. Lubię ten krem za komfort stosowania. Nie żałuję zakupu i polecam."
2077360,5,"Bardzo przyjemna formuła, idealny krem na co dzień. Nie uczula, nie drażni, a efekty są zauważalne już po kilku dniach."
2077365,5,Moja skóra jest teraz bardziej elastyczna.
2077365,5,"Uwielbiam ten krem za to, jak lekko się aplikuje."
2077365,5,Skóra wygląda o wiele lepiej już w krótkim czasie.
2077365,5,"Uwielbiam efekt miękkiej, wypoczętej skóry tuż po aplikacji. Nadaje się do stosowania na twarz, szyję i dekolt – nic się nie marnuje. Mój numer 1 w pielęgnacji cery. Polecam.👍"
2077365,5,"Cera wygląda świetnie, nawet bez makijażu. Zgrabne opakowanie, idealne do torebki czy na wyjazd. To był dobry wybór."
2077365,3,"Bardzo mnie, po posmarowaniu, szczypie skóra"
2077365,5,"Aplikacja mimo lekkiego kolorytu bezproblemowa, udaje się go rozprowadzić równomiernie (przed nakładaniem kremu stosuję serum nawilżające z hyaluronem, ponieważ mam suchą skórę). Skóra staje się lekko najbłyszczona, ale w dotyku jest raczej pudrowa. Tu też widzę największą różnicę do kremu L'Oréal o podobnym działaniu (Bright Reveal 50 SPF, odcień jasny) - Krem Garniera w porównaniu do L'Oréala daje bardziej pudrowy, lekko ściągający efekt na twarzy. Filtr 50 działa dobrze, efektu zmniejszającego plamy nie mogę ocenić, bo stosuję dodatkowo serum i inny krem na noc przeciw przebarwieniom. Polecam.👌
...Więcej"
2077365,5,"Krem w sam arz dla mnie - lekki, nie zostawia tłustej warstwy. Zdecydowanie poprawił wygląd mojej skóry – jest bardziej promienna i napięta."
2077365,5,Kompatybilny z innymi kosmetykami do twarzy.;)
2077365,4,"Fantastyczna, lekka formuła. Nadaje cerze naturalny blask i poprawia jej strukturę. Fantastyczny krem, polecam!"
2077380,5,super.
2077380,5,Najlepsze ❤️
2077380,5,Najlepsze jakie miałam prszycze znikają w mig
2077380,5,Polecam🔥
2077380,5,❤️❤️💯🔥
2077380,5,"Ok, ale wiele dni trzeba nosić by cos bylo widac"
2077380,5,👍️🔥🔥
2077380,5,Najlepsze plasterki punktowe w super cenie.
2077380,5,👍️są super poleciał mi je koleżanką są exstra dobrze się sprawdzają
2077380,4,Dzięki niemu nie dotykam zmian w ciągu dnia.
2077382,5,"Po całej nocy widać wyraźną różnicę w wyglądzie zmiany. Prosta aplikacja, która ułatwia mi codzienną pielęgnację. Dobrze przylegają, nie odznaczają się na cerze."
2077382,5,Zaskakująco dobrze radzi sobie z niedoskonałościami.
2077382,5,Są super Córka jest zachwycona
2077382,5,Polecam
2077382,4,"Według mnie działanie wszystkich plastrów na wypryski marki ERNE jest bez zarzutu. Zawsze pomagają mi w walce z niedoskonałościami. Odejmuję tylko gwiazdkę za design. 🙈 Panda na twarzy jest ok w domu, ale ""do ludzi"" już z tym nie wyjdę."
2077382,5,Najlepsze plastry na pryszcze
2077382,5,Spoko nie odklejają się są ok
2077382,5,super stolec
2077382,2,Nie działa
2077391,4,"Nie zostawia tłustego filmu, skóra jest od razu gotowa na makijaż."
2077391,5,"Nadaje cerze naturalny blask i poprawia jej strukturę. Zgrabne opakowanie, idealne do torebki czy na wyjazd. Wspaniały zakup, polecam.👍"
2077391,5,"Bezproblemowe dozowanie – nie trzeba się martwić nadmiarem. Zaskoczył mnie pozytywnie już po pierwszym użyciu. Nie uczula, nie drażni, a efekty są zauważalne już po kilku dniach."
2077392,3,Troszeczkę ciężko się rozsmarowuje
2077392,5,"Daje szybko zauważalne efekty;). Wspaniały zakup, polecam.👍 Konsystencja kremu idealnie współgra ze skórą ani za rzadka, ani za gęsta. 👍️"
2077393,4,Dobrze działa na moją skórę
2077395,5,"Super krem, dobra konsystencja, ładny zapach, dobra cena"
2077399,5,Codzienne użycie to przyjemny moment.;) Jest odpowiedni dla każdego typu skóry.❤️ Mój absolutny hit w codziennej pielęgnacji.
2077399,5,"Wygodna tubka sprawia, że łatwo dobrać odpowiednią ilość produktu. Nawilżenie jest na najwyższym poziomie i długotrwałe.❤️ Mój numer 1 w pielęgnacji cery. Polecam.👍"
2077399,1,"Przereklamowany , efektu brak"
2077399,5,"Używam codziennie i za każdym razem cera wyglada coraz lepiej, promienniej. Serdecznie polecam"
2077399,5,"Uwielbiam ten krem za to, jak lekko się aplikuje. Daje super efekt nawilżenia. Rewelacja – zdecydowanie go polecam."
2077399,4,"Daje efekt wypoczętej skóry. Opakowanie bardzo praktyczne, nic się nie marnuje. Kosmetyk, do którego chce się wracać."
2077399,5,Kupiłabym ponownie.;) Polecam serdecznie. Bardzo łatwy i szybki w aplikacji krem.
2077399,5,Nawilża i regeneruje skórę. Wspaniale współgra z innymi kosmetykami w mojej pielęgnacji.
2077399,5,"Praktyczne opakowanie, które zapewnia higieniczne dozowanie. Delikatnie koi i dobrze sprawdza się także przy skórze wrażliwej. Produkt godny zaufania. Odczuwalnie wygładza i zmiękcza skórę. Nie zostawia smug ani uczucia ściągnięcia. To jest po prostu magia, polecam."
2077399,5,Idealny do szybkiej pielęgnacji – zero problemów z aplikacją. Nawilżenie 10/10.;) Świetna opcja na poranną pielęgnację – ekspresowe użycie. Cera wygląda na wypoczętą i bardziej jędrną. Na pewno wrócę do tego produktu.❤️
2077404,5,super krem sprawdzone przeze mnie kosmetyki DERMIKI dr Eris
2077404,5,Doskonały
2077404,5,Ulubiona marka👍️
2077404,5,"Delikatny , nie podrażnia oczu i doskonale się wchłania ."
2077404,5,Dobra jakość kremu
2077404,5,Działa
2077404,5,Dobry krem.
2077404,3,"Dopiero zaczęłam używać i nie znam efektów ale jest cięższy, i gęstszy niż te które dotychczas używałam"
2077404,5,Świetnie su wchłania dając komfort powiekom
2077406,5,"Zdecydowanie poprawił wygląd mojej skóry – jest bardziej promienna i napięta. Bezproblemowe dozowanie – nie trzeba się martwić nadmiarem. Znakomity krem, polecam.👌"
2077406,5,"Super opcja do porannego rytuału pielęgnacyjnego. Błyskawicznie poprawia nawilżenie, nawet w trudnych warunkach pogodowych. Idealny do codziennej pielęgnacji.⭐"
2077406,5,Kupiłam dla Mamy 93 lat. Zobaczymy!
2077406,5,"Nie uczula, nie drażni, a efekty są zauważalne już po kilku dniach. Praktyczne opakowanie, które zapewnia higieniczne dozowanie."
2077406,5,"Skóra jest miękka, dobrze nawilżona. Nie zostawia tłustego filmu, skóra jest od razu gotowa na makijaż."
2077406,5,Teściowa bardzo chwali ten krem
2077406,5,"Ma aksamitną teksturę, która pięknie się rozprowadza. Nie żałuję zakupu i polecam. Cera wygląda na wypoczętą i bardziej jędrną. 👍️"
2077406,5,Poprawia jędrność mojej cery i nawilża. Na pewno do niego wrócę.
2077406,5,"Kupione na prezent, polecone przez pania w rossmanie, że schodzi jak świeże bułeczki. Ładnie wygląda, więc zakupione. Babcia zadowolona."
2077406,5,Wygodne opakowanie i szybka aplikacja. Nawilżenie jest na najwyższym poziomie i długotrwałe.❤️
2077407,5,Dermike używam od dawna jest dla mojej 80cio letniej cery doskonała używalam Imperial teraz kupiłam Maestria będę dopiero używać
2077407,5,"To był dobry wybór. Codzienne użycie to przyjemny moment.;) Po jego użyciu, skóra wydaje się niesamowicie gładka i odżywiona.👌"
2077407,5,"To jeden z najwygodniejszych kremów, jakie miałam. Efekty przerosły moje oczekiwania, skóra wygląda świeżo i młodziej. Aż chce się go używać codziennie! 💯"
2077407,5,"Kupiłam dla Sasiadki, zobaczymy !"
2077407,5,"To jeden z tych produktów, do których regularnie wracam. Krem w sama arz dla mnie - lekki, nie zostawia tłustej warstwy. Wszystko super, tylko kupować."
2077407,5,"Nie zapycha porów, a skóra staje się gładsza i bardziej rozświetlona."
2077407,3,"Krem jest stanowczo za gęsty, ciężko go rozsmarować na twarzy"
2077407,5,"Super opcja do porannego rytuału pielęgnacyjnego. Zauważyłam znaczną poprawę w wyglądzie mojej cery. Strzał w dziesiątkę, jestem na tak."
2077407,5,Po kilku dniach cera stała się wyraźnie gładsza i bardziej elastyczna.
2077407,5,"Wspaniały zakup, polecam.👍 Cudownie kremowa formuła – łatwo się go używa. Daje efekt WOW! Jestem tym kremem zachwycona , te 3 gwiazdki to wyszły przez niedopatrzenie , daje 5 Polecam !"
2077408,4,Jestem mile zaskoczona tą gęstą konsystencją. Konsystencja kremu jest miękka i łatwa w rozprowadzeniu. Odczuwalnie wygładza i zmiękcza skórę.
2077408,5,"Nawilżenie 10/10.;) Nie klei się, nie zostawia żadnych śladów. Idealny do codziennej pielęgnacji.⭐"
2077408,5,"Nie zatyka porów, koi moją cerę."
2077408,5,"Moja skóra jest nawilżona przez cały dzień. Krem szybko się wtapia w skórę, bez rolowania. Wysoka jakość, w pełni spełnił moje oczekiwania."
2077408,5,"Krótko używam trudno ocenić. ale wydaje się być dobry. Myślę ,że po zużyciu całego opakowania będę mogła coś więcej powiedzieć."
2077408,5,"Najlepszy krem dla mnie,choć brakowało 50+, ale blisko do 60, więc wzięłam.😊Bardzo dobrze się wchłania ,twarz jest elastyczna."
2077408,5,Lubię tę markę i używam 👍️
2077408,5,"Po jego użyciu, skóra wydaje się niesamowicie gładka i odżywiona.👌 Naprawdę wart uwagi, polecam z całego serducha.❤️ Ma delikatny, przyjemny zapach – dodatkowy plus przy aplikacji."
2077408,5,Używam codziennie i za każdym razem cera wygląda na zdrowszą.
2077408,5,"Nie zostawia smug ani uczucia ściągnięcia. Delikatnie koi i dobrze sprawdza się także przy skórze wrażliwej. Można polecać, jest najlepszy."
2077410,5,"mi osobiscie na twarz sie nie sprawdzil,mam tradzik i wysypalo mnie jeszcze bardziej ALE zmagam sie z bardzooo suchymi ustami i nakladam ten krem grubą warstwa na usta na cala noc i rano sa super nawilzone"
2077418,5,👍️Krem na idealną formułę.
2077418,5,"Super wydajny, mogę go stosować także na noc. Skóra jest miękka, dobrze nawilżona. Doskonały wybór dla wymagającej skóry."
2077419,5,"Lekki, dobrze się wchłania, nadaje się też pod makijaż, podkład się nie roluje"
2077419,5,🤩Na pewno do niego wrócę.
2077419,5,"Nie lepi się, nie zostawia śladów na ubraniach. Bardzo dobra jakość w rozsądnej cenie."
2077564,5,"Dobrze się aplikuje trochę gęsty 
💪"
2077564,5,"Skóra jest miękka, dobrze nawilżona. Wygodna tubka sprawia, że łatwo dobrać odpowiednią ilość produktu."
2077564,5,Poprawia elastyczność i ogólną kondycję skóry.
2077564,5,Aplikacja jest czysta i bezproblemowa.
2077564,5,Delikatnie koi i dobrze sprawdza się także przy skórze wrażliwej. Wygodne opakowanie i szybka aplikacja.
2077564,5,Nadaje cerze naturalny blask i poprawia jej strukturę. Wygodne opakowanie ułatwia codzienne stosowanie. Ten krem to absolutny hit!👌
2077564,5,"Uwielbiam ten krem za to, jak lekko się aplikuje. Moja skóra jest idealnie nawilżona i wygląda zdrowiej każdego dnia. Totalnie mnie zauroczył, konsystencją, działaniem, zapachem."
2077564,4,"Ciekawe rozwiązanie z opakowaniem, można wygodnie zmiksować z serum. Krem ok, choć za tą cenę konkurencyjna polska marka oferuje bardziej jakościowy skład. Nie jest zły."
2077566,5,"Spełnia swoje zadanie,łatwa aplikacja,miły ,delikatny zapach."
2077566,5,Bardzo dobry produkt!
2077566,5,"Produkt zapewnia odpowiednie nawilżenie, bez uczucia ściągnięcia. Dobrze się rozprowadza i szybko wchłania."
2077566,4,Serum bardzo fajnie nawilża. Pipeta nie spełnia swojej funkcji . Zapach bardzo przyjemny .
2077566,5,💯💪👍️
2077566,5,Doskonale serum . Kupiłam już 3 opakowanie. Polecam
2077566,5,Świetna seria.
2077566,5,👍️❤️👍️
2077566,4,"To pierwszy zakup tego produktu więc jeszcze obserwuję ale już po paru użyciach widzę, że świetnie działa na moją skórę twarzy. Świetnie się wchłania."
2077568,5,👍️Super
2077568,5,Po użyciu serum cera wygląda promiennie
2077569,4,Nie zostawia smug ani uczucia ściągnięcia.
2077569,5,"Крем зволожує непогано, запах досить сильний, квітковий з років так 2000, поки тільки 2 тиждень користуюсь"
2077569,4,Skóra wygląda o wiele lepiej już w krótkim czasie. Super się nakłada – codzienna pielęgnacja to przyjemność. Na pewno wrócę do tego produktu.❤️
2077569,5,"Cera wygląda świetnie, nawet bez makijażu."
2077569,5,"Jest doskonały, nawet dla cery naczynkowej. Wszystko zgodne z opisem, efekty super.👌 Nie lepi się, nie zostawia śladów na ubraniach."
2077569,4,"Lekka formuła, nie zapycha porów. Krem w sama raz dla mnie - lekki, nie zostawia tłustej warstwy."
2077569,5,"Widać, że naprawdę działa."
2077569,5,"Nie uczula, nie drażni, a efekty są zauważalne już po kilku dniach. Lubię ten krem za komfort stosowania."
2077569,5,"Od roku używamy tylko tą serię, bardzo mi odpowiada. Oprócz kremu na dzień używam krem na noc, krem pod oczy i SPF 50."
2077569,5,Idealny do codziennej pielęgnacji.⭐
2077570,5,"Aplikacja jest szybka i komfortowa. Daje efekt WOW! Rewelacja, nic tylko brać!"
2077570,5,"Kremik naprawdę dobry , nawilża nie wchłania się do matu i dobrze , widać że działa , rano buzia nadal nawilżona , na jakieś efekty trzeba czasu ."
2077570,3,Trochę piecze skóra po użyciu. Bez efektów
2077570,5,"Polecam 🔥super krem , doskonale sie wchłania . Mam skórę mieszaną ."
2077570,5,"To jeden z najwygodniejszych kremów, jakie miałam. Skóra wygląda o wiele lepiej już w krótkim czasie. Cudo! Spełnił wszystkie moje oczekiwania – a nawet więcej."
2077570,5,Odczuwalnie wygładza i zmiękcza skórę.
2077570,5,"Skóra jest miękka, dobrze nawilżona. Skóra po aplikacji jest gładka i przyjemna w dotyku. Wysoka jakość, w pełni spełnił moje oczekiwania. 🔥👍️💯"
2077570,5,"Nadaje cerze naturalny blask i poprawia jej strukturę. Bardzo dobrze się wchłania, nie trzeba długo czekać."
2077570,5,"Wygodna tubka sprawia, że łatwo dobrać odpowiednią ilość produktu. Regeneruje, koi, daje mi 100% zadowolenia. Rekomenduję, sprawdził się doskonale.😍"
2077570,5,"Ma delikatny, przyjemny zapach – dodatkowy plus przy aplikacji. Używam codziennie i za każdym razem cera wygląda na zdrowszą. Idealny do codziennej pielęgnacji.⭐"
2077571,5,"Błyskawicznie poprawia nawilżenie, nawet w trudnych warunkach pogodowych. Super się nakłada – codzienna pielęgnacja to przyjemność. Jeden z tych produktów, które zostają na stałe."
2077571,5,Bardzo dobry produkt polecam.
2077571,5,"Świetny filtr, nie bieli i nie jest ciężki, polecam"
2077571,5,Skóra wygląda o wiele lepiej już w krótkim czasie.
2077571,5,❤️❤️❤️
2077571,5,Cera wygląda zdrowiej.
2077571,5,"Krem jest bardzo wydajny, wystarczy niewielka ilość. Buzia wygląda od razu lepiej.;) Nie wyobrażam sobie teraz pielęgnacji bez niego.😍"
2077571,5,"Dobrze się rozprowadza, nie trzeba mocno wcierać. Regeneruje, koi, daje mi 100% zadowolenia. Zaskoczył mnie pozytywnie już po pierwszym użyciu."
2077571,5,"Nadaje cerze naturalny blask i poprawia jej strukturę. Bardzo przyjemna formuła, idealny krem na co dzień. Bardzo dobry, naturalny skład. 

Minus taki, że dwa razy trafił mi się skrystalizowany (kryształki w środku).
...Więcej"
2077571,5,"Nie klei się, nie zostawia żadnych śladów."
2077576,5,"Zwróciłam uwagę na skład, bo mam wrażliwe okolice oczu. Krem ma lekką konsystencję, szybko się wchłania. Cienie pod oczami są jaśniejsze, a spojrzenie świeże."
2077576,5,"Ustapiły obrzęki pod oczami,powieki stały się bardziej napięte . Jestem bardzo zadowolona z efektu.Bardzo dziękuję."
2077576,3,Niestety ale produkt nie spełnił moich oczekiwań . Po nałożeniu kremu pod oczy nie ma różnicy
2077576,5,👍️dobrze nawilża
2077576,3,Krem pod moje oczy podrażnia i wywołuje łzawienie. Używam przy kącikach ust.
2077576,5,Cera jest zdecydowanie lepiej nawilżona
2077576,5,Super krem i skład.😍
2077576,5,"Bardzo dobry skład, fajnie się wchłania"
2077576,4,Konsystencja świetnie się rozprowadza
2077576,4,"cena trochę wysoka, ale krem jest dobry"
2077654,4,Cera wygląda zdrowiej.
2077654,5,"Uwielbiam efekt miękkiej, wypoczętej skóry tuż po aplikacji. Wreszcie coś, co naprawdę działa! Idealny do szybkiej pielęgnacji – zero problemów z aplikacją."
2077654,5,"Cudownie kremowa formuła – łatwo się go używa. Moja skóra jest nawilżona przez cały dzień. Świetny wybór, bardzo się u mnie sprawdził. Polecam."
2077654,5,"Po jego użyciu, skóra wydaje się niesamowicie gładka i odżywiona.👌 Lekka formuła, nie zapycha porów. To był dobry wybór."
2077654,5,"Regeneruje, koi, daje mi 100% zadowolenia."
2077654,4,"Zauważyłam, że makijaż wygląda na nim lepiej i dłużej się utrzymuje. Lekka formuła, idealna na co dzień. Zostaje ze mną na dłużej."
2077654,5,"Poprawia elastyczność i ogólną kondycję skóry. Nie zostawia żadnych tłustych plam. Wysoka jakość, w pełni spełnił moje oczekiwania."
2077654,5,Moja skóra jest idealnie nawilżona i wygląda zdrowiej każdego dnia.
2077654,5,Wygładza drobne linie i zmarszczki. Skóra po aplikacji jest gładka i przyjemna w dotyku.
2077662,5,👍️ super
2077662,5,Bardzo dobrze czyści i nawilża skórę
2077662,5,"Tonik bardzo dobry, łagodzi skórę, skład bardzo dobry,🔥 polecam"
2077662,5,Piękny zapach
2077662,5,"Czuję, że moja cera jest odżywiona i nawilżona. Produkt dobrze się wchłania. Zapach jest bardzo subtelny."
2077662,5,"Edyta,moja cera się poprawiła,używam tylko ten rodzaj"
2077662,5,"Wart swojej ceny. Nawilża, odświeża, cera wyglada na młodszą."
2077662,5,Super polecam
2077662,5,"REWELACJA
polecam wszystkim paniom"
2077662,5,tonik jest bardzo dobry stosuję go od pewnego czasu tak ze warto
2077669,5,Bardzo fajnie oczyszcza twarz po tym jest bardzo fajna
2077669,5,🔥👍️👍️
2077669,5,Dobry produkt
2077669,5,👍️dobry produkt
2077669,5,Bardzo delikatny szybko sie wchlania
2077669,5,Doskonały w konsystencji i zapachu.
2077669,5,Polecam💯
2077669,4,"Mleczko ładnie pachnie , kiepski dozownik , ciężko się otwiera,"
2077669,4,Dobry produkt w rozsądnej cenie.
2077669,5,Mleczko do zmywania makijażu też używam od lat i jestem zadowolona
2077670,5,Za małą kwotę bardzo dobry produkt
2077670,5,I tutaj jestem bardzo pozytywnie zaskoczona ten płyn działa naprawdę i zmniejsza zaczerwienienia i tak jak w opisie wszystko się zgadza polecam ❤️🔥
2077670,5,"Dobrze zmywa makijaż, przyjemny zapach.👍️"
2077670,2,"Dziwny, nieprzyjemny zapach. Pozdrawia lekko lepką skórę po zastosowaniu."
2077670,3,Słaby. Nie zmywa makijażu
2077670,5,Super polecam
2077670,5,"Fajny do cery naczyniowej, nie szczypie, nie piecze. Ładny zapach"
2077670,1,Niestety płyn bardzo podrażnił mi skórę
2077670,4,Zwykły płyn micelarny są lepsze i gorsze
2077670,5,Polecam 💯
2077724,4,Sprawdza się ⭐
2077724,5,Skutecznie usuwa widoczność niechcianych zmian na skórze. Ma bardzo przyjazną dla oka szatę graficzną. Wystarczy niewielka ilość produktu.
2077724,5,"Pomógł mi pozbyć się uporczywej niedoskonałości w kilka dni. Ma lekką, żelową konsystencję. Precyzyjny aplikator pozwala na punktowe nałożenie żelu."
2077724,5,Działa rewelacyjnie
2077724,5,Dobry produkt za dobrą cene💯
2077724,5,polecam💪
2077724,3,Żel na bardzo małe opakowanie i nie starcza na długo. Nie zauważyłam większych efektów
2077724,2,"nie widzę żadnej różnicy, przynajmiej był tani"
2077724,3,Różnie z różnymi wypryskami sobie radzi...
2077724,5,Ten produkt ma rewelacyjny sklad i jest dobry na drobne wypryski
2077729,5,Bardzo dobry spf 🥰
2077729,5,"Fajny, lekki kremik"
2077729,1,"pozostaje zielony, ma dziwne grudki ktore zostaja na twarzy, roluje sie niemilosiernie i ogolnie tragedia"
2077729,5,"Dobrze, że ma wysoki filtr SPF. Nawilża cerę przez cały dzień. Krem jest przyjemny w dotyku."
2077729,2,"Zielony kolor produktu zostawia na twarzy smugi i nie rozprowadza się równomiernie. Roluje się pod makijażem. Bardzo przeszkadza mi zapach kosmetyku, który czuć nawet dłuższy czas od nałożenia"
2077729,5,"Jedynym minusem jest zapach, jeżeli chodzi o skład to bardzo dobry."
2077729,5,"Świetny krem, bardzo pomógł mi z cerą.🔥"
2077729,1,"Tragedia, brudzi wszystko dookoła, zostawia plamy na ubraniu i na skórze…"
2077729,5,"Krem dobrze nawilża twarz,idealnie nadaje się pod makijaż"
2077729,5,Krem nie uczula! Jest bardzo dobry jako baza pod makijaż.
2077731,5,Polecam ❤️
2077731,3,"Tonik jest w porządku, nie piecze i nie podrażnia, dużym minusem jest to że jest bardzo niewydajny (szybko się kończy). Przeszkadza mi zapach"
2077731,5,Dobry produkt bardzo wydajny spoko cena
2077731,5,"Dobry tonik, który mnie nie uczulił."
2077731,5,"bardzo fajny i super sie wchłania, nie przesusza skóry i po nim skora jest gładka :) napewno będę po niego wracać"
2077731,5,Polecam! ❤️
2077731,5,"Zużyłam już ileś opakowań, zawsze wracam, ponieważ pomaga uspokajać skórę"
2077731,5,"Zapach jakby ogórkowy, świeży i formuła mega, korzystam od ok. pół roku prawie codziennie i zawsze się czuję odświeżona po nałożeniu tego toniku😊🔥"
2077732,5,super 🔥👏
2077732,5,Git lecz jest za delikatny bo czasami nie domywa
2077732,4,jest bardzo fajny. dobrze się sprawdza dla młodej cery
2077732,5,"Cera dojrzała, ale trądzikowa. Jestem zadowolona z produktu, ładnie myje, ale nie wysusza jak inne."
2077732,5,"Dobrze myje, dobry skład"
2077732,5,❤️❤️❤️❤️
2077732,5,"Dobrze myje, ale nie wysusza"
2077732,5,"Pozostawia skórę oczyszczoną, zatem spełnia swoje zadanie."
2077732,5,Moj ulubiony
2077732,5,💞Ślicznie pachnie nie ściąga skór i oczyszcza
2077733,5,"Krem świetnie się wchłania, koi skórę i jest lekki, idealny dla cery tłustej 💕💕💕"
2077733,5,"Moi nastolatkowie kochają ten krem. Ładny, delikatny zapach i nie zapycha porów."
2077733,5,Używa go moja 9 letnia córka- super łagodzi podrażnienia przy wrażliwej cerze
2077733,5,Daje szybko zauważalne efekty;).
2077733,5,"Skóra jest miękka, dobrze nawilżona. Krem jak masełko. Extra formuła. Świetny wybór, bardzo się u mnie sprawdził. Polecam. ❤️"
2077733,4,"Aplikacja jest czysta i bezproblemowa. Produkt zostawia matowe wykończenie. Raczej jest to produkt na rano, pod spf - na wieczór byłby zbyt lekki. Jest poprawny, ale nie kupię go ponownie jako osoba z trądzikową i wrażliwa cera."
2077733,5,"Lekka formuła, idealna na co dzień."
2077733,5,"Krem w sam raz dla mnie - lekki, nie zostawia tłustej warstwy. Krem szybko się wtapia w skórę, bez rolowania. Kupiłabym ponownie.;) Polecam serdecznie."
2077733,5,"Daje efekt wypoczętej skóry. Super wydajny, mogę go stosować także na noc. Aż chce się go używać codziennie!"
2077733,5,"Szkoda, że jest tak mało szumu wokół tego kremu. Bardzo przyjemny w użyciu, zapach niczym Earl Greya, wydaje mi się, że fajnie uspokaja cerę. Za te cenę naprawdę nie spodziewałam się aż takiego efektu! Ma w sobie stabilną pochodną Wit.C - co jakoś nie kompiluje mojej pielęgnacji ale nie zauważyłam tego na pierwszy rzut oka ALE Jest doskonały, nawet dla cery naczynkowej. Bardzo dobrze się wchłania, nie trzeba długo czekać. Ten krem to absolutny hit!👌
...Więcej"
2077740,5,👍️👍️
2077740,5,"Delikatną pianką, idealna do cery tłustej."
2077740,5,Dla mojej skóry super pasuje.
2077740,5,👍️👍️👍️
2078220,5,Delikatnie złuszcza i pomaga przy zaskornikach zamkniętych.
2078220,5,👍️👍️👍️
2078220,4,Fajny peeling kwasowy nadal w fazie testowania
2078220,5,"Wygładza skórę, ale nie podrażnia. Mam cerę tłustą, ten peeling sprawdza się doskonale. Bardzo wygodny w użyciu. Na plus jest też opakowanie z pompką. 🔥"
2078220,5,Fajny produkt. Super efekty.
2078220,4,Jest dobry
2078220,5,Dobrze oczyszcxa skore .
2078220,5,Super peeling działa łagodnie ale efekt widoczny po paru dniach
2078220,5,🤩 pięknie działa dla skóry 💞
2078220,5,"Fajny peeling, widać rozświetlenie i blask zaraz po użyciu. Nieprzyjemnie pachnie ale to wiadomo."
2078221,5,Świetna w użyciu nie czeba używać wacików szybko odświeża o tonizuke skórę
2078221,4,Dość przyjemna
2078221,5,"Fantastyczna mgiełka, pozostawia orzeźwiające uczucie, jest lekka i pięknie pachnie"
2078221,5,"Dobrze odświeża twarz, zapach neutralny"
2078221,5,WYDAJE SIĘ SPEŁNIAĆ SWOJE ADANIE.
2078221,5,jest super!
2078221,5,"Super mgiełka, nie podrażnia oczu"
2078221,4,Produkt fajnie pachnie. Zbyt mocny rozpylacz jak na mgiełkę - płyn po prostu się leje. W promocji korzystny cenowo zakup.
2078221,5,🔥🔥🔥🔥🔥🔥
2078221,5,"Świetna mgiełka, nadaje skórze promienny wygląda, efekt glow.
Byłam nastawiona to tego typu produktów sceptycznie, więc jestem mile zaskoczona, na pewno dodaje do mojej stałej pielegnscji."
2078222,5,Polecam. Dobrze oczyszcza oraz ładnie pachnie. 💯
2078222,5,Bardzo fajny żel. Nie wysusza skóry.
2078222,5,Polecam serdecznie!
2078222,5,"Świetnie usuwa makijaż, zostawia twarz miękką i przyjemna w dotyku. Nie przesusza skóry ❤️"
2078222,4,"Trudno powiedziec,uxylam kilka raz"
2078222,5,"Super produkt , ładnie oczyszczona twarz"
2078222,5,"Łagodny, łatwo rozprowadzany, przyjemna formuła, nie wysusza"
2078222,5,Super.
2078222,5,Bardzo dobry skład. Miły delikatny zapach. Cała seria jest dla super!
2078222,5,👍️efekt po pierwszym użyciu👍
2078287,5,Skóra po nim jest odświeżona. Jest delikatny.
2078287,5,"Fajna konsystencja, dziala i nie wysusza buzi. Szukam go na promce bo cena teoche wysoka."
2078287,4,Bardzo delikatny
2078287,5,"Dawno nie miałam tak dobrego peelingu do twarzy . Nie wysusza , dobrze oczyszcza i zostawia promienna twarz"
2078287,5,👍️👍️
2078287,5,"Sprawdza się idealnie przy cerze z trądzikiem różowatym. Nie nasila ogniska zapalnego, ładnie ściąga obumarły naskórek."
2078287,5,"Dobry skład, delikatne bezpieczne dla skór wrażliwych i naczyniowych działanie"
2078287,5,Bardzo delikatna maseczka ale skuteczna.Po zastosowaniu maseczki skóra wyciszona i delikatna.
2078287,5,"Przyjemny produkt, ładnie pachnie, ma konsystencję kremiki. Dobrze oczyszcza skórę, mam wrażenie, że rozświetlił moją cerę."
2078287,5,Czysty skład. Dobry produkt na lato❤️
2078291,5,"Lekka formuła, nie zapycha porów."
2078291,5,"Krem na noc. na razie dobry nie wysusza skóry, póki cera się nie przyzwyczai to działa. polecam"
2078291,5,"Bardzo przyjemna formuła, idealny krem na co dzień. Znakomicie sprawdza się jako część wieczornej rutyny."
2078291,5,"Najlepszy, moja cera jest teraz promienna i nawilżona. 🔥"
2078291,5,"Sprawdza się na typie mojej skóry. Bardzo dobrze się wchłania, nie trzeba długo czekać."
2078291,4,Skóra po aplikacji jest gładka i przyjemna w dotyku.
2078291,5,"Opakowanie bardzo praktyczne, nic się nie marnuje. Daje szybko zauważalne efekty;). To mój ulubieniec wśród kremów.;)"
2078291,5,"Bardzo dobrze radzi sobie z przesuszeniami i szarą cerą. Przyjemnie się nakłada na skórę. Wysoce polecam, jestem zadowolona z zakupu."
2078291,1,"Krem roluje się nawet stosowany w niewielkiej ilości solo. U partnera na twarzy i na mojej dłoni ten sam efekt. Ponadto po użyciu zostawia nieświeży tłusty film. Na rynku jest wiele podobnych prooduktów, które mają świetną formułę. Wielkie rozczarowani👎👎👎"
2078291,5,"To moje drugie opakowanie. Myślę, że ten krem to mistrz i zawsze warto go mieć pod ręką."
2078292,5,Nawilżenie jest na najwyższym poziomie i długotrwałe.❤️
2078292,5,"Bardzo dobrze się wchłania, nie trzeba długo czekać. Uwielbiam efekt miękkiej, wypoczętej skóry tuż po aplikacji."
2078292,5,Wygodne opakowanie i szybka aplikacja. Zauważyłam znaczną poprawę w wyglądzie mojej cery.
2078292,4,"Fajny, ale oczekiwałam większego nawilżenia"
2078292,4,"Skóra jest miękka i aksamitna po stosowaniu, ale nie wystarczająco nawilża bardzo suchą skórę."
2078292,5,"Krem rewelacyjny. Skóra nawilżona. Stosuję go rano jako podkład pod makijaż oraz wieczorem po demakijażu. Skóra rano jest gładka,aksamitna oraz fajnie nawilżona."
2078292,5,"Krem nawilża i ma bogatą formułę, póki co nie widzę efektów, oprócz samego nawilżenia. Ma delikatny, przyjemny zapach – dodatkowy plus przy aplikacji."
2078292,5,"Opakowanie nie brudzi, idealne do precyzyjnego dozowania. Buzia wygląda od razu lepiej.;)"
2078292,5,Super koi i nawilża skórę ( ja mam raczej normalna w kierunku tłustej)
2078292,5,Nie zostawia tłustych plam i delikatnie się rozprowadza. Moja cera mieszana z tłustą strefą T stała się gładsza. Idealny do codziennej pielęgnacji zarówno rano jak i wieczorem ⭐
2078293,5,Szybko sie wchlania. Skora sie po nim nie swieci.
2078293,5,"Jestem zadowolona właściwie z każdego produktu z tej firmy, lekka konsystencja szybko się wchłania idealnie nadaje się pod makijaż"
2078293,4,"Krem delikatnie pachnie, jest średniej gęstości. Przyjemnie nawilża. Na początku świeci się, ale szybko wchłania się i wykończenie staje się matowe. Nie piecze w oczy. Podczas robienia makijażu trochę roluje się, ale wystarczy być delikatnym i można tego uniknąć."
2078293,3,produkt się roluje.
2078293,5,"Bardzo fajny SPF takze dla cer mieszanych. Co prawda na poczatku troche sie swieci, ale szybko wchlania sie do matu. Stosuje takze pod makijaz i nie roluje sie."
2078293,4,"super, ale cena zdecydowanie za droga, kupiłam krem na dużej promocji, inaczej bym nie inwestowała w to pieniędzy, ale jest fajny, spf 50 a bardzo lekki i nie tłusty"
2078295,4,"Świetnie się rozprowadza, nie zostawia tłustej warstwy. Skóra jest wyraźnie bardziej zregenerowana i wygląda na zdrowszą. Polecam!"
2078295,5,Dobre serum
2078295,5,Wszystko😊
2078295,5,"Uwielbiam, świetnie łagodzi skórę i nawilża"
2078295,5,"Bardzo dobrze nawilża, lekka konsystencja, przyjemny zapach i śliczny kolor, praktyczna pompka. Jeszcze nie mam pomysłu jak wydobędę resztki z dna butelki, jak już będzie się kończyć."
2078295,5,"Cudowny kosmetyk . Delikatna , lekka konsystencja. Cudowny zapach . To już moja 3 buteleczka tego produktu ."
2078295,5,🔥🔥🔥🔥🔥🔥
2078295,1,Niestety uczulił
2078295,5,Serum bardzo dobre i w dobrej cenie
2078295,5,"Przede wszystkim produkt jest delikatny, nie podrażnia, jest ""lekki"". Łatwo się go stosuje. Polecam 🔥"
2078296,5,"Jestem zadowolony, ale warto kupić ten produkt na promocji.👍️🚀"
2078296,3,"Serum jest jak piling, kwas jest skrystalizowany"
2078296,4,"Produkt bardzo ciekawy,nie podrażnia - czuć też oczyszczenie. minus - pompka która nie działa jak należy, serum jest za geste."
2078296,5,"Piękny zapach, nie zapycha, skóra czuję że jest odpowiednio nawilżona. 💪Wiele osób narzekało na grudki w serum. Zupełnie nie przeszkadzają a po chwili gdy nakładasz ulubiony krem grudki znikają i się rozpływają🤩"
2078296,1,"Serum ma ogromną ilość maluteńkich grudek które w odczuciu przypominają peeling drobnoziarnisty. Ten ""piaseczek"" się nie wchłania i drażni skórę przy rozprowadzaniu. Producent potwierdził mi, że może być to skrystalizowany kwas azelainowy. Skoro kwas się skrystalizował, to w jaki sposób ma zadziałać? Mam podejrzenia, że kwas w tym produkcie jest nieaktywny. 
Produkt nie zdatny do użytku.
...Więcej"
2078296,5,Fajne🔥
2078297,5,Polecam 👍️
2078297,5,"Minimalistyczny skład – bez zbędnych zagęstników, silikonów i drażniących substancji konserwujących – dobry wybór dla skóry wrażliwej i dojrzałej."
2078297,5,"❤️🔥🤩 przyjemnosc uzywania , jak dotąd promienna cera... kupione w potężnej promocji... ❤️🤩🤝"
2078297,3,"Zaczęłam używać od paru dni , jeszcze nie mam opini"
2078297,3,"Stosuje na noc i nawet jest spoko, choć słabo się wchłania i jest w szklanej przezroczystej buteleczce co nie jest wskazana dla takiego produktu. Raczej do niego nie wrócę."
2078353,5,Polecam
2078424,5,Super maseczka
2078436,5,Jedne z moich ulubionych:) bardzo przyjemne
2078436,5,"Moje ulubione płatki - gdy mam worki pod oczami -działają jak sen, jak odpoczynek...usuwają je! Świetne :) w swojej cenie wypadają genialnie"
2078436,5,Super produkt
2078436,4,👍️👍️👍️
2078436,5,Wszystko okej 😁
2078436,5,Fajne:)
2078436,5,Idealnie odświeżają zmęczoną skorę pod oczami. Kofeina czyli naturalny antyoksydant niweluje oznaki starzenia!
2078436,5,Cienie zniknęły
2078436,5,"Bardzo je lubię, gdy budzę się zmęczona! Trzymam w lodówce i nakładam zimne. Cudowne!"
2078436,5,Wow! Zaskoczenie! Bardzo dobre płatki pod oczy!
2078437,5,Bardzo dobrze nawilżają delikatną skórę pod oczami.
2078437,5,Płatki jak płatki działają dobrze
2078437,5,"Trzymam w lodówce zapas, jak mam gorszy dzień albo przeciwnie, chcę miec lepszy, to wyciągam i kładę."
2078437,5,Płatki działają i to jest najważniejsze. 💯
2078437,5,polecam schłodzić w lodówce :)
2078437,5,Są mega
2078437,5,Pięknie gładzą skórę pod oczami. 👍️
2078437,5,Sa super
2078437,3,bez efektu płatki praktycznie suche nie polecam
2078437,4,👍️👍️
2078438,5,👍️❤️❤️
2078438,5,"Dobrze nawilża, dobra maseczka w dobrej cenie."
2078438,5,"Bardzo dobra maseczka, zamiast mokrej płynnej konsystencji jest jakby krem-serum, super nawilża, pozostałości elegancko wchłaniają się. Na skórze mieszanej bardzo dobrze sprawdziła się."
2078438,5,👍️👍️👍️
2078438,5,"Mam cerę suchą i dojrzałą, wg mnie maska naprawdę świetnie nawilża. Mam uczucie ""nawodnienia"", skóra jest miękka i elastyczna"
2078439,5,ok. Polecam
2078439,5,Świetna maska przywracająca naturalny blask. Świetnie nawilża i odbudowywuje barierę hydrolipidową.
2078439,5,Super maseczka!
2078439,5,Idealna
2078439,5,👍️oki.
2078439,5,Działa jak obiecuje
2078439,5,"Doskonala, natychmiastowy efekt."
2078439,5,Bardzo dobra
2078439,5,Bardzo lubię i polecam!
2078439,5,Idealna do dojrzałej cery.
2078440,5,Wracam do produktów Bielendy bo nie zawiodłam się na nich i czuję jak moja skóra jest nawilżona i wypoczęta moje prywatne spa
2078440,5,bardzo lubię tę maseczkę - dobry skład.
2078440,5,"Nawilża i odświeża, cera jest bardziej promienna"
2078440,5,Uwielbiam i często po nie wracam. Idealnie rozjaśniają skórę i zostawiają ją nawilżoną. Super się sprawdza przed wyjściem ja i na codzień. Polecam!
2078440,5,"Super maseczka, nawilża i rozświetla 🙂"
2078440,5,oki👍️
2078440,5,Doskonaly efekt rzświetlania.
2078440,4,👍️Bardzo fajna maska do twarzy
2078440,4,Świetna rozświetlająca maseczka!
2078440,5,"Skóra jest odświeżona, promienna, zapach relaksuje. Pomocne na takie odświeżenie, wrażenie wypoczętej twarzy"
2078452,5,"Warta każdej ceny ,skóra po zastosowaniu nie do poznania ,wycisza i łagodzi"
2078468,5,"Dobrze się wchłania, nie pozostawia tłustej warstwy. Delikatny, przyjemny zapach."
2078468,5,"Bardzo lekka formuła, idealna na co dzień."
2078468,5,"Błyskawiczna aplikacja, świetna dla zabieganych. 💪"
2078468,5,"Super się nakłada – codzienna pielęgnacja to przyjemność. Nie uczula, nie drażni, a efekty są zauważalne już po kilku dniach. Działa dokładnie tak, jak obiecuje producent.⭐"
2078468,5,"Poprawia jędrność mojej cery i nawilża. Lekka formuła, nie zapycha porów."
2078468,5,"Nie zostawia tłustego filmu, skóra jest od razu gotowa na makijaż."
2078473,5,"Po jego użyciu, skóra wydaje się niesamowicie gładka i odżywiona.👌"
2078480,5,"Mój ulubiony, całoroczny spf dla skóry mieszano-suchej, wrażliwej i trądzikowej."
2078480,5,"Przyjemny. Nie bieli, nie zapycha, nawilża, nie roluje się i nie szczypie w oczy. Dla mnie odkrycie bo szukałam kremu spf który nie będzie miał witaminy C ani alkoholu. Maco prawda w składzie niacynamid ale nie jest to główny składnik, raczej domieszka co dla mnie jest strzałem w 10 :)"
2078480,5,bardzo fajny do cery mieszanej
2078480,5,💯👍️yes
2078480,5,"Jest fajny , lekko bieli w porównaniu do Joseon i jest jakby bardziej tresciwszy. Ale makijaż wygląda na nim OK i najważniejsze to ochrona przeciwsłoneczna, więc wierzyć trzeba że spełnia swoje zadanie ;)"
2078480,5,🔥super
2078480,5,"Dobra ochrona przed uv, nie zapycha i nie uczula"
2078480,5,"Bardzo dobry krem, lekki i świetny SPF"
2078480,5,Wszystkie spfy które używałam mi się rolowały ten jest jedyny który naprawdę jest świetny ma lekką konsystencję i rozprowadza się po prostu idealnie. Polecam każdemu🤩🤩
2078480,5,"Świetnie się wchłania, nie bieli, super konsystencja, mocno polecam!"
2078482,5,"Mam wrażliwą skórę, delikatnie usuwa makijaż.Polecam☺️"
2078482,5,"🔥niewielką ilość żelu pozwala na dokładne umycie twarzy,"
2078482,4,"bardzo fajny żel, mam wrażliwa cere, a nie podrażnia i nie zostawia uczucia ściągnięcia!"
2078482,5,"Dobrze usuwa zanieczyszczenia z twarzy . Lekki , przyjemny nie wysusza.Używam go po wcześniejszym użyciu olejku do demakijażu firmy Joseon, 👍️💪💯"
2078484,1,Dostałam pryszcze na buzie po nim
2078484,5,super polecam
2078486,4,"Mi niestety się nie sprawdziło. Jest fajne takie typowo do mycia cery bez żadnych problemów, ale z jakimiś wypryskami to nic wam raczej nie zrobi."
2078486,5,"Bardzo wydajny produkt, świetnie usuwa resztki makijażu, twarz pozostaje nawilżona , skóra nie jest ściągnięta 
Najlepszy jaki ostatnio używałam"
2078490,5,"Skóra po tym toniku jest wyczuwalnie nawilżona, nie ma uczucia ściągnięcia!"
2078496,5,To mydełko bardzo dobrze oczyściło mi skórę. Zmniejsza widoczność porów i zaskórników. Polecam!🩷
2078502,5,Świetny produkt. Jeden z moich ulubionych. Dokładnie oczyszcza skórę i nie podrażnia.
2078502,3,Słyszałam że ma słaby skład
2078502,5,"Moja pierwsza myśl przy testowaniu olejku to ,,o ale dziwny zapach"" i faktycznie jest on dość specyficzny (prawdopodobnie zapach żeń-szenia), jednak nie jest bardzo intensywny i mi osobiście jakoś bardzo nieprzeszkadza. Nadal oceniam produkt na 5 gwiazdek, ponieważ świetnie radzi sobie z usuwaniem makijażu z twarzy i okolicy oczy. Dobrze się emulguje, po kontakcie z wodą praktycznie znika i nie pozostawiona bez żadnej tłustej warstwy. Skóra jest dobrze oczyszczona i gładka. Do demakijażu zużywam 2 pompki produktu i wydaje sie dosć wydajny
...Więcej"
2078502,5,"Rewelacyjny, dobrze rozpuszcza makijaż, nie zapycha i nie uczula."
2078502,5,"Świetny olejek, idealnie domywa makijaż i nie zapycha porów!!"
2078502,5,Idealny!
2078503,5,"Bardzo fajny tonik, czasem nakładam go na wacik i przecierem twarz, a czasem wylewam na dłoń i wklepuję w twarz , szyję i dekolt. Nie powoduje ściągnięcia skóry, daje efekt lekkiego nawilżenia"
2078503,5,❤️❤️❤️❤️❤️❤️❤️
2078503,5,"Rewelacyjnie działa na cerę ,gładziutka jak tafla"
2078503,5,💪 super tonizuje i love it serio
2078504,5,dobrze myje twarz
2078505,5,Bardzo dobrej jakości maseczki które przede wszystkim uspokajają i koją skórę twarzy.
2078505,5,💯 rewelacja
2078506,5,💯% zadania
2078506,5,👍️💪💪💯🚀🚀
2078508,5,"Fajnie nawilża, wodnista konsystencja, przy suchej skórze muszę nakładać 2 warstwy."
2078508,5,❤️❤️❤️❤️❤️❤️
2078508,5,❤️❤️❤️❤️❤️❤️❤️❤️❤️
2078509,5,Działa
2078509,5,Kocham
2078509,4,jest super
2078509,5,Bardzo fajny peeling 🔥
2078511,5,Krem świetle nawilża
2078511,5,"Świetny zarówno pod oczy, jak i na całą twarz, nawet przy skórze wrażliwej. Pierwsze efekty pojawiły się po około miesiącu używania, więc pamiętajcie by dać mu czas i zaczynać powoli."
2078511,5,👍️polecam
2078511,5,Najlepszy krem pod oczy jaki miałam. Polecam.
2078511,5,Super produkt ❤️
2078511,5,"Dobrze się wchłania, napina skórę nie podrażnia"
2078511,5,Cudowny krem na cienie.
2078511,5,REWELACJA. SUPER KREM POLECAM GO WSZYSTKIM MOIM KOLEŻANKOM
2078511,5,"Dobrze się wchłania, pięknie nawilża"
2078511,5,"Idealny krem pod oczy, ma gęstą konsystencję, która nawilża i wchłania się w delikatną skórę pod oczami. Bardzo odpowiada mi formuła tego kremu, jest również wydajny. Opakowanie starcza na kilka miesięcy używania.
Polecam
...Więcej"
2078512,5,Super serum na dzień 😍
2078512,5,Super!
2078512,5,"KOCHAM!!! Propolis idealnie działa na mój trądzik, a niacynamid idealnie rozświetla moją skórę. Oczywiście osoby, które mają uczulenie na pszczoły powinny uważać z propolisem, ale ogólnie to świetne serum na trądzik i na glow na twarzy. Totalnie polecam w dodatku ładnie pachnie, kojarzy mi się właśnie z takim miodem 10/10!!! Na pewno kupię ponownie.
...Więcej"
2078512,5,"Świetne serum, polecam!"
2078512,5,Nawilża.
2078513,5,Bardzo lekkie serum.
2078515,5,Super 😍
2078515,4,"Używam od kilku dni, na razie jest ok, a czy rozjaśni przebarwienia od słońca - zobaczymy"
2078515,5,Kocham - moje ulubione serum do cery mieszanej.
2078515,5,"Super , u mnie się sprawdza .To moje czwarte opakowanie."
2078515,5,fajnie rozświetla cere
2078515,5,❤️ narazie testuję ale skóra po wymasowaniu mega dobrze wygląda
2078517,5,Świetny produkt
2078517,5,Dobrze się wchłania i nie pozostawia tłustego filmu. Skutecznie chroni przed słońcem. Lekka i przyjemna w użyciu.
2078517,5,"Jak najbardziej polecam, najlepszy jaki dotąd stosowałam (mam mieszaną cerę, wiecznie błyszczącą). Nakładanie nie stanowi problemu.❤️💪💯"
2078517,5,Super efekt! Jakbyś użył Photoshopa w realnym świecie!
2078517,5,"Najlepszy do mojej wrażliwej cery, sprawdza się nawet do reaplikacji na makijaż"
2078517,5,Użyłam dopiero dwa razy ale wydaje się być ok
2078517,5,"Jeden z najlepszych SPF z jakimi miałam styczność. Na skórze pozostawia matową, niewyczuwalną warstwę."
2078517,5,Rewelacja. Kupię na 100% kolejne opakowanie.
2078517,5,Boskie
2078517,5,🔥❤️🤩
2078518,5,"Użyte składniki są łagodne dla skóry. Krem świetnie się sprawdza pod makijaż, nie roluje się. To lekki krem nawilżający, który szybko się wchłania, nie obciążając skóry."
2078518,5,"Najlepszy SPF na rynku! Nie bieli, nie tłuści, idealny pod makijaż. Pięknie wygląda na twarzy, to moje kolejne opakowanie❤️"
2078518,5,👍️👍️👍️
2078518,5,Ulubiony SPF na okres jesień-zima
2078518,5,Jest super. Nie bieli i nie szczypie w oczy
2078518,5,Produkt zgodny z opisem.
2078518,5,"Używam od dłuższego czasu, szybko się wchłania, nie zostawia lepkości, bardzo wydajny."
2078518,5,"Lekka konsystencja , ale mocno świecące wykończenie , wolę drugą wersje filtra z tej marki"
2078518,5,"Lekki, bardzo dobry krem z filtrem. Nie bieli."
2078518,5,Polecam w 100%
2078534,5,WARTO PRZETESTOWAĆ!
2078534,5,Fajnie nawilża.
2078534,5,"Doskonała maski, super odżywia"
2078537,5,Produkt dobrej jakości polecam 💪
2078541,5,Wyciąga jak gospodarz marchewki z pola🔥🔥
2078541,5,Działają i to najważniejsze
2078541,5,"Jedne z ulubionych, dla mnie odpowiednia wielkość. W przypadku zamkniętych zbierających się dopiero niedoskonałości raczej nie zadziałają (przynajmniej u mnie nie ma efektu) ale jak już mają co wyciągnąć to przyspieszają gojenie się wyprysków."
2078541,5,Bardzo fajne kupiłam już kilka
2078541,5,Najlepsze plasterki na wypryski!!
2078541,5,👍️👍️👍️👍️
2078541,5,"Best for hiding pimples, stays on whole day"
2078542,5,"Plastry szybko wysuszają wypryski. Cienkie i elastyczne, dopasowują się do kształtu twarzy. Nie odklejają się nawet podczas snu. Najlepsze i najskuteczniejsze płatki na rynku."
2078542,5,"Bardzo dobrze radzą sobie z niedoskonałościami, minimalizując zaczerwienienie. Są prawie niewidoczne na skórze. Dobrze trzymają się skóry. ❤️"
2078542,5,Bardzo dobre ale te owalne lepsze 👍️
2078542,5,"Fajnie wyciągają , super dla alergików"
2078542,5,Polecam
2078542,5,"Moje ulubione plasterki na wypryski. Są w różnych rozmiarach, więc są bardzo uniwersalne. Stosuję zarówno te jak i te większe marki Cosrx. Zawsze muszę mieć w zapasie. 💪"
2078542,5,Plasterki po prostu super po nocy wogule nie miałem pryszcza
2078542,4,"Fajnie wyciągają, ale po zdjęciu plasterka zostaje czerwony ślad wokół zmiany, który znika dopiero po czasie, ale używam mimo to bo fajnie spełniają swoją funkcję."
2078542,5,Działają super
2078542,5,Dobra cena i nastolatka zadowolona
2078545,3,"Są dość grube i widoczne. U mnie po ściągnięciu zostawiały podrażnioną skórę (zaczerwienienie dokładnie wielkości patcha). 3 gwiazdki się należą, bo robią, co do nich należy"
2078547,5,"Plasterki bardzo cienkie, ładnie przylegają, wypryski ładnie się goją.💯"
2078547,5,Świetne plasterki
2078547,5,"Moje nastoletnie, wymagające i krytyczne co do kosmetyków pielęgnacyjnych dzieci, systematycznie korzystają z tego produktu i są zadowolone z efektów stosowania, więc to chyba najlepsza ocena z ich strony :)"
2078547,5,"Plastry są bardzo skuteczne, jedyny minus to cena"
2078547,5,Warte swojej ceny
2078547,5,"Spełniają swoją rolę, wyciągają to, co trzeba, choć cena ciut za wysoka"
2078547,5,Plasterki są nie widoczne. I bardzo dobrze trzymają się na skórze.
2078547,5,Super wyciąga niedoskonałości
2078549,5,"Moje odkrycie, jestem zakochana w tym kosmetyki. Cudownie nawilża, z kremem ze śluzu ślimaka tej samej marki na mojej twarzy działa cuda."
2078550,5,"Nawilżenie 10/10.;) Bardzo przyjemna formuła, idealny krem na co dzień. Rekomenduję, sprawdził się doskonale.😍 💯"
2078551,4,"Fajne na cienie pod oczami, ale nie robi jakiś super efektów."
2078551,5,Ok. Nie widzę jeszcze efektów.
2078552,5,Wcale się nie klei tak jak wszyscy mówią jest cudowny🔥
2078552,5,Super nawilża 👍️🔥
2078552,5,Mój must have od kilku lat. Polecam❤️
2078552,5,Stosuje dopiero kilka dni ale już widzę efekt pięknie rozświetlonej cery. Póki co sprawdza się fenomenalnie.
2078552,5,Super takiego nawilżenia jeszcze nie miałam polecam wszystkim
2078552,5,"super, gładka i miła skóra już po 1 zastosowaniu"
2078552,5,"Z czystym serem polecam ❤️,"
2078552,5,"Lekka formuła, dobre nawilżenie, nie zapycha"
2078552,5,"Super konsystencja, skóra nawilżona 👍️👍️"
2078552,5,Świetnie nawilża i nie uczula ! Super pod makijaż ❤️
2078553,5,"Świetny wybór, bardzo się u mnie sprawdził. Polecam. Zauważyłam znaczną poprawę w wyglądzie mojej cery. Lekka formuła, idealna na co dzień."
2078553,4,spoczko
2078553,5,"Nie klei się, nie zostawia żadnych śladów. Najlepszy, moja cera jest teraz promienna i nawilżona. Dobry kosmetyk, polecam serdecznie.👍"
2078553,5,"Uwielbiam efekt miękkiej, wypoczętej skóry tuż po aplikacji."
2078553,5,Po nałożeniu skóra jest pełna blasku. 👍️
2078553,5,"Opakowanie bardzo praktyczne, nic się nie marnuje. Jest odpowiedni dla każdego typu skóry.❤️ Zamówiłam już kolejne opakowanie. Duźa pojemność !Wart swojej ceny !"
2078553,5,"Dobrze się wchłania ,ładnie pachnie ❤️Dobrze nawilża skórę 🌹Daje szybko zauważalne efekty;). Lubię go za to, że tak lekko się rozprowadza. Mam ochotę mówić o nim każdemu, kogo znam."
2078553,5,"Krem jest bardzo wydajny, wystarczy niewielka ilość. Nawilżenie 10/10.;)"
2078553,5,"Super wydajny, mogę go stosować także na noc. Daje super efekt nawilżenia. Ma wszystko, czego szukam w dobrym kremie. ❤️"
2078554,5,Super. Już po jednym użyciu widać efekty
2078557,5,"Lekki, nie szczypie w oczy i sie nie roluje"
2078557,5,Very good!
2078557,5,Kompatybilny z innymi kosmetykami do twarzy.;) Produkt godny zaufania. Aplikacja jest czysta i bezproblemowa. Polecem go moim koleżankom oraz kupie w przyszłosci ! Był to pierwszyy zakup tego produktu i był w punkt 👍️
2078557,5,"Fantastyczna, lekka formuła."
2078557,5,"Polecam, świetnie się wchłania i nawilża"
2078557,5,"lekki szybko wchłaniający się krem, cudownie pachnie aloesem❤️"
2078557,5,"Najlepszy SPF jaki miałam, kupię na pewno jeszcze nie raz❤️"
2078557,5,"Świetna konsystencja, super nawilża, wchłania się bardzo szybko, nadaje się pod makijaż."
2078653,5,"Szybko się wchłania,przyjemny lekko wyczuwalny zapach."
2078653,5,Skóra jest wyraźnie nawilżona po użyciu.
2078653,5,Zauważyłam znaczną poprawę w poziomie nawilżenia mojej skóry.
2078653,2,"2 butelki, zero rezultatow i różnic. Nie wiem po czym inni poznają ze działa ale zazdroszczę. Chyba ze po doraźnym uczuciu ale to samo da wam cokolwiek o przyjemnej konsystencji i przyjemnym zapachu, rozprowadzone na twarzy, od najtańszego kremu nivea do rąk i wszystkiego, po kosmetyki za setki złotych. Nie widzę rezultatów, daję dwa, nie daje jeden bo nie uczula ani nie zatyka porów w moim przypadku.
...Więcej"
2078653,5,"Piękny zapach, dobra konsystencja"
2078653,5,Bardzo dobre serum
2078653,5,ok oko o
2078653,5,Polecam 🔥
2078653,5,Super serum
2078778,1,Straszny płyn. Nie zmywa makijażu. Szkoda pieniędzy
2078778,5,Dobrze nawilża skórę. Skóra po użyciu jest odświeżona.
2078778,5,Idealny dla mojej żony.
2078778,5,Kupuję dla mojej Mamy. Chwali
2078778,5,Jestem bardzo zadowolona
2078778,4,Dobrze zmywa makijaż
2078778,5,👍️👍️
2078778,4,całkiem okej
2078778,5,Super produkt
2078778,5,Doskonały.
2078779,5,Jestem zadowolona z tego produktu. Dokładnie zmywa makijaż i nie podrażnia skóry
2078779,1,Słabo rozpuszcza makijaż
2078779,5,Z tego płynu micelarnego jestem bardzo zadowolona i moja cera też
2078779,5,Zadowolona 💯
2078779,3,Płyn jest ok. Słabe opakowanie.
2078779,5,Dla mnie najlepszy
2078779,2,Bardzo słabo zmywa makijaż mimo niskiej ceny nie polecam
2078779,5,polecam
2078779,5,Najlepszy delikatny
2078779,5,"Jest super, jestem zadowolona z towaru."
2078938,1,Bardzo glicerynowa i nie nawilża
2078938,3,Po nałożeniu jest na ustach max. kilka minut. Nawilżenie żadne w zasadzie. Oprócz tego że ładnie pachnie i robi delikatny kolorem na ustach to niekoniecznie kupię ją drugi raz.
2078938,5,"Świetnie chroni przed wysuszeniem, zwłaszcza zimą. Daje ustom ładny, świetlisty akcent."
2078938,4,Jest ok :)
2078938,5,"Bardzo dobrze nawilża suche usta. Pomadka ma przyjemne, satynowe wykończenie. Aplikacja jest szybka i bezproblemowa."
2078938,5,👍️👍️
2078938,3,Pomadka niestety barwi :(
2078938,5,"Dobrze nawilża, daje lekki tint brązowo-wiśniowy, ale efekt jest bardzo lekki i naturalny (zdrowych ust). W porównaniu do innych pomadek Isany, które nie dawały mi komfortu nawilżenia, ta jest super. Na pewno dokupię jeszcze kilka sztuk."
2078938,5,"It definitely deserves 5 stars. The color is very natural. When I use it, it relieves the dryness on my lips and creates a nice look with its natural color."
2079439,5,👍️👍️
2080103,5,Bardzo dobry
2080103,5,Nawet po kilku godzinach czuć efekt nawilżenia.
2080103,5,Produkt zgodny z opisem. Szybka realizacja zamówienia.
2080103,5,Szczerze polecam 🔥
2080103,5,Rewelacyjny produkt
2080103,5,Produkt bardzo dobrze się sprawdza przy nawilżaniu pękniętych ust. Regeneruje suche usta i zapewnia im ulgę przy podrażnieniach.🔥💪💪
2080103,5,Skuteczne w działaniu.
2080103,5,"Nie lepi ust, nie skleja.
Nawilża i chroni.
Polecam"
2080103,3,"Pomadka chroni przed słońcem, nie zdarzyło mi się mieć spalonych lub podrażnionych ust, zostawia jednak widoczną białą poświatę"
2080103,5,NA SPIERZCHNIĘTE USTA SUPER
2080915,4,Ok daje blask
2080915,3,Ok ale miewałam lepsze olejki
2080916,4,Ok daje blask
2080918,5,Dla mnie jeden z najlepszych olejków jaki dotąd używałam.
2080918,5,Jest naprawdę nie zły. Ładny czerwony kolor.
2080918,3,"Kupiony na promocji ,produkt nie wart ceny .Jako olejek do ust ok ale za 20 zł więcej nie wart .
Zbyt przereklamowany"
2081154,5,Świetny. Oszczędny w zużyciu.
2081154,5,"Wspaniałe, skóra pozostaje delikatna i miła w dotyku. Polecam"
2081154,5,Fajnie usuwa nieczystości 👍️
2081661,5,Świetna
2081661,5,🚀🚀🚀
2081662,5,Super Cena świetna maseczka
2081662,5,Ładnie rozświetla i nawilża. Taka damska maseczka.
2081678,5,Świetna tania maska w płachcie. Polecam
2081678,5,👍️👍️👍️👍️
2081678,5,mega fajna
2081678,5,Polecam.
2081678,5,Polecam. Wielokrotnie używałam
2081678,3,"Bardzo dobra maska, ale jest bardzo droga,\."
2081678,4,bardzo fajna
2081678,5,super maseczka
2081678,5,🔥👍️👍️💯
2081678,5,"Fajna, nawilżająca maska"
2081681,5,"Świetna, koreańska maska w płacicie. Robi co ma robić, cena przystępna zwłaszcza w promocji"
2081681,5,Jedne z moich ulubionych maseczek w płachcie❤️
2081683,5,Fajnie ujędrnia skórę i jej nie podrażnia.
2081684,5,MEGA!!
2081684,5,extra <3
2081684,5,Dobrze nawilża i generalnie to przyzwoita maseczka
2081684,5,🔥🔥🔥
2081684,5,REWELACYJNA maseczka kojąca. Dala natychmiastową ulgę po poparzeniu laserem.
2081684,5,"Pięknie pachnie, wspaniale nawilża! Polecam"
2081684,5,Lubię i wielokrotnie używałam. Polecam
2081684,4,Okej maseczka nawilżająca
2081684,5,Super ok
2081684,5,Mega nawilżenie
2081793,5,"Taka jak ma być. Łagodna nawilżająca, idealna do suchej cery"
2081793,5,Dobrze oczyszcza ❤️💯💪🔥
2081793,5,"Rewelacyjny produkt do mycia twarzy w każdym wieku, łagodny dla skóry, nie szczypie w oczy, polecam serdecznie, kupiłam już trzeci i jestem bardzo zadowolona."
2081793,5,Twarz po umyciu pianka jest bardzo gładka. Polecam ja w 100%
2081793,4,"Neutralna pianka delikatnie oczyszczająca, naprawdę fajna 👍️"
2081793,5,Dobrze oczyszcza cerę i nawilża 👍️
2081793,5,"Dla mnie najlepszą pianką do oczyszczania twarzy, delikatna i nie wysusza a do tego w dobrej cenie"
2081793,5,"Delikatna, dobrze oczyszcza i nie podrażnia skóry"
2081793,5,Super pianka nie podrażnia
2081793,5,fajnie oczyszcza i nie zostawia napiętej skóry po umyciu
2081794,1,Nie jest stworzony do wrażliwej skóry
2081794,5,"Pojemnik wygodny w użyciu, łatwo dozować produkt. Skóra po użyciu jest gładka i odświeżona."
2081794,3,Kiedy umyłam pierwszy raz miałam strasznie czerwoną twarz która mnie piekła cały czas tak jest dlatego używam tej pianki tylko raz w tygodniu i muszę posmarować od razu skórę kremem
2081794,2,"Trochę wysusza, nie na codzień."
2081794,5,"Genialna, tak jak żel z kwasem aha"
2081794,5,Super ok
2081794,5,🔥👍️ok
2081794,1,"Przez to, ze pianka jest taka tepa, a nie delikatna i z poslizgiem nie jestem w stanie uzywac tego produktu i stwierdzic jego dzialania lub braku."
2081794,4,"jest ok, kupuje na zmianę z innymi piankami od Isany, zależy co w promocji i na co trafię, chyba bez rypaczy w składzie"
2081794,5,Polecam 👍️
2081795,5,"Produkt jest wydajny, wystarczy niewielka ilość. Nie podrażnia, co jest dla mnie ważne. Zapach jest neutralny, nie wyczuwam żadnych sztucznych nut."
2081795,4,jest ok
2081795,5,🔥🔥🔥
2081795,5,"Delikatna pianka, łagodnie oczyszcza, nie podrażniając cery"
2081795,5,🔥🔥🔥🔥🔥🔥🔥🔥🔥🔥🔥🔥
2081795,5,Super zakupy to zawsze używam
2081795,5,fajny produkt👍️
2081795,5,"Wydajna, nie uczula, nie wysusza skóry"
2081795,3,Może byc
2081795,4,❤️❤️❤️
2082420,3,"Olejek nie sprawdził mi się, zostawia tłusty film który się nie wchłania, wymaga częstej reaplikacji"
2082420,5,💯🔥🚀❤️
2082420,5,"Nawilża i odżywia , idealny na jesienne pogody !"
2082420,5,Super balsam
2082420,5,"Olejek posiada gęstą konsystencję przez co pozostaje na ustach,nawilża i dodaje blasku."
2082420,3,Produkt ładnie wygląda na ustach lecz nie nadaje koloru jak był zapowiedziany
2082420,3,"Olejek ok, ale bez efektu wow. Po opisie na opakowaniu spodziewałam się, że będzie zabarwiał usta, jednak okazał się być bezbarwny. Spoko, ale myślę, że za tę cenę można znaleźć coś lepszego."
2082420,4,moje drugie opakowanie dobrze nawilża usta nadaje lekki kolor
2082420,5,"Świetny produkt, idealnie nawilża usta"
2082420,4,Ładnie pachnie
2082421,5,Bardzo dobrze rozprowadza się na ustach
2082421,2,Nie bardzo nawilża ale nabłyszcza i ładnie pachnie
2082421,5,"świetny kosmetyk, usta nawilżone i pięknie wyglądają :)"
2082421,5,Pysznie pachnie :)
2082421,5,"Fajnie nawilża, lekki apetyczny zapach, delikatny kolor na ustach"
2082421,5,❤️❤️❤️❤️❤️❤️
2082421,1,Sztuczny smak i zapach
2082421,4,"Dobry olejek, ładnie pachnie, daje nawilżenie. Gwiazdka mniej za pojemność - w tej cenie tubka mogłaby być większa."
2082421,2,"Błyszczyk zostawia mega tępy, nieprzyjemny efekt. Nie kupię ponownie"
2082421,5,Polecam
2082818,5,"Ten produkt poleciła mi kosmetyczka, stosuję dwa razy dziennie i jest super nawilżenie. Jedynie pozostawia masny efekt i dziwnie pachnie"
2082914,5,🚀❤️super
2082914,5,"Cała seria tych kosmetyków dla mnie to złoto. Uwielbiam 🔥🔥🔥 szybko sie wchłania, nie uczula."
2082914,5,polecam
2082914,5,Nawilżający i kojący serum
2082914,5,Na te chwile jest ok. Mogę wypowiedzieć się więcej po dłuższym użytkowaniu.
2082915,5,Świetne serum! Polecam!
2082915,5,Polecam!
2082915,3,"Nie robi nic na twarzy, ale też nie zaszkodził. Zużywam na dekolt"
2082915,5,Najlepsze serum jakie miałam . Po użyciu cera promienna i świetnie nawilżona. Sprawdza się również do pilingu kawitacyjnego 🔥
2082915,5,Polecam! Świetnie oczyściło mi skórę. Zmniejsza widoczność porów i zaskórników🤍
2082915,5,Dibre serum dla każdego typu skóry
2082915,5,"Świetne serum, które pozostawia skórę gładką, miękką i odżywioną. Sprawdza się zarówno pod makijaż, jak i w wieczornej pielęgnacji. Na pewno zakupię ponownie :)"
2082915,5,"Serum jest wspaniałe, świetnie nawilża . To moje kolejne opakowanie i na pewno będę kupowala kolejne 🔥"
2082973,5,"Moje kolejne opakowanie, polecam"
2082975,5,🔥super krem
2082976,5,Super krem dla cery wrazliwej. Bardzo duzo swietnych skladnikow! Stanowczo wart swojej ceny.
2082990,5,🔥super produkt
2082995,5,Widocznie poprawia wygląd porów.
2082995,5,Świetny produkt!
2082995,5,"super lekkie ale skuteczne serum, moje kolejne opakowanie, polecam dla cer dojrzałych ze względu na zawartość peptydów❤️❤️❤️"
2082995,5,ok dobrze sie wchłania
2083004,5,"Twarz super nawilżona , nakładam kilka warstw"
2083005,5,🔥super produkt
2083006,5,"Serum jest bardzo delikatne, idealnie się wchłania, do lepkiej warstwy żeby na serum coś jeszcze nałożyć."
2083006,5,Super serum👍️
2083006,5,"Serum idealne do wrażliwej i suchej cery. Odżywiło moją skórę, co zdecydowanie pomogło w walce z drobnymi krostkami."
2083006,5,❤️🔥 super nawilża
2083006,4,"Fajne nawilżające i kojące serum. Przez dosyć gęstą konsystencję trudniej używa się pipety niż w podstawowej wersji, która jest bardziej wodnista. A tak poza tym to serum dobrze złagodziło zaczerwienienia i podrażnienia na skórze. 🔥"
2083006,5,🚀ŚWIETNY PRODUKT
2083006,5,"Doskonale łagodzi wszelkie podrażnienia, dobrze nawilża"
2083008,5,"Skóra po aplikacji jest gładka i przyjemna w dotyku. Nawilżenie jest na najwyższym poziomie i długotrwałe.❤️ Dobry kosmetyk, polecam serdecznie.👍"
2083008,5,"super bogata formula, dobrze sie wchlania, czuc ze nawilaz, to juz moje druge opakowanie, jestem b zadowolona"
2083008,5,"Odczuwalnie wygładza i zmiękcza skórę. Uwielbiam ten krem za to, jak lekko się aplikuje."
2083008,5,"Jest odpowiedni dla każdego typu skóry.❤️ Dobrze się rozprowadza, nie trzeba mocno wcierać. Rekomenduję, sprawdził się doskonale.😍"
2083008,5,Moja skóra jest idealnie nawilżona i wygląda zdrowiej każdego dnia.
2083008,5,"Aplikacja jest szybka i komfortowa. Nie uczula, nie drażni, a efekty są zauważalne już po kilku dniach. Totalnie mnie zauroczył, konsystencją, działaniem, zapachem."
2083008,5,Krem świetnie się rozprowadza i natychmiast wchłania.
2083015,5,"Wydajny bo wystarczy niewielka ilość produktu a jest dużo piany, zostawia skórę czystą i przyjemną w dotyku 👍️"
2083015,5,"Dobre, łagodne"
2083015,5,Supei👍️
2083015,5,"Dobrze zmywa makijaż, nie szczypie w oczy, jak dotąd moja ulubiona pianka do demakijażu"
2083017,5,"Bardzo dobrze oczyszcza i nawilża skórę. Nie powoduje wysypu krost, nie podrażnia. Chętnie kupię kolejną sztukę."
2083017,5,"Rewelacyjny, lekki i dobrze oczyszcza skóre👍️"
2083017,5,💪 Doskonały po prostu.
2083017,5,Uwielbiam !
2083017,5,"Najlepszy olejek do dwuetapowego mycia twarzy, testowałam już sporo i do tego zawsze wracam. Jedyny minus to cena, ale jest wydajny."
2083017,5,super delikatny olejek do mycia👍️
2083017,5,"Super lekki olejek, dobrze zmywa makijaż 🙂"
2083024,5,Jestem zadowolona z tego kremu. Szybko się wchłania i dobrze nawilża. Mam cerę mieszaną. Krem nadaje się pod podklad
2083030,5,super❤️mega dobre
2083030,5,Super cena i super pomaga naprawdę!
2083030,5,"Mój pierwszy zakup tej firmy. Bardzo dobry produkt. Na pewno kupie więcej. 👍️ Moja tłusta skóra go uwielbia. Polecam dla każdych z problemami z sebum. Świetna aplikacja, konsystencja i działanie."
2083030,4,Przyjemnych w używaniu. Efektów po 1 użyciu nie widzę.
2083031,5,"fajna maseczka, wygodny pędzelek:)"
2083035,3,Produkt niestety ale bieli i wysusza skórę
2083037,5,"Wspaniały krem, serio rewelacyjny. Lekki i delikatny, nie bieli, skóra po nim nie jest lepka, nałożony na normalną pielęgnację nie tworzy na twarzy maski, spokojnie nakładałam na niego krem BB, bez rolowania, bez efektu tapety, serio ideał!!!🔥🔥🔥"
2083037,5,"Super mi się sprawdza, dobrze nawilża. Mam skórę podatną na trądzik i przesluszenia i ten krem sprawdza się idealnie"
2083037,5,"I have been using this for a while. I love how it is glowy, non-greasy and no white cast."
2083037,5,"Cieszę się, że ta Mariano ten konkretny krem trafił na półki do mego ulibionegonRossmanna"
2083037,5,"Bardzo przyjemny spf, szybko się wchłania i pozostawia ładną cerę"
2083037,5,Dobry produkt. Dziękuję
2083037,5,Przyjemny
2083037,5,🔥🔥🔥
2083037,5,"Bardzo fajna konsystencja. Lekki ,super pod makijaż .
Polecam"
2083037,4,"Jest lekki, dobrze się wchłania ale zbyt drogi. Są tańsze i lepsze...👍️"
2083040,5,Działa cuda. Rano mam dobrze nawilżoną cere. Kupię ponownie
2083045,5,"Super się wchłania, jest o wiele lepszy niż ,, kultowa"" Holika"
2083092,1,"Produkt podrażnia oczy, podczas użytkowania, po zmyciu efekt się utrzymuję."
2083401,5,"treściwy balsamik, ulga dla mojej skóry pod oczami 👍️"
2083920,5,"Super nawilża , idealne dla nastolatek"
2083920,5,"Nadaje bardzo ładny, delikatny różowy kolor na ustach. Nawilza, nie jest trwała,"
2083920,4,Szału nie ma
2083920,3,W miarę nawilża
2083920,1,produkt śmierdzi plastikiem
2083920,5,Rewelacja mięciutka pomadka z subtelnym kolorem
2083920,5,Bardzo dobry balsam do ust👍️👍️👍️
2083920,5,Piękny i profesjonalny produkt. Polecam 👍️
2083925,2,"Niczego nie ujędrnia, a efekt jest do zmycia."
2083925,5,Super skład. Bez parafiny
2083925,3,Mało nawilżający
2083925,5,Miękkie błyszczące usta Polecam
2083925,3,Jest ok. Po nałożeniu efekt nawilżenia utrzymuje się przez kilka minut. Oceniam na mocne 3+
2083926,1,Produkt nie spełnia swojego zadania
2083926,5,❤️super
2083926,3,"Okropna, kleista konsystencja. Palce również obklejone tym mazidłem. Zapach irytujący. Z plusów, to długo trzyma się na ustach. Jestem na nie."
2083926,5,Świetnie nawilża i cudownie pachnie
2083926,3,"Szkoda, że trzeba nakładać palcem"
2083926,5,Uwielbiam tę maskę! Kilka dni i usta jak nowe 😄😊 zapach piękny 😍
2083926,5,Polecam
2083926,5,Super skład. Bez parafiny
2083926,5,"Najlepsza maska do ust, nie tylko na noc. Lepiej wygląda na ustach niż niejeden błyszczyk. Świetny skład. To moje kolejne opakowanie"
2083926,5,❤️❤️❤️
2083931,5,"Bardzo przyjemny balsam, usta są po nim miękkie i gładkie, polecam."
2083931,1,Strasznie wysusza mi usta a nawet pojawiły się na nich pęknięcia i nadzerki po paru zastosowaniach tego produktu.
2083931,2,"Balsam bardziej wysusza niż nawilża, po paru użyciach zaczęła mi pękać skóra na ustach."
2083931,5,Polecam👍😉❤️
2083931,4,"na efekty spektakularne za krótko, w opisie trzeba poczekać 4 tygodnie, balsam ma super konsystencję, wrażenie nawilżonych ust"
2083931,5,"Bardzo fajny produkt, dobrze nawilża i sprawia, że wydają się pełniejsze"
2083931,4,"Nie widzę dużej różnicy, preferuję z tej serii drugą pomadkę, żółtą"
2083931,5,"Kiedyś kupiłam w Rossmannie balsam z peptydami Bielendy - ale potem zniknął i rzez kilka lat (co najmniej 2-3) Bielenda nie miała balsamu peptydowego - był tylko z kwasem hialuronowym. Dla mnie słabiutki (lubię intensywnie odżywcze). Od jakiegoś czasu jest moda na peptydy w balsamach, kupuję różne, niektóre warte albo niewarte ceny (też ze względu na pojemność) - ostatnio kupiłam produkt Bielendy i jest w porządku - wczoraj ""dokupiłam"" 2, żeby mieć pod ręką. Polecam, usta są faktycznie odżywione, pełniejsze.
...Więcej"
2083931,4,Takie sobie
2083932,5,Dobrze się rozprowadza na ustach. Efekt nawilżenia utrzymuje się przez długi czas. Usta po użyciu wyglądają na zdrowo odżywione.
2083932,5,"Serum ma przyjemną, żelową konsystencję. Zauważalnie nawilża spierzchnięte usta."
2083932,5,Bardzo dobry produkt
2083932,5,"Świetny olejek, mam skłonność do przesuszania się ust, wystarczy jeden dzień konsekwentnego używania i są jak nowe, gładkie i miękkie"
2083932,5,"Bardzo dobre serum do ust, dobrze nawilza suche usta."
2083932,5,Super pomadka ust jest
2083932,5,Rewelacyjny produkt do pielęgnacji ust. Pięknie nawilża usta. Polecam 🙂
2083932,5,Bardzo dobrze nawilża i regeneruje
2083932,5,"Bardzo dobre serum do ust regeneracyjne , olejek w żelu . Super nawilża i długo utrzymuje się to nawilżenie na ustach .

Polecam 🙂
...Więcej"
2083932,5,Jest ok
2083936,2,"Niestety nie nawilża. Jest dość rzadka, nie zostawia poczucia nawilżenia ani natłuszczenia na ustach, a lekką powłokę, którą w sekundę znika i wysusza usta. Nie polecam"
2083936,5,Bardzo dobry sztyft dla przesuszonych i spękanych ust. Bardziej jako kosmetyk na podrażnienia. Mocno natłuszcza
2083936,5,Bardzo dobrze chroni usta polecam
2083936,5,Fajny produkt godny polecenia
2083936,4,"Zbyt tłusty dla ust, ale spełnia swoje zadanie."
2083936,4,Niezły i delikatny zapach
2083936,4,Bardzo dobrze nawilża usta ❣️
2083936,5,🔥🔥🔥
2083936,5,Jedna z lepszych pomadek do ust.
2083936,5,Chroni usta na 💯
2083937,1,"Nadaje delikatny, naturalny, różowy kolor, ale STRASZNIE wysusza i bardzo szybko schodzi z ust. Nie kupię ponownie, bo czuję, że po każdej aplikacji usta są tylko bardziej suche, więc i tak muszę używać innej pomadki do nawilżenia"
2083937,5,Usta są miękkie i nawilżone. Łatwo się go nakłada.
2083937,5,"Najlepsza - piękny delikatny zapach, super nawilża i chroni. 💯"
2083937,4,Super pomadka ochronna do ust
2083937,5,"Super na suche usta, dobrze nawilża 👍️"
2083937,4,bardzi delikatnie zabarwia usta na jasno-różówo
2083937,5,Doskonale nawilża usta.
2083937,5,Chroni usta i długo utrzymuje się na ustach. 😊💖🌸🌼
2083937,4,"Spierzchniętych ust od razu nie przywróci do porządku. Zupełnie nie wiem, dlaczego nazywa się ona rosy lips - żadnego różowienia nie ma. Nie bym na to liczyła, szukałam neutralnej pomadki. I ta taka jest. Jedynie nie jest skuteczna tak, jakbym tego oczekiwała."
2083937,5,Świetnie nawilża!
2083938,5,Vaselina zostawia bardzo ładny efekt na ustach i nawilrza
2083938,5,Uwielbiam
2083938,5,"Bardzo dobrze nawilża usta 
🔥🔥"
2083938,5,Dzieciom wyleczyło spękane usta.
2083938,5,"Od lat , najlepsze jako okluzja. na noc pod oczami działa jak maska"
2083938,5,Polecsm
2083938,5,jest OK
2083938,5,Najlepszy na zimne dni
2083938,5,Super polecam
2083938,4,"Pr9sukt ok, ale troche przeszkadza mi zapach"
2083939,5,Bardzo dobrze nawilża usta.
2083939,5,Nie kończy się i naprawde robi robote🔥
2083939,4,"Fajny balsam ,dobrze nawilża usta"
2083939,5,Tylko to zdołało nawilżyć moje usta zimą przy aparacie orto! Nawet neutrogena poległa 😅
2083939,5,Super👍️
2083939,5,"Fajna ta wazelina. Mocno nawilża, usta są mega i na dodatek barwi delikatnie na różowo. Polcema"
2083939,5,dobrze nawilża
2083939,3,"Jest trochę niewygodna w użyciu. Mało higieniczna , choć sama w sobie niezła."
2083939,5,🔥💪🚀
2083939,5,🔥🔥🔥
2084703,5,"Produkt stosowany przeze mnie od roku. Uważam za najlepszy płyn micelarny do cery tłustej i mieszanej. Oczyszcza dokładnie z makijażu, nie podrażnia, usuwa sebum. Nie wymaga zmywania wodą. Wadą jest wysoka cena. Kupuję go gdy trafię na promocje. Dlatego najchętniej kupuję duże opakowanie (500 ml), bo wystarcza do kolejnej promocji.👍️
...Więcej"
2084839,5,idealne dopasowanie polecam👍️
2084888,4,"Idealny do szybkiej pielęgnacji – zero problemów z aplikacją. Nie zapycha porów, a skóra staje się gładsza i bardziej rozświetlona. Zamówiłam już kolejne opakowanie."
2085453,5,"Polecam
Działają 
Wzmacniają pielęgnację"
2085453,5,"Mama zadwolona ,jej posuja"
2085453,5,"Naprawdę pomagają, krem pod oczy lepiej się wchłania i szybciej."
2085453,5,"❤️ Polecam, fakt iż są wielorazowe jest najwspanialszy w całym tym produkcie. Długo szukałam czegoś co będzie wielorazowe i się udało. Nakładam ulubione serum pod oczy, na to płatki na kilka minut i później krem lub wieczorem wkładam płatki do lodówki (fenomenalne metalowe pudełeczko) i rano niwelują pięknie opuchliznę. Jedna uwaga, bo przy pierwszym użyciu byłam za bardzo cierpliwa i zostawiłam mocne serum pod płatkami na 20 minut- a płatki te potęgują działanie serum, więc radzę ostrożnie wydłużać czas i powoli, żeby nie doprowadzić do wysuszenia czy podrażnienia.
...Więcej"
2086278,5,Składniki odżywcze dobrze nawilżają skórę. Po użyciu skóra jest odświeżona i gładka.
2086278,5,Po otwarciu opakowania płachta była świeża.
2086278,5,miękka skóra
2086278,5,👍️👍️👍️❤️❤️
2086278,4,"Madeczka jakich wiele na rynku, ale i tak warta zakupu. Plus na niską cenę i ładne opakowanie."
2086278,5,"Dobrze działająca, odpowiednio nawilżająca maska"
2086278,3,nie zauważyłam różnicy
2086278,5,Super 👍️
2086278,5,Rozświetla i nawilża
2086278,3,Polecam
2086323,5,Dobre nawilżenie
2086325,5,Polecam
2086325,5,Pięknie pachnie gumą i żelkami
2086325,5,👍️👍️👍️
2086325,5,🔥🔥🔥
2086325,4,Dobry produkt
2086325,5,Super :)
2086325,4,Fajna pomadka nawilżająca
2086325,5,Idealny dla fanek Psiego patrolu
2086325,5,Córka zadowolona. Dobrze nawilża usta
2086325,4,wnuczka zadowolona
2086326,5,"Usta są teraz miękkie i nawilżone. Nadaje ustom zdrowy wygląd, bez uczucia lepkości."
2086326,5,Moje dziecko uwielbia go 🤩
2086326,5,"Córka zachwycona, nie powoduje alergii"
2086326,5,Wszystko ok
2086326,5,Balsam Psi Patrol to podstawa w dziecięcej pielęgnacji ust :)
2086326,1,Sama chemia
2086326,5,"W porządku, dziecko zadowolone"
2086326,5,Dla córki być z pieskiem
2086326,5,Wszystko ok :)
2086326,5,"Bardzo ładnie pachnie i nawilża usteczka
Córeczka jest bardzo zadowolona"
2086809,5,👍️Składniki wydają się być dobrej jakości.
2086809,5,"Przyjemny skład, bez zbędnych dodatków."
2086809,1,Podrażniło moją skórę.
2086809,4,"Dobry produkt, tani. Świetnie sprawdza się po zmianach hormonalnych gdy mnie wysypało. Trochę konsystencja mi nie pasuje."
2086809,5,"Fajna maseczka, daje przyjemne uczucie i dobrze działa na skórę"
2086809,5,Idealna
2086809,4,Fajna maseczka ale nic nadzwyczajnego
2086809,5,Polecam do każdego rodzaju cery
2087484,5,"fajny błyszczyk, piękny nude color."
2087484,5,Naturalnie wygląda na ustach
2087484,5,Najlepsza formuła olejku do ust z jaką się spotkałam
2087485,5,Najlepsza formuła olejku do ust z jaką się spotkałam
2087486,5,Super polecam
2087486,5,Cudo ❤️
2087486,5,🔥🔥🔥❤️
2087486,4,Przyjemnie nawilża i nadaje ustom piękny blask❤️ Duży plus za wygodny aplikator i wiśniowy zapach🍒
2087486,5,Piękny zapach wiśni i doskonały olejek 😁
2088106,5,👍️🚀❤️
2088232,5,Super 👍️
2088232,5,Przepiękny zapach i idealna konsystencja!🤩
2088232,4,Super tylko aplikator jest nie w moim typie ale pozatym to jest superrrrr🔥👍️
2088232,3,Sredni
2088232,5,Bardzo dobry produkt
2088232,4,"Kupuję już kolejny raz, świetny olejek, tylko drogi."
2088232,5,"Mam już drugie opakowanie. Świetnie nawilża usta, nie skleja ich oraz nadaje delikatny kolor
 Uwielbiam !"
2088232,5,Ten produkt wydaje się fajny ale kupowałam go dla przyjaciółki
2088232,5,"Kupiłam dla córki, która jest bardzo zadowolona, ponieważ spełnia jej oczekiwania."
2088232,5,Doskonałe nawilżenie.
2088249,5,💪🔥🔥🔥🔥
2088249,5,"Świetne serum, lekka konsystencja, cera widocznie rozjaśnione i promienna"
2088249,5,Rewelacyjny krem
2088250,5,"Skóra jest miękka, dobrze nawilżona. Krem jest bardzo wydajny, wystarczy niewielka ilość. Idealny do codziennej pielęgnacji.⭐"
2088250,5,Krem jak masełko. Extra formuła. Moja skóra jest nawilżona przez cały dzień.
2088250,5,Nawilżenie 10/10.;) Można bez obaw stosować także na szyję i dekolt. Kupiłabym ponownie.;) Polecam serdecznie. ❤️
2088250,5,Super krem! Fantastycznie działa na cerę i nie zostawia tłustego filmu na skórze. Polecam!🔥
2088250,5,Używam codziennie i za każdym razem cera wygląda na zdrowszą.
2088250,5,"Bardzo dobrze się wchłania, nie trzeba długo czekać."
2088250,5,"Krem na idealną formułę. Po nałożeniu skóra jest pełna blasku.👌 Fantastyczny krem, polecam każdemu. ❤️"
2088251,5,"Dobry produkt o dobrym składzie. Nie powoduje podrażnień ani wyprysków, skóra po użyciu jest miękka i jędrna, dobrze odżywiona."
2088251,5,Nawilżający
2088251,5,"Używam od niedawna ale już widać różnicę. Skóra dobrze oczyszczona, niewysuszona. Produkt bardzo wydajny"
2088251,5,"Rewelacyjny produkt, delikatny, subtelny"
2088251,5,polecam nie uczula super ❤️ zmywa makijaż
2088251,5,Bardzo dobrze myje całą łącznie z oczami twarz
2088251,5,"Delikatny żel do zmywania makijażu, można używać także do masażu twarzy. Bardzo polecam"
2088251,5,Bardzo wydajny żel. Po użyciu skóra jest mięciutka i nawilżona.❤️
2088251,5,"Mega wydajny, przyjemny. Myślę ze do niego wrócę:)"
2088834,5,"Przetestowany w Tajlandii - bardzo skuteczna ochrona, nie bieli, nie roluje się, nie podrażnia, nie zapycha i na skórze jest praktycznie niewyczuwalny. Ideał!"
2089167,4,"Do codziennego niezbyt mocnego makijażu jest ok. Z mocnym i wodoodpornym makijażem sobie nie radzi, rano budzę się z odbitym, niedomytym tuszem."
2089167,5,"Rewelacja produkt, super czyści twarz z makijażu i jednocześnie nawilza"
2089167,2,"Słabo domywa niestety. Kupiłam na wyjazd z uwagi na pojemność, ale naprawdę słaby."
2089167,5,"Uwielbiam, Dla mnie lepszy od dwufazowego z G."
2089167,4,Mega fajny
2089167,5,Polecam 🔥🔥
2089167,5,Wersja wyjzadowa do walizki. Jest ok!!!
2089167,5,🔥bardzo dobre i tanie
2089167,5,Najlepszy płyn do demakijażu oczu. Zużyłam już chyba 100 opakowań! Polecam szczególnie do zmywania tuszu wodoodpornego i kępek rzęs!
2089167,5,Plyn delikatnie zmywa makijaż wodoodporny nie podrażnia oczu
2089509,5,"Nie uczula, nie drażni, a efekty są zauważalne już po kilku dniach."
2089509,5,"Super opcja do porannego rytuału pielęgnacyjnego. Wszystko zgodne z opisem, efekty super.👌 Krem w sam raz dla mnie - lekki, nie zostawia tłustej warstwy."
2089509,5,Bardzo dobry krem spf nawilża i chroni nie bieli. Polecam.
2089509,5,Polecam. Górny plus za SPF 50.
2089509,4,"Super wydajny, mogę go stosować także na noc. Zdecydowanie poprawił wygląd mojej skóry – jest bardziej promienna i napięta. Bardzo dobra jakość w rozsądnej cenie. Krem jak masełko. Extra formuła."
2089509,5,"Nie klei się, nie zostawia żadnych śladów. Bardzo dobrze radzi sobie z przesuszeniami i szarą cerą. Nie żałuję zakupu i polecam."
2089509,5,"Każde użycie to czysta przyjemność. Dobry kosmetyk, polecam serdecznie.👍"
2089509,5,"Bezproblemowe dozowanie – nie trzeba się martwić nadmiarem. Nie zapycha porów, a skóra staje się gładsza i bardziej rozświetlona. Aż chce się go używać codziennie!"
2089509,5,"Uwielbiam ten krem za to, jak lekko się aplikuje. Moja skóra jest idealnie nawilżona i wygląda zdrowiej każdego dnia. To jest po prostu magia, polecam."
2089509,5,"Jeszcze nie używałam, ma dobry skład i to się liczy."
2089527,5,"Bardzo fajny pomysł na tego typu maskę , obejmuje całe oko , fajnie się wchłania"
2089527,5,aa to sukces produktu
2089527,5,Bardzo dobra maska świetnie nawilża i napina skórę.
2089527,5,super produkt
2089527,5,Maska pod oczy jest świetna.Rozjaśnia i nawilża okolice wokół oczu.Zmnuejsza też widoczność zmarszczek.
2089527,5,💯 polecam
2089528,5,Używam tych masek do dobrego nawilżania twarzy spisuja się supwr
2089528,5,Cudownie nawilżająca maska polecam
2089528,5,"Bardzo dobra maska świetnie napina i nawilża skórę, ogromny plus za płachtę na szyję która przecież również wymaga pielęgnacji"
2089528,5,"❤️cudowny produkt,czysty skład ,fajna promocja"
2089528,5,Efekt murowany odrazu po zastosowaniu polecam
2089528,5,👍️💯bardzo skuteczna
2089528,5,Super jakość tylko ten produkt z serii ma dobry skład gdyby kosztowała 10 zł kupowalabym częściej
2089528,1,"Nie wiem dla kogo jest wyprodukowana ta maska. Otwory na oczy sa bardzo małe. Natomiast na usta ogromne a część między nosem a ustami bardzo wąska. Bardzo trudno jest ją nałożyć na twarz.

Drugą część nałożyłam na szyję i bez przerwy mi zjeżdżała i odpadała. Nie wiem może to maseczka do stosowania wyłącznie na leżąco?
Nie zauważyłam jakiegoś spektakularnego nawilżenia czy wygładzenia. 
Natomiast dwie wielkie krosty po niej już tak. Więc mnie zapchała.

Nie wiem czemu maska jest dostarczana aż na dwóch flizelinowych płachtach- straszne nie ekologiczna. 

Na pewno więcej nie kupię.
...Więcej"
2089528,5,👍️Rewelacyjna jakosc
2089528,5,Super jakość i cena na romocji
2089864,4,Nie zostawia smug ani uczucia ściągnięcia.
2089921,5,Cudowne wygładzenie polecam opakowanie wystarczyło mi na 3 aplikacje 🚀
2089921,5,Skóra po nim jest taka czysta i odświeżona.
2089921,5,"Zamiennik Tołpy 3 enzymy, ale łatwiej się zmywa i nie pachnie godzinę po zmyciu wszędzie, gdzie dotknął czegokolwiek. Wygodna saszetka na 2 użycia, tani i porządny."
2089921,5,Poprawa miękkości skóry
2089921,5,"Bardzo dobry produkt, świetnie wygładza"
2089921,5,👍️ Bardzo polecam
2089921,5,Bardzo dobry produkt.
2089921,5,"Delikatnie,ale dobrze oczyszcza twarz, łatwy w użyciu"
2089921,5,"Warto stosować, super efekt 😁"
2089921,5,"Bardzo dobry produkt dla cery wrażliwej, naczynkowej. 
Plusem jest efekt gładkości."
2089930,5,💪💯❤️🚀
2089930,5,Doskonała maseczka.
2089930,5,👍️👍️👍️👍️👍️
2089930,5,"Ogólnie rzecz biorąc wszystkie maseczki tej firmy są bardzo dobre. Mam bardzo problematyczną cerę, trudną do utrzymania. Maseczki tej firmy nie podrażniają i spełniają to co producent obiecuje. Kolejny plus, to przystępna cena."
2089930,5,Jestem bardzo zadowolona z zakupu❤️
2089930,5,👍️ polecam
2089930,5,Używam i jest rewelacyjna 👍️💯
2089930,5,"Jestem zachwycona tym produktem, polecam"
2089930,5,Ilość maseczkę dobrych marek i promocyjne ceny
2089930,4,Polecam!
2089931,5,Mega zestaw
2089931,5,Fajnie natłuszcza skórę i naprawdę koi
2089931,5,Bardzo przyjemna.
2089931,5,twarz wygląda świeżo
2089931,5,Uczucie nawilżenia i odprężenia.
2089931,5,Całkiem spoko po 1 uzyciu
2089931,4,Pięknie nawilża skórę
2089931,5,Super ❤️
2089931,5,"Maseczka jest świetnym uzupełnieniem codziennego kremu do twarzy, świetnie odżywia, polecam"
2089931,5,Jestem bardzo zadowolona z zakupu❤️
2089937,5,"Składniki odżywcze, które dobrze działają na skórę."
2089937,5,👍️👍️
2089937,5,Ok myślę że działa
2089937,5,Piękny efekt po.
2089937,5,👍️🚀❤️
2089937,5,Moja skóra jest świetnie nawilżona
2089937,5,jest ok
2089937,5,"Extra , polecam"
2089937,5,🔥💪💪🚀
2089937,5,"Super maska wygładzająca skóra napięta zmarszczki mało widoczne, szczerze polecam💯👍️"
2089953,4,Jest okej
2089953,5,"Ładnie pachnie, dobrze nawilża, kremowa konsystencja. Wrócę do niej."
2089953,5,"Zapach maski jest delikatny i świeży, co bardzo mi odpowiada, ponieważ nie jest przytłaczający. Po jej użyciu skóra wygląda na wypoczętą i nawilżoną, a uczucie komfortu utrzymuje się przez długi czas. 
Naprawdę robi różnicę, zwłaszcza jeśli moja skóra jest przesuszona. Maska intensywnie nawilża, wygładza i regeneruje skórę, sprawiając, że jest promienna i miękka. Opakowanie w saszetce jest bardzo praktyczne, a sama maska łatwa w użyciu i wygodna💯❤️
...Więcej"
2089953,5,Ok myślę że działa
2089953,5,"Twarz po maseczce nawilżona i wygładzona 
Super"
2089953,4,Jest ok.
2089953,5,"doskonale się trzyma, świetnie nawilża i odżywia"
2089953,5,zgodnie z oczekiwaniami
2089953,5,Super nawilza
2089953,5,Super nawilżenie skóry
2089957,5,Przepiękna maseczka!!
2089957,5,Bardzo fajna i dająca szybko efekt na cerze
2089957,5,"Ładnie pachnie, faktycznie wygładza. Radzę zrobić tuż przed makijażem"
2089957,5,"super, efekt natychmiastowy. Polecam"
2089957,5,"Bardzo dobrze się nakłada, przyjemnie pachnie"
2089957,2,Nie widziałam spektakularnych efektów po użyciu 😏 w tej cenie można kupić lepsze maseczki.
2090010,5,Dobra cena.👍️
2090010,5,Bardzo fajne
2090010,5,"SUPER, łatwa w uzyciu"
2090010,5,💯💯💯💯
2090010,5,"Świetnie wygładza, używam na szyję i dekolt."
2090011,5,Moja skóra bardzo dobrze reaguje na ten produkt.
2090011,5,Zauważyłam znaczną poprawę nawilżenia i elastyczności skóry.
2090011,5,Polecam ❤️
2090011,5,Super maseczka💯
2090011,4,"Chyba bardziej efekt placebo niż poważne efekty, nie widzę róznicy :("
2090011,5,Dobrą jakość i cena
2090011,5,Jest efekt
2090011,5,Jest ok
2090011,5,POLECAM
2090011,5,Bardzo dobry produkt
2090012,5,Produkt szybko się wchłania i nie pozostawia tłustej warstwy.
2090012,4,Zmarszczki wydają się minimalnie spłycone.
2090012,4,"Naprawdę fajna maska, idealna na serum przed ważnym wyjściem. Troszkę tylko mała."
2090012,5,"Moja ulubiona . 
Widoczne efekty przy regularnym stosowaniu 😊
Polecam !"
2090012,5,👍️👍️👍️
2090012,5,Świetna🔥
2090012,5,Bardzo fajne
2090012,5,Polecam❤️
2090012,5,"Fajna maseczka, najlepiej działa po schłodzeniu w lodówce."
2090012,5,Super polecam
2090170,5,Polecam fajnie wyprofilowana oraz pełna produktu
2090170,1,"Zawiodlam się. Kupiłam w ciemno, bo firma niby dobra, a maseczka ma bardzo wysoko w składzie alkohol, czuc go bardzo mocno po wyjęciu z opakowania. Musiałam zdjąc przed czssem,bo mnie podrażniła"
2090170,4,Dobre maseczki
2090170,5,👍️💯💯💯
2090170,5,fajna🚀🚀🚀
2090171,5,Super maska w przystępnej cenie
2090171,4,Dobre maseczki.
2090172,5,❤️❤️❤️
2090172,5,"Wypełniona esencja, dobre działanie polecam"
2090172,5,"super, ładnie nawilża twarz i ją odświeża"
2090172,4,Dobre maseczki
2090173,4,Dobre maseczki
2090173,5,Polecam
2090173,5,🔥🔥🔥
2090173,4,"Super maseczka, polecam. Nie wiem jak może zadziałać na bardzo wrażliwej skórze, ale sama idealnej nie mam i ta maseczka ani trochę jej nie podrażniła. Moja twarz jest teraz nawilżona i jeśli można tak powiedzieć zrelaksowana🍵🪞🧘‍♀️"
2090173,5,Wszystko oki
2090174,4,Dobre maseczki.
2090174,5,Super ok
2090174,5,Dobrze rozświetla cerę.
2090174,5,kupiłam jedna sztukę ale żeby coś więcej powiedzieć musiałabym przetestować kilka sztuk .Wydaje się być super
2090174,5,Polecam
2090174,5,Dobry wybór
2090174,5,🔥fajna maska
2090175,5,👍️ super
2090175,4,Dobre maseczki
2090175,5,Super ok
2090175,5,💯👍️💯💯💯💯
2090175,5,fajna🚀🚀🚀
2090175,5,🔥🔥🔥🔥🔥
2090177,5,polecam
2090177,5,"Typowa maseczka w płachcie - miła dla twarzy, łagodnie działa. Lubię ją!"
2090177,5,Jest świetna polecam
2090177,5,"Bardzo przyjemnie nawilża, świetny zapach"
2090177,5,🔥🔥🔥🔥🔥
2090178,5,Jest świetna polecam
2090178,5,Super produkt
2090181,5,Jest świetna polecam
2090184,5,🔥dobrze nawilża 💪
2090184,3,Maska raczej nie do końca się wchlania
2090184,1,Wysypało mnie po tym. Nigdy więcej
2090184,2,"Maseczka nie spełnia oczekiwań,brak efektów obiecywanych"
2090184,5,Super maseczka Szybko się wchłania Buzia dobrze nawilżona Mi ta saszetka wystarczyła na trzy razy
2090184,5,❤️ po zastosowaniu u mnie twarz delikatna
2090184,5,Dobrze się wchłania
2090184,5,Maseczka j
2090184,5,skuteczna i bardzo miły zapach
2090184,5,"Maseczka jest rewelacyjna, świetnie nawilża i wygładza cerę. Polecam"
2090192,5,💪💯❤️
2090192,5,Bardzo fajna maseczka
2090192,5,Świetny produkt w super cenie
2090194,3,Jest ok
2090194,5,Rewelacja polecam
2090194,5,❤️❤️❤️❤️❤️❤️
2090194,5,2 maseczki w super cenie i super składem
2090194,3,Maseczka średnio nawilżyła mi twarz. Średnio się wchloneła pozostawiając woskową warstwę w związku z tym za drugim razem ją zmyłam. Nie znoszę gdy coś mi się roluje na twarzy.
2090194,5,"Bardzo fajna konsystencja, nawilża i odpręża."
2090194,5,"Rewelacyjna, po użyciu twarz bardzo nawilżona, miękka, aksamitna w dotyku."
2090202,5,💯💪🔥
2090202,1,"tragedia, maseczka się rozrywa przy samym rozkładaniu jej, zjeżdża z twarzy, trzeba leżeć przez cały czas stosowania, inaczej się nie da"
2090202,5,❤️💯💪
2090202,2,"Trudno maseczkę utrzymać na twarzy, bo po prostu się zsuwa, taka śliska. Nawet przy leżeniu nie jest wygodna. Efekty też średnie."
2090211,4,ok produkt
2090211,5,doskonała regeneracja skóry.
2090211,5,💪💪❤️❤️💯
2090211,5,Polecam
2090211,5,👍️👍️👍️👍️👍️
2090211,5,Super jakość
2090211,5,👍️💯❤️
2090211,5,"Super, polecam💯"
2090211,5,w mojej ocenia i dla mojej cery jest bardzo donra
2090211,5,"Rewelacyjna do cery dojrzałej, rano skóra o parę lat młodsza."
2090223,4,Maska w porządku jednak ciągnie za uszy
2090243,5,Super produkt
2090243,5,Kupiłam dla córki na prezent
2090243,5,Maska piękna zapach super
2090243,5,Świetnie nawilża
2090243,5,❤️❤️❤️
2090243,4,Cudo👍️
2090243,5,super nawilzajaca skore twarzy
2090243,5,Przyjemnie nawilża
2090243,5,❤❤❤❤❤❤
2090243,5,Maska odmładzająca i jednocześnie rozbawiła mnie do łez gdy spojrzałam do lustra.
2091556,5,Fajna konsystencja galaretki a do tego jedno minutówka. Stosuje przed nałożeniem makijażu rano i mam wrażenie że makijaż utrzymuje się lepiej. Zostałam fanką i wam też polecam.🔥💪🚀
2091575,5,"Skóra jest miękka, dobrze nawilżona. Nie wysusza, nie zapycha, ładnie pachnie:) Nie daje efektu WOW, ale poza tym bardzo dobry kremik."
2091581,5,"Dobrze zmywa makijaz, nie uczula"
2091581,5,"Produkt super, makijaż oczu i skóry twarzy na 5. Po oczyszczeniu żadnej reakcji, żadnego pieczenia skóry!"
2091661,5,"Czuć, że składniki są wysokiej jakości. Krem dobrze się wchłania. Przyjemna, delikatna konsystencja, idealna pod makijaż."
2091673,5,"Mój ulubiony tonik. Mam nieco ponad 30 lat, ale dla cery normalnej/mieszanej sprawdza się świetnie – nie mam prawie zaskórników, koloryt jest równomierny. Do tego kosmetyk pięknie pachnie – ma delikatny ziołowy zapach, który wspaniale odświeża."
2091673,5,"Fajny tonik, ładnie pachnie i skóra po nim jest odżywiona."
2091673,5,"Świetny tonik, nie tylko do nastoletniej cery. Wspaniale odświeża, moja cera jest gładka i bez zaczerwienień, pory się zmniejszyły.🔥"
2091673,2,Nie otrzymałam kremu 15ml który miał być dołączony do produktu
2091673,5,"Łagodzi zaczerwienienia, skóra jest miękka, odświeżona i stonowana. Mily lekki, świeży zapach."
2091673,5,"👍️produkt dobrej jakości, skuteczny."
2091673,5,"Piękny zapach,łatwa aplikacja w sprayu,skóra jest doskonale stonizowana.🔥"
2091674,5,Polecajka super dobry skład
2091674,5,Krem jest lekki i szybko się wchłania. Skóra po przebudzeniu jest wyraźnie bardziej nawilżona. Zapach jest neutralny i nie drażni.
2091674,5,"Przyjemna konsystencja kremu, dobra formuła"
2091674,5,Stosuję na noc razem z serum z tej serii. To moje kolejne opakowanie i zdecydowanie polecam ten duet. Mam cerę naczynkową i wrażliwą. Polecam 👍️
2091674,4,"Dobrze się dozuje i nakłada. Trochę dziwnie pachnie, ale da się przeżyć. Nie zauważyłam spektakularnego działania. Jest ok."
2091674,5,"Cera wygląda świetnie, nawet bez makijażu. Codzienne użycie to przyjemny moment.;) Znakomity krem, polecam.👌"
2091674,5,"Uwielbiam ten krem za to, jak lekko się aplikuje."
2091674,5,"Nie uczula, nie drażni, a efekty są zauważalne już po kilku dniach."
2091674,5,"Nie zostawia tłustego filmu, skóra jest od razu gotowa na makijaż. Daje super efekt nawilżenia. Warto mieć go w swojej kosmetyczce."
2091674,5,"Lubię go za to, że tak lekko się rozprowadza. Naprawdę wart uwagi, polecam z całego serducha.❤️ Delikatnie koi i dobrze sprawdza się także przy skórze wrażliwej."
2091675,5,"Bardzo fajny żel do mycia twarzy. Ma przyjemny zapach i nie ściąga skóry po umyciu. Mam cerę tłustą i nawet przy użyciu niewielkiej ilości produktu fajnie zmywa sebum i inne zanieczyszczenia dlatego uważam, że jest wydajny :)"
2091675,5,Jest godny do polecenia.
2091675,5,Strasznie fajny mega ładny zapacg👍️
2091675,5,"Fatalny dozownik, choć sam produkt fajny 🧡"
2091675,5,"Produkt dobrej jakości, skuteczny"
2091675,5,Wszystko fajne
2091675,5,Buza miła w dotyku. Świetnie sobie radzi z niedoskonałościami na twarzy.
2091675,4,"Jeszcze ciężko mi ocenić działanie tego produktu, na razie nie zauważyłam działania ""antytrądzikowego"" które obiecuje producent. Jestem zadowolona, że ten żel nie powoduje uczucia ściągnięcia na twarzy."
2091678,3,"Dobrze domywa, ale niestety mnie podrażniał. Co prawda mam dość wrażliwą skórę, więc dla osób, które nie mają z tym problemu może sprawdzić się lepiej. 🙂"
2091678,5,Mój ulubiony żel do mycia twarzy :)
2091678,5,"Dobrze, że ma naturalne składniki. Zauważyłam, że moja cera jest po nim bardziej miękka i gładka. Opakowanie jest praktyczne."
2091678,1,"Żel na bardzo wodnistą konsystencję, Trzeba go dużo dać żeby domyć twarz. Nie kupię ponownie"
2091678,5,Polecam
2091678,5,Dobrze domywa twarz. Nie podrażnia skóry.
2091678,5,❤️ jest super
2091678,5,Żel sprawdza się świetnie. Polecam
2091678,5,Bardzo ładnie zmywa makijaż
2091678,5,"Świetny produkt, bardzo dobrze zmywa makijaż, ma przyjemną konsystencję. Nie pozostawia tłustego filmu na buzi. Delikatny dla skóry. Bardzo dobry polski produkt w przystępnej cenie.❤️"
2091679,2,Roluje się
2091679,5,Niestety krem bardzo mnie uczulił :(
2091679,5,"Fajny lekki, szybko sie wchlania i fajnie nawilza za ta cene super"
2091679,5,"Cudo! Spełnił wszystkie moje oczekiwania – a nawet więcej. Lekka formuła, nie zapycha porów. Nie uczula, nie drażni, a efekty są zauważalne już po kilku dniach."
2091679,5,"Leciutki, rzadki, szybko się wchłania i nie pozostawia filtra chyba jako jedyny krem, którego używałam. Nie boję się nałożyć na niego make-up. Polecam bardzo dla przetłuszczanej się lub mieszanej cery."
2091679,1,Krem nie do mojej twarzy. Dostalam uczulenie. Zapach przyjemny.
2091679,5,"Krem, który się nie roluje ❤️"
2091679,5,"Ma aksamitną teksturę, która pięknie się rozprowadza. Moja skóra jest nawilżona przez cały dzień."
2091679,5,Sprawdza się na typie mojej skóry. Cudownie kremowa formuła – łatwo się go używa.
2091679,5,"Lubię go za to, że tak lekko się rozprowadza. Nawilżenie jest na najwyższym poziomie i długotrwałe.❤️ Totalnie mnie zauroczył, konsystencją, działaniem, zapachem."
2091680,5,"Lekka formuła, idealna na co dzień. Nawilża i regeneruje skórę. Kupiłabym ponownie.;) Polecam serdecznie."
2091680,5,"Bardzo dobry krem nawilżający, bez zapachu. Konsystencja lekko tłusta, ale krem dobrze się wchłania!"
2091680,5,"Idealny do szybkiej pielęgnacji – zero problemów z aplikacją. Krem w sam raz dla mnie - lekki, nie zostawia tłustej warstwy, fajnie nawilża, a przede wszystkim nie uczula"
2091680,5,"Cera wygląda na wypoczętą i bardziej jędrną. Świetny wybór, bardzo się u mnie sprawdził. Polecam. Super się nakłada – codzienna pielęgnacja to przyjemność."
2091680,5,"Stosuję od niedawna i jak na razie jest to jeden z najlepszych kremów, jakie używałam. Mam cerę trądzikową, dość wrażliwą, z dużą skłonnością do przesuszania sie aż schodzi z twarzy, łatwo zapychającą się, a ten krem dobrze nawilża, a przy tym mnie nie wysypuje. Stosuję raz dziennie na noc. Najpewniej kupię ponownie"
2091680,5,Nawilżenie jest na najwyższym poziomie i długotrwałe.❤️ Wygodne opakowanie ułatwia codzienne stosowanie. Bardzo dobra jakość w rozsądnej cenie.
2091680,5,"Nie zapycha porów, a skóra staje się gładsza i bardziej rozświetlona."
2091681,5,"Konsystencja kremu idealnie współgra ze skórą ani za rzadka, ani za gęsta."
2091681,5,"Lubię go za to, że tak lekko się rozprowadza. Krem w sama raz dla mnie - lekki, nie zostawia tłustej warstwy."
2091681,5,"Mąż zadowolony z kremu, skóra jest nawilżona i odżywiona, a przy tym jest matowe wykończenie."
2091681,5,"Krem ma bardzo dobry skład. Zazwyczaj nie wracam do kremów, bo nie działają, nie widzę żadnych efektów, nawet tych wow. Do tego kremu mokosh wrócę. Jest na skórze twarzy i działa, nawilża, skóra jest mniej zaczerwieniona. Dopiero kilka dni używam ale widze poprawę. Wezme też wersje nawilżająca. Planuję zakupić też inne kosmetyki mokos i juz się nie moge doczekać.
...Więcej"
2091681,5,"Efekty są naprawdę świetne. Cudownie kremowa formuła – łatwo się go używa. Wreszcie coś, co naprawdę działa! 🔥🔥🔥"
2091681,5,"Ten krem to prawdziwy game-changer w mojej codziennej pielęgnacji. Nie roluje się pod podkładem, świetny jako baza. Jeden z tych produktów, które zostają na stałe."
2091681,5,"Nie uczula, nie drażni, a efekty są zauważalne już po kilku dniach."
2091681,3,"Dobrze nawilża ale na mojej twarzy zostawia tłusty filtr ,a zależało mi żeby tego uniknąć."
2091681,5,"Przyjemnie się nakłada na skórę. Rewelacja – zdecydowanie go polecam. Uwielbiam efekt miękkiej, wypoczętej skóry tuż po aplikacji."
2091681,4,"ma trochę specyficzną konsystencję, ale rozprowadza się dobrze,, trochę za słodki zapach; skóra jest przyjemnie nawilżona, prawdopodobnie nabędę kolejny"
2091682,5,Dobra jakość do ceny👍️
2091682,5,Super!
2091682,5,Ten produkt powoduje uczulenie na skórze
2091683,5,bardzo fajny tonic.👍️
2091683,5,"Fajny tonik, nie szczypie za bardzo i nie ściąga skóry, za taką cenę polecam!"
2091683,5,"Pięknie pachnie, nie podrażnia, godny polecenia."
2091683,5,super!
2091683,5,Zostawia świeżą skórę.
2091683,4,"Miły zapach i fajne działanie, lekko napina i odświeża"
2091683,5,"Wspaniale się rozprowadza na twarzy. I doskonale tonizuje skórę.
Polecam"
2091683,5,"Fajnie nawilża, odświeża skórę"
2091683,5,❤️❤️❤️
2091683,5,💯❤️ Super produkt.
2091685,5,"Moja ulubiona pianka, to już moje chyba piąte opakowanie."
2091685,5,🔥🔥🔥🔥🔥🔥🔥🔥
2091685,5,Kocham 🔥
2091685,5,Jak dla mnie cała seria jest super
2091685,5,Cala linia produktów z w c rewelacja
2091685,5,doskonale oczyszcza. łagodna pianka. wygodny aplikator.
2091685,5,🚀🔥super produkt
2091685,5,Świetnie zmywa make-up 💯
2091685,5,Piankę kupiłam po raz pierwszy i trochę sceptycznie do niej podchodziłam. Po wypróbowaniu zostaje już ze mną. Super
2091685,5,"Fajna,delikatna pianka"
2091733,5,Świetne
2091733,4,Jak do teraz może byc
2091733,5,👍️super
2091733,5,"Bardzo dobry produkt, efekty stosowania są widoczne już po tygodniu. Stany zapalne są znacznie jaśniejsze, wypryski szybciej się goją i ładnie zasuszają. Stan skóry znacząco się poprawia, jest miękka,wygładzona i świeża. 🔥🤩"
2091733,5,Bardzo skuteczne serum. Polecam :)
2091733,5,Moja córka stwierdziła że jest to pierwszy produkt który działa na cerę problematyczną. Poleca.
2091733,4,Trzeba chwilę poczekać na widoczne efekty. Bardzo fajnie się rozprowadza i duży plus za pojemność.
2091733,5,fajny preparat na pryszcze
2091733,5,"Produkt ten zaskoczył mnie swoją skutecznością. Kupiłam jako nowość, aby sprawdzić co to. Już po pierwszej aplikacji na noc rano widoczne były efekty. zaskoczenie totalne. Pokochałam od pierwszego użycia i polecam gorąco dla wymagającej i trądzikowej skóry."
2091734,5,SUPER 👍️
2091734,5,👍️👍️
2091734,2,Bardzo wysusza skórę
2091734,4,"Wodne serum o przyjemnym zapachu. Obawiałam się że będzie lepiące, ale nie zauważyłam tego. Za wcześnie na ocenę efektów."
2091737,4,"specyficzny zapach, zostawia lekkie ślady po zmyciu"
2091737,5,🔥rewelacyjny
2091737,3,"niby działa, ale nie tak dobrze jak plasterki na przyszcze"
2091737,4,Jeszcze testuję
2091737,5,"Na mnie zadziałał błyskawicznie. Juz następnego dnia bez pryszcza, tylko trochę zaczerwienione miejsce zostało. Trochę szczypie, ale fajnie że zasycha na skórze"
2091737,3,"Zgodny z opisem, za krótko używany aby wydać opinię."
2091737,5,Super 👍️
2091737,5,Bardzo dziękuję
2091737,5,Działa od pierwszego użycia
2091737,4,"Wysusza to co ma wysuszać, zmniejsza stany zapalne i nie migruje jakoś mocno po całej twarzy."
2091796,4,"Nie wyobrażam sobie pielęgnacji bez tego produktu , sztos !!! Chyba już 4 opakowanie"
2091796,5,💯💯💯
2091796,5,❤️Bardzo dobrze die wchłania i delikatnie pachnie
2091796,5,Uwielbiam tą serię Bielendy. Petarda 🔥
2091796,5,nie mam zastrzeżeń. fajna lekka konsytencja
2091796,5,"Fajna konsystencja, użytkuje na razie ok. tygodnia nie widzę jeszcze spektakularnych efektów, ale wydaje się fajnie działać."
2091796,5,"Mega , polecam bardzo !"
2091796,5,"Bardzo dobry dla mnie, nie czuję ściągnięcia skóry. Polecam"
2091796,5,Polecam
2091797,4,"KREM ROZPROWADZA SIĘ DOBRZE, ALE EFEKTU NAWIŻENIA BRAK"
2091797,1,Nie zauważyłam żadnych efektów poza szczypiący mi oczami. Niestety nie dla mnie
2091797,5,To moje kolejne opakowanie. Uwielbiam ten krem. Ładnie nawilża na cały dzień
2091797,5,"Super krem, muszę kupić kolejny"
2091797,5,fajny aplikator
2091797,5,"Poprawny krem pod oczy. 
Ogromny plus za aplikator"
2091797,5,"Nawilża skórę pod oczami, wiadomo że cudów w postaci usuwania cieni nie potrafi, ale i tak skóra lepiej wygląda."
2091797,4,miłe uczucie ochłodzenia okolic oczu
2091797,5,Krem bardzo dobrze się rozprowadza
2091797,5,👍️👍️
2091799,5,💯💯💯
2091799,5,Polecam
2091799,5,"Fajny produkt. Ładnie pachnie , lekki. Super pod makijaż 💪"
2091799,2,"Nie wiem ,rewelacji nie ma ,,,,takie sobie ,rozwodniony krem ...."
2091799,4,🔥🔥🔥🔥
2091799,5,❤️❤️❤️
2091799,5,Super nawilża skórę
2091799,5,Genialne
2091799,5,Bardzo lubię fajnie przygotowuje buzię do pielęgnacji.
2091799,5,🔥🔥🔥
2091802,5,"Bardzo dobrze się rozprowadza na skórze. Efekt rozświetlenia jest subtelny, ale widoczny. Delikatny, przyjemny zapach, który nie drażni. 💯"
2091802,1,"Po około tygodniu stosowania pojawiło się uczulenie - wysypka. Poza tym pozostawia nieprzyjemny film na skórze. Brak uczucia ""odżywionej "" skóry. Odstawiam więc nie oceniam długotrwałego efektu. Na pewno nie wrócę."
2091802,5,"Efekty przerosły moje oczekiwania, skóra wygląda świeżo i młodziej."
2091802,5,"Bardzo fajny krem, dobrze się wchłania i nawilża Krem w sama arz dla mnie - lekki, nie zostawia tłustej warstwy."
2091802,5,Zdecydowanie poprawił wygląd mojej skóry – jest bardziej promienna i napięta. Doskonały wybór dla wymagającej skóry.
2091802,5,"Fantastyczny krem, tak samo jak wszystkie kosmetyki z tej serii."
2091802,5,Wygodna i szybka aplikacja.
2091802,5,"Nawilżenie 10/10.;) Lekka formuła, nie zapycha porów. Jeden z tych produktów, które zostają na stałe. 🔥"
2091802,5,"Jestem bardzo zadowolona, zostawia miła w dotyku gładką skórę , dobrze się rozprowadza nie jest za tłusty dobrze nawilża świetnie się sprawdza pod makijaż"
2091830,1,Produkt nie jest wart swojej ceny.l
2091830,5,"Serum używam od niedawna. Opakowanie estetyczne i higieniczne. Zapach subtelny. Konsystencja serum trochę rzadka ale to nie jest problem. Cera już po pierwszym użyciu wygląda na świeżą i wypoczętą. Miłą w dotyku. Używam kilka dni więc ciężko mi określić działanie serum i to jak wpływa np. na zmarszczki wokół oczu.
...Więcej"
2091830,5,"Rzeczywiście skuteczne, choć nie przepadam za mleczna formułą. Całkiem możliwe, że kupię ponownie."
2091830,5,Polecam
2091830,5,❤️❤️❤️
2091835,5,Widocznie zmniejsza zaczerwienienia i wyrównuje koloryt skóry.
2091835,5,"Wygodna i szybka aplikacja. Moja cera odżyła, boski krem. Mam ochotę kupić zapas na cały rok."
2091835,5,Daje super efekt nawilżenia. Bezproblemowa aplikacja nawet w pośpiechu. Strzał w dziesiątkę – udany zakup.
2091835,5,"Delikatnie koi i dobrze sprawdza się także przy skórze wrażliwej. Praktyczne opakowanie, które zapewnia higieniczne dozowanie. Jeden z tych produktów, które zostają na stałe."
2091835,4,Poprawia elastyczność i ogólną kondycję skóry.
2091836,5,narayie testuje
2091836,5,"Łatwe w aplikacji, przyjemnie pachnie, spełnia swoją rolę. Polecam."
2091836,5,Super żel i cudownie pachnie- szczerze polecam👍️
2091836,5,"Super pozdrawiam , uwielbiam ten zapach"
2091836,5,"Za wiele nie mogę się wypowiedzieć, ponieważ dopiero zaczęłam używać. Lecz jestem przekonana, że zasługuje na taką ocenę."
2091836,5,"Godny polecenia,skóra jest gładka,pozbawiona niedoskonałości"
2091836,4,👍️jest ok
2091836,5,Świetny żel do twarzy. Skóra czysta i bez uczucia ściągania. To już drugie moje opakowanie
2092010,5,"Skóra jest odczuwalnie nawilżona po użyciu. Formuła jest lekka i nie obciąża cery. Zaskórniki stały się mniej widoczne. Polecam, warto!"
2092010,2,Na mnie niestety nie działa ...
2092010,5,❤️❤️❤️❤️❤️
2092010,5,"Kupiłem dla przetestowania i aktualnie jestem zadowolony, zmniejsza widoczność porów skóry, których niestety mam dużo, nie wiem jak sobie z nimi poradzić ale chociaż tyle że ich tak nie widać po zastosowaniu tego produktu a poza tym bardzo ładny zapach i łatwość w aplikowaniu a dodatkowo serum bardzo wydajne.💯
...Więcej"
2092010,5,"Używam razem z pudrem do mycia twarzy z tej samej serii. Cera się poprawiła.
Minus duża cena regularna."
2092010,5,🔥🔥🔥
2092010,4,Przyjemny choć trochę za lepki.
2092010,5,"Wysoka skuteczność, dobra wydajnosc"
2092010,5,💯💯💯
2092010,5,3 opakowanie i będzie następne super
2092089,5,Po jednorazowej aplikacji nie zauważyłam spektakularnych efektów:)
2092089,5,Bardzo lubię 🔥
2092089,5,❤️❤️❤️Polecam
2092089,5,Spełniają swoją role.Polecam
2092089,5,Uwielbiam
2092089,1,"Nic nie zrobiły, a przy nakładaniu zaraz się porwały."
2092089,4,"Nowy zapach płatek i całkiem, całkiem."
2092089,4,❤️ super produkt
2092089,5,"Płatki świetnie nawilżają, przynoszą ulgę zmęczonej skórze pod oczami."
2092089,4,"Skóra pod oczami trochę szczypała, tak to w porządku."
2092253,5,"Rewelacyjne serum, stosuję na noc razem z boosterem z tej samej serii. Rano skóra wypoczęta, rozświetlona, po prostu piękna. Rezultaty widać po pierwszym użyciu. Cała seria kosmetyków z cudownymi, czystymi składami. Polecam każdemu, kto chce zacząć świadomą pielęgnację swojej skóry. Kosmetyki prawdziwy sztos, w świetnej cenie.
...Więcej"
2092254,5,"Świetne serum, cudowny skład kosmetyków. Polecam każdemu, kto chce zacząć świadomą pielęgnację swojej skóry"
2092255,5,"Świetne serum. Stosuję na dzień, a na noc serum z retinolem z tej samej firmy. Rezultaty rewelacyjne"
2092260,5,Super krem do twarzy ❤️
2092262,5,Odczuwalnie wygładza i zmiękcza skórę. To już drugi krem tej marki i jestem bardzo zadowolona.
2092264,5,"Rewelacyjny booster. Ja stosuję na noc z serum z tej samej serii. Rano skóra rozświetlona, wypoczęta….po prostu piękna. Widoczne rezultaty już po pierwszym użyciu"
2092266,5,"Cera jest po nim wyciszona, nie podrażnia, a cena jest przystępna."
2092266,4,"Pierwszy raz go kupiłam i jeszcze nie znam go dobrze.Zapach kremu jest przyjemny,dobrze się wchłania i dość szybko.Wzasadzie jest niezły."
2092276,5,"Lubię go za to, że tak lekko się rozprowadza. Nawilżenie 10/10.;) Idealny do codziennej pielęgnacji.⭐"
2092276,5,Daje super efekt nawilżenia.
2092277,5,Krem na idealną formułę. 🔥
2092277,5,"Sprawdza się na typie mojej skóry. Lekka formuła, idealna na co dzień. Strzał w dziesiątkę – udany zakup."
2092277,4,Prawie każdy krem mnie uczula ten jest dobry ale Hagi D nie ma sobie równych dla mnie.
2092278,5,"Używam codziennie i za każdym razem cera wygląda na zdrowszą. Naprawdę wart uwagi, polecam z całego serducha.❤️ Wygodna i szybka aplikacja."
2092302,2,"Nieestetyczny wygląd (serduszka i gwiazdki są okropnie jaskraworóżowe, nie takie jak na opakowaniu), a co ważniejsze, słabo wyciąga wypryski."
2092302,2,"Słaby efekt, tyle, że wyprysk zakryty"
2092302,5,"Bardzo fajne pod względem działania i zabezpieczenia wyprysków, ale wizualnie średnio - szczególnie w kolorze różowym - źle to wygląda."
2092302,5,Okej👍️👍️
2092302,5,Dobrze wysuszają
2092302,5,Plasterki fajne robią co do nich nalezy
2092302,1,Pieniądze wyrzucone w błoto . Mają tylko ładne kolory
2092302,1,Nie działają
2092302,2,Zsuwają się
2092302,1,"Słabe opakowanie , nic nie robią , drogie ale ładnie wyglądają"
2092306,5,"Krem jak masełko. Extra formuła. To jeden z tych produktów, do których regularnie wracam."
2092306,5,"Fantastyczna, lekka formuła. Nadaje cerze naturalny blask i poprawia jej strukturę. Ma wszystko, czego szukam w dobrym kremie. 👍️"
2092306,5,"Super wydajny, mogę go stosować także na noc. Moja skóra jest nawilżona przez cały dzień. Na pewno jeszcze nie raz po niego sięgnę."
2092306,5,Babcia zadowolona to jej ulubione kremy
2092307,5,"Najlepszy, moja cera jest teraz promienna i nawilżona."
2092307,5,"Opakowanie bardzo praktyczne, nic się nie marnuje. Można polecać, jest najlepszy."
2092307,5,Codzienne użycie to przyjemny moment.;)
2092307,5,"Nawilża i regeneruje skórę. Praktyczne opakowanie, które zapewnia higieniczne dozowanie. Naprawdę wart uwagi, polecam z całego serducha.❤️"
2092307,5,Można bez obaw stosować także na szyję i dekolt.
2092307,4,"Muszę stosować przez conajmiej tydzień aby odenic s,kutek."
2092307,5,"Krem jest bardzo wydajny, wystarczy niewielka ilość."
2092307,5,"Lubie te kremy, ładnie pachną, dobrze się wchłaniają, cera jest nawilżona i jędrna"
2092307,1,"Lepkie, tłuste i strasznie nieprzyjemnie pachną (śmierdzą takim sztucznym kwasem połączonym ze sztuczną, cukierkową słodyczą)"
2092307,5,"Po kilku dniach cera stała się wyraźnie gładsza i bardziej elastyczna. Krem jak masełko. Extra formuła. Znakomity krem, polecam.👌 nic dodać nic ująć 👍 po prostu super 🤩"
2092311,1,Słabo nawilża tworzy dziwną powłoke
2092311,2,Nie widzę różnicy a dodatkowo łuszczy się na twarzy i makijaż się na nim zwarzył
2092311,2,"Niestety ale trochę się zawiodłam, używam toniku z tej serii i jest super! Krem roluje się pod makijaż :( Poza tym fajnie nawilża no ale niestety nie nadaje sie pod makijaż 🫣"
2092311,5,"Skóra jest miękka, dobrze nawilżona. Konsystencja kremu jest miękka i łatwa w rozprowadzeniu. Zostaje ze mną na dłużej."
2092311,5,👍️🔥👍️👍️
2092311,5,"Poprawia elastyczność i ogólną kondycję skóry. To jeden z najwygodniejszych kremów, jakie miałam."
2092311,5,Buzia wygląda od razu lepiej.;) Super opcja do porannego rytuału pielęgnacyjnego. Cena i skład wzbudzają zaufanie.
2092311,5,Po kilku dniach cera stała się wyraźnie gładsza i bardziej elastyczna.
2092311,5,Naprawia uszkodzona barierę hydrolipidową. Bardzo lubię ten kremik
2092311,5,Efekty są naprawdę świetne.
2092312,5,"🔥
DLA MNIE CAŁA SERIA ZASLUGUJE NA 5+! Wiele lat szukałam odpowiednich kosmetyków do twarzy i to był strzał idealny!"
2092312,5,Ekskluzywny ekskluzywne promocyjnej cenie
2092312,1,"satynowe wykończenie które zapewniają nie istnieje, twarz się świeci i jest tłusta a sam krem sie rolluje i złazi z twarzy przy lekkim dotknięciu"
2092312,4,Ok....
2092312,5,Świetne połączenie silnie nawilżającego kremu i SPF50! Kupiłam go dla siebie i dla Mamy!
2092312,5,mega fajny
2092312,5,💯💪super
2092314,5,Znakomicie sprawdza się jako część wieczornej rutyny.
2092314,5,Krem świetnie się rozprowadza i natychmiast wchłania.
2092314,5,Odczuwalnie wygładza i zmiękcza skórę. Na pewno jeszcze nie raz po niego sięgnę. Przyjemnie się nakłada na skórę.
2092314,5,Skóra wygląda o wiele lepiej już w krótkim czasie.
2092314,5,"Poprawia jędrność mojej cery i nawilża. Skóra po aplikacji jest gładka i przyjemna w dotyku. Świetny wybór, bardzo się u mnie sprawdził. Polecam. ❤️"
2092314,5,Krem jak masełko. Extra formuła. Cera wygląda na wypoczętą i bardziej jędrną. Nie żałuję zakupu i polecam.
2092314,5,"Błyskawicznie poprawia nawilżenie, nawet w trudnych warunkach pogodowych."
2092314,5,"Każde użycie to czysta przyjemność. Zdecydowanie poprawił wygląd mojej skóry – jest bardziej promienna i napięta. Znakomity krem, polecam.👌 Sprawdza się na typie mojej skóry. Opakowanie nie brudzi, idealne do precyzyjnego dozowania. Mój absolutny hit w codziennej pielęgnacji."
2092314,5,"Skóra jest miękka, dobrze nawilżona. Super się nakłada – codzienna pielęgnacja to przyjemność."
2092314,4,Krem ma przyjemny ale dość intensywny zapach
2092315,4,"Konsystencja jest bogata, ale nie obciąża skóry."
2092315,5,Jestem zadowolosuerna
2092315,5,"Opakowanie bardzo praktyczne, nic się nie marnuje. Po nałożeniu skóra jest pełna blasku.👌 Aż chce się go używać codziennie!"
2092315,5,"Skóra po aplikacji jest gładka i przyjemna w dotyku. Sprawdza się na typie mojej skóry. Dobry kosmetyk, polecam serdecznie.👍"
2092315,5,Strzał w dziesiątkę – udany zakup.
2092315,5,Delikatnie koi i dobrze sprawdza się także przy skórze wrażliwej. 🔥
2092315,4,"Skóra jest miękka, dobrze nawilżona."
2092315,4,"Aplikacja jest szybka i komfortowa. Znakomity krem, polecam.👌"
2092315,4,Poprawia elastyczność i ogólną kondycję skóry.
2092317,4,Za wcześnie na pełna opinię 👍️
2092317,5,Polecam
2092317,5,"Bardzo delikatna konsystencja,szybko się wchłania,przyjemny zapach.❤️❤️❤️"
2092317,5,To jest super
2092317,5,Super👍️
2092317,5,Jest naprawdę fajny mam już 3 opakowanie
2092317,5,Genialny produkt
2092317,4,"Konsystencja lepka, potrzeba trochę czasu by się dobrze wchłonęło"
2092317,5,Sceptycznie podchodziłam do kosmetyków Małgosi a tu miłe zaskoczenie polecam !!
2092317,5,"Żelowa konsystencja w pierwszej chwili wydaje się lepka, ale świetnie się wchłania i bardzo dobrze odżywia skórę. Świetnie pachnie."
2092318,5,Dobrze nawilża skórę i ładnie pachnie
2092318,5,"Świetny produkt. Szybko się wchłania, nawilża okolicę pod oczami i rozjaśnia. Polecam"
2092318,5,Idealny krem pod oczy
2092318,4,"bardzo dobre małe opakowanie , a krem dopiero testuję nie mam opini ,dobrze się wchłania"
2092318,5,"Ładne ma opakowanie, nieuczula, przyjemny w użyciu"
2092321,5,"Lekka formuła, idealna na co dzień. Wspaniale współgra z innymi kosmetykami w mojej pielęgnacji. Kosmetyk, do którego chce się wracać."
2092321,5,"Moja skóra jest nawilżona przez cały dzień. Fantastyczna, lekka formuła. Na pewno do niego wrócę."
2092321,5,"Fajny, lekki nawilżający krem. Nie zapycha, ładnie pachnie."
2092321,5,"Jest okej. Dobrze nawilża, nie pozostawia skóry świecącej po nałożeniu i bardzo ładnie pachnie."
2092321,5,"Daje super efekt nawilżenia. Praktyczne opakowanie, które zapewnia higieniczne dozowanie. Bardzo dobra jakość w rozsądnej cenie. Kupiłam krem dla mojej matki, i ona jest zachwycona produktem! Będzie kupiła ponownie."
2092322,5,"Jestem zaskoczona, jak lekki jest ten krem. Krem CC działa zgodnie z opisem, lekko kryje i nawilża. Delikatny, przyjemny zapach, który nie drażni. ❤️❤️❤️ Wreszcie znalazłam idealny CC dla siebie!"
2092322,1,"tragedia!! nie kupować, dałam się złapać na reklame że ponoć taki cudowny, okropnie ciemnieje na twarzy i robi się taki pomarańczowy, nie polecam!"
2092322,1,"Krem o wiele za mocno przycienmia skórę, która robi się mocno pomarańczowa. Powinien lekko tonizować, a działa jak zwykły podkład. Nie polecam dla osób o jasnej cerze."
2092322,5,"Skóra jest miękka, dobrze nawilżona. Bardzo dobrze się wchłania, nie trzeba długo czekać. Działa dokładnie tak, jak obiecuje producent.⭐"
2092322,5,"Buzia wygląda od razu lepiej.;) Dobrze się rozprowadza, nie trzeba mocno wcierać. Dobry kosmetyk, polecam serdecznie.👍"
2092322,3,"Zdecydowanie nie polecam dla jasnych karnacji, ma podton pomarańczowy, musiałam oddać"
2092322,3,Jak dla mnie słabo kryje i ciężko się rozprowadza. Nie widzę oczekiwanego efektu
2092322,4,"Delikatnie wyrównuje koloryt skóry, błyskawiczna aplikacja, przyjemny zapach. Niestety z czasem skóra twarzy po nałożeniu się ""poci""."
2092322,5,Bardzo fajnie nawilża i wyrównuje koloryt skóry
2092322,5,"Efekty są naprawdę świetne. Krem świetnie się rozprowadza i natychmiast wchłania. Wysoka jakość, w pełni spełnił moje oczekiwania."
2092326,4,"Ogólnie okej, ale cery bardzo tłustej i trądzikowej byłaby super. Kupiłam ją bo zaczęło mnie wysypywać ma linii żuchwy, przy mojej cerze mieszanej w strone tłustej troche mnie wysuszył ten żel."
2092326,5,"Dobrze się pieni i łatwo rozprowadza po skórze. Świetnie oczyszcza skórę. Bardzo delikatny zapach, nie drażni."
2092326,5,"ŻEL DOBRZE SIĘ PIENI, NIE SZCZYPIE W OCZY , TWARZ PO UMYCIU JEST GŁADKA I NIE POTRZEBUJE KREMU"
2092326,5,"Używam tego produktu do porannej pielęgnacji. Mam skórę tłustą i bardzo skutecznie zmywa nadmiar sebum. Nie ma po nim uczucia ściągnięcia, skóra wręcz jest bardzo mięciutka. Produkt mimo tego, że jest dosyć drogi to jest bardzo wydajny, bo przy użyciu niewielkiej ilości żelu bardzo dobrze się pieni."
2092326,5,"Świetny, ładny zapach dobra konsystencja. Myślę że będzie służył dobrze. Kupiłam dla syna lat 16."
2092326,5,👍️💯👍️
2092326,5,Wszystko super
2092326,5,"Używam go do wyprysków/krost na ciele, świetnie sobie radzi, polecam 🔥"
2092326,5,Kupiłam pierwszy raz i jestem bardzo zadowolona. Po dwóch tygodniach stosowania widzę poprawę cery.
2092326,5,Rewelacja!
2092329,5,"Lubię go za to, że tak lekko się rozprowadza. Efekty są naprawdę świetne. Na pewno wrócę do tego produktu.❤️"
2092329,5,Bardzo dobrze radzi sobie z przesuszeniami i szarą cerą.
2092329,5,Moja skóra jest nawilżona przez cały dzień.
2092329,5,Zdecydowanie poprawił wygląd mojej skóry – jest bardziej promienna i napięta.
2092329,5,"Odczuwalnie wygładza i zmiękcza skórę. Można bez obaw stosować także na szyję i dekolt. Znakomity krem, polecam.👌"
2092329,5,Sprawdza się na typie mojej skóry. Aplikacja jest czysta i bezproblemowa.
2092329,5,"Lekka formuła, nie zapycha porów."
2092329,5,"Krem jest bardzo wydajny, wystarczy niewielka ilość."
2092329,5,Idealny do szybkiej pielęgnacji – zero problemów z aplikacją.
2092329,5,Nie spływa i nie pozostawia uczucia lepkości. Ten krem to prawdziwy game-changer w mojej codziennej pielęgnacji. Kupiłabym ponownie.;) Polecam serdecznie.
2092330,4,Cudownie kremowa formuła – łatwo się go używa.
2092330,5,"Ma aksamitną teksturę, która pięknie się rozprowadza. 👍️"
2092330,5,"👍️Konsystencja kremu idealnie współgra ze skórą ani za rzadka, ani za gęsta. Zauważyłam znaczną poprawę w wyglądzie mojej cery. Strzał w dziesiątkę – udany zakup."
2092330,5,"❤️Po jego użyciu, skóra wydaje się niesamowicie gładka i odżywiona.👌"
2092330,5,"Bardzo dobrze radzi sobie z przesuszeniami i szarą cerą. Nie klei się, nie zostawia żadnych śladów. Można polecać, jest najlepszy."
2092330,5,Bezproblemowe dozowanie – nie trzeba się martwić nadmiarem. Nadaje cerze naturalny blask i poprawia jej strukturę. Genialny! Polecam.
2092330,5,"Moja skóra jest idealnie nawilżona i wygląda zdrowiej każdego dnia. Fantastyczna, lekka formuła. Wszystko zgodne z opisem, efekty super.👌"
2092330,5,Nawilżenie jest na najwyższym poziomie i długotrwałe.❤️
2092330,5,Krem na idealną formułę. Daje super efekt nawilżenia. Zdecydowanie mój numer 1 – i zostaje nim na długo.
2092330,5,"Dobrze się rozprowadza, nie trzeba mocno wcierać."
2092333,5,"Bardzo dobry skład, czuć jego działanie. Świetnie nawilża i chroni skórę. Dobrze się wchłania, nie pozostawia tłustego filmu."
2092333,1,Roluje się i łzawią po nim oczy. Nie polecam.
2092333,5,Polecam
2092333,5,Lepszego produktu dawno nie używałam 😊
2092333,5,"Konsystencja, ochrona przed słońcem"
2092333,5,Bardzo dobrze nawilża skórę twarzy.
2092333,5,"Bardzo fajnie nawilżający, mam serum mixa i stosuje oba kosmetyki, naprawdę świetny efekt do suchej skóry. Nie pozostawia tłustej warstwy mimo dość bogatej konsystencji."
2092339,4,"Skóra po aplikacji jest gładka i przyjemna w dotyku. Nie uczula, nie drażni, a efekty są zauważalne już po kilku dniach."
2092339,5,uwielbiam
2092339,4,"Odczuwalnie wygładza i zmiękcza skórę. Bardzo przyjemna formuła, idealny krem na co dzień."
2092339,5,"To jeden z tych produktów, do których regularnie wracam."
2092339,5,"Masełko jest rewelacyjne, szybko się wchłania i nie zostawia tłustych warstw, a nawilża i natłuszcza"
2092339,4,"Masełko jest rewelacyjne, kupię moim córkom i mamie"
2092339,5,Pięknie pachnie! Aplikuję na dłonie i stopy w łóżku przed pójściem spać. Na stopy po aplikacji nakładam biale skarpetki bawełniane z Rossmann. Jak na razie efekty mega przyjemne. To mydełko balsam więc pozostawia po nałożeniu tłusty filtr ale na noc mi to nawet pasuje bo ma czas żeby się wchłonąć.
2092340,2,Niestety nie polubiłam się z tym produktem po pierwsze nie lubię konsystencji. Po drugie nie robi nic... po 2 tygodniach nawet zaczął mnie zapychać odstawiłam.
2092340,5,Idealny dla mojej skóry.
2092340,5,Rewelacyjne serum. Uwielbiam!🔥🔥🔥
2092341,5,"Kupiłam w promocyjnej cenie do przetestowania 
Używałam do tej pory 2 razy jako pierwszy etap zmywania makijażu 
Emulsja jest bardzo przyjemna w użyciu, dobrze się rozprowadza i pieni 
Nie szczypie w oczy, nie podrażnia
...Więcej"
2092341,5,Super ❤️❤️
2092341,5,🔥🔥🔥
2092341,5,"Bardzo fajna hydro-lipidowa emulsja do mycia i demakijażu twarzy.Jest to delikatny i zarazem skuteczny produkt,który jednocześnie oczyszcza skórę i wzmacnia jej naturalną barierę ochronną.Emulsja ma delikatny,przyjemny zapach.Radzi sobie nawet z wodoodpornym makijażem.Pozostawia cerę miękką i jedwabiście gładką.Polecam 👍️🔥
...Więcej"
2092341,5,Dobrze a zarazem delikatnie oczyszcza twarz
2092341,5,"Super produkt do demakijażu. Do oczu też się nadaje. I moja skóra już nie jest taka lepka , jak po płynie micelarnym. No i nie trzeba tego zmywać ze skóry 🔥"
2092341,5,Bardzo polecam cała seria uratowała moją przesuszoną twarz. ❤️
2092341,4,"Nie do końca spełnia moje oczekiwania , po wieczornej aplikacji rano mam wrażenie tłustej skóry ( mam skóre bardzo suchą i wrażliwą)"
2092341,5,"Emulsja posiada niezwykle przyjemną konsystencję.Skutecznie oczyszcza cerę z zanieczyszczeń i makijażu.Dzięki unikatowej formule wspiera prawidłowe funkcjonowanie bariery skórnej.Minimalizuje również ryzyko wysuszenia i podrażnień,co sprawia że sprawdzi się przy cerze wrażliwej.Polecam👍🔥"
2092341,5,💪💪💪💪
2092342,3,Esencja nie robi kompletnie nic. Używam serum oraz krem z tej samej serii i są cudowne. Esencja niestety bardzo słaby kosmetyk.
2092342,5,"Polecam, kupuję już nie pierwszy raz i będę kupować dalej."
2092342,5,"Bardzo fajna tonizująco-nawilżająca esencja.Intensywnie nawilża i regeneruje skórę.Esencja wzmacnia barierę ochronną skóry i redukuje drobne zmarszczki.Posiada delikatny,przyjemny zapach i szybko się wchłania.Polecam👍️🔥"
2092342,5,"Moja skóra pokochała Bielendową esencję. Filtrat ze śluzu ślimaka to składnik, z którym się bardzo lubię.
Od razu po wklepaniu skóra jest przyjemnie odświeżona i ukojona."
2093918,5,"Po kilku dniach nakładania na twarz skóra jest widocznie lepiej nawilżona.
Kupiłam dwa opakowania i bardzo się cieszę."
2094328,5,Super miekkie usta
2094328,5,polecam dziesięć na dziesięć
2094386,5,"przyjemny produkt, widać efekty"
2094386,4,"Stosunek jakości do tego, co otrzymałam, jest bardzo dobry."
2094386,5,Superanckie
2094386,4,nie wiem czy działa ale przyjemnie się używa
2094386,5,Łagodnie i delikatnie oczyszcza
2094386,5,super produkt
2094386,5,Jak na tak niską cenę to nie ma do czego się przyczepić 😁
2094386,3,"Nie jest negatywna, ale nie pilinguje, raczej dokładnie oczyszcza. Przyjemna,delikatna"
2094386,5,"Miła formuła produktu, twarz wygląda świeżo i widać zmianę w ilości wyprysków."
2094386,3,srednio dziala
2094387,5,super produkt
2094387,5,❤️❤️❤️
2094387,1,"pierwszy raz w życiu po czymkolwiek mnie wysypało, zrobiła mi się sucha skorupa na twarzy, walczyłam z tym ponad tydzień"
2094387,5,Świetny
2094387,5,Aplikacja w formie sprayu - co uwielbiam. Jakość naprawdę doskonała
2094387,1,"Reakcja alergiczna, nie polecam"
2094387,5,Bardzo dobre 👍
2094387,5,"Super, napewno kupię ponownie."
2094387,5,B.dobre.
2094810,5,Od kilku lat jeden z ulubionych
2095364,2,"Kolor nie pokrywa rownomiernie ust
Są to raczej smugi na ustach
Trzeba naprawdę parę razy posmarować usta zeby uzyskac pelne pokrycie ust kolorem"
2095364,5,Polecam ❤️
2095364,5,Piękny kolor podkreślający naturalne barwy ust. Dobrze nawilża . Usta są gładkie i błyszczą naturalnym blaskiem
2095365,4,"Dobra konsystencja, kolor bardzo naturalny, zbliżony do mojego koloru ust."
2095371,5,"Dobrze nawilża oraz subtelny kolor, usta wyglądają naturalnie i kobieco , idealny do pracy 💯❤️"
2095371,4,"Spodziewałam się czegoś lepszego, ale produkt jest ogólnie okay. Neutralny odcień"
2095371,5,świetnie nawilża
2095449,5,Super!
2096316,3,"Produkt ma nieprzyjemny zapach i po zastosowaniu na twarzy zostawia tłustą powłokę, która mi nie odpowiada. A pompka do pobierania żelu nie działa zbyt dobrze bo ciągle się przycina."
2096515,5,Sprawdza się na typie mojej skóry.
2097210,5,Wszystko zawsze super
2097210,5,Bardzo dobry 🔥👍️💪💯
2098169,5,Płatki rzeczywiście przynoszą ulgę suchej skórze pod oczami.
2098169,4,Płatki są w porządku. Nie widzę jakiegoś super nawilżenia ale wyjęte z lodówki dają efekt ukojenia
2098169,4,"Świetnie się aplikuja, odświeżają, jak dla mnie za mało nawilżają. Produkt dobrze się wyjmuje. Jakoś do ceny ok. Warte zakupu"
2098169,5,Skóra pod oczami jest teraz świetnie nawodniona. Skóra wokół oczu jest jaśniejsza i wygląda na bardziej wypoczętą. ❤️
2098169,5,"Niskobudżetowe, ale całkiem spoko :)"
2098169,5,🔥👍️💪🚀💯❤️
2098169,5,🔥👍️💪
2098169,5,"Fajne, nawilżające i rozświetlające"
2098169,4,Jest dobrze
2098169,5,Ja swoje włożyłam do lodówki i efekt po wieczornej kąpieli- super! Mega nawilżają i redukują zmęczenie.
2098726,5,🔥uwielbiam
2098727,5,🔥 uwielbiam
2098737,5,Plastry szybko pomogły zmniejszyć zaczerwienienie.
2098737,4,"Dobrze zakrywają, mają ciut lżejszy klej, więc przy oderwaniu nie ciągnie się skóry tak jak przy gwiazdkach. Natomiast szkoda, że więcej jest tych kwiatków blado czerwonych niż tych kremowych, które wpasowują się w kolor skóry."
2098737,3,Brak w ofercie przezroczystych plastrów
2098737,5,Polecam
2098737,5,Córka jest bardzo zadowolona 😃
2098737,2,slabe :/
2098737,5,działają
2098737,5,"Dodatkowym plusem plasterków, oprócz oczywiście przyspieszenia gojenia skóry, jest to, że nie rozdrapujesz i rozdrażniasz skóry z wypryskiem, bo jest ona zaklejona i chroniona plasterkiem. Możesz oprzeć się pokusie drapania i wyciskania 😃"
2098737,5,Bardzo fajne i działają
2098737,4,"Ok, ale czarne gwiazdki z tej serii lepsze"
2099375,5,Pachnie jak budyń
2099375,5,Super zapach i bardzo dobrze zmiękcza usta
2099375,3,"Na ustach przyjemna, choć liczyłam na lepszy zapach. Jest dość nijaki. Pokrywka nie jest przyczepiona do opakowania, więc trzeba uważać, żeby nie zgubić przypadkiem przy otwieraniu:)"
2099375,5,Polecam
2099375,5,Idealnie nawilża.
2099375,4,"Bardziej waniliowy zapach niż krem Brulee. Dobrze nawilża, ale nie aż tak dobrze jak Rosy lips."
2099375,3,"Jest niezły ale jest go mało,szybko się zuzywa"
2099375,5,Moje najnowsze odkrycie. Super nawilżone usta. Wazelina jest gęsta i przepięknie pachnie. Nie jest klejąca. Jeszcze mogłaby być w wersji sztyftu do ust o takim zapachu. Super! Polecam!
2099375,5,Sprawdza się w zimie usta nie pękają jest jak balsam
2099375,5,"Cudowny,lekki balsam do ust o zapachu Creme Brulee.Nawilża i otula usta,chroni je przed czynnikami atmosferycznymi.Polecam👍🔥"
2099448,3,Còrka szybko złamała
2099448,5,"Swietnie nawilża, super dla małej fanki Gabi"
2099448,4,"Fajny, ciasteczkowy zapach 🙂"
2099448,5,Polecam
2099448,5,Świetny
2099448,5,moja wnusia jest zachwycona smakiem i opakowaniem produktu
2099448,5,"Córka bardzo zadowolona, szminka ciągle w ruchu 😁👍️"
2099448,5,🔥🔥 polecam gorąco
2099448,5,"Bardzo fajna pomadka, bez intensywnego zapachu i smaku"
2099450,5,"Bardzo dobry produkt. Po nałożeniu usta pięknie się błyszczą, ale nie są lepkie. Z tym wypełnieniem to nie bardzo umiem ocenić ale na pewno usta są gladsze. Kupię ponownie 👍️"
2099450,5,❤️ działa
2099450,5,Świetny produkt
2099450,5,🔥🔥🔥
2099450,4,"Przyjemna konsystencja, słodki posmak i delikatny aromat"
2099450,5,"Super, natychmiastowa ulga!"
2099450,5,"Fajny olejek do ust, fajny kolor."
2099450,5,💯💯💯
2099450,5,"Serum idealnie nawilża ,skóra jest bardzo ładnie rozświetlona ."
2099450,3,Cena dramat
2099451,5,"Bardzo dobry produkt, przyjemna konsystencja, ciekawy i dobry dozownik. Piękne opakowanie. Zapach zależy od gustu użytkowniczki. Zapach posiada ale dość delikatny, natomiast jeżeli ktoś jest bardzo wrażliwy na zapachy to może to nie być produkt dla niego. Stosowany regularnie wspomaga regenerację ust (w moim przypadku usta bardzo odwodnione i oporne na wszelkie ""lekarstwa"") 
Zdecydowanie polecam.
...Więcej"
2099451,5,👍️👍️👍️
2099451,5,❤️❤️❤️❤️
2099451,5,"Jedyny produkt, który pomaga mi przy wysuszonych ustach. Jeden dzień i już jest ok."
2099451,4,"Konsystencja, zapach, efekt – wszystko bardzo mi się podoba. Jestem super zadowolona, ale jedynym minusem jest sam kształt, który nie jest dla mnie zbyt wygodny. Gdyby zmienili go na tubkę, dałabym 10 na 10."
2099451,5,"Uwielbiam! Zapach, konsystencja, opakowanie. Wspaniałe nawilżenie na długi czas, piękny blask i co najważniejsze nie klei się 👌🏻"
2099451,5,"Dobra maska do ust. Jest przyjemna w aplikacji, trzyma się na ustach dość długo , nawilża suche usta."
2099451,5,"Jak dotąd najlepsza maseczka do ust. Bardzo dobrze pielęgnuje usta, świetnie pachnie."
2099451,4,"Wspaniały produkt, świetnie zagoił usta"
2099452,5,"Doskonale działa na mocno przesuszone usta. Po 2 dniach stosowania zniknęła lekko popękana skóra na ustach. Usta są świetnie nawilżone, odżywione i wyglądają pięknie"
2099452,5,🔥❤️🚀
2099452,4,Wart swojej ceny
2099452,5,"Piękny zapach, dobrze nawilża"
2099452,5,Piękny zapach. Super formuła. Na ustach daje piękną taflę i nawilżenie.
2099452,5,"Maska porównywalna do słynnej Lanei*e ! Wręcz mogę nazwać ją zamiennikiem a nawet lepsza wersją! Ma piękne drobinki, utrzymuje się na ustach kilka godzin nie zjada się w trakcie jedzenia naprawdę super ! ❤️"
2099454,5,"Moje usta stały się znacznie bardziej nawilżone. Nadaje ustom subtelny połysk, wygląda dobrze. Łatwa aplikacja dzięki wygodnemu opakowaniu."
2099454,5,"Długotrwałe nawilżenie, przyjemny kawowy zapach 🤎"
2099454,5,"Jest trwały, daje natychmiastową ulgę i działa, a nie wysusza ust jak większość takich produktów."
2099454,4,"Dobrze nawilża, ładnie pachnie"
2099454,5,"Дуже гарний бальзам для зволоження, з гарним складом і тексурою. Добре зволожує і не лишає відчуття чогось зайвого на губах. Легкий солодкий присмак. Чудовий бальзам."
2099454,3,"Uczucie suchości ust już chwilę po nałożeniu balsamu, dosyć „luźna” konsystencja"
2099454,5,"natluszcza i dobrze, bo kupilam na zime 🔥"
2099454,5,👍️bardzo fajny nawilża usta i ms ładny zapach
2099454,5,Świetna. Pół ❤️💯👍️
2099454,5,👍️👍️👍️
2099575,5,👍️👍️👍️
2099575,5,Fajny błyszczyk
2099575,4,Nie dostrzegłam efektu powiększenia ust ale gdy lekko usta pieką stają się b czerwone i są lepiej nawilżone.
2099575,2,Poza uczuciem mrowienia i nabłyszczeniem nie daje innych widocznych efektów.
2099575,5,🔥 jest mega
2099575,5,Polecam
2099575,1,Bardzo piecze i slabo nawilza
2099575,5,❤️Bardzo fajny balsam. Piecze w usta ale są po nim nawilżone.
2099575,5,"Przyjemny w użyciu, zmiękcza i nawilża usta. Ładnie też błyszczy, daje efekt mokrych ust. Efekt powiększenia jest minimalny, może trzeba smarować kilka razy dla lepszego efektu. Uczucie mrowienia i szczypania jest niewielkie, przynajmniej w moim odczuciu, można wytrzymać. Polecam balsam."
2099575,3,trochę ma dziwny zapach
2099782,5,Fajny balsam do ust.
2099782,5,chlopak chwali sobie smak
2099782,5,Córka zachwycona - i o to chodziło.
2099782,5,🔥👍️💪🚀💯❤️❤️❤️❤️❤️❤️
2099782,5,"Córka jest fanką Pusheenów, prezent 10/10.🚀"
2099782,5,Córka jest bardzo zadowolona 💯🔥
2099782,5,"Przyjemny aromat, dobra jakość!"
2099782,5,Jest ok
2099782,5,👍👍👍
2099784,5,Zapewnia świetne nawilżenie ust. Pozostawia na ustach delikatny połysk. Łatwo się go aplikuje.
2099784,4,Dobry produkt na suche usta warto kupic
2099784,5,"W końcu balsam do ust, który pomógł mi wyleczyć moje usta! Zdecydowanie polecam 😁"
2099784,4,Dobra cena
2099784,5,"Mało co mi tak pomogło na usta, polecam!"
2099784,3,"It stays on the lips for some time, that is good but the consistency is too thick and hard to apply. You really have to squeeze, half the tube to get some product. I cannot imagine an older person doing that. I liked the same product but in green tube, thought it was the same, but it is different. Anyway, a good product with some issues I have mentioned.
...Więcej"
2099784,5,Ratunek dla spierzchnietych ust
2099784,5,🔥super dla suchych ust
2099784,5,Wspaniała!
2099784,5,Najlepsza i najtańsza.
2099785,5,Wrócę po następny!
2099785,5,super produkt na suche usta po zimie
2099785,5,❤️Kocham
2099785,5,"Nawilża, długo się trzyma, wydajny"
2099785,5,Dobrze nawilża usta ta pomadka
2099785,1,"Balsam jest gęsty, ciężki i tępy w nakładaniu. Brzydko pachnie. Nie kupię ponownie."
2099785,5,"Balsam jest bardzo dobry, dobrze nawilża moje usta. Opakowanie nieco gorzej, w niskich temperaturach plastik opakowania ( robi się sztywny) nie pozwala wycisnąć balsamu to zniechęca do kupna kolejnego balsamu tej marki."
2099785,5,Świetnie nawilża spierzchnięte usta.
2099785,3,I tej porze roku w torebce jest zimno i balsam też jest zimy . Jak dla mniemy wazelina . Szału nie ma usta nawilżone .
2099785,5,NAJLEPSZY!❤️
21,5,Znakomity
21,5,"Nawilżenie 10/10.;) Ma delikatny, przyjemny zapach – dodatkowy plus przy aplikacji. Zdecydowanie mój numer 1 – i zostaje nim na długo."
21,5,Poprawia elastyczność i ogólną kondycję skóry.
21,5,"Wspaniale współgra z innymi kosmetykami w mojej pielęgnacji. Krem w sama arz dla mnie - lekki, nie zostawia tłustej warstwy. Na pewno wrócę do tego produktu.❤️"
21,5,Odczuwalnie wygładza i zmiękcza skórę.
21,1,Bez szału
21,5,"Bardzo dobrze się wchłania, nie trzeba długo czekać."
21,4,"Krem na idealną formułę. Regeneruje, koi, daje mi 100% zadowolenia."
21,5,"Wygodna i szybka aplikacja. Skóra wygląda o wiele lepiej już w krótkim czasie. Świetny wybór, bardzo się u mnie sprawdził. Polecam."
21,5,"Moja cera odżyła, boski krem. Cudownie kremowa formuła – łatwo się go używa. Nie wiem, jak wcześniej mogłam go nie znać."
2100008,1,"Nieprzyjemna tekstura pomadki, dziwnie kleista. Smak tez niezbyt ciekawy"
2100008,1,"Niestety odstrasza zapachem. Oprawa fajna, ale w środku już nie."
2100008,4,Bardzo ładna pomadka ale powinna być trochę bardziej babeczkowa .
2100008,5,Doskonały balsam do ust dla małęj elegantki
2100149,4,Balsam do ust. Sprawdził sie podczas mrozów. Jest ok
2100149,5,Bardzo fajny 🔥
2100149,5,Bardzo dobry produkt
2100149,5,ładny nie nachalny kolor
2100149,5,"Mega błysk, super nawilżenie❤️❤️❤️ uwielbiam"
2100149,2,Na ustach wygląda blakło:/
2100149,5,Ładny złoty efekt na ustach.
2100278,5,"Super produkt! Usta są gładkie. Bardzo dobrze chroni przed wiatrem i mrozem. Bardzo dobrze radzi sobie ze spierzchniętymi, popękanymi ustami."
2100278,4,"Duża pojemność, minus to aplikacja na palec i trochę się klei na ustach"
2100278,5,Bardzo przyjemny i działa jak powinien !!!
2100278,5,"Świetny produkt, bardzo nawilża usta, długo się trzyma"
2100278,4,Całkiem przyjemna w uzytkowaniu
2100278,4,"Przyjemny zapach i konsystencja. Super podanie, jedynie cena nieco wysoka… mogłaby być przynajmniej z 10 zł noższa.."
2100278,5,👍️👍️
2100278,5,"Super maska, trzyma się na ustach prze całą noc, a rano usta są nawilżone, a skóra jest bardziej napięta 🔥👍️"
2100278,5,"👍️świetny produkt, super otula usta, polecam"
2100285,5,"Bardzo dobra maska, świetnie regały skórę na ustach."
2100285,4,"Faktycznie nawilża, ale dla mnie za tłusty. Plus za ładny zapach."
2100332,5,Świetne serum. Po kilku pierwszych użyciach tearz jest miękka i nawilżona
2100332,5,Serum sprawdza sie dobrze. To juz kolejne opakowanie.
2100332,3,"Serum ogólnie okej, mi nie zrobił jakiejś wielkiej różnicy na skórze, bardziej sprawdza mi się to z isany z niacynamidem 10%"
2100332,5,"Mam cerę mieszanką, trądzikowa , nadreaktywna, przetłuszczający się nos, czoło i policzki przy nosie, działa, nie podrażnia, nie wysypuje, pomaga na trądzik, łagodzi, regeneruje, moje kolejne opakowanie, jest RÓŻOWY"
2100332,5,Super ok
2100332,5,Polecam ❤️
2100332,4,🔥🔥🔥
2100332,5,"Stosuję dopiero od tygodnia ale już widzę, że buzia wyraźnie się wygładziła. Co najważniejsze, przynajmniej dla mnie, serum nie zostawia tłustego filmu. Polecam serdecznie"
2100332,5,"skuteczny, łatwa aplikacja"
2100332,5,"Mega, polecam"
2100434,5,"super, dobrze nawilża. Polecam"
2100434,5,słodki balsam do ust💯❤️
2100434,5,🔥Wspaniały zapach
2100434,5,superr dawno nie mialam tak super produktu🔥
2100434,5,Uwielbiam pomadki z bebio
2100434,4,👍️👍️
2100434,5,"Dobrze nawilża, smak wiśni 🍒"
2100434,5,"Fajna, przyjemna do smarowania, dość tempa, ale dla mnie to na plus."
2100434,5,Bardzo dobra pomadka
2100434,5,"Cudowne balsamy do ust! Prawdziwe i co ważne, naturalne nawilżenia. Polecam."
2100435,4,"Jest raczej gęsta i daje lekki połysk. Generalnie całkiem ok,"
2100435,4,Zwykła pomadka ochronną. Fajny kształt.
2100435,4,"W sumie w porządku. Daje ładny efekt na ustach. Jednak nie pachnie jak jest napisane na opakowaniu, zapach zwykłej pomadki typu nivea. I nie widzę efektu plump. Ale ogólnie jest okej, chroni usta i przy okazji daje błysk, więc jest okej."
2100435,5,Dobrze nawilża usta
2100435,4,Nawilża na ok dwie godziny
2100435,5,Zdecydowanie najlepszy z całej trójki. Super nawilża i do tego ładnie błyszczy.
2100454,5,"Błyskawicznie poprawia nawilżenie, nawet w trudnych warunkach pogodowych. Konsystencja kremu jest miękka i łatwa w rozprowadzeniu. Na pewno wrócę do tego produktu.❤️"
2100454,5,"Fantastyczna, lekka formuła. Uwielbiam efekt miękkiej, wypoczętej skóry tuż po aplikacji. Rekomenduję, sprawdził się doskonale.😍"
2100454,5,"Można bez obaw stosować także na szyję i dekolt. Cera wygląda na wypoczętą i bardziej jędrną. Działa dokładnie tak, jak obiecuje producent.⭐"
2100455,5,Super produkt lekka konsystencja szybko się wchłania
2100455,5,"Lekkie, przyjemne w dotyku serum, świetnie rozprowadza się na skórze. Stosuję je na całą twarz, też pod oczami. Sprawdza się pod makijaż. Moja skóra wrażliwa doskonale je toleruje. Na pewno kupię ponownie"
2100465,5,Moja skóra jest nawilżona przez cały dzień. Bardzo dobra jakość w rozsądnej cenie.
2100465,5,"Nie lepi się, nie zostawia śladów na ubraniach. Zaskoczył mnie pozytywnie już po pierwszym użyciu. Jest odpowiedni dla każdego typu skóry.❤️"
2100465,5,"Odczuwalnie wygładza i zmiękcza skórę. Zostaje ze mną na dłużej. Lekka formuła, idealna na co dzień."
2100466,4,Znakomicie sprawdza się jako część wieczornej rutyny.
2100466,5,"Doskonale nawilża bez obciążenia, polecam!❤️"
2100466,5,Polecam! Skóry mieszane będą zadowolone.
2100466,5,Nawilżenie jest na najwyższym poziomie i długotrwałe.❤️ Mój absolutny hit w codziennej pielęgnacji. Wygodna i szybka aplikacja.
2100487,5,Super skład
2100487,3,"Może i nawilża, ale nieznacznie. Nie zauważyłam w zasadzie żadnego efektu
 Konsystencja jak woda."
2100487,5,"Za krótko używam żeby coś pisać. Konsystencja fajna, bardzo ładny zapach. Skóra nawilżona"
2100487,5,Bardzo dobre serum polecam
2100487,5,Super fajny produkt❤️
2100487,5,"Polecam! Serum jest świetne, to już moje drugie opakowanie❤️"
2100487,4,W sumie ok tylko ten zapach śmierdzi jak by stęchlizną...
2100487,5,"Cudowne, łagodzi i koi przy retinoidach. Nie zapycha nawet skóry tradzikowej"
2100487,5,"Lejąca, łatwo wchłaniająca się emulsja bez zapachu. Dobrze nawilża, nie obciąża, nie pozostawia lepkiej warstwy i nie podrażnia."
2100487,5,👍️💪💯❤️
2100488,5,Mega fajna piała
2100488,5,Super prokukt
2100488,5,Miłe zaskoczenie! Fajna gładka skóra ❤️
2100488,5,Ladna pianka
2100488,4,Może być.
2100488,5,bardzo dobrze myje i lekko oczyszcza
2100488,5,SUPER PIANKA POLECAM
2100488,5,"Ostatnio polubiłam pianki do mycia twarzy, ta jest delikatna i przyjemny zapach"
2100488,5,Fajny produkt przyjemny w użyciu.
2100488,4,💯🔥👍️👍️
2100489,5,"Emulsja ma bardzo dobry skład, nie szczypie w oczy i jest super.👍️💯❤️"
2100489,2,"Produkt przyjemny w użytkowaniu, zapach i konsystencja ok, natomiast nie zmywa mi makijażu oczu, zawsze mam pandę a to zwykły tusz... Więc jako emulsja do demakijażu nie dla mnie."
2100489,5,"Świetny produkt, fajny zapach, konsystencja i najważniejsze domywa makijaż👍️"
2100489,5,❤️❤️❤️
2100489,2,"Beznadziejne i drogie, samo rozprowadzenie na zwilżonej twarzy (tak jak wskazuje producent) nie wystarczy do demakijażu oczu…"
2100489,5,Bardzo dobry produkt. Polecam tą markę.
2100489,5,"Emulsja świetnie zmywa makijaż również oczu, nie szczypie jest lekka .
Polecam 👍️"
2100489,5,Mam cała serię Waterfully i jestem zachwycona ! Każdy produkt jest warty uwagi.
2100489,3,"Według mnie niewiele robi, nie domywa, skóra pozostaje nieprzyjemna w dotyku, oczywiście niezbędny jest drugi etap zmywania makijażu, ale to akurat standard dla mnie"
2100489,2,"Niestety używanie tego produktu nie jest dla mnie zbyt przyjemne. Konsystencja jest wodnista zamiast emulsyjnej, a pompka wydaje tak mikroskopijną ilość produktu, że na jedno zastosowanie trzeba naciskać ją około 15 razy. Zapach jest dość nietypowy, ale mimo że jestem bardzo wyczulona na aromaty i zwykle ich unikam, ten mi nie przeszkadza — jest delikatnie owocowo-kwiatowy i czysty. 
Niestety problem z aplikacją całkowicie przesłania ewentualną skuteczność kosmetyku, bo zwyczajnie nie mam ochoty go używać, nawet jeśli działa dobrze.
...Więcej"
2100490,5,bardzo przyjemny w aplikowaniu
2100490,5,"Cudownie łagodny, łatwa aplikacja, bardzo odpowiedni do mojej wrażliwej skóry twarzy. Baedzo dobry skład."
2100490,5,"Otula, nie uczula i nawilża - sztos !"
2100490,5,"Dobrze nawilża, skóra jest rozjaśniona i delikatna. Polecam"
2100490,5,Bardzo fajny i przyjemny
2100490,5,Bardzo fajna
2100490,1,Jest 1 gwiazdka ponieważ nic nie kupowałam ! 😡
2100490,5,"Super tonik, nie uczula,świetnie nawilża ."
2100490,5,Świetny produkt. Daje ukojenie i takie schłodzenie. Super🔥
2100490,5,"Tonik leciutki, pięknie pachnie i z przyjemną, nawilżającą konsystencją, warto spróbować."
2100491,5,"Bardzo dobrze się wchłania, polecam"
2100491,5,"Można bez obaw stosować także na szyję i dekolt. Świetny wybór, bardzo się u mnie sprawdził. Polecam. Zapach kremu to po prostu obłęd.Lekka tekstura.Szybko się wchłania i nie zostawia lepkiej warstwy ."
2100491,5,Krem jest lekki i szybko się wchłania. Stosuję go pod makijaż by nawilżyć skórę.
2100491,5,lekka konsystencja
2100491,5,Daje efekt wypoczętej skóry. Nie spływa i nie pozostawia uczucia lepkości. To był dobry wybór.
2100491,5,"Idealny do szybkiej pielęgnacji – zero problemów z aplikacją. Zaskoczył mnie pozytywnie już po pierwszym użyciu. Idealny do cery tłustej i mieszanej,przyjemy zapach."
2100491,5,Delikatnie koi i dobrze sprawdza się także przy skórze wrażliwej.
2100491,5,"Krem jest naprawdę świetny i super się sprawdza. Znakomicie nawilża skórę, nie przetłuszczając jej . Krem ma lekką formułę i bardzo uwielbiam go nakładać."
2100491,5,Zauważyłam znaczną poprawę w wyglądzie mojej cery.
2100491,5,"Opakowanie bardzo praktyczne, nic się nie marnuje."
2100492,5,"Daje szybko zauważalne efekty;). Lekka formuła, idealna na co dzień. Wszystko zgodne z opisem, efekty super.👌"
2100492,5,"Bardzo przyjemna formuła, idealny krem na co dzień. Cera wygląda świetnie, nawet bez makijażu. To jest po prostu magia, polecam."
2100492,5,Super się nakłada – codzienna pielęgnacja to przyjemność.
2100492,5,Poprawia elastyczność i ogólną kondycję skóry. 💯
2100492,5,Wspaniały zakup w prost go uwielbiam 🫶Krem świetnie się rozprowadza i natychmiast wchłania.
2100492,1,"Nie polecam, trafiłam na otwarty i użyty krem , a zwrotu już nie chcą przyjąć mimo wadliwego produktu."
2100492,5,Nawilżenie jest na najwyższym poziomie i długotrwałe.❤️
2100492,5,"Jeden z najlepszych kremów nawilżających, lekki, nie pozostawia tłustej warstwy, cera wygląda na zadbana i wypoczętą, bardzo wydajny. Cudo. Uwielbiam całą serię 🔥"
2100492,5,Gęsta treściwa formuła a do tego bardzo ładnie pachnie
2100568,5,🔥🚀💯
2100568,1,"Na ustach nie zostaje brokat, zapach jest nieprzyjemny, ogólnie stracone pieniądze."
2100568,4,Szybko wnika w usta i znika ale i tak fajny
2100568,4,Jest naprawdę super ale ma trochę dziwny zapach
2100568,5,Bardzo dobry pomysł na prezent!
2100569,5,"Bardzo dobrze działa na przesuszone usta, dobrze je odżywia, przyjemny smak, nakładam również na noc 🙂"
2100569,4,poleca
2100570,5,Przyjemny zapach. fajnie nawilża
2100571,5,Cudowna konsystencja i zapach
2100571,5,"OH!!! To jest najlepszy blask na świecie!!! A zapach jaki!!!
Jestem bardzo zachwecona❤️❤️❤️"
2100571,4,"Ma ładny delikatny kolor, przyjemny zapach, dobrze smakuje, ale szybko ściera się z ust :("
2100571,5,"Super produkt, zawsze po niego wracam"
2100571,5,"Super błysk,polecam"
2100580,5,Super jey
2100580,5,pieknie nabłyszcza❤️
2100580,5,Usta nawilżone
2100580,5,💪usta miękkie i nawilżone
2100580,5,Mega wygląda. Na ustach
2100580,5,Długo utrzymuje się na ustach
2100580,5,"Przyjemnie pachnie, dobrze się aplikuje, usta rzeczywiście są miękkie, a efekt długo się utrzymuje. 🤩"
2100580,5,Dobrze się nakłada. Cudny zapach
2100580,5,Usta są po nim bardzo miękkie. Nie klei się zbytnio
2100580,5,Olejek jest bardzo dobry👍️
2100581,3,Błyszczyk okej ale bardzo szybko się zużywa!!
2100582,5,polecam
2100582,4,Bardzo pięknie!
2100582,5,"Każdy szczegół mi tu pasuje. Aplikator kulkowy - uwielbiam takie rozwiązanie. Cieszę się, że tego typu produkty powracają na rynek 💝
Zapach obłędny. Dla mnie mniej kwiatowy, a bardziej pomarańczowy. W każdym razie wspaniały. 
No i wygląd - zupełnie kosmiczny. Urzeka nie tylko płatkami kwiatów, ale mieniącymi się kolorowo drobinkami. 
Olejek jest trwały, nie klei się, wspaniale nawilża usta.
...Więcej"
2100595,5,"Czuję, że moje usta są odżywione i miękkie. Pozostawia subtelny, naturalny połysk. Łatwo się rozprowadza na ustach."
2100595,5,Usta są dobrze nawilżone przez długi czas. Nie klei się na ustach. Aplikacja jest szybka i bezproblemowa.
2100595,5,Super fajnie nawilża
2100595,5,🚀🚀🚀
2100595,5,"Moja ulubiona , nawilża, nie skleja"
2100595,5,"Jedna z lepszych jakie miałam, nawilża i nie sprawia, że naskórek wysycha od nadmiaru natłuszczania."
2100595,5,Piękny zapach
2100595,3,zwykły balsam wazelinowy
2100595,5,Kupiłam to mojej koleżance spodobało jej się ❤️
2100595,4,"Przyjemna w konsystencji pomadka, dobrze się nakłada, pięknie pachnie ale wymaga częstych aplikacji"
2100596,5,"Bardzo fajny balsam, kolejny mój zakup."
2100596,5,"Kocham całym sercem, zużyłam już kilkanaście jak nie kilkadziesiąt opakowań, świetny skład, tłuściutka - pięknie nawilża!"
2100596,5,"Najlepsza pomadka, świetnie regeneruje."
2100596,5,Super kremowy i ładnie nawilża można położyć na niego lekko szminkę i efekt wow
2100596,4,"Działa dobrze, ale bez efektu wow."
2100596,5,polecam
2100596,4,"Cudów nie robi, nie wysusza ale też nie nawilża jakoś specjalnie. Plus że ładnie pachnie cynamonem i nie jest tłusty"
2100596,2,"Pomadka ma śliczne opakowanie lecz zawiodlam sie jej dzialaniem. Ciezko sie rozprowadza oraz zostawia nie przyjemna tlusta wartswe, ktora pachnie korzennie :/"
2100596,4,słabo nawilża
2100737,5,Jest to najlepsza pomadka bezbarwna jaką miałam . Usta na dlugo są nawilzone i natluszczone. A nie ma uczucia sklejenia.
2100737,5,👍️pomadka jest super
2100737,5,"👍️ nie klei się, przyjemna aplikacja, wydajny kosmetyk"
2100737,5,polecam
2100737,5,doskonała
2100737,4,"Niezla pomadka na ck dzien, w dwupaku bardzo sue oplaca"
2100737,5,"Spełnia swoje zadanie. Fajnie, że była promocja na dwupak - jedną dałam mężowi. Dobra cena.💪"
2100737,5,👍️👍️👍️👍️👍️
2100737,5,Najlepsze pomadki dla moich ust 💯
2100737,5,👍️👍️
2101172,5,"Żaden krem nawilżający nie dał takiego efektu, używam codziennie, polecam!"
2101261,5,Skóra jest po nim przyjemnie nawilżona. Bardzo lekka i szybko się wchłania. Widocznie poprawia wygląd skóry.
2101261,5,Buzia ładnie wygładzona
2101261,5,🔥 super
2101261,4,"Całkiem dobry produkt, ładnie pachnie, dobrze się rozprowadza, szybko się wchłania, nawilża."
2101261,5,"Bardzo dobre ,szybko się wchłania."
2101261,5,"Świetny produkt, który przynosi efekty, używam od długiego czasu 😄"
2101261,5,Wydaje serum. Skóra jest po nim bardziej nawilżona niż po zwykłym kremie.
2101261,5,"Rewelacyjny efekt już po kilku dniach, polecam"
2101261,5,Jest ok
2101261,5,👍️🔥👍️
2101264,5,świetna !
2101264,4,Todos los productos que compre para mi rostro son demasiado buenos
2101264,4,"Lubię, ale kiedyś lepiej nawilżała"
2101264,5,Dobry produkt w przystępnej cenie
2101264,3,Niestety musiałam szybko zmyć bo twarz się zaczerwieniła i zaczęła lekko szczypać nie wiem co mogło mnie uczulić wcześniej stosowałam z tej serii różową maseczkę colagen i było ok więc polecam ostrożne stosowanie
2101264,4,Może być
2101264,5,Testuję
2101264,5,jest bardzo dobra maseczka.🔥❤️💞 polecam
2101264,5,Super maseczka nawilżająca i czuje jakby skóra byla wygladzona .bardzo lubię ja 👍️
2101264,5,Dobrze nawilża i nawet dla osoby skłonnej do alergii jest delikatny . Ma miłą konsystencję
2101265,5,świetna !!
2101265,5,Bardzo dobra jakość i duża ilość
2101265,4,Receptura wydaje się idealnie dopasowana do potrzeb.
2101265,5,Bardzo dobra!
2101265,5,👍️🔥🔥
2101265,5,Dobry produkt w przystępnej cenie
2101265,4,Może być
2101265,4,Skóra po użyciu jest odświeżona.
2101265,5,Bardzo dobry produkt
2101265,5,Polecam 👍️
2101266,5,"Fantastyczna, lekka formuła."
2101266,5,Nie spływa i nie pozostawia uczucia lepkości. 👍️
2101266,4,"Dość tępy przy nakładaniu, trzeba odczekać a i tak nie wchłania do końca, dobrze współpracuje z makijażem."
2101266,5,"Przyjemnie się nakłada na skórę. To jeden z tych produktów, do których regularnie wracam. Kupiłabym ponownie.;) Polecam serdecznie."
2101266,5,"Nie roluje się pod podkładem, nie bieli, szybko się wchłania. Podkład u mnie mineralny, nie wiem jak będzie się zachowywać pod klasycznym. Solo, na rower wystarczyło dodać po dwóch godzinach i było bezpiecznie. Oceniam wiosną, może latem będzie trzeba częściej. Polecam, kupię ponownie"
2101266,5,Krem na idealną formułę.
2101266,5,"To już moje 3 opakowanie tego kremu. Jeśli zapominasz o nałożeniu SPF albo nie masz czasu, żeby rano nakładać i krem i SPF, to jest rozwiązanie dla Ciebie. 🔥Krem szybko się wtapia w skórę, bez rolowania."
2101266,5,Sprawdza się na typie mojej skóry.
2101266,2,Roluje się
2101980,5,"Ciekawy skład, czuć że są tam dobre składniki. Bardzo lekka i przyjemna konsystencja, idealna pod makijaż. Zauważyłam lekkie rozświetlenie okolic oczu."
2101980,5,"Super rozjaśniacy , kojący krem pod oczy z drobinkami złota . Polecam"
2101980,5,Polecam. Bardzo dobry krem. Bardzo mi się spodobał
2101980,4,"Całkiem przyjemny. Nawilża, nadaje się pod makijaż, jest delikatny."
2101980,5,rozświetla
2101980,5,"Delikatny, lekki, z drobinkami, ktore swietnie rozswietlaja strefe pod okiem"
2101980,5,"Jestem z lepszych kremów, ujedrnia, rozjaśnia i zostawia skórę promienną. Polecam 🙂"
2101980,5,🔥🤩🥰🥰🥰🥰
2101980,5,"Jest to mój pierwszy zakup, jestem bardzo zadowolona jak to tej pory. Lekki, bardzo dobrze się wchłania."
2101981,5,Ten spf jest lekki i nie bieli twarzy. Jest aplikator pomaga w łatwym nałożeniu. Kocham go🙌❤️
2101981,5,Polecam. Bardzo dobry krem. Bardzo mi się spodobał
2101981,5,Polecam
2101981,5,Super produkt
2101981,5,"Bardzo miła dla cery lekka formuła. Pięknie się wchłania, skóra się nie błyszczy. Jeśli filtr tutaj jest skuteczny, to produkt jest świetny."
2101981,5,Super że ma filtr
2101981,5,"Kupiłam w ciemno (wczesniej uzywałam innego kremu tej firmy) i jestem zadowolona. Jest lekki, dobrze się wchłania, nie zapycha porów a jednocześnei dobrze pełni swoja ochronna rolę"
2101981,5,Super sie wchlania
2101981,5,Super krem polecam
2101981,5,"Świetny krem, lekki i nawilżający, stosuję go już 3msc i naprawdę razem z innymi produktami z Kimoco widać ogromną poprawę ❤️‍🔥"
2101984,5,❤️❤️❤️❤️
2101984,5,Świetne nawilżenie
2101984,5,Płachta jest bardzo miękka i przyjemna w dotyku.
2101984,5,"Delikatna maska, która nawilża skórę"
2101984,5,Bardzo dobra.
2101984,5,Użyte substancje nie powodują pieczenia ani zaczerwienienia.
2101984,4,"Bardzo dobry skład, nie uczula."
2101984,5,Świetnie nawilża
2101984,5,Najlepsza maseczka jaką kiedykolwiek używałam. Teraz kupuję już tylko tą. Super nawilża i regeneruje a zapach ma obłędny.
2101984,5,🔥👍️💪
2101985,2,Tańsze plastry robią taki sam efekt
2101985,4,Świetnie się sprawdzają. Czasami przy skórze wrażliwej mogą podrażnić po długim noszeniu.💪
2101985,5,działają
2101985,5,Świetnie się sprawdza dodatkowo
2101985,5,💯super
2101985,4,"Są Okey, ale nie dają spektakularnych efektów"
2101985,4,Często korzystam z plasterków na wypryski i te są jednymi z moich ulubionych patrząc na ilość sztuk w opakowaniu w stosunku do ceny.
2101985,5,Najlepsze plasterki na wypryski jakie istnieją. Przetestowałam już chyba wszystkie z różnych półek cenowych i te nie mają sobie równych. Pięknie od razu rozjaśniają ślady po nieprzyjaciołach. Polecam!🔥
2101985,5,❤️ skuteczne
2101985,5,"bardzo dobry, skuteczny produkt👍️"
2101986,5,"Poprawia jędrność mojej cery i nawilża. Ma delikatny, przyjemny zapach – dodatkowy plus przy aplikacji. Jeden z tych produktów, które zostają na stałe."
2101986,5,"Świetny duet. Skóra rzeczywiście ma efekt glass skin. Konsystencja lekka, łatwo się wchłania. Pięknie pachnie ( grapefruitowe nuty, świeże, orzeźwiające) Polecam !"
2101986,4,👍️👍️
2101986,5,"Cudownie kremowa formuła – łatwo się go używa. Nawilżenie jest na najwyższym poziomie i długotrwałe.❤️ Wysoce polecam, jestem zadowolona z zakupu."
2101986,5,"Skóra jest miękka, dobrze nawilżona."
2101986,5,"Daje przyjemne uczucie ukojenia i nie zapycha, co dla mnie jest dużym plusem. Idealny na co dzień, szczególnie jak ktoś chce efekt glow bez ciężkich kremów"
2101986,5,"Delikatnie koi i dobrze sprawdza się także przy skórze wrażliwej. Lekka formuła, nie zapycha porów. Kupiłabym ponownie.;) Polecam serdecznie."
2101986,5,"Po nałożeniu skóra jest pełna blasku.👌 Nie zostawia tłustego filmu, skóra jest od razu gotowa na makijaż. Dobry kosmetyk, polecam serdecznie.👍"
2101986,5,Skóra wygląda o wiele lepiej już w krótkim czasie.
2102016,1,"Wstyd
Nowe, nienaruszone opakowanie a w środku 30ml napewno nie było
Starczyło na 2aplikacje"
2102016,5,"Uwielbiam! Skóra wygląda młodziej, serum nie uczula, ma lekką konsystencję. Dodatkowym atutem jest masażer."
2102016,5,Super 👍
2102016,5,polecam
2102016,5,"Najbardziej podobają mi się te wibracje i masaż, super serum moja skóra je uwielbiam , napewno jeszcze je kupię"
2102016,5,Super massaż
2102016,5,"skóra jest nawilżona, zmarszczki spłycone po miesięcznym stosowaniu wraz z zalecanym masażem co wieczór👍️"
2102016,5,Polecam 👍️
2102016,1,W tupcie minimalna ilość produktu
2102016,5,Super działanie poprzez aplikator kuleczkowy
2102017,5,"Lekkie serum, świetnie spisuje się. Minusem niestety jest dozownik."
2102017,4,"Produkt fajny, bardzo wydajny, ale dozownik trochę mało udany."
2102017,3,"serum jest całkiem dobre, butelka bardzo ładna, jednak pobieranie serum to tragedia. łatwiej wylewać trochę serum na dłoń niż siłować się z tym mechanizmem."
2102017,5,kwas felurowy i peptydy? nie trzeba mnie dłuzej namawiac ;) serum ma przyjemną konsystencję i ładnie sie wchłania. Idealne na dzien i mozna lączyc z wit C 🚀
2102017,5,Polecam z czystym sumieniem
2102017,5,"Polecam, super się wchłania, skóra jest miękka i delikatna. Jestem bardzo zadowolona. 💯"
2102017,5,Super. Polecam
2102018,5,Najlepszy krem pod oczy jaki miałam.
2102018,3,"Krem ok
Natomiast wibracje działały przy 3aplikacjach
Nie kupię ponownie"
2102018,4,👍️👍️
2102018,5,Świetnie wygładza i napina skórę pod oczami 👍
2102018,5,"Super!Szukałam czegoś na powieki,to był jedyny artykuł,nie do czytałam ,że końcówka wibruje.Świetny masaż całego oka!Pokecam"
2102018,5,"Super produkt i te wibracje są mega , napewno kupię sobie kolejne opakowanie"
2102018,5,mega fajna powieka po zastosowaniu serum
2102018,4,"Super masażer, chłodzi okolicę oka. Używam za krótko, aby ocenić skuteczność kremu"
2102018,5,🔥🔥 świetna końcówka wibrująca
2102019,5,Super produkt. Polecam
2102019,5,"Krem jest extra nie uczula , co dla mnie było najważniejsze"
2102019,5,"Szybko i dobrze się wchłania, działa jak powinien."
2102019,5,"Zużyłam już 3 opakowania tego SPF i to jeden z moich ulubieńców. Wspaniała konsystencja, nienachalny zapach i wygodne opakowanie."
2102019,5,"Świetny pod makijaż, szybko się wchłania, nawilża skórę. Duży plus za wysoki filtr, który sprawdził się latem- nie nabawiłam się przebarwień do których mam tendencję. Kupiłam kolejne opakowanie ze względu na filtr+pielęgnacja."
2102019,5,top!!!
2102019,5,🔥💯❤️
2102019,3,"Mam bardzo mieszane uczucia do tego produktu... Lejąca się konsystencja jest dla mnie troszkę zbyt lejąca, poza tym mam wrażenie, że pomimo używania tego kremu i tak delikatnie opaliła mi się twarz. :("
2102019,5,"Lekka formuła, dobrze się wchłania, odpowiedni pod makijaż. Skóra bardzo dobrze nawilżona."
2102019,5,"Genialna,nowa formuła!
Krem idealnie się rozprowadza,wspaniałe wchłania. Kapitalne rozwiązanie na otwarcie pojemniczka,wystarczy przekręcić i...gotowe.
Bardzo polecam ten krem. Mam 73 lata i uważam że jest cool
...Więcej"
2102020,5,Bardzo dobry produkt.
2102020,5,Jest to lejek ale dobrze się rozprowadza. ładne i poręczne opakowanie.
2102021,4,Za krótko używam abym mogła dokonać oceny. Konsystencja i zapach dobre
2102021,5,"Delikatny, nie obciąża, nawilża, polecam❤️"
2102021,3,Raczej nie powoduje niczego złego ani dobrego. Bardzo wrażliwych oczu nie uczula.
2102021,2,u mnie się nie sprawdza po godzinie wygląda jakbym nie nałożyła kremu pod okiem sucho
2102021,5,Produkt ok
2102021,5,"Lekka formuła, nie podrażnia oczu. Widoczne efekty."
2102021,5,"Krem ma lekką konsystencję i jest bardzo przyjemny w użyciu, nawilża i jest idealny pod makijaż."
2102021,5,"Na efekty trzeba poczekać, ale super się rozprowadza i ma bardzo poręczne opakowanie. Jest wydajny."
2102022,5,"Po nałożeniu skóra jest pełna blasku.👌 Zgrabne opakowanie, idealne do torebki czy na wyjazd. Działa dokładnie tak, jak obiecuje producent.⭐"
2102022,4,Bezproblemowa aplikacja nawet w pośpiechu.
2102022,5,Daje wspaniałe efekty.
2102022,5,Świetnie się wchłania
2102022,5,Ładnie odżywia jako całonocna maska po ciężkim dniu
2102022,5,"Nie zatyka porów, koi moją cerę."
2102022,5,"Przyjemnie się nakłada na skórę. Cera wygląda zdrowiej. Kosmetyk, do którego chce się wracać."
2102022,2,"Rzeczywiście krem tworzy „ maskę” i ma się wrażenie, że pod nią skóra nadal jest sucha… Przynajmniej ja mam takie wrażenie. Poza tym zapach mi nie odpowiada, jest mocny, ciężki, nieświeży i jak na mój gust trochę „tandetny.”
Spodziewałam się więcej po tym kosmetyku.
...Więcej"
2102022,5,Odczuwalnie wygładza i zmiękcza skórę.
2102022,5,Lubię ten krem za komfort stosowania.
2102023,5,🚀❤️💯
2102023,4,Może być do cery tłustej. Jest ok tylko zapach oliwy trochę przeszkadza.
2102023,5,"Świetnie domywa, ładnie się reguluje i zmywa"
2102023,4,uzywalam do 2-etapowego oczyszczania i fajnie oczyszczal aczkolwiek nie pieni sie praktycznie wcale przez co na jedno umycie twarzy idzie dosc sporo produktu
2102023,5,Rewelacyjnie zmywa makijaż 🔥
2102023,5,Jest supi
2102023,5,Super oczyszcza
2102023,5,Olejek super zmywa każdy makijaż. Polecam 💯❤️
2102023,5,Fajny produkt nie szczypie w oczy
2102023,5,Bardzo dobry dziala
2102024,5,rewelacyjny
2102024,5,Skura na twarzy bardzo zmniejszyła podrażnienia
2102024,5,Top of the top🔥
2102024,5,"Uwielbiam go za to, że daje pożądane efekty...myje, odświeża, matuje, pięknie pachnie👏"
2102024,4,Bardzo spoko polecamm💯
2102024,2,Dałam kilka szans temu produktowi ale za kazdym razem w ciągu godziny zaczynają pojawiać sie bolące pryszcze mimo iz niemam cery trądzikowej
2102024,5,🔥jest naprawdę dobry
2102024,5,Super żel do mycia twarzy przed stosuje jeszcze olejek z tej samej seri. Najlepsze połączenie. Polecam 👍️💪💯
2102024,5,Dobry skład
2102025,5,Mam cerę mieszana z predyspozycją do trądziku podoba mi się jego lekka formuła szybko się wchłania nie ma drażniącego zapachu fajnie że ma SPF tak że połączenie kremu i ochrony w jednym świetna sprawa
2102025,5,"Dobrze się rozprowadza, nie bieli, wydajny."
2102025,5,"Jest naprawdę fajny,nie bieli 😊 skóra po nim jest nawilżona i mięciutka,nie zapycha"
2102025,5,"skóra po użyciu wygląda pięknie, zdrowo, jest nawilżona, przyjemna i miękka w dotyku. świetnie chroni przed słońcem"
2102025,4,Polecam :)
2102025,2,Krem jest bardzo tłusty i nie najlepiej się wchłania. Na twarzy powoduje tłusty efekt
2102026,5,Skóra wygląda o wiele lepiej już w krótkim czasie.
2102026,5,"Regeneruje, koi, daje mi 100% zadowolenia. Fantastyczna, lekka formuła. Świetny wybór, bardzo się u mnie sprawdził. Polecam."
2102026,5,"Krem świetnie się rozprowadza i natychmiast wchłania. Zauważyłam, że makijaż wygląda na nim lepiej i dłużej się utrzymuje. Minus za zapach"
2102026,5,"Błyskawicznie poprawia nawilżenie, nawet w trudnych warunkach pogodowych. Wygodna i szybka aplikacja. Idealny do codziennej pielęgnacji.⭐"
2102026,5,"Opakowanie bardzo praktyczne, nic się nie marnuje."
2102026,4,Daje super efekt nawilżenia.
2102026,5,Bardzo lubię ten krem jego konsystencja i zapach są przyjemne i dobrze działa
2102026,5,"Zdecydowanie poprawił wygląd mojej skóry – jest bardziej promienna i napięta. Aplikacja jest czysta i bezproblemowa. To jest po prostu magia, polecam."
2102026,5,"Bardzo dobrze się wchłania, nie trzeba długo czekać."
2102026,2,"Jak dla mnie za mocno normalizuje, a za mało nawilża"
2102027,5,Top !❤️
2102027,5,Super odświeża
2102027,5,Super produkt
2102027,5,"mgiełka, krem nawilżający, roll pod oczy"
2102027,5,Bardzo subtelny zapach! Lepiej przechowywać w lodówce!
2102027,5,"Bardzo fajny atomizer. Mgiełka mocno nawilżająca, ale nie klejąca. Ma lekki różany zapach."
2102027,5,"Super mgiełka, kupiłam juz 3 raz . Fajnie odświeża i nawilża skórę"
2102027,3,Nie widać znaczącej różnicy po użyciu
2102027,5,"Świetnie nawilża i sprawia, że skóra wygląda świerzo."
2102027,5,Polecam 🔥
2102028,5,Super nawilżenie
2102028,5,Super sie sprawdza cała seria💓
2102028,5,"Kupuje juz drugie opakowanie ..
Konsystencja wchłanianie zapach ..
Miękka nawilżona skóra, widać efekty stosowania"
2102028,3,👍️super moja mama używa i jest zadowolona
2102028,5,Super nawilża i rozświetla twarz
2102028,5,"Ten serum JEST SUPER tylko jak nie na promocji to drogie 
👍️"
2102028,4,Dobry produkt
2102028,2,"Zdecydowanie nie jest to serum nawilżające, zdecydowane nie dla suchej skóry. Już po chwili ponownie jest spięta i wysuszona."
2102028,5,"Bardzo dobrze się wchłania, polecam"
2102029,5,"Moja cera odżyła, boski krem."
2102029,5,"Bardzo lekka formuła, idealna na co dzień. Skóra po użyciu jest gładka i nawilżona. Urzekł mnie subtelny kwiatowy aromat. Bardzo lekka formuła, idealna na co dzień. Skóra po użyciu jest gładka i nawilżona. 👍️"
2102029,5,"Fantastyczna, lekka formuła. Znakomicie sprawdza się jako część wieczornej rutyny. Świetny wybór, bardzo się u mnie sprawdził. Polecam."
2102029,5,"Bardzo dobrze się wchłania, nie trzeba długo czekać. Daje super efekt nawilżenia. Rewelacja – zdecydowanie go polecam. Krem jak masełko. Extra formuła."
2102029,5,"Regeneruje, koi, daje mi 100% zadowolenia."
2102029,5,"Uwielbiam ten krem za to, jak lekko się aplikuje. Daje szybko zauważalne efekty;). Wysoce polecam, jestem zadowolona z zakupu."
2102029,5,"Cera wygląda świetnie, nawet bez makijażu. ❤️"
2102029,5,"Krem szybko się wtapia w skórę, bez rolowania. 💯🔥💪"
2102029,4,Super się nakłada – codzienna pielęgnacja to przyjemność. Nadaje cerze naturalny blask i poprawia jej strukturę.
2102029,5,Odczuwalnie wygładza i zmiękcza skórę.
2102052,5,Super opcja do porannego rytuału pielęgnacyjnego. Wspaniale współgra z innymi kosmetykami w mojej pielęgnacji. Na pewno wrócę do tego produktu.❤️
2102052,5,Bardzo dobry nawet do cery wrażliwejZdecydowanie poprawił wygląd mojej skóry – jest bardziej promienna i napięta.
2102052,5,"Nie zapycha porów, a skóra staje się gładsza i bardziej rozświetlona."
2102052,1,Bardzo tłusty. Nie nadaje się do mojej cery.
2102052,5,"Cera wygląda zdrowiej. Dobrze się rozprowadza, nie trzeba mocno wcierać. Doskonały wybór dla wymagającej skóry."
2102054,4,"Przyjemny zapach i mily w aplikacji. Używam od ok tygodnia razem z serum z tej serii. Brakuje mi odrobiny lepszego nawilżenia, ale ogolnie polecam."
2102054,5,"Sprawdza się na typie mojej skóry. Konsystencja kremu idealnie współgra ze skórą ani za rzadka, ani za gęsta. Kosmetyk, do którego chce się wracać."
2102054,5,Aplikacja tego kremu to miły początek dnia.
2102054,5,"Bardzo przyjemna formuła, idealny krem na co dzień. Skóra wygląda o wiele lepiej już w krótkim czasie. Fantastyczny krem, polecam każdemu."
2102054,5,Moja skóra jest nawilżona przez cały dzień. Nie spływa i nie pozostawia uczucia lepkości. Zamówiłam już kolejne opakowanie.
2102054,5,Odczuwalnie wygładza i zmiękcza skórę.
2102054,4,Buzia wygląda od razu lepiej.;)
2102054,5,"Produkt godny zaufania. Nie klei się, nie zostawia żadnych śladów. Efekty są naprawdę świetne."
2102056,5,Drugi raz kupiłam ten krem. Bardzo szybko wchłania się i nie powoduje opuchnięć pod oczami.
2102056,5,"Super produkt, gorąco polecam"
2102056,5,"Bardzo przyjemny krem. Nie migruje do oka, nie podrażnia, ma fajną konsystencję. Zapowiada się ciekawie."
2102056,5,Skóra miękka i nawilżona po zastosowaniu produktu
2102057,4,"Przyjemny zapach i mily w aplikacji. Używam od ok tygodnia razem z kremem z tej serii. Brakuje mi odrobiny lepszego nawilżenia, ale ogolnie polecam."
2102057,5,Polecam
2102057,5,Cudowny! Nie pozostawia uczucia lepkości a skóra po nim jest gładziutka! Pięknie i delikatnie pachnie. Na pewno kupię ponownie!
2102057,3,Dopiero zaczęłam także trudno mi ocenić
2102057,5,"Bardzo dobry produkt. Ładnie współpracuje z moją skórą. Ale na efekty muszę trochę poczekać, wiadomo, że tu potrzebny jest czas."
2102057,5,"dla mnie petarda🚀
bardzo cenię peptyd miedziowy za jego udowodnione działanie napinające. Firma Ava to tez pewniak
samo serum to przyjemna żelowa konsystencja, leciutki świeży zapach, lekki niebieskawy kolor ale jak to działa- policzki jakies takie wypełnione, napiete, nie wiem jak ale wow. 
stosuję i rano iw wieczorem, co parę dni podbijam niacynobazą 25% .
będę bardzo polować na promocje, super rzecz❤️
...Więcej"
2102057,5,🔥👍️💪🚀💯
2102057,5,Moim zdaniem bardzo dobre i cena też nie wygórowana. Koloryt skóry lekko przyciemniony.❤️
2102058,5,"Krem jest dość gęsty, ale dobrze się rozprowadza. Skóra jest wyraźnie bardziej nawilżona i odżywiona."
2102058,5,Cudownie kremowa formuła – łatwo się go używa. 👍️
2102058,5,"To jeden z tych produktów, do których regularnie wracam."
2102058,5,"Bardzo łatwy i szybki w aplikacji krem. Moja skóra jest nawilżona przez cały dzień. Wszystko zgodne z opisem, efekty super.👌"
2102058,5,Lubię ten krem za komfort stosowania.
2102058,4,"Cera wygląda zdrowiej. Ma delikatny, przyjemny zapach – dodatkowy plus przy aplikacji. Nie żałuję zakupu i polecam."
2102058,5,Daje efekt WOW! Wygodne opakowanie i szybka aplikacja. Na pewno do niego wrócę.
2102058,5,"Bardzo dobrze się wchłania, nie trzeba długo czekać. Cera wygląda na wypoczętą i bardziej jędrną. Kupiłbym ponownie.;) Polecam serdecznie."
2102058,5,"Każde użycie to czysta przyjemność. Widać, że naprawdę działa. Strzał w dziesiątkę, jestem na tak."
2102058,5,"Skóra jest miękka, dobrze nawilżona."
2102063,4,Чудовий
2102063,5,Polecam👍️
2102063,5,👍️❤️ jest OK
2102063,5,fajny jest
2102063,5,"Bardzo łatwy w użyciu, duża butelka i super dozownik. skóra umyta i nawilżona.👍️ Polecam❤️"
2102063,4,"Dobrze usuwa makijaż i zabrudzenia, ale ma nieprzyjemny zapach"
2102063,4,łagodny nie podrażnia🙌
2102063,4,Nic nadzwyczajnego
2102063,5,🔥polecam
2102063,5,Polecam
2102064,2,"Myślałam chwilę nad tą mgiełką bo zależało mi na ochronie SPF i na ściągnięciu pudrowości makijażu. Niestety jestem rozczarowana. Zapach mocno chemiczny, a po spryskaniu twarzy widać małe białe kropeczki na twarzy prawdopodobnie to właśnie drobinki filtra spf. Jedyna zaleta to faktycznie przyjemnie rozświetla makijaż"
2102064,5,"Lekka, nie jest tłusta. Zapach typowy, ale jako migrenowiec nie drażni, po chwili nie czuć wcale. Lekka i poręczna na wyjazdy."
2102064,5,Pięknie rozświetla buzię i świetnie ją chronione słońca.
2102064,1,Bardzo chemiczna zapach przede wszystkim
2102065,5,swietny produkt idealny pod makijaz
2102065,3,"zostawia wartwe na skorze, skora po tym jest tlusta"
2102065,4,"Super produkt, ale cena bardzo zawyżona."
2102065,5,"Innowacyjny sposób aplikacji, nietlusta przezroczysta powłoka i super ochrona przed uva i uvb. Polecam szczególnie na wyjazdy."
2102065,5,"Sztyft oprócz tego że chroni przed promieniowaniem UV to dodatkowo pięknie rozświetla i nawilża twarz.
Stosuję również na dłonie"
2102065,5,Świetnie się rozprowadza i długo utrzymuje.
2102069,5,"Uwielbiam ten zel, ja i moja buzia. Buzia jest bez tradziku. ❤️wydajny, dobrze sie pieni i dobrze zmywa do tego firma z renoma.💯"
2102069,4,"Dobrze się pieni, polecam"
2102069,5,Świetny produkt
2102069,5,Dobrze zmywa twarz
2102069,5,"❤️MIYA najlepsze kosmetyki, polecam!!!❤️"
2102069,5,"delikatny żel, skóra jest czysta i odświeżona"
2102069,5,"Żel w porządku, zero zastrzeżeń"
2102070,5,Świetny tonik ! Polecam serdecznie na przebarwienia 💯
2102070,5,❤️ super
2102070,5,Poznajemybsiebwdaje sie porównywalana do innyvh produktów o wyszej cenie
2102070,2,"Atomizer fatalny - oblewa produktem zamiast rozpylać mgiełką. Poza tym, podrażnił skórę, chociaż inne kosmetyki z tej serii lubię i używam regularnie."
2102070,5,Po stosowaniu superTonic mój koloryt skóry bardzo poprawił się
2102070,5,"Tonik w sprayu- rewelacja, używasz bez wacików"
2102070,5,Używamy razem z mężem. Łatwo się rozpyla.
2102071,5,super konsystencja i piękny zapach
2102071,5,"Świetny, zmniejsza ilość niedoskonałości"
2102071,5,Delikatny ulubieniec do mycia buzi.
2102071,5,"W mojej opini bardzo delikatny, nawilzajacy. Ladnie pachnie, nie podraznia.🔥"
2102071,5,Bardzo dobry żel do twarzy. Moja buzia jest cały dzień śweża. Polecam
2102071,2,"Bardzo mocny żel, typu „rypacz”, mimo dość ciekawego składu. Bardzo ściąga i wysusza, powoduje podrażnienie i mrowienie ust. Nie jest to mój pierwszy produkt z niacynamidem, więc nie mam pojęcia, co może powodować taką reakcję. Nie mam cery wrażliwej, mam mieszaną. Opakowanie bardzo ciężko się otwiera, żel jest mało wydajny, spienia się na taką gęstą, ciężką, mało napowietrzoną pianę. Patrząc na skład oczekiwałam fajnego produktu, niestety mocno się zawiodłam :( zapach całkiem ok, choć też bez szału… podobno inne żele tej marki są fajniejsze. Nie kupię ponownie na pewno.
...Więcej"
2102071,5,"Przyjemny żel do mycia twarzy, polecam"
2102071,5,"Świetnie zmywa pozostałości kosmetyków. Łatwa aplikacja, poza tym przyjemny, ekologiczny skład produktu"
2102071,5,bardzo dobry produkt❤️
2102071,2,Zamknięcie źle działa - żel nie domyka się. Liczyłam na lepszy zapach i na lepsze zmiękczanie naskórka.
2102072,3,"Nie usuwa mocnego makijażu, raczej do takich codziennych, delikatnych makijaży. Trzeba sie trochę pomęczyć."
2102072,5,🔥👍️💪🚀💯❤️
2102072,3,Olejek w porządku ale nie domywa tuszu do rzęs
2102072,5,❤️❤️❤️
2102072,2,"Olejek jest mało „olejkowy” trudniej się rozprowadza od swojego starszego brata w pomarańczowej butelce. Nie jest wydajny. Spełnia swoje zadanie, ale trzeba go dużo nałożyć i długo rozprowadzać po twarzy."
2102072,5,"Ciekawa formuła, intrygujący zapach, skutecznie usuwa warstwę kremu SPF i przygotowuje skórę do dalszego oczyszczania."
2102072,5,🔥❤️❤️
2102073,5,Najlepszy kosmetyki do demakijażu. Jestem jego wierną fanką. Naprawdę polecam👍️
2102073,2,Nie polecam tego produktu nie domywa skóry po makijażu a tym bardziej tuszu z rzęs a do tego moja skóra była czerwona nie nadaje się do skóry wrażliwej
2102073,5,super ok
2102073,1,Słabo domywa
2102073,5,Fajny wszystko oki.
2102073,5,Polecam
2102073,3,Emulsja nie radzi sobie z demakijażem oczu. Trzeba po niej poprawiać innym kosmetykiem. Szczypie w oczy. Plus za przyjemny zapach
2102073,5,Dobrze zmyło makijaż i nie szczypie w oczy.
2102074,5,Bardzo delikatny i przyjemny dla twarzy.
2102074,5,Polecam!👍️
2102074,5,❤️❤️❤️❤️❤️❤️❤️❤️❤️❤️❤️❤️
2102074,5,Fajna esencja
2102075,5,Sprawdza się na typie mojej skóry.
2102075,5,"Beznadziejny, mega bieli, probowalam wklepywac i wsmarowywac i ciagle to samo, zaluje ze to kupilam"
2102075,3,"Bardzo gęsta, ciągnąca wręcz konsystencja, pozostawia mocny biały film na twarzy"
2102075,1,"Krem nie da się rozsmarować na twarzy, strasznie bieli, wyglądam jak w masce.
Spróbowałam go również na noc, przez noc się nie wchłonął, wstałam z białą twarzą.
Pieniądze wyrzucone w błoto"
2102075,1,"Skład kremu zapowiadał sie obiecująco ale niestety mimo wysokiej ceny kremu i niezłej konsystencji krem okropnie bieli, jest to dla mnie próg nie do przejścia, kupiłam dwa kremy i pieniądze wyrzuciłam w tzw błoto"
2102076,3,"Niestety, uczuli mnie"
2102076,5,👍️👍️👍️
2102076,5,Wygodne opakowanie i szybka aplikacja.
2102076,5,"Wygodne opakowanie ułatwia codzienne stosowanie. Nawilżenie jest na najwyższym poziomie i długotrwałe.❤️ Wszystko zgodne z opisem, efekty super.👌"
2102076,5,Cudownie kremowa formuła – łatwo się go używa.
2102076,5,Polecam!
2102077,4,"Na razie wydaje sie ok, krem jak krem"
2102077,5,"Wygodne opakowanie i szybka aplikacja. Bardzo dobrze radzi sobie z przesuszeniami i szarą cerą. Dobry kosmetyk, polecam serdecznie.👍"
2102077,5,Nie pierwszy zakup tego towaru. A skoro siostra wraca do produktu to znaczy chyba jest zadowolona 😄 Zdecydowanie poprawił wygląd skóry – jest bardziej promienna i napięta.
2102078,5,"👍️ dobry skład, łatwo rozprowadza się, delikatny zapach, kulka chłodzi przyjemnie"
2102078,5,Skuteczne
2102078,5,"Bardzo dobry, gładka i nawilżona skóra pod okiem 👍 na pewno kupię kolejny."
2102078,4,"Przyjemnie chłodzi, szybko się wchlania, na efekty jeszcze za wcześnie"
2102078,5,Bardzo fajny zel pod oczy z chłodzącym efektem i lekką formułą. Pomoc dla opuchniętych oczu
2102078,4,"Bardzo lekki, chłodzący żel. Bardziej działa przeciw opuchliźnie/ budzi oko o poranku niż okluzyjnie dla skóry, dla wzmocnienia efektu pielęgnacyjnego muszę użyć dodatkowego produktu o gęstszej konsystencji."
2102078,5,Polecam!
2102078,4,Miłe odczucie chłodu
2102078,5,"Pasuje mi konsystencja, dobrze sie wchłania i fajna możliwości aplikacji"
2102413,5,👍️👍️
2102413,5,Mój ulubiony balsam do ust. Polecam
2102413,4,"Fantastyczna formuła balsamu, dobrze nawilża usta, nadając równomierny połysk. 
Słaba pigmentacja 💁🏼‍♀️"
2102413,5,Cudo !!
2102413,5,"To obecnie mój ulubiony balsam ❤️ super nawilża, ma przyjemny zapach, przyjemną konsystencję i bardzo ładnie wygląda. Nadaje takiego świeżego i zdrowego wyglądu, ładnie błyszczy. Wygląda bardzo naturalnie, a barwi minimalnie, podbija tylko naturalny kolor ust."
2102413,5,Bez szału.
2102413,5,Polecam.
2102413,4,"Ok, łatwo się kruszy"
2102413,5,ładny kolor
2102413,5,Slicznyyyy polecam
2102414,5,Bardzo fajny balsam do ust
2102414,4,"Balsam ok, chodź spodziewałam się lepszego efektu. Troszeczkę nadaje kolor na ustach. Drugi raz bym tego produktu nie kupiła."
2102414,5,"💯 pozostawia kolor, ale nie kryje, masełko"
2102414,4,"Piękny kolor, fajne drobinki rozświetlające. Rzeczywiście pielęgnuje skórę ust. Niestety, nie jest tak trwały jak szminka. Cena za wysoka :("
2102414,5,"Fajny kolor,lekka konsystencja."
2102414,5,"Cudna pomadka, fajnie nawilża i ma piękny kolor, to pierwsza pomadka od dawna, która w pełni spełnia moje oczekiwania !"
2102414,5,"Super nawilżająca pomadka, łatwo się rozporowadza i równomiernie rozkłada pigment. Nie potrzeba lusterka do aplikacji, bo nie trzeba być super dokładnym, daje fajny efekt rozświetlenia i nawilżenia."
2102414,1,Słabo nawilża
2102414,3,"Cena zdecydowanie zbyt wysoka, jak na taki produkt - polecam kupować jedynie w promocji. Proste, tanie plastikowe opakowanie; sama pomadka jest spoko - fajny kolor, lekko miętowy zapach, lekkie krycie i delikatny blask. Raczej wysusza, niż pielęgnuje. Ceny drogeryjne oszalały."
2102415,4,"Ok, łatwo się kruszy."
2102415,5,Pomadka super nawilża i pozostawia śliczny kolor
2102416,5,Jedyna pomadka która nie wysusza ust a mam bardzo wrażliwe
2102416,4,"Przyjemny w użyciu, delikatny, bardzo ładny kolor. Można zakupić ale raczej na promce."
2102416,5,🔥🔥🔥🔥🔥
2102416,4,"Balsam jest niezły, nadaje kolor, ale moim zdaniem powinien bardziej nawilżać usta"
2102416,5,All is good :)
2102416,3,"Zapach jest dosyć intensywny, produkt mocno sie klei i szybko „znika” z ust"
2102416,5,Fajny balsam do ust - kolory bardzo naturalne ❤️
2102416,5,"Super nawilża usta, kolor świetnie dopasowuje się do ust. Wyglądają naturalnie, ale jednak są podkreślone"
2102416,5,"Bardzo delikatny efekt, nie zalepia ust, dla mnie idealny"
2102416,4,"Ok, łatwo się kruszy"
2102417,4,"Fajna, natluszczjaco nawilżająca szminka.kolor nie jest na ustach tak ciemny jak bezpośrednio w opakowaniu - i dobrze 😀"
2102417,5,"Przepiękny kolor. Szminka nie jest aż tak bardzo trwała, jak vinyl ink, ale świetnie nawilża usta i daje delikatny kolor."
2102417,4,"Bardzo ładny, delikatny efekt"
2102417,5,"Zachwycający, cudownie nawilża a do tego ten zapach! 🔥Naprawdę robi super wrażenie, kolor jest delikatny, a usta wydają się bardziej mięciutkie ❤️❤️❤️❤️🔥🔥🔥"
2102417,5,Balsam do ust jest rewelacyjny. Długo się utrzymuje i nadaje mega fajny błyszczący kolor.
2102417,5,"Wspaniała konsystencja, piękny kolor"
2102843,5,"Działa regenerująco i bardzo dobrze nawilża. Serum ma lekką konsystencję, szybko się wchłania."
2102843,5,"Zapewnia odpowiedni poziom nawilżenia, nie jest zbyt ciężkie. Bardzo przyjemna, lekka konsystencja, łatwo się rozprowadza. Moja skóra wygląda na zdrowszą i bardziej promienną."
2102843,5,"Mam juz drugą buteleczkę. Wycisza zmiany, wygladza. Dobrze dziala na moja cerę."
2102843,5,Najlepszy produkt !!
2102843,5,Polecam
2102843,5,"Super serum, super działanie."
2102843,4,"Jest okej, ale po dłuższym czasie przestałam widzieć efekty"
2102843,5,Uwielbiam!
2102843,5,Bardzo fajne polecam ładnie rozświetla buzie i wygładza 🤩
2102843,5,POLECAM!!!❤️👍️❤️
2102844,5,"Totalnie polecam! Używam go razem z serum również z Bielendy z ceramidami (to różowe) I od tego czasu gdy używam oba te sera Moja skóra nigdy nie Wyglądała tak dobrze jak teraz. Serum z ceramidami to moje pierwsze opakowanie lecz to serum używam nieprzerwanie od kilku lat. Szczerze mogę polecić ponieważ super nawilża skórę i przygotowuje ją pod makijaż lub wieczorną pielęgnację. To serum zawsze ratuje mi skórę gdy mam z nią jakiś problem gdy moja skóra jest wysuszona lub coś mi na niej wyskoczy. Jest niezawodne i myślę że tak jak przez ostatni czas tak przez kilka kolejnych lat będę niezmiennie kupować to serum. ❤️
...Więcej"
2102844,5,Po nałożeniu skóra jest wyraźnie bardziej nawilżona.
2102844,5,"fajne serum dla początkujących, mi bardzo się sprawdza :)"
2102844,4,"Wydajny. Fajnie siedzi na skórze. Stosujcie go dobrze, to on będzie wasze zastąpiony produkt!! 
Jedyny co to zapach może być lekko za mocny."
2102844,5,te nawilżenie to złoto
2102844,5,"Cudowny, pięknie pachnie!"
2102844,5,"Bardzo fajny produkt,cera jest nawilżona, świeża i rozświetlona.Polecam"
2102844,5,"Przyjemny, lekki poprawia nawilżenie i napięcie skóry."
2102844,5,serum ceramidowe+hialuronowe niezastąpione duo🤞🏽🙏🏽
2102844,5,"super , kolejne opakowanie😁"
2102846,4,"Ma przepiękny zapach, jest okej, ale nie widziałam jakiegoś efektu wow :)"
2102846,5,"Pierwszy raz używam tego serum i już po kilku dniach widziałam efekty. Używam go razem z serum również z Bielendy z kwasem hialuronowym I szczerze po nich razem moja cera poprawiła się na maksa. Nie mam już problemów z wypryskami, nie jest ""szara"". Używam ich obu codziennie rano i wieczorem i od tego czasu moja cera jest promienna, rozświetlona, zadbana i przedewszystkim teraz jest na tyle w dobrej kondycji że mogę wyjść bez makijażu z domu. 
Pod makijaż również super się sprawdza. Totalnie polecam bo wiem że jak mi się skończy jedno opakowanie to od razu polecę po drugie ❤️
...Więcej"
2102846,5,"Szybko się wchłania, pięknie pachnie. Do cery dojrzałej idealny"
2102846,5,"Pachnie jak truskawkowy mleczny szejk, skóra po nim jest bardzo fajna"
2102846,5,Świetne ceramidy
2102846,5,"PETARDA!!!!🔥🔥🔥🔥 jak używam regularnie nie mam żadnych suchych skórek widocznych po nałożeniu podkładu przez cały dzień, oznacza to ze skórą jest mega nawilżona, odxywiona6,zregenerowana 💪💪💪"
2102846,5,Bardzo fajne nawilża na efekty trzeba poczekać
2102846,5,"Bardzo fajne serum, super nawilża skórę i robi taki efekt ""plump""."
2102846,5,10/10 genialne ceramindy
2102846,5,Bardzo dobry produkt.🔥👍️
2102847,4,Opakowanie jest estetyczne i funkcjonalne. Pianka dobrze się rozprowadza i łatwo spłukuje.
2102847,5,"Świetna pianka! Nie podrażnia, skora nie jest ściągnięta"
2102847,5,"Delikatna pianka, nie podraznia i nie wysusza"
2102847,5,"Pierwszy środek, który pasował do mojej skóry. Mam 36 lat, skóra mieszana i czasami z wysypkami. Pinka wszystko naprawiła. Polecam!"
2102847,5,Lubię tą piankę
2102847,5,Ładny zapach wydajność super działanie
2102847,5,"Dobra jakość, cera odświeżona"
2102847,5,"Bardzo dobra pianka , polecam"
2102847,5,🔥❤️🤩
2102847,5,Fajna pianka
2102848,5,Super zakup👍️💪
2102848,5,Świetny na przebarwienia❤️
2102848,5,🔥🔥🔥
2102848,3,"Produkt ma bardzo drażniący zapach,"
2102848,5,"Serum cudowne. Szybko się wchłania, nawilża. Mam cerę naczynkową i wrażliwą. Ładnie niweluje rumień. Idealna dla osób które zaczynają przygodę z wit.C że względna stężenie Polecam"
2102848,5,"Witam, ten serum do twarzy używam już jakiś czas i spełnia moje oczekiwania. Pozdrawiam serdecznie z Gdańska."
2102848,5,Najlepsze serum z wit. C jakiego używałam
2102848,5,Stosuje od 5 dni.Jest to za krótki okres czasu aby ocenić efekty d👍️ziałania.
2102848,5,Uwielbiam te serum
2102848,5,Bardzo mi się podobało
2102850,5,Super zakup💪👍️
2102850,5,Produkt idealnie natłuszcza/nawilża skórę. Polecam
2102850,5,lubię Bilendę
2102850,5,"Bardzo dobry, cera gładka i odżywiona"
2102850,5,Dobra cena względem jakości.
2102850,5,🚀polecam
2102850,5,Skóra jest jędrna i nawilżona
2102850,5,"Przyjemnie się rozprowadza, nie wysusza."
2102850,5,Jestem bardzo zadowolona.Polecam👍️
2102850,5,super efekt
2102951,5,Dobry żel do codziennego użytku.
2102951,5,Żel bardzo dobrze oczyszcza skórę to juz moje kolejne opakowanie🥰
2102951,5,"Przyjemna konsystencja, dobrze się nakłada i ładnie pachnie."
2102951,2,"Pierwszy i ostatni raz kupiłam ten żel, oprócz tego że pachnie to nic innego nie robi , przynajmniej u mnie się nie sprawdza."
2102951,5,🔥🔥🔥🔥
2102951,5,"Ten żel do twarzy niesamowicie intensywnie pachnie mandarynką, a przy tym dobrze oczyszcza i nie wysusza, polecam!"
2102951,5,"Super, pieknie domywa, czuc ze skora jest swieza po zastosowaniu. Nic sie nie lepi, skora jest promienna i jest naprawde wydajny"
2102951,5,Produkt rewelacja POLECAM
2102951,5,ładny zapach super myje twarz dobrze się pieni
2102951,5,Добра вмивачка. Легко і швидко змивається . Приємний легкий цитрусовий аромат.
2102952,5,"To juz moje trzecie opakowanie tego kosmetyku, polecam"
2102952,5,"Czuć delikatny zapach, który nie jest drażniący."
2102952,5,Super produkt !
2102952,4,"Bardzo fajny spf o przyjemnym zapachu. Należy jednak pamiętać o reaplikacji, ponieważ będąc na plaży w ponad 40 stopniach nie dokładając spf’a opaliłam sobie trochę twarz😅"
2102952,3,"Ogólnie produkt fajny, ale ten zapach za intensywny i duszący."
2102952,2,Mocno zapycha.
2102952,4,Świetna do reaplikacji na makijaz. Mam wątpliwości co to wydajności produktu.
2102952,4,Fajna👍️
2102952,5,Idealne zabezpieczenie na makijaż.
2102953,3,Na bardzo wrażliwa skórę robi podrażnienia zaczerwienienie
2102953,4,Dzięki niemu zniknęły suche miejsca. Idealny do szybkiej pielęgnacji – zero problemów z aplikacją.
2102953,5,"Krem ma gęstą, ale łatwo rozprowadzającą się konsystencję. Po nałożeniu czuję, że skóra jest odżywiona i nawilżona."
2102953,5,Bardzo dobrze radzi sobie z przesuszeniami i szarą cerą. 🚀
2102953,5,"Cudowny na noc (jest nieco cięższy), dobrze nawilża i odżywia skórę. Świetnie się sprawdza:) Zauważyłam znaczną poprawę w wyglądzie mojej cery."
2102953,4,"Opakowanie nie brudzi, idealne do precyzyjnego dozowania. Znakomicie sprawdza się jako część wieczornej rutyny. Idealny do codziennej pielęgnacji.⭐"
2102953,5,Kompatybilny z innymi kosmetykami do twarzy.;) Aplikacja jest szybka i komfortowa. Na pewno wrócę do tego produktu.❤️
2102953,5,"Krem szybko się wtapia w skórę, bez rolowania. Moja cera odżyła, boski krem."
2102953,5,Doskonały do wrażliwej skóry. Efekty widoczne już po pierwszym użyciu. Polecam!
2102953,5,Nie zostawia smug ani uczucia ściągnięcia.
2102954,5,Każde użycie to czysta przyjemność.
2102954,5,"Skóra po jego zastosowaniu jest miękka i wygładzona. Zapach jest subtelny i bardzo przyjemny, nie drażni. Nie jest zbyt gęsty, co ułatwia codzienne nakładanie."
2102954,5,"po pierwszych kilku użyciach mogę powiedzieć, że wydaje się przyjemny i lekki, nie bieli, raz mi się zważył, ale bardzo delikatnie, jak to spf sprawia że człowiek się błyszczy, ale bardzo nie lubię nosić tych kremów, a ten akurat mi przypadł, napewno dokupię gdy się skonczy"
2102954,5,"Produkt pozostawia delikatne wykończenie, bez uczucia tłustości. Świetnie nawilża i odżywia cerę przez cały dzień."
2102954,4,"Wygodna tubka sprawia, że łatwo dobrać odpowiednią ilość produktu. Nie zatyka porów, koi moją cerę. Produkt godny zaufania."
2102954,5,"Krem w sama raz dla mnie - lekki, nie zostawia tłustej warstwy."
2102954,5,Nie zostawia żadnych tłustych plam.
2102954,5,"Łatwo się nakłada z tubki, dobra SPF. Jak inne kremy z tej kategori jest troszkę lepki ale nie bieli twarzy. ogólnie polecam 
👍️"
2102954,3,Wzięła ten produkt na próbę ale używałam lepszych.
2102954,5,"Świetnie współgra z makijażem, nic się nie roluje. Znakomicie sprawdza się jako część wieczornej rutyny. Zostaje ze mną na dłużej. ❤️"
2102955,5,Super 👌 dzięki
2102955,5,Doskonały do wrażliwej skóry. Efekty widoczne już po pierwszym użyciu. Polecam!
2102955,5,Polecam
2102955,5,Bardzo dobry❤️
2102955,5,sprawdzona jakość i skuteczność 👍️
2102955,1,Nie spełnia funkcji opisanej na etykiecie .
2102955,5,Bardzo przyjemny w użyciu
2102955,5,"Jeszcze testuję ten produkt, ale po kilku dniach mogę powiedzieć, że dobrze nawilża skórę pod oczami,a tym mi bardzo zależało."
2102955,5,"Fajna konsystencja, kolor żółty, dobrze się rozprowadza. Ja stosuję na noc. Za krótko używam żeby ocenić"
2102955,5,"Nie uczula, a to najważniejsze. Szybko się wchłania."
2102956,1,"Konsystencja okropna, brak jakichkolwiek efektów"
2102956,5,Serum doskonale do wrażliwej skóry. Efekty widoczne już po pierwszym użyciu. Polecam!
2102956,5,Dobry i uwielbiam
2102956,5,Świetnie odżywia skórę
2102956,1,Mam uczulenie na ten produkt
2102956,5,Na razie nie mam zastrzeżeń
2102956,5,Fajnie nawilża
2102956,5,"Świetne serum z dobrym składem w przystępnej cenie. Idealne do stosowania naprzemiennie z serum Hydro Lipidium barierowe, nawilżająco-kojące."
2102956,4,Jest ok
2102956,5,Skóra wrażliwa po tym dobrze wygląda. Polecam
2102957,5,"Bardzo fajna emulsja, zwłaszcza na rano, gdy nie trzeba myć twarzy niczym agresywnym. Sprawdza się zimą, gdy skóra jest przesuszona po pobycie na wietrze, mrozie. Oczywiście makijaz trzeba wcześniej zmyć płynem micelarnym, ale wieloetapowe oczyszczanie powinno byc normą."
2102957,5,"Świetna emulsja do mycia, zostawia buzię nawilżoną i miękką w dotyku, a dodatkowo domywa dobrze resztki makijażu. Kupuję już kolejną:)"
2102957,5,"Bardzo fajny produkt. Miła kremowa konsystencja. Domywa i zostawia wrażenie czystej i miękkiej skóry, choć nie wysusza. Rozpuszcza też makijaż. Fajna jakość za niską cenę."
2102957,5,uwielbiam! delikatny dla delikatnej buzi! ale oczywiście przed warto zrobic jeszcze oczyszczanie makijażu np. płynem micelarnym
2102957,5,Świetny do mycia twarzy rano bez uczucia ściągnięcia na skórze. Nie nadaje się do dwufazowego zmywania makijażu ale na dni bez spf czy innych kosmetyków na twarzy nada się również na wieczorną pielęgnację. Wersja z ceramidamj trochę bardziej przypadła mi do gustu porównując z oryginalną.
2102957,5,Dla mojej suchej cery super 💪myślę że zostanie na dłużej ❤️❤️❤️
2102957,5,Delikatny ale skuteczny
2102957,5,👍️❤️❤️
2102957,5,"Jest ok, mam cerę wrażliwą i daje radę. Skóra po myciu nie jest czerwona ani podrażniona, nie szczypie - to na pewno na plus, nie wysypuje mnie też po użyciu tego produktu. Dobra jakość i dobra cena."
2102957,5,"Emulsja dobrze domywa makijaż , nie zostawia tłustego filmu na cerze . Twarz jest oczyszczona i nawilżona"
2102964,3,"Średni, nie zauważyłam jakieś spektakularnej zmiany na mojej twarzy"
2102964,5,"Krem w sama arz dla mnie - lekki, nie zostawia tłustej warstwy."
2102964,4,"Nie klei się, nie zostawia żadnych śladów."
2102964,5,"To jeden z najwygodniejszych kremów, jakie miałam."
2102964,5,Cera wygląda na wypoczętą i bardziej jędrną. Cudo! Spełnił wszystkie moje oczekiwania – a nawet więcej.
2102964,4,dobra jakośćSprawdza się na typie mojej skóry.
2102964,5,Lubię ten krem za komfort stosowania. Moja skóra jest idealnie nawilżona i wygląda zdrowiej każdego dnia.
2102964,5,"Krem jak masełko. Extra formuła. To jeden z tych produktów, do których regularnie wracam. Mam ochotę kupić zapas na cały rok."
2102964,5,"Nadaje się do stosowania na twarz, szyję i dekolt – nic się nie marnuje."
2102964,5,"Krem świetnie się rozprowadza i natychmiast wchłania. Zauważyłam, że makijaż wygląda na nim lepiej i dłużej się utrzymuje. Zdecydowanie mój numer 1 – i zostaje nim na długo."
2102965,5,Krem jest bardzo lekki i szybko się wchłania. Zauważyłam lekkie wygładzenie drobnych zmarszczek. Zapach jest delikatny i przyjemny.
2102965,5,"Skóra jest miękka, dobrze nawilżona."
2102965,5,"Dobrze się rozprowadza, nie trzeba mocno wcierać. Moja skóra jest nawilżona przez cały dzień. Wszystko super, tylko kupować."
2102965,5,"Świetna opcja na poranną pielęgnację – ekspresowe użycie. Po jego użyciu, skóra wydaje się niesamowicie gładka i odżywiona.👌"
2102965,5,Dobrze się wchlania
2102965,5,"Bardzo dobrze się wchłania, nie trzeba długo czekać."
2102965,5,"Lubię go za to, że tak lekko się rozprowadza. Bardzo dobrze radzi sobie z przesuszeniami i szarą cerą."
2102965,5,Poprawia jędrność mojej cery i nawilża.
2102965,5,"Konsystencja kremu idealnie współgra ze skórą ani za rzadka, ani za gęsta. Efekty są naprawdę świetne. Naprawdę wart uwagi, polecam z całego serducha.❤️"
2102965,5,Skóra po aplikacji jest gładka i przyjemna w dotyku.
2102966,4,"Dobrze nawilża i odżywia cerę.
Super opakowanie i świetnie się aplikuje na twarz 😍Jest bardzo delikatny w użyciu z kremową konsystencją."
2102966,5,"Świetna Firma, niejedna droga i zachwalana marka może zazdrościć Bielendzie udanych kosmetyków.
Bielenda od lat ""trzyma poziom"". Mam zwyczaj zmieniania marek kosmetyków (tak zaleca część kosmetologów).
Wracam do Bielendy i zostaję na coraz dłuższy czas. Mam wymagającą cerę i skórę i zawsze coś dobiorę. Nawet nie robię już prób uczuleniowych. Nie podam nazw kosmetyków, bo stosuję b różne. Jedyne co przestrzegam - to kupowanie wszystkich produktów z tej samej serii. A dość często Bielenda ma nowości - używam je z zamkniętymi oczyma.
...Więcej"
2102967,5,"Skóra jest nawilżona przez cały dzień. Produkt ma bardzo przyjemną, jedwabistą konsystencję. Zauważyłam znaczącą poprawę nawilżenia mojej skóry."
2102967,5,Bardzo dobre serum.Skóra dobrze nawilżona 💯🔥👍️
2102967,5,"Bardzo fajne serum, lekkie, łatwo się rozprowadza, od razu czuć na twarzy nawilżenie, ładnie pachnie. Na pewno wrócę do niego jak się skończy :)"
2102967,2,"Konsystencja lekkiego kremu, zapach delikatny ok. Nie zauważyłam efektów (mniejsze zmarszczki, czy rozjaśnione plamy)"
2102967,5,"Super serum, skóra wygląda na świeżą 👍"
2102967,4,Dopiero zaczynam używać. Na razie wszystko oki. Przyjemnie się używa.
2102967,5,Bardzo dobre
2102967,3,To krótko używany produkt jest okej .
2102967,5,Dobrze się wchłania
2102967,5,Jeden z lepszych w tej cenie.
2102973,5,"Bardzo lekka formuła, szybko się wchłania. Skóra jest widocznie bardziej nawilżona i rozświetlona. Używam go codziennie pod makijaż i super mi sie sprawdza. 🤩"
2102973,5,Widocznie zmniejsza zaczerwienienia i wyrównuje koloryt skóry.
2102973,5,"Wygodne opakowanie ułatwia codzienne stosowanie. Totalnie mnie zauroczył, konsystencją, działaniem, zapachem. Mam nadzieję, że zostanie w ofercie na dłużej. Polecam bardzo!🔥"
2102973,5,"Ładnie pachnie, ale dość intensywnie. Miła i lekka struktura."
2102973,5,"Widać, że naprawdę działa. Krem świetnie się rozprowadza i natychmiast wchłania. Strzał w dziesiątkę, jestem na tak. Codzienne użycie to przyjemny moment.;) Po jego użyciu, skóra wydaje się niesamowicie gładka i odżywiona.👌 Ma wszystko, czego szukam w dobrym kremie."
2102973,5,Odczuwalnie wygładza i zmiękcza skórę.
2102973,5,"Ma aksamitną teksturę, która pięknie się rozprowadza. 💯"
2102973,5,Daje efekt WOW! Nie spływa i nie pozostawia uczucia lepkości. Idealny do codziennej pielęgnacji.⭐ 👍️
2102973,5,"Daje efekt wypoczętej skóry. Nie wyobrażam sobie teraz pielęgnacji bez niego.😍 Nie roluje się pod podkładem, świetny jako baza. I CUDOWNIE PACHNIE❤️"
2102973,5,Przyjemnie się nakłada na skórę. Nawilża i regeneruje skórę.
2102974,5,👍️🥰 super
2102974,5,fajny i fajny raz jeszcze
2102974,5,Dla mnie bardzo dobre serum👍️
2102974,5,"Dobra konsystencja, piękny zapach, poręczna aplikacja. Teraz czekam na efekt."
2102974,5,"Cudownie pachnie, nawilża i odświeża. Konsystencja żelowa łatwo rozprowadza się a w połączeniu z kremem z tej samej serii to wspaniała pobudka dla cery twarzy, szyi i dekoltu. To już 2 butelka tego serum i nie ostatnia 🥰 Serdecznie polecam całą serię 😊👍️"
2102974,5,💯megaaa
2102974,4,"Bardzo ładny zapach, lekka, nieklejąca konsystencja. Dobry produkt w dobrej cenie (kupowałam na promocji)"
2102974,5,"Super produkt,polecam❤️"
2102974,5,Polecam
2102974,4,Gładkość skóry.
2102977,5,Moja mama jest zadowolona z kremu
2102978,5,Wszystko ok.
2102979,4,Jeszcze nie widzę rezultatu
2102979,5,Super.
2102981,5,🔥🔥💪
2102988,4,Można bez obaw stosować także na szyję i dekolt.
2102989,5,Ok. Polecam
2102994,5,Efekt wow ❤️
2102994,5,Bardzo dobry produkt.
2102994,5,"robi dobrą robotę, cera zdecydowanie w lepszej kondycji"
2102994,5,"Skóra po użyciu maski jest rozświetlona i nawilżona, na pewno ponownie ją kupię;)"
2102996,5,Super 🔥
2102996,1,Do mojej cery nie dobra. Wysuszyła.
2102996,5,Efekt wow
2102996,5,Swietna. Ceramidy robią swoje i dla mnie są podstawowa pielęgnacją a Bielenda zna się na nich tak jak w żółtej serii pro
2102996,5,Maseczka bardzo dobrze nawilża
2103026,5,"Nie zostawia żadnych tłustych plam. Ma wszystko, czego szukam w dobrym kremie. Najlepszy, moja cera jest teraz promienna i nawilżona."
2103026,5,Przyjemnie się nakłada na skórę. Ten krem to prawdziwy game-changer w mojej codziennej pielęgnacji.
2103026,5,Bezproblemowa aplikacja nawet w pośpiechu.
2103026,5,"Bardzo przyjemna formuła, idealny krem na co dzień."
2103026,5,"Zgrabne opakowanie, idealne do torebki czy na wyjazd. Odczuwalnie wygładza i zmiękcza skórę. Ten krem to absolutny hit!👌"
2103026,5,"Skóra jest miękka, dobrze nawilżona."
2103026,5,"Regeneruje, koi, daje mi 100% zadowolenia."
2103026,4,"Konsystencja kremu idealnie współgra ze skórą ani za rzadka, ani za gęsta."
2103026,5,"Bardzo dobrze się wchłania, nie trzeba długo czekać. Wspaniale współgra z innymi kosmetykami w mojej pielęgnacji. Produkt godny zaufania."
2103027,5,"Bardzo dobry preprat,skutecznie usuwa cienie pod oczami,nie uczula oczu.👍️👍️❤️"
2103027,2,Kiepski krem
2103027,5,Fajnie się aplikuje i pasuje mi
2103027,4,"Zaczęłam dopiero stosować, więc na efekt należy poczekać"
2103027,4,🙂🙂🙂🙂
2103027,5,Delikatny na skórze
2103027,4,Fajny krem ale nie wiem dlaczego jak nałożyłam krem to mam inny odcień skóry
2103027,5,"Super krem.Przyjemna aplikacja uczucie chłodzenia, bardzo dobrze się wchłania. Jestem bardzo zadowolona.
N efekt pewno będzie trzeba trochę poczekać ale póki co super."
2103027,3,Jak dla mnie to rozświetlacz pod oczy. Znam lepsze kremy. Sam w sobie nie jest zły ale potrzebuję czegoś bardziej nawilżającego pod moje oczy.
2103027,5,Świetny krem. Spełnia moje oczekiwania
2103030,5,"Dobre serum rozjaśniające. Poprawia koloryt skóry, dodaje blasku i nawilża🔥"
2103030,5,👍️👍👍👍👍
2103030,5,👍️Pasuje do mojej cery
2103030,5,"Stosuję od pewnego czasu, efekt jest ale potrzeba dużo cierpliwości żeby to zobaczyć. Polecam bo warto"
2103030,5,ŚWIETNE KOSMETYKI .TYLKO JE UŻYWAM.BARDZO PANIĄ POLECAM👍️🥰
2103030,5,"Bardzo dobry kosmetyk, lekka konsystencja, szybko się wchłania pozostawiając na skórze delikatną poświatę. Jestem bardzo zadowolona."
2103030,5,Jest skuteczny i to jest najważniejsze.
2103030,5,"Nawilża, przyjemna konsystencja"
2103030,5,Dobrze się wchłania
2103030,5,"Kosmetyki tej marki dla mnie są doskonałe, zarówno kremy jak i serum spełniają moje oczekiwania"
2103032,3,Przy cerze mieszanej okazał się zbyt treściwy. U mnie zastępuje krem na dzień. Sprawdza się jako baza pod makijaż i nie roluje. Niestety trochę bieli i ciężko się rozprowadza.
2103032,5,Krem świetnie się rozprowadza i natychmiast wchłania.
2103032,4,"Cieszę się, że na niego trafiłam. Konsystencja kremu jest miękka i łatwa w rozprowadzeniu."
2103032,5,"Skóra po aplikacji jest gładka i przyjemna w dotyku. Nawilżenie 10/10.;) Nie zawiódł mnie ani razu.😍 Krem w sam raz dla mnie - lekki, nie zostawia tłustej warstwy. Przyjemnie się nakłada na skórę. Odczuwalnie wygładza i zmiękcza skórę. Bardzo łatwy i szybki w aplikacji krem."
2103032,4,"Lubię ten krem za komfort stosowania. Najlepszy, moja cera jest teraz promienna i nawilżona. Zostaje ze mną na dłużej."
2103032,5,"Nie zostawia żadnych tłustych plam. Nie zapycha porów, a skóra staje się gładsza i bardziej rozświetlona. Produkt godny zaufania."
2103032,5,"Świetnie współgra z makijażem, nic się nie roluje. Efekty są naprawdę świetne."
2103032,5,"Aplikacja jest czysta i bezproblemowa. Regeneruje, koi, daje mi 100% zadowolenia. Strzał w dziesiątkę – udany zakup."
2103032,5,Świetny produkt. Jeszcze żaden spf nie zrobił z moją cerą tego co robi ten krem ! Moja cera jest wygładzona i świetlista. Super nadaje się pod makijaż. Bardzo dobrze się rozprowadza. Konsystencja jest nie za gęsta i nie za rzadka. Wystarczy jedna pompka. Polecam
2103039,5,"Bardzo dobrze myje twarz, jest delikatny dla skóry."
2103039,5,"Jest delikatny, nie wysusza skóry ,ma przyjemny zapach i dobrze zmywa."
2103039,5,"Mój ulubiony, ultra delikatny- nie podrażnia a świetnie oczyszcza. Polecam."
2103039,5,Dobry kosmetyk
2103039,5,👍️👍️
2103039,5,"Jestem bardzo zadowolona z zakupu tego produktu, skóra jest gładka istne cudo"
2103039,5,"Fajny żel, stosowany jako 3 krok w demakijażu samego podkładu. Nie ma uczucia ściągnięcia czy wysuszenia. Dobrze oczyszcza. Polecam"
2103039,5,"Polecam, nie wysusza, nie podrażnia"
2103039,5,"Bardzo dobrze domywa, mało się pieni ale mi to nie przeszkadza. Przyjemny, delikatny zapach. 🔥"
2103039,5,"Rzeczywiście delikatny, nie pozostawia uczucia ściągnięcia, a przy tym dokładnie zmywa makijaż"
2103104,5,"Produkt spełnia oczekiwania, nawilza, nadaje koloryt i zawiera SPF. Polecam"
2103104,5,❤️ super
2103104,5,"wygląda świeżo i lekko na twarzy, dobrze się rozprowadza. Ma postać lekko napigmentowanego kremu, który w kontakcie ze skórą staje się bardziej wyrazisty, ale nie wpada w żółte i pomarańczowe tyny"
2103104,5,"Kupilam zachęcona poleceniami na instagramie - produkt z spf 50, ktory dodatkowo nadaje cerze ladny, naturalny koloryt. Polecam"
2103104,5,Delikatny
2103104,5,👍️🔥 Krem godny polecenia dobrz
2103104,5,"Fantastyczny krem 4 w 1. Skóra jest nawilżona, rozświetlona, ma wyrównany koloryt i jest chroniona przed słońcem, a to wszystko w dobrej cenie. Jestem zakochana w tym produkcie. To moje trzecie opakowanie i na pewno kupię ponownie."
2103104,5,Ładnie wyrównuje koloryt skóry. Trochę ciężko się rozprowadza.
2103104,5,"Dobrze rozprowadza, kryje niedoskonałości"
2103104,5,Super delikatny kryjący który ochrania 💪 gorąco polecam
2103120,5,Jestem zadowolona z tego zakupu.
2103120,5,❤️❤️❤️
2103120,5,Polecam
2103120,1,Używam 3 tydzień i zero efektów :(
2103120,5,"Stosuję od tygodnia, ale już widzę lekko jaśniejsze cienie pod oczami. Trochę dziwna buteleczka, ale nie stanowi większego problemu. Polecam serdecznie"
2103120,3,"Ciężko wydostać produkt ,trzeba potrząsać buteleczką a krople lecą jak chcą ,sam produkt dobrze się wchłania ,czy robi cuda ? Jeszcze nie widać"
2103120,5,"Za krotko uzywam, zeby podxielic sie opinia."
2103120,5,Super produkt
2103120,5,"Cienie na pewno nie zmniejsza przy najmniej w moim.przypadku, ale za to ładnie roźświetla. Nie roluje sie. Ciekawe opakowanie."
2103120,1,"Stosuję dopiero kilka dni,w związku z tym nie mam jeszcze wyrobionego zdania odnośnie danego produktu"
2103144,5,"Dobry prosty skład, nie stosuję samodzielnie tylko z innymi produktami jako element pielęgnacji na dzięń, przed kremem."
2103144,5,Bardzo nawilża jestem zadowolona
2103144,4,"Ogólnie ok, twarz przyjemna po aplikacji. Pipetka tragiczna dopiero po 3 dniach zaciągnęła serum"
2103144,4,👍️sprawdzam działanie
2103144,5,"Uwielbiam całą serię produktów. Nawilża, odżywia , cera jest promienna, a zapach obłędny 🥰"
2103144,5,idealne
2103145,5,😀pyszny. Zdrowe
2103145,1,"Zdecydowanie to nie jest ten sam produkt, który kupowałam 2-3 lata temu. Kompletnie inna konsystencja. Zupełnie inne działanie… i niestety gorsze…"
2103145,5,💪💪💯
2103145,4,👍️ jak na razie sprawdzam
2103145,5,"Używam naprzemiennie z odżywczym serum, świetnie się wchłania i nawilża skórę 🥰"
2103145,5,super🔥
2103146,5,Polecam❤️
2103146,1,"Dopiero kupiłam, więc nie mam jeszcze wyrobionego zdania :)"
2103146,5,Świetny tonik
2103146,5,Produkt ok
2103146,5,"🔥uwielbiam ten tonik , moja cera również 🔥stosuję całe trio🔥"
2103146,5,Super skład i działania
2103146,5,Polecam
2103146,5,"Zapach , konsystencja i przede wszystkim uczucie świeżej i oczyszczonej skóry"
2103146,5,:) Idealny produkt .
2103146,5,❤️Super nawilżenie przed nałożeniem kremu.
2103148,2,Średnio domywa i mgli oczy. Cenowo się nie opłaca. Średnio wydajny.
2103148,5,Nie zapycha porów i dobrze usuwa makijaż. Mam cerę trądzikową i produkt sprawdza się.
2103148,5,Najlepszy w tej cenie!
2103148,4,"Fajny, dobrze domywa, lecz trochę gesty"
2103148,2,"Zapach tragedia, zmywa makijaż średnio. Zwykła nivea daje taki sam efekt. Nie rozpuszcza makijażu."
2103148,5,świetny
2103148,4,Dobrze domywa makijaż.
2103148,5,Kolejny świetny produkt od Bebio
2103148,5,Cudo !!! Zmywa wszystko nawet wodoodporne
2103148,2,"Nie chcę dawac negatywnej, ale skoro to produkt do demakijażu to powinien go zmywać. Jak dla mnie zwykły myjący żel do skóry. Nie ma żadnych funkcji zmywania makijażu. Po umyciu się nim jest efekt pandy ( rozmytego tuszu). Także dla mnie nieprzydatny. Chciałam wypróbować cos innego bo od dawna używam jeju różowego z ziaja do zmywania. I właśnie mając porównanie po życiu jeju skóra makijaz jest po prostu zmyty do zera łącznie z tuszem i cieniami, tak po tym produkcie jest wszystko rozmazanie a nie zmyte
...Więcej"
2103149,5,Świetny żel do mycia twarzy. Uwielbiam.
2103149,5,"Kupilam pierwszy raz i to w ciemno - musze powiedziec ze ten produkt jest po prostu idealny! Swietna konsystencja, ladny zapach, delikatnie myje skórę, bez uczucia ściągnięcia. Zagości na stale w mej kosmetyczce!"
2103149,5,Super polecam
2103149,5,🔥💯💯🔥🔥
2103149,4,"Zapach na plus, nie wysusza, mam wątpliwości co do domywania, mam wrażenie ze nie myje mega dokladnie, ale moze byc to spowodowane tym, że mało się pieni. Fajny"
2103149,5,"Stosowany jako 3 krok w demakijażu samego podkładu. Fajna skóra, nie ma uczucia ściągnięcia i wysuszenia."
2103149,5,Super zmywa
2103149,5,"Bardzo przyjemna emulsja do mycia ciała, pewnie do niej wrócę ❤️"
2103149,5,"🔥stosuję żel od kilku miesięcy,razem z oleokremem do demakijażu i tonikiem,moja cera odzyskała blask i jedrność🔥uwielbiam całe trio🔥"
2103149,5,Świetny zmiejsza pory i fajnie oczyszcza cerę
2103166,5,Dobry krem
2103166,5,Skóra po aplikacji jest gładka i przyjemna w dotyku. Po nałożeniu skóra jest pełna blasku.👌 Wygładza drobne linie i zmarszczki. Produkt godny zaufania.
2103166,4,To pierwsze opakowanie - jest ok - skóra dosyć długo jest nawilżona.
2103166,5,"Używam na noc, bo jest dosyć tłusty jak dla mnie, daje fajny efekt, skóra po nim jest odżywiona."
2103166,5,Dobrze nawilża i szybko się wchłania. Nadaje się pod makijaż.
2103166,5,"Kocham serię tych kosmetyków 🥰 Bardzo przyjemna formuła, idealny krem na codzień , skóra jest nawilżona i promienna 🥰"
2103169,2,Według mnie nie warty złotówki - mam cerę mieszaną i lekko suchą na policzkach bieli niemiłosiernie i strasznie się roluje tworzy efekt białych mini roleczek i suchych skórek
2103169,1,"w ogole sie nie wchlania, pozostawia smugi/osad, tragiczny. zuzylam go jako spf na ciało"
2103169,5,"Krem o miłym delikatnym zapachu, nadaje się pod makijaż."
2103169,5,Jest ok
2103169,4,Pięknie pachnie ma lekko brzoskwiniowy kolor ale na mojej suchej skórze lekko sie roluje.
2103169,5,"Świetny produkt, przyjemna konsystencja, dobrze się rozsmarowuje i wchłania i zostawia białych śladów, uwielbiam 🥰"
2103170,5,Świetny produkt
2103170,5,"Bardzo dobrze nawilża, prosty skład dzięki czemu laywo to serum wkomponować w rytyal pielęgnacyjny"
2103170,4,Ten produkt dopiero testuje.Na ten moment nie mogę wypowiedziec się w 100%.Wygląda na dobry. Zobaczymy
2103170,5,"Świetny produkt, dobrze się wchłania , delikatny, naturalny zapach 🥰"
2103170,5,🔥👍️👍️👍️👍️👍️
2103187,5,"Nie zatyka porów, koi moją cerę. Aplikacja jest szybka i komfortowa. Cieszę się, że na niego trafiłam."
2103187,5,"Fantastyczna, lekka formuła. Zaskoczył mnie pozytywnie już po pierwszym użyciu. Kompatybilny z innymi kosmetykami do twarzy.;)"
2103187,3,Nie zauwazylam żadnych efektów.
2103188,5,"W końcu znalazłem krem z UV50 i na przebarwienia skóry, który nie powoduje podrażnień moich oczu. Jestem super zadowolony👍😀"
2103199,5,Pod makijaż świetne
2103199,5,Super!
2103199,5,Piekny zapach ktory długo utrzymuje sie ma skórze.👍️
2103199,5,🔥🔥🔥🔥🔥
2103199,5,piękne glow ale także zapach i kolor 10/10
2103199,5,Świetne! Zaraz mi sie kończy🙌 więc biegnę do rosska po kolejne💯😎
2103199,5,🔥🔥🔥🔥🔥🔥
2103199,5,💯💪🔥
2103199,5,Świetny produkt 😀
2103199,5,"Dobre serum które nadaje się do codziennego użytku. Skóra jest napięta, jest widoczna zmiana cery na lepsze, mniej przebarwień. 
🔥"
2103200,4,"Ładnie pachnie, ale czasem zostawia plamy na skórze"
2103200,5,Doskonały
2103200,5,piekna cera
2103200,5,W porządku
2103200,2,"Zawiodłam się - efekt tak subtelny, że nie widoczny na naczynkowej cerze o odcieniu ivory. Reszta względów bardzo subiektywna."
2103200,5,"Dobrze się wchłania ,nie pozostawia tłustej warstwy"
2103200,5,💯💯💯💯💯💯💯
2103200,5,"Trochę dodaje koloru na twarzy, ale przy jasnej cerze super."
2103200,4,Pięknie pachnie budyniem czekoladowym jednak dałam 4 gwiazdki ponieważ jak nakładam go na twarz wydaje mi się że się klei na twarzy.
2103200,5,To mleko jest super!!Nawilża i znakomicie poprawia koloryt skóry. Jestem zachwycona 🔥🔥
2103201,1,Dość drogie strasznie uczula i wysusza według mnie mega kit
2103201,5,"Fajnie nawilża, ale nie zostawia tłustego filmu. Pachnie delikatnie wanilią więc na duży plus, 👍️ bo dzięki temu nie jest mdły ten zapach. Będę do niego chętnie wracać. Minus za pipetę i aplikacja... Ale produkt ekstra solo i pod makijaż. ❤️"
2103201,5,"Łatwo się rozprowadza, szybko wchłania i nawilża. Cudownie pachnie."
2103201,5,Super nawilża! Poękny zapach
2103201,5,Krem dla nastoletniej córki 👍️❤️
2103201,5,"Świetnie nawilża, jest lekki idealny do codziennej pielęgnacji oraz pod makijaż"
2103201,5,Szukałam go wszędzie ze szczęścia skalałam
2103201,5,Fajny pod makijaż
2103201,5,Najlepsze mleczko od Fluff 🔥
2103201,5,Super!
2103203,5,"delikatny peeling taki raczej do codziennego stosowania niż do dogłębnego złuszczania, przyjemny, szybko się wchłania, skóra nieźle wygląda. dobry jako element szerszej rutyny pielęgnacyjnej."
2103203,4,Delikatnie złuszczający. W sam raz do codziennego użytku. Nie jest to game-changer.
2103203,4,"Widzę pewną różnicę nie jest ona spektakularna, ale przy mojej bardzo problematycznej skórze zawsze to coś. Produkt mnie nie podrażnia, co jest dużym plusem. Nie daję 5 gwiazdek, ponieważ spodziewałam się lepszych efektów. Po pierwszym użyciu skóra była wyraźnie gładsza, jednak z czasem nie zauważyłam już większych zmian.
...Więcej"
2103203,5,🔥🔥🔥
2103203,4,opakowanie mogłoby być lepsze
2103203,5,Świetnie wygładza cerę
2103203,5,Używam od kilku dni i rzeczywiście wygładza cerę i zostawia dobrze przygotowana pod kolejne zabiegi. Raczej kupię ponownie
2103204,5,"Super serum, myślę, że dopasuje sie do każdej cery"
2103204,5,"Super serum, pasuje mojej trądzikowej cerze choć cena przy tej pojemności jest ciut za wysoka - poczekałabym na promocję."
2103204,3,w porządku :)
2103204,3,"Serum jest okej, ale nie zauważyłam większych efektów. Przeszkadza mi jego zapach"
2103204,5,"jest bardzo dobre, ale działa do pewnego momentu, tak jakby uzyskiwało się efekt po jakimś czasie i później już ani nie pomagało, ani nie pogarszało stanu skóry."
2103204,1,Nie widać efektów.
2103204,5,"Zaczerwienienie znikają, łagodzi, wycisza i ma lekką formułe. Zdecydowanie polecam"
2103204,5,🔥🔥🔥
2103204,5,Bardzo fajne efekty niwelowania pozostałości po wypryskach.
2103204,3,"Serum nie robi nic-ani nie działa na przebarwienia, ani na trądzik."
2103205,4,"Jak narazie wszystko w porządku zero reakcji alergicznej ale czas pokaż. Najważniejsze też ,że nie testujące na zwierzętach ten produkt jest bo to dla mnie najważniejsze.Pozdrawiam.👍️"
2103205,5,🔥👍️🔥💯💯💯❤️
2103205,5,"Świetny spray SPF od Garnier — używam go już trzeci rok i jestem bardzo zadowolona. Po nałożeniu podstawowej pielęgnacji przed makijażem spryskuję nim twarz i spokojnie wychodzę na słońce. Zapewnia bardzo dobrą ochronę, jest lekki i komfortowy w noszeniu. Jedyna rzecz — ważne, żeby nie przesadzić z ilością, bo może pozostawić delikatny biały ślad.
...Więcej"
2103205,5,"Super produkt, zwłaszcza w upały"
2103205,5,bezproblemowa aplikacja
2103205,1,"Użyłam raz i na pewno nie użyję ponownie. Efekt na twarzy - kiepski, skóra po spryskaniu zrobiła się tłusta. Ale to jeszcze nic: oczy bolały mnie, swędziały i łzawiły przez całą dobę. 
Niestety nie polecam."
2103205,5,"Przyjemny zapach i szybki sposób aplikacji, to się ceni, pozostawia niewielkie białe kropki na skórze ale są do wklepania. Ogólnie polecam.👍️"
2103205,5,Ogólnie super. Pozostawia delikatnie błyszczącą twarz
2103205,5,"Praktyczny produkt, łatwy w użyciu. Dobrze się wchłania."
2103205,5,Jest ok
2103206,5,"Skóra jest naprawdę dobrze nawilżona. Ma lekką, szybko wchłaniającą się konsystencję. Widzę znaczącą poprawę kondycji skóry. Czuję, że moja twarz odetchnęła z ulgą. Ma konsystencję, którą pokocha każda skóra. Efekt odświeżenia jest zauważalny zaraz po użyciu."
2103207,5,"Lekki, fantastycznie się wchłania, polecam!"
2103207,4,"Nawilża, ale nie jakoś spektakularnie, świetna aplikacja kremu i współgra z podkładem"
2103207,5,"Bardzo dobrze się wchłania, nie trzeba długo czekać. Nawilżenie 10/10.;) Rekomenduję, sprawdził się doskonale.😍 🔥"
2103207,5,Daje efekt wypoczętej skóry. Każde użycie to czysta przyjemność. Ten krem to absolutny hit!👌
2103207,5,Odczuwalnie wygładza i zmiękcza skórę.
2103207,5,Zdecydowanie poprawił wygląd mojej skóry – jest bardziej promienna i napięta.
2103207,4,"Lekka formuła, idealna na co dzień. Krem w sama raz dla mnie - lekki, nie zostawia tłustej warstwy."
2103207,5,"Wysoce polecam, jestem zadowolona z zakupu."
2103207,2,"Bardzo lekki krem, jak dla mnie za lekki. Odczuwam ściąganie skóry po użyciu a nie nawilżenie. Duży plus za brak zapachu."
2103207,5,🔥🔥🔥🔥🔥
2103208,5,Krem świetnie się rozprowadza i natychmiast wchłania. Daje efekt WOW!
2103208,5,Bezproblemowe dozowanie – nie trzeba się martwić nadmiarem.
2103208,5,"Dobrze się rozprowadza, nie trzeba mocno wcierać. Moja skóra jest teraz bardziej elastyczna. Nie żałuję zakupu i polecam."
2103208,5,"Świetnie współgra z makijażem, nic się nie roluje."
2103208,5,"Ma delikatny, przyjemny zapach – dodatkowy plus przy aplikacji. Kupiłabym ponownie.;) Polecam serdecznie."
2103208,5,"Konsystencja kremu idealnie współgra ze skórą ani za rzadka, ani za gęsta. Znakomicie sprawdza się jako część wieczornej rutyny."
2103208,5,"Używam codziennie i za każdym razem cera wygląda na zdrowszą. Fantastyczna, lekka formuła."
2103208,5,"Odczuwalnie wygładza i zmiękcza skórę. Ma aksamitną teksturę, która pięknie się rozprowadza."
2103208,5,"Uwielbiam efekt miękkiej, wypoczętej skóry tuż po aplikacji."
2103208,5,Cudo! Spełnił wszystkie moje oczekiwania – a nawet więcej. Krem na idealną formułę.
2103209,4,"Stosuję esencję dopiero od tygodnia, nie mogę więc ocenić efektów długofalowych. Kupiłam go, ponieważ używam też innych produktów z tej serii Garnier. Bardzo przyjemnie się rozprowadza, pachnie świeżo i dobrze się wchłania, jest to bardzo lekka formuła. Nie jestem do końca pewna jaki duży jest efekt ""na plus"", jeśli stosuje się go w kombinacji ze serum Vitamin C Garniera w porównaniu do samego serum. Zdaje się, że skóra zyskuje trochę więcej nawilżenia i blasku.
...Więcej"
2103209,5,"Esencja do twarzy z tej seri jest niesamowita 🙂robi cuda ze skórą ,pięknie rozświetla i nawilża ☺️Idealna pod makijaż .Polecam"
2103209,4,"Ładnie rozświetla cerę, konsystencja tez fajna nie za wodnista zapach bardzo ładny 👍️👍️👍️"
2103209,5,Bardzo wydajna wraz z fajnym rozświetleniem. Dobrze również sprawdza się pod makijaż
2103209,5,👍️👍️👍️
2103209,4,"Produkt fajny, lekko nabłyszcza twarz, jest po prostu ok"
2103210,5,"Doskonale nawilża skórę twarzy, przed aplikacą kremu z peptydami."
2103210,4,🚀🚀🚀
2103210,5,🔥🔥🔥🔥🔥🔥🔥
2103211,5,"Bardzo dyskretne, świetnie maskują, dobrze się trzymają."
2103211,5,Są dobre pasują mojej córce
2103211,4,Za bardzo wysusza.
2103211,5,Super plasterki
2103211,5,"Naprawdę pomagają w usuwaniu niedoskonałości. Testowałam też inne plastry, ale niestety nie dawała one aż tak spektakularnych efektów."
2103211,5,"Super są polecam wyciągają co jest w środku pryszcza ,nie robi sie stan zapalny,"
2103211,5,Bardzo fajne
2103211,5,"super, niewidoczne"
2103211,5,Naprawdę bardzo dobrze funkcjonujesz produkt
2103211,5,Faktycznie działa
2103212,5,dobrze się rozprowadza i szybko wchłania
2103212,5,Nie zostawia smug ani uczucia ściągnięcia. Jest odpowiedni dla każdego typu skóry.❤️ To był dobry wybór.
2103212,4,Wspaniałe nawilżenie
2103212,5,"Moja skóra jest teraz bardziej elastyczna. Działa dokładnie tak, jak obiecuje producent.⭐ Nie zostawia żadnych tłustych plam."
2103212,5,Wspaniale współgra z innymi kosmetykami w mojej pielęgnacji.
2103212,4,Bezproblemowa aplikacja nawet w pośpiechu.
2103212,5,"Konsystencja kremu jest miękka i łatwa w rozprowadzeniu. Sprawdza się na typie mojej skóry. Naprawdę wart uwagi, polecam z całego serducha.❤️"
2103212,5,"Choć początkowo myślałam, że będzie nieprzyjemnie bielił twarz to szybko się do niego przyzwyczaiłam - nakładam mniejszymi partiami i dokładnie wsmarowuję, wtedy dobrze się wchłania i stapia ze skórą. Bardzo dobrze nawilża, nie ściąga, skóra jest niewyczuwalna, uspokojona. Świetny krem nawet na chłodniejsze dni 👍️"
2103212,5,Cera wygląda na wypoczętą i bardziej jędrną.
2103212,5,"Moja cera odżyła, boski krem. Cudownie kremowa formuła – łatwo się go używa. 🔥"
2103213,5,"przywraca skórze miękkość i blask, dobrze się wchłania, dobra baza pod makijaż."
2103213,5,Wspaniale nawilżają skórę twarzy
2103213,5,Wspaniale nawilża moją twarz. Bardzo lubię produkty tej marki. Dla mojej cery są super 👍️
2103213,5,"Emulsję chcę przetestować,poprzednio użyeałam lotionu."
2103213,5,"Olejek jest po prostu rewelacyjny! Chroni, natłuszcza, a przede wszystkim rozświetla twarz. Idealne pod makijaż! Koleżanki z pracy pytają czy byłam na jakimś zabiegu kosmetycznym, bo twarz mam promienną!"
2103213,5,Super nawilża👍️
2103213,5,"Łatwa aplikacja, dobrze się rozprowadza i wchłania . Skóra zadbana, gładka wygląda promiennie. Dodatkowo olejkowa esencja super do masażu twarzy."
2103213,5,Najlepsza 🔥
2103213,5,To delikatny olejek który robi glow
2103213,5,"Polecam,super produkt."
2103214,5,"Dobrze nawilża, przyjemny zapach,"
2103214,5,"Bardzo dobre, mocno nawilzające serum do twarzy."
2103214,5,Intensywnie i głęboko nawilżający
2103214,5,"Bardzo dobre serum, uzywam je ponad rok."
2103214,4,Pod oczy moze się nadawać ale w innych miejscach wysypują troche pryszcze
2103214,5,Bardzo ładnie rozświetla i nawilża cerę. Zostanie na dłużej ze mną na pewno. 😊
2103214,5,Świetny regenerujący krem
2103214,5,"Uzywam japonskich kremów już od 2 lat. Zarowno Hada labo jak i Yoskine są bardzo dobrej jakości i sluzą z powodzeniem mojej dojrzałej cerze. Polecam te produkty, bo dzialają wyjątkowo skutecznie."
2103214,5,🔥👍️👍️
2103214,5,"Niesamowite serum, trochę nie wierzyłam w moc „pięciu kwasów hialuronowych”, ale po jego nałożeniu często zapominam o kremie 😆 świetnie nawilża, nie zapycha, jest delikatne i bardzo skuteczne"
2103215,5,Wyciągają mega wypryski te które są bardzo głęboko pod skórą. Po dwóch dniach nie ma śladu przetestowane sprawdzone. Polecam serdecznie.💪💪💪💪💪
2103216,5,Świetnie sprawdza się w szybkim redukowaniu wyprysków!
2103216,5,Super dobre
2103216,5,Działają. Wyciągają w ciągu jednej nocy.
2103216,5,super efekt
2103216,5,Bardzo dobre plasterki
2103216,5,"Najlepsze plastry, przewaga nad innymi, to że są transparentne, więc można użyć również w ciągu dnia."
2103216,5,Polecam ale tylko jak jest w promocji 😊
2103216,5,"Fajne plastry, najlepiej kleić na noc wtedy efekt jest lepszy"
2103216,4,cudowne! Warte swojej ceny
2103216,5,Polecam!!
2103217,5,Super radziły sobie
2103217,2,Produkt nie spełnił moich oczekiwań.
2103217,5,Bardzo fajne
2103217,4,Jest ok
2103217,5,Polecam ale tylko jak jest w promocji.
2103217,1,Nieskureczne
2103217,1,Moim zdaniem nie robia NIC widac je i zostawiaja slad
2103217,5,"Super się sprawdzają, polecam"
2103217,5,Skuteczne
2103217,5,Działają i nie przeszkadzają mi
2103219,5,🔥🔥🔥
2103219,5,"Skóra jest wyraźnie bardziej nawilżona po jego użyciu. Ma lekką konsystencję, która szybko się wchłania. Produkt naprawdę działa, moja skóra jest jakby młodsza."
2103219,5,Jest ok👍️
2103219,5,👍️ na 💯 procent
2103219,5,👍️👍️👍️👍️👍️👍️
2103219,5,"Szybko się wchłania, pięknie wygładza skórę i nie zostawia nieprzyjemnej, klejącej warstwy."
2103219,5,Żona bardzo zadowolona z produktu
2103219,1,"Ja jestem niezadowolona. Serum strasznie ściąga skórę, pozostawia nieprzyjemne uczucie maski na twarzy. Słabo się wchłania i zaczyna się zbrylać przy nawet delikatnym dotknięciu twarzy. Pomyślałam że może miałam niedokładnie przygotowaną skórę ale nałożone na świeżo oczyszczoną twarz niestety nadal daje ten sam efekt.
...Więcej"
2103219,5,"Kupuję nie pierwszy raz, skuteczne serum do twarzy spełnia swe zadanie."
2103219,5,🚀💯💯
2103220,5,"Nie lepi się, nie zostawia śladów na ubraniach. Daje super efekt nawilżenia. Bardzo dobra jakość w rozsądnej cenie."
2103220,2,Krem nie nawilża. Zostawia suchą skórę
2103220,5,Bardzo skuteczny na5
2103220,5,"Poprawia elastyczność i ogólną kondycję skóry. Bardzo dobrze się wchłania, nie trzeba długo czekać. Idealny do codziennej pielęgnacji.⭐"
2103220,5,"Świetnie współgra z makijażem, nic się nie roluje. Skóra wygląda o wiele lepiej już w krótkim czasie. Na pewno wrócę do tego produktu.❤️"
2103220,5,"Moja skóra jest idealnie nawilżona i wygląda zdrowiej każdego dnia. Nadaje się do stosowania na twarz, szyję i dekolt – nic się nie marnuje. Cieszę się, że na niego trafiłam."
2103248,5,Super sklad
2103248,5,"Wow, ten produkt jest na prawdę super! 
Skóra jest po nim taka mięciutka i nawilżona. 
Zrobiłam już sobie zapas tych produktów, bo regularnie używając szybko się kończy. 
Polecam bardzo!
...Więcej"
2103248,4,Produkt przyjemny w stosowaniu. Brakuje lekkiego zapachu. Uczucie nawilżenia trochę lekkie jak na produkt stricte nawilżający.
2103248,5,Rewelacja polecam
2103248,5,"Bardzo dobre serum, używam od dawna.👍️❤️💯"
2103248,5,Znakomicie nawadnia nawilża :)
2103248,5,"Fajna konsystencja, neutralny zapach"
2103248,5,Ładnie koi
2103248,5,Super produkt
2103248,5,👍️❤️super serum
2103249,5,🔥🔥🔥🔥
2103249,5,"Serum zdecydowanie spełniło moje oczekiwania. Cera jest wyraźnie bardziej promienna i dobrze nawodniona, szczególnie przy stosowaniu razem z pozostałymi produktami z tej samej serii. Jestem bardzo zadowolona z efektów – skóra wygląda na wypoczętą, zdrową i pełną blasku. Zdecydowanie polecam!"
2103249,5,Pięknie pachnie
2103249,5,Bardzo fajny skład. Yope to ogólnie firma która stara się robić kosmetyki jakościowo bardzo dobre.
2103249,5,Świetny produkt ❤️💯💪
2103250,1,Ostatni raz daje Resibo szansę. Nie widać absolutnie żadnej różnicy i efektu blur po zastosowaniu. kosmetyki tej marki nie są absolutnie warte swojej ceny. Nie polecam. Nie wspominając o małej gramaturze. Ździerstwo.
2103250,5,"Nie klei się, nie zostawia żadnych śladów. Widać, że naprawdę działa. Działa dokładnie tak, jak obiecuje producent.⭐"
2103250,5,"Buzia wygląda od razu lepiej.;) Krem jest bardzo wydajny, wystarczy niewielka ilość. Kupiłabym ponownie.;) Polecam serdecznie."
2103250,5,Bardzo fajny lekki krem do mojej cery mieszanej. Drogi bez promocji ale warto łapać
2103250,5,Faktycznie pomaga na większe pory
2103250,4,"Ciekawy , warty zainteresowania ."
2103250,5,agawrre
2103250,3,"Ma drobinki , które optycznie mają zadanie zmniejszyć widoczność porów -obiecanego efektu brak."
2103250,5,"Uwielbiam efekt miękkiej, wypoczętej skóry tuż po aplikacji. Konsystencja kremu idealnie współgra ze skórą ani za rzadka, ani za gęsta. ❤️"
2103250,5,"Lekka formuła, idealna na co dzień."
2103251,4,Fajnie wyrownuje koloryt skory - ujednolica cere. Stosowalam x2 tylko a wiec nie wiem czy zluszcza.
2103251,3,"Nie jestem fanem. Nie mogę ocenić działania, ponieważ kleista formuła i zapach sprawiają, że stosowanie jest nieprzyjemne."
2103251,5,"Bardzo fajny krem o lekkiej konsystencję, więc nakłada się bardzo łatwo. Nie podrażnia, choć mam dość wrażliwą skórę."
2103251,2,No cóż za tą cenę spodziewałam się jakich kolwiek cech choćby lepszego stanu nawiżenia skóry twarzy Niestety krem się roluje na skórze i ja nie zauważyłam żadnych skutecznych działań .Plus jedynie za design pompka która wysuwa się po przekręceniu to higieniczny sposób podania.
2103251,5,"Pięknie pachnące, wygładzające i odświeżające serum. O dosyć luźnej konsystencji. Podoba mi sie też sposób dozowania produktu - jest precyzyjny a serum wydajne. Co do efektu - twarz po nim nie świeci się a skóra jest miękka. Testuję dopiero od tygodnia, to moje pierwsze opakowanie. Czuję, ze nie ostatnie ;-)"
2103251,5,🔥🔥🔥
2103251,5,❤️❤️❤️❤️❤️❤️❤️
2103251,5,"Świetna, stosuje 2 razy w tygodniu i efekt widoczny"
2103251,5,💪 produkt godny polecenia
2103254,5,Młodzież chętnie stosuje. Taki trend. Co do skuteczności działania mam pewne obiekcje ;))
2103254,5,Plastry naprawdę pomogły mi z niedoskonałościami.
2103254,5,Plastry wyciągają cały brud ze skóry. Jeżeli nic na plastrze nie ma po całej nocy to oznacza że i na skórze nic nie ma.
2103254,5,👍️👍️👍️
2103254,5,Plastry doskonale spełniają swoją funkcję. Po nocy skóra jest całkowicie i delikatnie oczyszczona.
2103254,5,Bardzo delikatnie oczyszczają problematyczne miejsca
2103254,4,"wyciągają świetnie, ale są strasznie sztywne, więc nie dostosowują się zbytnio do krzywizn twarzy"
2103254,4,"usuwanie ich nie wyrywa skóry z twarzy, nie wysychają na pieprz, oczyszczają, ale trzeba uważać, nie przesadzić i omijać miejsca, gdzie skóra może być uszkodzona."
2103254,5,"Zawsze kupuję kilka sztuk na wyjazdy. Może nie czyści jak porządna maska, ale bardzo odświeża skórę i wyrównuje jej ziarno. Skóra ładnie odbija światło, jest gładka i jednolitą. Drobne stany zapalne są rano złagodzone. Doraźnie - super sprawa."
2103254,4,"Plastry fajnie działają, polecam. Moim zdaniem kształt do poprawy."
2103265,5,Zobaczymy jak bedzie dzialal
2103265,5,"Jestem bardzo zadowolona, daje super efekt"
2103265,5,👍️Dardzo dobry
2103266,5,Bardzo dobre serum:)
2103266,5,❤️fajne serum
2103266,5,super produkt
2103266,2,"Nie podpasował mi, zbyt mało nawilżający do mojej dość suchej cery. Za to podarowałam go mamie i jej lepiej się sprawdza."
2103267,5,"Idealny dla cery w te ponure, zimowe dni"
2103267,5,Bardzo dobre serum:)
2103267,5,Super nawiżenie skóry i łatwa aplikacja. To już kolejne serum kupione w ostatnim czasie. Polecam.
2103269,5,Polecam
2103269,4,"Trudno powiedzieć, używam dopiero od kilku dni ale czuję delikatnie pieczenie w miejscach gdzie mam krosteczki np. ale to dobrze, może działanie kwasów wygaszą te wypryski."
2103269,4,"Produkt dobrze się sprawdza,zmieniłabym w nim opakowanie na takie z pipetka"
2103269,5,Polecam!!🔥
2103269,5,Super 🔥
2103269,5,Jest ok👍️👍️👍️
2103269,5,Bardzo dobry krem lekko złuszczający. Po nałożeniu widać efekt ściągnięcia skóry.
2103269,5,Super produkt
2103270,5,Polecam
2103270,5,Good product
2103270,4,🔥👍️💪🚀💯
2103270,5,Natychmiastowe poczucie nawilzenia
2103270,5,"Dopiero zaczęłam używać, ale ładnie rozświetla i wygładza skórę już po pierwszym użyciu. Zobaczymy, jak z przebarwieniami."
2103270,5,"lekka struktura, szybko się wchłania
o dłuższych efektach mówić zawcześniej"
2103271,5,Używam już dłuższy czas kosmetyki NIVEA i są super Polecam je znajomym
2103271,5,"Produkty Nivea stosuję już od dłuższego czasu, jestem bardzo zadowolona z efektów kremu przeciw przebarwienia i zmarszczki ❤️ Bardzo dziękuję ❤️"
2103271,5,"Super produkt ,dobrze nawilza"
2103271,5,"Po tym serum skóra jest nawilżona, rzadko pojawiają mi się wypryski, co wcześniej często się zdarzało."
2103271,5,Serum Nivea kupiłam pierwszy raz i jest rewelacyjny dla mojej skóry twarzy👍️
2103271,5,"Wydajny produkt, delikatny zapach, poręczne tygodniu stosowania widać delikatnie efekt"
2103271,5,Super produkt
2103271,5,Super 🔥
2103271,5,"CU DO WNE!!!🔥🔥🔥
Jestem w ciężkim szoku ze serio serum tak działa!! Bardzo wysoko w składzie thiamidol,stąd ta skutecznośc. Po miesiącu stosowania na wielkie plamy posloneczne na czole, zbladły o conajmniej 80%.
Dziś nawet poszłam zupełnie bez makijażu do pracy- tak mnie zadowala efekt 😍
Kupiłam kolejne, i będę używać na pewno dalej.
(Ale i z nim obowiązkowo krem z filtrem SPF50 PA++++)
...Więcej"
2103272,5,Daje efekt wypoczętej skóry. Można bez obaw stosować także na szyję i dekolt. Bardzo dobra jakość w rozsądnej cenie.
2103272,5,Sprawdza się na typie mojej skóry. Wygodne opakowanie i szybka aplikacja. Rewelacja – zdecydowanie go polecam.
2103272,5,"Nadaje się do stosowania na twarz, szyję i dekolt – nic się nie marnuje. Jest doskonały, nawet dla cery naczynkowej. Strzał w dziesiątkę – udany zakup."
2103328,5,Nie uczula i dobrze działa na skórę jest dobry dla alergików
2103328,2,"rozczarowanie. Nie kryje zaczerwienien, zapycha pory, skóra sie swieci. Inne kosmetyki z tej serii duzo lepsze."
2103328,5,"Nawilżenie 10/10.;) Wygodne opakowanie ułatwia codzienne stosowanie. Świetny wybór, bardzo się u mnie sprawdził. Polecam."
2103328,5,"Dobrze chroni przed słońcem , nie powoduje dodatkowych wyprysków, jednak trochę bieli (używam na urlopie na plaży więc nie przeszkadza)."
2103328,4,Nie spływa i nie pozostawia uczucia lepkości.
2103328,5,"Wygodna tubka sprawia, że łatwo dobrać odpowiednią ilość produktu. Kosmetyk, do którego chce się wracać. Nawilżenie jest na najwyższym poziomie i długotrwałe.❤️"
2103328,5,"Super się nakłada – codzienna pielęgnacja to przyjemność. Widać, że naprawdę działa. Zdecydowanie mój numer 1 – i zostaje nim na długo."
2103328,3,Krem bardzo bieli i jest bardzo ale to bardzo suchy. Mam cerę tłustą a mimo to mnie przesuszył co nigdy z żadnym innym kremem mi się nie zdarzyło . Jak pociapkasz sobie brwi to ciężko go wytrzeć 😓
2103328,5,Po rannym użyciu buzia na koniec dnia wygląda pięknie. Tołpa obiecuje i obietnic dotrzymuje.💪🚀
2103328,1,"Ужасно скатывается, имеет зеленый оттенок. Ушел в мусорку сразу. Жалко денег."
2103330,5,"Super się rozprowadza ,lekki , nie zostawia tłustej warstwy."
2103330,5,"Mam suchą cerę więc dla mnie to strzał w 10! Stosuję serum codziennie rano, a wieczorem serum z innej firmy. Efekty są cudowne! Twarz jest bardzo nawilżona (ale nie lepka), bardzo gładka i ma wyrównany koloryt. Ale zanim zaczęłam stosować serum zrobiłam peeling kawitacyjny."
2103330,5,Świetnie nawilża.
2103330,5,Super 👍️️
2103330,5,Super używam całą serię i kocham
2103330,5,Lekkie serum o przyjemnym zapachu. Pozostawia skórę twarzy miękka i gładką.
2103330,5,"Świetne serum ,moja skóra nabiera blasku , nie jest tłusta , ogólnie super"
2103330,5,"Uwielbiam te kosmetyki, skutecznie walczą z moim trądzikiem i rozświetlają twarz"
2103330,5,Zaczęło się od próbki. Zauważyłam że moja skóra polubiła się z tym serum.
2103330,5,Polecam!
2103332,5,"Po jego użyciu, skóra wydaje się niesamowicie gładka i odżywiona.👌"
2103332,2,Zostawia tłustą żółtą warstwę na twarzy
2103332,5,Super👍
2103332,5,Produkt jest odpowiedni dla mnie.
2103332,5,Buzia wygląda od razu lepiej.;)
2103332,4,"Przyjemnie nawilża, ładnie pachnie, lekka konsystencja. Tołpa jak zawsze na dobrym poziomie"
2103332,2,Nie ma efektu nawilżającego
2103333,5,"Krem świetnie się rozprowadza i natychmiast wchłania. Krem w sama raz dla mnie - lekki, nie zostawia tłustej warstwy."
2103333,5,"To jeden z najwygodniejszych kremów, jakie miałam."
2103333,5,"Lubię go za to, że tak lekko się rozprowadza. Nawilża i regeneruje skórę. Cieszę się, że na niego trafiłam."
2103333,5,"Regeneruje, koi, daje mi 100% zadowolenia. Doskonały wybór dla wymagającej skóry. Opakowanie bardzo praktyczne, nic się nie marnuje."
2103333,5,Moja skóra jest idealnie nawilżona i wygląda zdrowiej każdego dnia.
2103333,5,Do cery suchej produkt nadaje się idealnie. ❤️
2103333,5,Nawilżenie 10/10.;)
2103333,5,"Ładny zapach, rano buzia wyglada jak po 8 godzinach snu"
2103334,2,Bieli mocno twarz
2103334,2,Pozostawia białą warstwę na twarzy.
2103334,5,🔥👍️💪💪💯
2103334,2,"W moim przypadku krem nie sprawdził się, po użyciu skóra jest sucha i z białą cienką warstwą, która uwidacznia zmarszczki."
2103337,5,super działa na cere
2103337,5,👍️ super
2103337,5,Spełnia moje oczekiwania. Polecam
2103337,5,Zapowiada się dobrze :)
2103337,5,"super produkt, polecam❤️"
2103337,5,Przyjemna konsystencja. Skutecznie oczyszcza.
2103337,5,❤️🤩❤️❤️💪💯🚀👍️
2103337,4,"Delikatny produkt do mycia twarzy, nie wysusza ale mógłby trochę bardziej się pienić i być bardziej gęsty"
2103337,5,Bardzo fajny żel.
2103337,5,Dobrze oczyszcza twarz z sebum .
2103339,5,"Kupiłam po raz pierwszy. 
Świetnie nawilża. 
Lubie produkty Tołpy bo mają dobrą jakość. 
Polecam !
...Więcej"
2103339,5,"super produkt, sprawdza się do mega suchej skóry"
2103339,5,Tonik ma świetną konsystencję. Idealna do wylania na dłoń. To już moje kolejne opakowanie - widzę różnicę w cerze po jego stosowaniu.
2103339,2,"Nie jestem w stanie ocenić działania, bo zapach tak mnie odrzuca, że nie mogę używać. W założeniu miał być chyba świeży i cytrusowy a wyszło coś o zapachu detergentu do toalety. Nie wiem co mam z tym cudem zrobić, pieniądze wyrzucone w błoto."
2103339,4,🔥🔥🔥
2103339,5,Idealny produkt-nawilża rewelacyjnie
2103342,5,To już kolejne opakowanie Dla mnie produkt super
2103342,5,BARDZO DOBRY KREM POLECAM
2103342,5,"💪Swietny produkt. Krem chlodzi okolice pod oczami , co zapobiega opuchliżnie , nawilza i wyglad@a"
2103342,5,💯polecam
2103342,5,"Czysty skład, bez plastikow i innych śmieci. Technologia taka, jaką obiecuje producent, po zastosowaniu znikają obrzęki pod oczami a skóra jest nawilzona. Polecam"
2103342,5,"Bardzo dobry krem pod oczy, dobra konsystencja, dobrze się wchłania"
2103342,5,"Świetny krem pod oczy . Bardzo dobra technologia . Naprawdę działa !!!! Od czasu do czasu jest w promocji , warto wówczas się w niego zaopatrzyć"
2103342,4,Jest ok
2103342,5,"Lekki, łatwy w uzuciu"
2103342,5,👍️👍️
2103344,5,"Świetny,podobnie jak większość kosmetyków tej firmy. Dla mnie idealne,zapach,wchlanialnosc i efekt"
2103344,1,Jak dla mnie w ogóle nie czuć nawilżenia po nałożeniu serum.
2103344,5,Rewelacyjne serum!
2103344,5,❤️super
2103344,4,"Cera wydaje się bardziej promienna, spełnia wymagania 👍️"
2103344,5,Super nawilża!!
2103344,5,"Rewelacyjne serum, dość lekkie ale fajnie otula twarz. Jest jednym z moich faworytów w pielęgnacji 🔥"
2103345,5,Skóra promienna i nawilżona
2103345,5,polecam produkty Tolpy
2103345,5,"Jest ok, ma bardzo fajną konsystencję, nie wysusza. Czy dziala, nie umiem powiedzieć, dopiero stosuję miesiąc."
2103346,5,"Cera wygląda na wypoczętą i bardziej jędrną. Nie zostawia smug ani uczucia ściągnięcia. Wysoka jakość, w pełni spełnił moje oczekiwania."
2103346,5,"Regeneruje, koi, daje mi 100% zadowolenia."
2103346,5,"Super nawilżenie polecam💯Moja skóra jest teraz bardziej elastyczna. Fantastyczna, lekka formuła. Świetny wybór, bardzo się u mnie sprawdził. Polecam."
2103346,5,Krem lekki dobrze się rozprowadza.JEStem bardzo zadowolona
2103346,5,"Krem jest lekki, nie zostawia tłustej warstwy. Po jego nałożeniu skóra staje się gładka. Do tego świetnie pachnie👍️Dla mnie rewelacja."
2103346,5,"Krem jest bardzo wydajny, wystarczy niewielka ilość. Daje szybko zauważalne efekty;). Fantastyczny krem, polecam każdemu."
2103346,5,"Ma aksamitną teksturę, która pięknie się rozprowadza. Krem na idealną formułę. Efekty przerosły moje oczekiwania, skóra wygląda świeżo i młodziej."
2103346,5,Lubię ten krem za komfort stosowania. Moja skóra jest nawilżona przez cały dzień. Cena i skład wzbudzają zaufanie.
2103346,4,Nawilża i regeneruje skórę.
2103346,3,Zbyt rzadką konsystencją kremu. To moje subiektywne odczucie.
2103348,4,"Czuję, że cera jest bardzo dobrze przygotowana do kremu."
2103348,4,"Bardzo mało nawilża, lekki, nie zostawia tłustości"
2103348,5,"Zapewnia długotrwałe nawilżenie przez cały dzień. Przyjemny, delikatny zapach, który nie jest zbyt intensywny. Tonik działa łagodząco i odświeżająco na cerę. Skóra jest dobrze nawilżona i miękka w dotyku. Tonik działa łagodząco i odświeżająco na cerę. Przyjemny, delikatny zapach, który nie jest zbyt intensywny."
2103348,5,"Jeden z najlepszych drogeryjnych toników na rynku. Cudownie nawilża, to moje kolejne opakowanie i zdecydowanie mój kolejny wybór. Polecam"
2103348,5,Najlepszy tonik. Polecam
2103348,5,Polecam
2103348,5,Piękny zapach
2103348,5,Pięknie pachnie ślicznie rozświetla skórę i mega nawilża
2103348,5,🔥🚀❤️jest cudowny 💯
2103348,5,Doskonały produkt dla wymagającej cery.
2103349,4,W porządku produkt.
2103349,5,"Bardzo delikatny dla skóry, czuję nawilżenie. Pozostawia cerę odświeżoną i czystą. Duża pojemność, starczy na długo."
2103349,5,Rewelacyjniy produkt. Polecam
2103349,5,"Ładnie domywa makijaż, delikatny dla wrażliwej skory"
2103349,5,"Bardzo fajna woda micelarna 
Polecam delikatna i przyjemna"
2103349,5,"Bardzo delikatny płyn, a zarazem dobrze zmywający podkład. Dodatkowo nie wysusza mojej skóry"
2103349,5,Dzięki temu produktowi można szybko i dokładnie zmyć makijaż. Płyn nie pozostawia tłustego śladu na skórze. Jest bezzapachowy. Polecam
2103349,5,Super woda
2103349,4,Polecam
2103349,5,Delikatny i skuteczny
2103352,5,Dobrze się rozprowadza na skórze.
2103352,5,Jestem zadowolona z jakości produktu.
2103352,5,"Uwielbiam, kupiłam już drugi. Chyba pierwszy żel do mycia twarzy, który naprawdę lubię."
2103352,4,"* Doskonale usuwa codzienne zanieczyszczenia, nadmiar sebum oraz resztki makijażu."
2103352,2,Mało wydajny
2103352,5,"💯💯bardzo dobry produkt 
Super masarz do skóry twarzy 
Ja jestem bardzo zadowolona z tego produktu .
Polecam!
...Więcej"
2103352,5,Jest bardzo dobry
2103352,1,"Umycie tym żelem buzi to tak jakby wylać sobie na skórę tanie perfumy, przy naprawdę minimalnej ilości w ustach zostaje gorzki posmak a ten zapach alkolowych perfum jest bardzo nieprzyjemny. Używam go do mycia gąbki ale nawet ona niestety pachnie jakbym ją perfumowała"
2103352,5,"Delikatny a jednocześnie skuteczny, nie uczula 
Polecam"
2103352,5,Skóra dobrze nawilżona
2103354,5,"Po nałożeniu czuć natychmiastowe nawilżenie, które utrzymuje się długo. Ma przyjemną, żelową konsystencję."
2103354,5,"Niesamowity zapach. Dość szybko wchłania się w skórę, przywracając naturalny koloryt. Cera pełna blasku. Przywraca gładkość i świeżość"
2103354,5,Rewelacyjna i do tego pięknie pachnie
2103354,5,Super 🔥
2103354,5,"Absolutne odkrycie roku!
Konsystencja płynnego żelu i zniewalający zapach. Czysta przyjemność stosowania. Wow! Buźka mięciutka i nawilżona. Poleciłam niejednej osobie, wszyscy mega wdzięczni. Spróbujcie, ja przepadłam."
2103354,5,"super zastepuje tonik, niesamowicie wydajne, uzywam tez po depilacji do uspokojenia skory"
2103354,5,👍️👍️👍️👍️👍️
2103354,5,"Kapitalny, głęboki nawilża, wspaniale się nakłada. Do tego zapach koi zmysły. Polecam serdecznie!"
2103354,5,"Super nawilża oraz wygładza skórę, gęsta aksamitna konsystencja"
2103354,4,Kocham tą esencję bo jest mega dobra i naturalna
2103355,5,"Wygodna aplikacja, lekka konsystencja, szybko się wchłania."
2103355,3,Używam tylko pod oczy. Niestety nie nawilża i nierawitalizuje moje wysuszonej skóry twarzy
2103355,5,"Najdelikatniejsze serum jakie do tej pory używałam, super, polecam pod makijaż"
2103355,5,"Jest to mój drugi zakup, skóra po tym serum jest delikatnie nawilżona i promienna, serum ładnie się wchłania i nie pozostawia tłustej warstwy."
2103355,5,"Delikatny, przyjemny zapach. Skóra po użyciu jest rozjaśniona."
2103355,5,Swietnie sie wchlania oraz wygladza skore
2103356,5,Nawilżenie 10/10.;)
2103356,5,"Konsystencja kremu idealnie współgra ze skórą ani za rzadka, ani za gęsta."
2103356,5,"Krem jest bardzo wydajny, wystarczy niewielka ilość. Po jego użyciu, skóra wydaje się niesamowicie gładka i odżywiona.👌 Strzał w dziesiątkę, jestem na tak."
2103356,5,"Krem szybko się wtapia w skórę, bez rolowania. Regeneruje, koi, daje mi 100% zadowolenia. Strzał w dziesiątkę – udany zakup."
2103356,3,"Krem dobrze się wchłania. Ale to też zależy od cery. Nie każdemu będzie odpowiadać 
Niestety od płynu do buzi mam uczulenia"
2103356,5,"Opakowanie nie brudzi, idealne do precyzyjnego dozowania. Cera wygląda na wypoczętą i bardziej jędrną. Na pewno do niego wrócę."
2103356,5,"Nadaje się do stosowania na twarz, szyję i dekolt – nic się nie marnuje. Skóra jest miękka, dobrze nawilżona."
2103356,5,"Po kilku dniach cera stała się wyraźnie gładsza i bardziej elastyczna. Na pewno wrócę do tego produktu.❤️ Fantastyczna, lekka formuła."
2103356,3,Jak dla mnie zbyt intensywny zapach.
2103454,4,"dzieci się cieszą, dla mnie zapach trudny do zniesienia"
2103454,5,Piękny zapach i fajne nawilżenie i odświeżenie twarzy
2103454,5,"Wow! Taka ocena zasługuje na komentarz! Daj nam znać co najbardziej Ci się podobało. Im więcej konkretów, tym lepiej 😉"
2103454,5,Super nawilża
2103454,5,Polecam
2103454,5,Super nawilża skórę i ma cudowny zapach wanilii
2103454,5,jest to 100/100💯
2103454,5,Polecam!
2103454,5,Kocham to 🔥🔥🔥❤️
2103454,5,🔥🔥🔥
2103455,5,Fajnie zmywa makijaż bez podrażnienia.
2103455,5,"Masełko fajnie się rozprowadza,ma przyjemny zapach i co najważniejsze dobrze zmywa spf i makijaż."
2103455,5,"Najlepszy dla wrażliwych oczu. Mam wrażenie, że dodatkowo pielęgnuje mi rzęsy. Super zmywa makijaż , bardzo przyjemny zapach."
2103455,5,"Bardzo tłusty, olejowo-maślany balsam. Świetnie rozpuszcza makijaż, a skóra po jego użyciu wydaje się odżywiona i zregenerowana, szczególnie zimą. Pięknie pachnie i jest wydajny. Zdecydowanie kupię ponownie ❤️"
2103455,3,"Niezbyt rozumiem zachwyt nad nimi, na rynku są o wiele lepsze produkty i w niższej cenie. Słabo domywa i słabo się zmywa."
2103455,5,Pięknie pachnie świetnie zmywa makijaż ale są grudki
2103455,5,Liczyłam na intensywniejszy zapach
2103455,5,Fajna konsystencja. Sprawdza się przy mieszanej cerze. Nie wysusza jak niektóre pianki lub płyny.
2103455,5,Super produkt!!
2103455,5,Polecam
2103457,5,"Opakowanie jest solidne i estetyczne. Zauważyłem, że moja cera stała się bardziej miękka w dotyku. Zapach jest delikatny i przyjemny. Po kilku miesiącach używania zauważyłam duże efekty na mojej twarzy."
2103457,4,dla dzieci duża frajda
2103457,3,"Ładnie pachnie, efektów brak"
2103457,4,"Całkiem spoko, ale jako produkt ""na zmianę"" z innym."
2103457,5,"Jest mega super, fajnie nawilża i domywa"
2103457,5,"👍️Polecam, żel bardzo fajny, piękny zapach🔥"
2103457,3,Zwykly zel
2103457,4,"Dobrze oczyszcza, nie wysusza skóry"
2103457,5,"Zajebisty żel do mucia twarzy pachnie jak cudo dosłownie mój brat tez tak uważa. Mega oczyszcza twarz i nadaje mega nawilżenie. 
Polecam💖💖💯🚀❤️🔥"
2103457,5,Cudownie pachnie i doskonale myję twarz.
2103458,5,Produkt ma przyjemną konsystencję. Pozostawia skórę odświeżoną. Urzekający wiśniowy aromat. ❤️
2103458,4,Normalny żel ale ładnie pachnie.
2103458,5,Cidowny
2103458,5,❤️❤️🔥🔥
2103458,4,Wygładza twarz
2103458,5,👍️👍️
2103458,5,"Daje uczucie świeżości nie wysuszając skóry, a zapach jest niesamowity😍"
2103458,5,Najlepsze super oczyszcza skóra po nim jest miękka i pięknie pachnie Szczerze polecam. Cena również jest okej❤️❤️❤️❤️❤️❤️💯💯
2103458,5,Skóra jest po nim bardzo ożywiona
2103458,5,Żel super ale opłaca się go kupić tylko na przecenie bo trochę mały jest
2103459,5,Super opcja do porannego rytuału pielęgnacyjnego.
2103459,5,"Fajny krem. Ładnie wyglada i cera wyglada na bardziej promienna. Skóra jest miękka, dobrze nawilżona."
2103459,5,Codzienne użycie to przyjemny moment.;)
2103459,5,Moja skóra jest teraz bardziej elastyczna.
2103459,4,Daje efekt wypoczętej skóry.
2103459,2,Zapchał mnie. Nie ma też składników które rzeczywiście by rozjaśniły skórę.
2103459,5,"Praktyczne opakowanie, które zapewnia higieniczne dozowanie. Kompatybilny z innymi kosmetykami do twarzy.;) Rekomenduję, sprawdził się doskonale.😍"
2103459,5,Konsystencja kremu jest miękka i łatwa w rozprowadzeniu. Sprawdza się na typie mojej skóry.
2103459,5,Aplikacja jest czysta i bezproblemowa. Daje wspaniałe efekty. Na pewno wrócę do tego produktu.❤️
2103459,2,"Krem jest super, ale zapach niestety nie zachwyca :/ malinowy i wiśniowy lepszy."
2103460,4,"9 letnia bratanica zaczęła korzystaci jej się bardzo podoba, żadne wypryski nie wyszły po użyciu produktu"
2103460,2,Roluje się na twarzy niestety nie dla mnie
2103460,1,Niestety rolkuje mi się na twarzy
2103460,5,"Ślicznie pachnie, skóra pozostaje przyjemnie nawilżona przez cały dzień. Polecam"
2103460,3,Krem fajnie rozswietla skóre jednak gdy się go za dużo nałoży roluje sie ..
2103460,5,"Krem super nawilża twarz, piękny zapach!! Naprawdę bardzo polecam"
2103460,4,Jest okej jej jest to najlepszy krem ale może być
2103460,4,Zapach taki sobie i sie trch rolluje :( No ale ogl fajna konsystencja❤️💯💯
2103460,5,🔥🔥🔥
2103460,5,👍️👍️👍️👍️👍️👍️👍️👍️👍️👍️👍️👍️👍️👍️👍️👍️👍️👍️👍️
2103461,3,To jedna z lepszych rzeczy z fluff
2103461,5,"Ma aksamitną teksturę, która pięknie się rozprowadza. Po nałożeniu skóra jest pełna blasku.👌"
2103461,5,"Buzia wygląda od razu lepiej.;) Konsystencja kremu idealnie współgra ze skórą ani za rzadka, ani za gęsta."
2103461,4,"Najlepszy, moja cera jest teraz promienna i nawilżona. Każde użycie to czysta przyjemność. Mój absolutny hit w codziennej pielęgnacji. 
Pięknie pachnie i jest RÓŻOWY ❤️. Super nawilża i opakowanie jest urocze."
2103461,5,"Jestem bardzo zadowolona z konsystencji, zapachu i wydajnosci tego produktu, Bardzo dobrze sprawdza sie na mojej skorze. Mam nadzieje, ze po dluzszy stosowaniu zobacze pierwsze efekty. Krem szybko się wtapia w skórę, bez rolowania. Rewelacja – zdecydowanie go polecam."
2103461,4,"Nie zapycha porów, a skóra staje się gładsza i bardziej rozświetlona. Nie klei się, nie zostawia żadnych śladów."
2103461,4,"Przyjemnie nawilża, ale ma zbyt intensywny zapach jak na twarz- zużyję bardziej jako balsam albo krem do rąk."
2103461,5,"Wszystko zgodne z opisem, efekty super.👌 Bezproblemowe dozowanie – nie trzeba się martwić nadmiarem. Daje efekt WOW!"
2103461,5,"Błyskawiczna aplikacja, świetna dla zabieganych. Na pewno do niego wrócę. Jest doskonały, nawet dla cery naczynkowej."
2103461,5,"Krem pięknie pachnie, szybko się wchłania i pozostawia cerę miło nawilżona Dobrze się rozprowadza, nie trzeba mocno wcierać."
2103467,5,👍️👍️
2103468,5,👍️👍️👍️
2103468,5,Masełko bardzo dobre stosuję codziennie
2103468,3,"Nie dla wrażliwych oczu. Zostawiają dziwny film na skórze i oczach. Mała pojemność, duża cena. Nie kupię ponownie"
2103468,1,"Bardzo podraznia skóre, nie domywa makijazu idealnie"
2103468,5,Dobrze zmywa i ma bardzo delikatny zapach. Polecam 😊
2103468,1,"Pojemnik dużo mniejszy niż na zdjęciu. Pudełko na "" wkładkę "" co na zewnątrz daje wrażenie że kremu jest więcej niż w rzeczywistości. Niestety dopiero po otwarciu pudełka przekonałam się o małym rozmiarze pojemnika z kremem. Produkt nie warty tej ceny"
2103468,4,"Bardzo przyjemny produkt, chociaż ma delikatną teksturę, która może peelingowac twarz. Opakowanie za to tragiczne, nie nadaje się do podróży bo olejek (masełko trochę się rozwarstwia) cały czas przecieka."
2103468,5,"Bardzo dobrze zmywa makijaż oczu, nie podrażnia i nie pozostawia mgły. Super!!! Tylko opakowanie mogłoby być trochę większe."
2103468,5,"Wreszcie coś, co daje poczucie naprawdę czystej skóry. Używam od niedawna, ale na jednym opakowaniu się nie skończy. Piękny, delikatny i subtelny zapach."
2103468,5,"świetne masełko, naprawdę fajna konsystencja, a co najważniejsze - bardzo dobrze zmywa nawet wodoodporny makijaż"
2103469,5,Bardzo dobry produkt świetnie się sprawdza do skóry dojrzałej
2103469,4,"Serum bardzo wydajne, po użyciu przez kilka dni widzę poprawę aktualnych wyprysków, wyciszają się i powoli znikają - bez pogarszania."
2103469,4,Wydaje się być fajnym produktem. Użyłam dopiero dwukrotnie.
2103480,3,"Fajny krem do skóry młodej, niestety nie nadaje się do dojrzałej"
2103480,5,"Fantastyczna, lekka formuła."
2103480,5,"Wygodna tubka sprawia, że łatwo dobrać odpowiednią ilość produktu. Błyskawicznie poprawia nawilżenie, nawet w trudnych warunkach pogodowych. Fantastyczny krem, polecam każdemu. 🔥"
2103480,5,"Odczuwalnie wygładza i zmiękcza skórę. Ma aksamitną teksturę, która pięknie się rozprowadza. Rekomenduję, sprawdził się doskonale.😍"
2103480,1,"Mi krem się w ogóle nie sprawdził, miałam po nim dodatkowe wypryski, rozświetlenie nie wyglądało naturalnie, w dodatku nie dało się go mieć pod makijażem, ponieważ rolował się, nawet jak nakładałam SPF. Wyglądało to wszystko jakby mi łuszczyła się skóra"
2103480,5,Konsystencja kremu jest miękka i łatwa w rozprowadzeniu.
2103480,1,"Krem wcale nie zapewnia 24-godzinnego nawilżenia, jak podaje etykieta. W ogóle nie ma nawilżenia. A brokat w składzie nie daje naturalnego blasku."
2103480,5,"Nadaje się do stosowania na twarz, szyję i dekolt – nic się nie marnuje."
2103480,5,Piękny efekt. Dobre nawilżenie.
2103480,1,"Pozostawia tłustą warstwę na skórze, niezbyt dobrze się wchłania"
2103482,4,Serum dobrze nawilża wygładza i uspokaja podrażnienia.Odejmuje gwiazdkę za zmianę opakowania z buteleczki z pompką na plastikową tubkę 🙁 zmiana na niekorzyść.
2103482,5,"Genialna formuła, przyjemny zapach ..."
2103898,5,👍️jestem zadowolona
2103899,5,Super dobry skład
2103899,5,Lubię. Nawilża i ładnie pachnie. Jak znikną zmarszczki to dam znać💪
2103899,5,Bardzo lubię to serum. Mam cerę naczynkową i wrażliwą. Serum nakładam na noc. To już kolejna buteleczka i widzę rezultaty. Polecam 👍️
2103899,5,"Śliczny zapach, dobrze sie wchłania"
2103899,5,Świetny produkt. Mozna go używać pod oczy co umożliwia mnie na wielki plus.
2103904,5,"Pachnie jak świeżo zerwane owoce w słoneczny dzień. Skóra jest po nim gładka i nawilżona. Zauważyłam, że moja skóra stała się bardziej miękka."
2103904,5,"Zapach jest bardzo przyjemny, taki malinowy. Mgiełka pozostawia skórę przyjemnie nawilżoną."
2103904,4,Zapach:)
2103904,5,Uwielbiam!
2103904,5,Moja ulubiona marka i ulubiona seria ! Mam cały zestaw pielęgnacyjny z tej firmy i z czystym sumieniem mogę polecić ! U mnie to była miłość od pierwszego użycia 🔥♥️♥️
2103904,5,Super produkt świetnie nawilża i bardzo pasuje do malinowego mleczka z fluff kocham fluff
2103904,5,Ładnie pachnie i bardzo wydajna.
2103904,5,Naprawde super mgiełka
2103904,5,"Polecam,sztos !"
2103904,5,Super❤️💯💯💯💯❤️❤️❤️🥰🥰 bardzo fajne składy ma ta marka oby miała kiedyś współprace z marką kimoco
2103906,5,"Wygodne opakowanie ułatwia codzienne stosowanie. Ten krem to prawdziwy game-changer w mojej codziennej pielęgnacji. Nie wiem, jak wcześniej mogłam go nie znać."
2103906,5,"Kupony dla córki, która jest nim zachwycona. Dojrzałą cerę może jednak trochę zapychać."
2103906,5,"Najlepszy, moja cera jest teraz promienna i nawilżona. Bardzo ładnie pachnie i konsystencja też dobra."
2103906,5,❤️❤️ 💯
2103906,5,Daje szybko zauważalne efekty;).
2103906,5,"Fantastyczna, lekka formuła."
2103906,5,Aplikacja tego kremu to miły początek dnia.
2103906,5,"Bardzo dobrze się wchłania, nie trzeba długo czekać."
2103906,5,Skóra miękka i nawilżona. Super zapach.
2103906,5,Delikatny :)
2103910,5,"Bardzo fajne serum. Delikatny zapach, duzy plus za roler, bo można sobie zrobić super masaż twarzy i szyji. Za krótko stosuję, żeby zobaczyć jakieś spektakularne efekty, ale polecam"
2103910,5,"Nie mam pojęcia o działaniu bo działają krótko. Problem jest taki, że po naciśnięci dużo żelu ląduje na bluzce zamiast na twarzy"
2103910,5,Dobry zakup
2103910,5,Łatwa aplikacja na skórę
2103910,5,"Piękny zapach, serum o przyjemnej konsystencji"
2103910,5,👍️❤️super
2103910,5,wspaniała rzecz polecam
2103910,5,Bardzo dobry produkt 👍️
2103910,5,👍️👍️👍️
2103910,3,"Kończę stosowanie produktu, ale nie zachwycił mnie. Nie widzę poprawy stanu mojej skóry. Może trzeba dłużej używać?"
2103911,4,"Odczuwalnie wygładza i zmiękcza skórę. Konsystencja kremu idealnie współgra ze skórą ani za rzadka, ani za gęsta. Znakomity krem, polecam.👌"
2103911,5,Dla mojej cery idealny
2103911,5,"Sprawdza się na typie mojej skóry. Bardzo dobrze się wchłania, nie trzeba długo czekać. To był dobry wybór."
2103911,5,"Maska ma bogatą, kremową konsystencję, która dobrze się wchłania. 👍️ 👍️"
2103911,5,"Bardzo przyjemna, lekka konsystencja, łatwo się rozprowadza."
2103911,4,"Nawilża i regeneruje skórę. Nie zostawia smug ani uczucia ściągnięcia. Totalnie mnie zauroczył, konsystencją, działaniem, zapachem. Jestem z niego mega zadowolona czekam zawsze na promocję by zrobić sobie zapas tego kremu.Kupuje też maski z tej firmy, które uważam że też są super."
2103911,5,"Regeneruje, koi, daje mi 100% zadowolenia."
2103911,5,"Jest doskonały, nawet dla cery naczynkowej. Cera wygląda na wypoczętą i bardziej jędrną."
2103911,5,"To jeden z tych produktów, do których regularnie wracam."
2104273,5,Ooooo Jezu te płatki pod oczy cudo nie mam wogule wirus pod oczami odkond je używam💯💯
2104273,5,"Nawilzają, wygładzają, dobrze nasączone. Polecam"
2104273,5,Super nawilża
2104273,4,Super 👍️
2104273,5,very good product
2104273,5,Świetnie nawilżają
2104273,5,Rewelacyjny produkt 🔥
2104273,5,Polecam
2104273,4,Fajne płatki dobry zapach poprawiają stan skóry. Trochę zjeżdżają
2104273,5,Super wybór
2104306,5,Wszystkie składniki są dobrze opisane.
2104306,4,👍️👍️
2104306,5,"Świetna maseczka. Bardzo fajne uczucie nawilżenia, dobrze działa i jest przyjemna"
2104306,4,"Dziala jak krem,na maseczke za slabo"
2104306,5,Polecam 👍️
2104306,5,"Bardzo fajna, peeling delikatny, maseczka jako dopełnienie pielęgnacji. Idealny zestaw po stresującym dniu."
2104306,5,Dobrze oczyszcza skórę i zostawia delikatną w dotyku
2104306,5,"Fajna sprawa, dwa etapy pielęgnacji żeby nie zapomnieć."
2104306,5,🔥🔥🔥
2104306,4,❤️❤️❤️
2104439,5,Jest ok
2104439,5,"Widać, że to porządnie przygotowany kosmetyk."
2104439,5,Pomaga mojemu synowi w walce z niedoskonałościami cery twarzy
2104439,5,Game changer. Kupujcie!Jestem bardzo zadowolona z jakości tego peelingu.
2104439,5,🔥🔥🔥🔥
2104439,5,Super extra
2104439,5,Ładny zapach. Po użyciu skóra jest bardzo gładka
2104439,5,Dobrze złuszcza.💪🔥
2104439,5,Super produkt
2104439,4,Super.
2104440,5,Jest okej
2104440,5,Drobnoziarnisty peeling świetnie się sprawdza.
2104440,5,"Dobry produkt, jestem zadowolona z jakości. Po użyciu skóra jest gładka i odświeżona. Ma przyjemny, subtelny zapach."
2104440,5,💯 Super. Bardzo dobry peeling
2104440,5,Polecam zadowolona
2104440,4,Może być. Osobiście wolę gruboziarnisty
2104440,5,oczyszcza cere jest po nim gładka
2104440,4,😊 jest ok
2104440,5,"Dokładne i przyjemne czyszczenie, nie podrażnia, łagodnie działa na skórę."
2104440,5,Ok jak za taką cenę
2104443,5,Lubię:)
2104445,4,Slayyyyyyy❤️❤️❤️❤️
2104445,5,Superrrr 😁😁😁
2104445,5,"Dobra maska, widoczne efekty"
2104445,5,Git🔥 fajny polecam
2104445,5,"Jedna z moich ulubionych maseczek do twarzy, bardzo fajnie odżywia i wygładza twarz, uwielbiam całą serię produktów tej firmy."
2104445,5,"Dobrze się wchłania, cera staje się gładsza"
2104445,3,"Kosmetyki dobry, trochę rzadka konsystencja, zapach nieciekawy. No j ambasadora marki odstraszająca."
2104445,2,"------!!!
🔥"
2104445,5,Dobry.
2104445,5,Jakość ok
2104446,5,Super zastrzyk zdrowia💪
2104446,5,Rewelacja!!! Polecam !!🔥
2104446,5,Dobrze działa
2104446,5,OK. Maska daje widoczne efekty przy regularnym stosowaniu.
2104446,5,Skóra jest promienna🌞
2104446,5,Bardzo dobry kosmetyk. Używam od dawna i mogę polecić
2104446,5,Działa kojąco
2104446,4,Dobrze i szybko się wchłania.
2104446,4,Spodziewałam sie lepszego efektu. Ale na pewno nie zaszkodzi :-)
2104446,4,"Dobrze się wchłania, daje uczucie gładkości"
2104447,5,"Wysoka jakość produktu, świetna konsystencja. Maseczka działa liftingująco i ujędrniająco. Bardzo dobry skład, czuć odżywienie."
2104447,5,Multi-Kolagen. Retinol rewolucja
2104447,5,"Jedna z moich ulubionych,skóra oddycha,jest widoczna poprawa po używaniu przez dwa tygodnie"
2104447,5,"najlepsza maseczka jaką używałam, uwielbiam skórę po aplikacji tej maseczki, jest gładka i nawilżona"
2104447,5,"Już po pierwszym użyciu intensywnie nawilża i wygładza skórę. Jej jedwabista konsystencja sprawia, że aplikacja jest wyjątkowo komfortowa, a efekt liftingu widoczny niemal natychmiast. Cera staje się miękka, gładka i zauważalnie bardziej jędrna. Regularne stosowanie pomaga zredukować zmarszczki i poprawia kontur twarzy. Co więcej, produkt wyróżnia się świetną ceną👍️💪❤️
...Więcej"
2104447,5,To dobra firma i dobra cena.
2104447,5,Maski Perfecty są najczęściej wybieranymi przeze mnie
2104447,5,Ok zadowalająca
2104447,5,Dobry.
2104447,4,miły zapach
2104448,5,Bardzo dobra maseczka do twarzy
2104448,5,"Bardzo ją lubię, efekty widoczne odrazu💞"
2104448,5,Wspaniale nawilża dojrzałą cerę
2104448,5,Super nawilża 😊
2104448,5,Rzeczywiście nawilża. Bardzo dobra maseczka. Ja stosuję po saunie
2104448,4,Lubię lekko nawilża.
2104448,5,"Używam od lat. Maseczka jest skuteczna, dobrze nawilża."
2104448,4,Lubię ogólnie firmę Perfekta. Maseczki nie sa drogie i nie trzeba ich zmywacć.
2104448,5,Bardzo dobrze nawilża!
2104449,5,Maseczka super działa na cerę
2104449,3,Może być ale za dużo nie robi
2104449,5,Polecam
2104449,5,Widać efekt po zastosowaniu
2104449,5,"Doskonała na wyjście, dobrze się wchłania"
2104449,4,Dobra firma dobre maseczki
2104449,5,Jakość ok
2104449,5,Naprawdę rozświetla
2104449,5,👍️👍️👍️
2104449,5,Wspaniale nawilża i odmładza… polecam 🫠
2104457,2,Słaba nie dostosowuje się do owalu twarzy dostałam wyprysków. jestem nie do końca zadowolona
2104457,5,Efekt gejszy...
2104457,5,Świetnie nawilża skórę! Polecam!
2104457,5,Polecam bardzo dobra maseczka.
2104478,5,Mgiełka nawilża i daje komfort świeżości w ciągu dnia.👍️
2104478,5,"Bardzo ładnie pachnie i zostawia na skórze warstwę jak po serum, co mi się podoba, bo inne mgiełki tak nie robiły"
2104478,4,Trochę mierdzi
2104478,3,Jakiś tam efekt jest ale nie wielki
2104478,4,"Fajny glow, ale mialam wrazenie ze czasami zapychal mi pory…"
2104478,5,Delokatna mgielka z bardzo delikatnym zapachem mandarynki. Tonizuje i mawilza. Nie uczula.
2104478,5,"Fajnie odswieza i budzi rano, fantastyczny zapach, wygodna aplikacja"
2104478,1,"1 gwiazdka za ładny zapach, poza tym buzia sie po tym okropnie klei."
2104478,5,"Bardzo fajna mgiełka. Pięknie pachnie, daje komfort skórze po myciu."
2104478,5,"Super zapach, idealny rozpylacz, fajne odświeża skórę. Polecam"
2104548,4,"Maska, która dobrze pasuje na twarz ale nie zauważyłam jakiś efektów wow jak po innych."
2104548,5,najlepsza maseczka z drogerii
2104548,3,Średnie
2104548,5,Bardzo dobra maska
2104548,5,"Jedna z moich ulubionych maseczek, skóra zawsze jest po niej nawilżona. Dobry i sprawdzony klasyk"
2104548,5,Świetny produkt
2104548,5,"Kupuję ją z polecenie Albicji w Krainie składów i muszę przyznać, że dziewczyna ma rację - cudownie nawilża, a pozostały w saszetce płyn można wykorzystać jako serum."
2104548,5,"Jedna z lepszych maseczek w płachcie , dobrze nawilża skórę twarzy . Po ściągnięciu twarz jest świetnie nawilżona ❤️"
2104548,5,Fajną maseczkę
2104548,5,Rewelacja
2104549,5,Super mega nawilzajaca
2104549,5,Świetna maseczka w płachcie 🔥
2104549,5,Spełnia swoje zadanie:)
2104549,3,just ok
2104549,5,"Bardzo pomocna w utrzymaniu skóry twarzy w dobrej kondycji,poleciłam swoim koleżankom!"
2104549,2,"Z początku myślałam że produkt super ale niestety mocno mnie po nim wysypało. Nigdy wcześniej po maseczkach nie miałam problemu. Pierwsze wrażenie że fajnie nawilża, a później niestety pojawiły się nierówności na policzkach."
2104549,5,OK. Polecam
2104549,5,MediHeal to moje ulubione maseczki. Bardzo dobrze nawilża.💯👍️
2104549,5,Polecam
2104549,5,Super maseczka przeciwstarzeniowa - uwielbiam ją!❤️
2104550,3,A little bit poor ingredients and no expected effect.
2104550,5,"Super, dużo esencji"
2104550,5,"Lubię maseczki z tej serii, kupuje zawsze kiedy są w promocji."
2104550,5,najlepsza
2104550,5,💯💯👍️
2104550,5,Świetna maseczka o działaniu wyrównującym koloryt skóry❤️
2104550,5,🔥🔥🔥
2104550,5,"Ratuje skórę z każdej opresji ,daje ulgę ,doskonale nawilża i rozświetla, bogaty skład, dla mnie bomba"
2104550,5,Polecam ..produkt 10/10 ..super się wchłania..
2104551,5,Bardzo dobra maska i dobra cena na promocji.
2104551,5,Świetnie nawilża i koi skórę 🚀
2104551,5,Materiał maski jest przyjemny w dotyku. Maska zawiera pantenol i kwas hialuronowy. Świetnie nawilża i koi skórę.
2104551,5,genialne
2104551,5,"Ta marka jest moją ulubioną. Cena za maski jest przystępna, a jakoś naprawdę wysoka. Po maskach tej marki zawsze widzę różnicę i efekt rozświetlonej, nawilżonej skory jest piękny. Uwielbiam🥰"
2104551,5,Działa
2104551,5,Jedna z lepszych maseczek w płacie.
2104551,5,Najlepsza maseczka w płachcie
2104551,5,Ulubiona maseczka nawilżająca
2104551,5,Polecam te maseczki
2104552,5,"Bardzo dobry skład, czuję, że moja skóra to docenia. To świetny sposób na poprawę wyglądu cery przed ważnym dniem. Materiał maski jest bardzo przyjemny w dotyku."
2104552,5,"Po użyciu maski moja skóra jest odżywiona, a składniki nawilżające działają świetnie."
2104552,5,ta koreańska maseczka jest znakomita !! 🚀💯💪
2104552,5,👍️👍️
2104552,5,"Bardzo dobra maska, można nałożyć na całą noc a rano budzimy się z rozświetloną, nawilżoną i ujędrnioną twarzą. Wiadomo, że to jest tymczasowy efekt, ale świetnie się to sprawdza przed jakimś wyjściem, po takim przygotowaniu makijaż także trzyma się lepiej i wygląda ładniej"
2104552,5,Warta swojej ceny. Po nocy spędzonej w tej masce buzia jest wygladzona i nawilżona. Sama przyjemność.🔥
2104552,5,"Jedna z najlepszych masek tego typu w tym segmencie cenowym. Dobrze dopasowana, gruba, nie rwie się, spełnia swoją funkcję."
2104552,5,Świetnie nawilża skore
2104552,1,Opakowanie mówi że jest to jelly masła- kłamie to zwykła maseczka w płachcie
2104552,5,Najlepsza maseczka!
2104553,5,Zauważalnie mniej przetłuszczająca się buźka
2104553,4,Uważam ze to fajne płatki tonizujące. Nawilżyly mi mocno skórę (a mam aktualnie bardzo suchą) I dają efekt Glass skin. Nie każdemu może sie sprawdzić ale dla mnie sa super
2104553,5,💯💯💯💯
2104553,5,🔥🔥🔥🔥
2104553,3,"Jak pozostałe produkty z tej serii, niestety płatki nie nawilżają skóry suchej."
2104553,5,"świetne płatki, super nawilżają"
2104553,4,👍️👍️
2104553,5,"Świetnie nawilżają, podstawiają skórę naprawdę odświeżoną, są mocno nasączone więc wydajne."
2104553,5,Jest super
2104553,5,"Płatki są delikatne w odczuciu i bardzo mocno nasączone esencją. Jeden płatek starczy mi na przetarcie całej twarzy. Nie podrażnia jej, dobrze nawilża skórę. ❤️"
2104554,5,Ilość i jakość adekwatna do ceny. Super nawilżają i regenerują. Używanie ich to istny relaks.
2104554,5,Super płatki
2104554,5,świetne!!!
2104554,5,amazing
2104554,5,💯👍️👍️👍️
2104554,5,Fajnie rozświetla i daje efekt glow
2104554,5,"Bardzo fajnie wchłania się w skórze, skóra o okresy rozświetlona a za razem nawilżona"
2104554,5,"Wystarczy je nałożyć na 10 minut i skóra robi się gładka i rozjaśniona. Super przed makijażem. Nie zostawiają lepkiej warstwy, ta esencja wchłania się do matu. Doskonale się sprawdzają na tłustej cerze ❤️❤️❤️"
2104554,5,"Rewelacyjne płatki, używam codziennie, nie trzeba kremu, twarz pięknie nawilżona a skóra elastyczna, ładny efekt glow, wygląda zdrowo! 
Juz drugie opakowanie stosuje!"
2104554,5,"Super efekt, skóra mega nawilżona i elastyczna"
2104555,4,Ok jak dla mnie działa dobrze
2104555,3,"Hmm…. Nie widzę dużego efektu, nie szkodzi, ale też nie czuję by coś dało."
2104555,5,Rewelacja
2104555,5,"Świetnie się wchłania, skóra nie jest napięta."
2104555,5,Super 🔥
2104555,5,❤️❤️❤️ cała seria tych maseczek jest cudowna. Efekty widać od razu. Wygodna w aplikacji i mi osobiście starcza na 3 razy wiec opłacalna jak za taki efekt.
2104555,5,💯👍️🔥 super sie rozprowadza i szybko wchłania
2104555,5,Odświeża i odmładza skórę. Polecam 💞
2104556,5,Spodobał się efekt. Koreański marka
2104556,5,Fajnie rozświetla i nawilża
2104556,5,"Twarz rano jak po zabiegu! Świeci się mega, bardzo podobna do nocnej kolagenowej maski z Medicube."
2104556,5,"Nie podrażnia, bardzo dobrze się wchłania."
2104556,5,Super efekt.
2104556,5,Super 🫶🏼
2104556,5,❤️❤️❤️
2104556,5,Wspaniała. Skóra wypoczęta. Polecam 💕
2104556,5,"Bardzo fajną maska, można samemu dozować ilość"
2104557,5,Spodobał się efekt. Koreański marka
2104557,5,"Świetna maseczka na noc, naprawdę bardzo kojąca"
2104557,5,bombastyczne
2104557,5,nie spodziewałam się tak dobrych efektów
2104557,5,"bardzo fajna wydajna maseczka. używam już 3 dzień pod rząd i jest bardzo fajna, nie mam jakiś wyraźnych wyprysków na twarzy ale zdarzają mi się zatkane pory a ta maseczka mi tego nie pogarsza i ogólnie koi i nawilża cerę, za te parę złotych naprawdę warto ją kupić"
2104557,5,"Mimo zawartości wyciągu z drzewa herbacianego bardzo dobrze spisuje się na cerze suchej i atopowej (oczywiście wszystko zależy od indywidualnej tolerancji). Cica i niacynamid świetne łagodzą podrażnienia i zaczerwienienia powstałe po rzucie AZS lub pokrzywki. Skóra staje się gładsza i bardziej jednolita w kolorze. Maska ma postać gęstego żelu, który rozprowadza się dość ciężko, ale nie zostawia na skórze uczucia ściągnięcia. Dobrze się wchłania i nadaje się nie tylko na noc, ale i w ciągu dnia pod makijaż. Bardzo wydajna – użyłam 5 razy i nadal mam ponad 3/4 opakowania. Kupię ponownie!
...Więcej"
2104558,4,"Niebieska jeszcze jako tako daje radę, ale szału nie ma (cera mieszana, dojrzała). Miałam jeszcze różową, ale jej bym dała jeszcze mniej, bo tylko 3*. Zużyję do końca, ale kolejny raz już nie kupię."
2104558,5,Córka zadowolona
2104558,5,Świetnie nawilża i pozostawia skórę gładką i delikatną.
2104558,5,Extra maseczka
2104558,5,"Świetnie się wchłania, świetnie nawilża"
2104558,5,Super 🤩
2104558,4,"💪dobrze nawilża,wygodna aplikacja,"
2104558,5,"Zelowa konsystencja, fajna maseczka"
2104562,5,Polecam
2104562,5,Ekstra dzialanie
2104562,5,"Super maska, bogata, napewno zakupie jeszcze raz"
2104563,5,Polecam
2104563,5,Fajnie działa
2104563,5,"Ciekawa struktura maski, ni to pergamin ni to bawełna. Bardzo ładnie przylega do twarzy. Dolinie nasączona."
2104565,5,Polecam
2104565,1,"Maska bardzo słabej jakości. Porwała się przy samym wyjmowaniu, strasznie była pozawijana w opakowaniu, ciężko było jej użyć. Z plusów- pięknie pachnie"
2104566,4,Jak dla mnie zwykła maseczka.
2104566,5,Dobre nawilżanie
2104566,5,Świetna maseczka. Regularnie stosując można zauważyć poprawę nawilżenia :)
2104566,5,"Najlepsza maska w płachcie jaką miałam w życiu! Zawsze kupuję na zapas. Po użyciu cera jest bardzo nawilżona, promienna i miękka."
2104566,5,❤️❤️❤️
2104566,5,Super!
2104566,5,fajnie lagodzi koi i nawilza
2104567,4,Fajna maseczka
2104567,5,Gorąco polecam
2104567,5,❤️❤️❤️
2104567,5,Super!
2104567,5,Polecam jak wszystkie maski z mediheal :)
2104567,5,Polecam
2104568,5,👍️💪🚀💯❤️
2104568,5,"maseczki mediheal uwielbiam! nigdy nie.miałam żadnego uczulenia, podrażnienia itp. duży wybór, często są w promocji. dobrze działają i są bardzo wygodne!"
2104568,5,❤️❤️❤️
2104568,5,Polecam
2104569,5,Przyjemna dla cery
2104569,5,Cudo ♥️♥️♥️♥️
2104569,5,Polecam
2104569,5,"Świetna maseczka, cieniutka, delikatna tkanina, dobrze przylega i układa się na twarzy. Bardzo mocno nasączona. Zastosowana na noc przed pójściem spać, potem krem. Ukoiła i pomogła zminimalizować stany zapalne, czerwone plamy po niedoskonałościach. Oprócz tego ukoiła skórę ❤️"
2104569,5,kolejna fajna maseczka z tej firmy❤️
2104569,5,❤️dobrze nawilza
2104569,5,"Najlepsza maseczka z tej serii. Łagodzi, nawilża, mnie nie uczula."
2104569,5,"bardzo fajna, uspokaja skórę"
2104569,5,Super odświeżająca maseczka! 🧖🏻‍♀️
2104569,5,"Uważam, że ta maseczka jest świetna. Spełniła moje oczekiwania. Super nawilża, skóra po niej jest aksamitna w dotyku i zaczerwienienia zniknęły.🔥"
2104571,5,❤️❤️❤️
2104571,5,Super maska
2104571,5,Super maseczka. Buzia jest opo niej napięta i nawilżona.
2104571,5,Jest świetna. Miękka i nawilżona skora
2104572,5,🚀💪👍️
2104572,5,"Lubię w niej nie tylko kremową konsystencję serum, też to że jest dwuczęściowa."
2104572,5,Jest świetna. Miękka i nawilżona skóra 🔥
2104574,5,Te maski to obłęd w pielęgnacji. Za każdym razem jak jestem w Rossmanie to biore na zapas bo skóra po nich jest świetna. Polecam
2104574,5,Polecam
2104574,5,💪💪💪
2104574,5,jest w porządku
2104574,5,Bardzo dobra.
2104574,5,🔥🔥🔥🔥
2104574,5,Najlepsze maseczki często je kupuje i fajnie nawilżają
2104574,5,"fajna maseczka, nawilża, chłodzi, polecam"
2104574,5,💯💯💯
2104574,5,Moje ulubione maski
2104575,5,"Po użyciu skóra jest odżywiona i nawilżona. Płachta jest bardzo dobrej jakości, idealnie dopasowuje się do twarzy."
2104575,5,Rewelacja
2104575,5,Polecam
2104575,5,Mega skład i efekt 🔥
2104575,5,💯polecam super nawilża
2104575,5,Rewelacyjna maska❤️
2104575,4,A to jest rewelacja polecam
2104575,5,👍️👍️
2104575,5,Całkiem fajne maseczki w dobrej cenie
2104576,5,❤️❤️❤️❤️❤️❤️
2104576,5,Super jest
2104576,5,Polecam
2104576,5,Mega efekt
2104576,3,Jeszcze nie użyłam.
2104576,5,🔥🔥🔥
2104576,5,Uwielbiam maski z tej seri.
2104576,5,👍️👍️
2104576,4,Super maseczki chociaż sądziłam że będą całe żelowe a nie z żelowym materiałem. Sama maseczka dobra i dzięki innej strukturze maski bardziej efektywna.❤️
2104576,5,Fajna polecam 💯
2104594,5,"SuperProdukt jest wydajny, starcza na długo."
2104594,5,"Polecam, delikatna formuła, poleciła mi moja kosmetyczka. Używam od 9 lat. Delikatnie ale skutecznie oczyszcza skórę."
2104594,5,Idealnie zmywa makijaż. Nie szczypie w oczy . Nie uczula mnie i ładnie pachnie.
2104594,5,"Rewelacyjny, świetnie oczyszcza i pięknie pachnie"
2104594,5,Jest mega. Miya to kosmetyki wszechczasow !!!
2104594,4,"Łagodnie myje, nie wysusza, ma dobry skład, praktyczna pompka ułatwia dozowanie."
2104594,5,"Ta marka mi odpowiada, produkt spełnia moje oczekiwania"
2104594,5,"Delikatny, super nawilża i nie szczypie w oczy🥰❤️"
2104594,5,"Polecam, dobrze usuwa makijaz z twarzy,ładnie pachnie 🥰"
2104594,5,"Używam codziennie pod prysznicem do mycia twarzy i zmywania makijażu. Działa delikatnie, nie drażniąco"
2104637,5,"Dobre składniki, czuję, że to dobrze wpływa na moją cerę."
2104637,5,"Nie przepadam za maskami na twarz w płachcie, maska hydrożelowa to inny wymiar maski. Można ją dosyć długo potrzymać na twarzy, bo szybko nie wysycha. Dzień po zastosowaniu wciąż czuję nawilżenie na twarzy."
2104637,5,Cuda działa!!
2104637,5,Polecam
2104637,5,🔥👍️💯
2104637,5,Jakość
2104637,3,Nie widziałam po tej masce różnicy do tego okropnie spływała z buzi
2104637,5,efekt jest nie do pobicia 👍️
2104637,5,👍️ bardzo fajna
2104637,5,"Bardzo bogata konsystencja, która o dziwo łatwo się wchłania dając efekt sprężystej i odżywionej skóry."
2104639,5,Fajnie nawilża twarz.
2104639,5,Fajna maseczka
2104639,2,Dla mnie słaba
2104639,5,Ładnie nawilża
2104640,5,Fantastyczny płatek. To mój 3 płatek/3 tydzień i są efekty. Super skład.
2104640,5,Zaczęłam używać z polecenia. Faktycznie są ekstra. Działają. Raz w tygodniu i efekt jest super.
2104640,5,naprawdę wygładza
2104640,5,"Płatek działa, może nie robi efektu ""botoksu"", ale wygładza zmarszczki. Trzymałam go dłużej niż 20 minut. Będę stosować. 👍️"
2104640,5,👍️ super
2104640,5,"Wydaje mi się, że efekty były już po jednym użyciu. Trzymałam na czole kilka godzin, aż płatek wyschnął. Kupiłam na próbę, na pewno kupię jeszcze raz."
2104640,5,"przyjemny w użytkowaniu, wygładził delikatnie cerę"
2104640,5,"Ten płatek na czoło jest rewelacyjny.Szkoda tylko ,że nie można go kupić w Galerì Rzeszów ani na Placu Wolności w Rzeszowie.Tylko w Nowym Świecie"
2104640,5,Czekam na efekty 💪
2104641,5,"Fajna “treściwa” maseczka. Zawartość wystarcza na twarz, szyję, dekolt. Kupię ponownie"
2104641,5,Obłędny zapach
2104641,5,"Rezultat zgodnie z informacją, dla mnie wystarczyła na trzy zastosowania."
2104641,5,Polecam
2104641,5,twarz jaśniejsza i wypoczęta
2104641,5,Amaizing 👍️
2104641,5,Super na przebarwienia i czysty skład
2104641,5,💪🤩jest bardzo fajna
2104641,5,Polecam👍️
2104642,5,"Czuję, że moje oczy są po użyciu odświeżone i pełne nawilżenia."
2104642,5,Nawilzają i wygładzają. Bardzo dobry produkt
2104642,5,Sprawdzają się.
2104642,4,Super płatki polecam
2104645,2,Łatwo się rwie
2104645,1,To nie maska
2104645,5,efekt jest nie do pobicia 💯
2104645,5,Fajna 👍️
2104645,5,Dobrze się układa i wpasowuje we wszelkie załamania twarzy. Zapewnia natychmiastowy efekt rozświetlenia.
2104645,5,super nawilzenie
2104645,5,❤️💯👍️
2104645,5,Tego potrzebowałam🥰🙂
2104645,5,"Super maska, polecam."
2104645,4,"CÓRKA BARDZO ZADOWOLONA Z PRODUKTU,REWELACYJNIE NAWILŻA"
2104646,4,Jest ok
2104646,5,👍️ SUPER
2104646,5,Super konsystencję produktu
2104646,5,Buzia jest nawilżona jędrna
2104647,5,Rewelacja ❤️
2104647,5,WYGLĄDA SUPER
2104647,5,Polecam
2104647,4,Rewelacja skóra odżywiona przyjemna w dotyku👍️
2104647,5,❤️❤️❤️
2104647,5,Twarz jet odżywiona
2104648,5,Super nawilżenie i wyciszenie skóry twarzy 🚀
2104648,5,Wspaniale nawilżają cienką skórę i delikatną pod oczami👍️👍️ zmęczona klima👍️💪💪💪💪👍️👍️
2104648,5,❤️❤️❤️
2104648,5,💯.fajny efekt końcowy
2104648,5,👍️👍️👍️
2104648,5,Super. Lekka pachnąca formuła.
2104648,5,Jest ok
2104652,5,Ladnie pachnie
2104652,5,🔥🔥🔥
2104652,5,Świetna i śmieszna
2104652,5,❤️❤️❤️
2104652,5,Fajnie nawilża i koi
2104652,5,dobrze nawilża twarz
2104652,5,Fajnie regeneruje.
2104653,5,💯💯💯
2104705,5,Jest rewelacyjna
2104705,3,Jakos ciezko mi sie ją nakladalo na twarz. Efektu tez raczej zadnego
2104705,2,"Szybko się zsuwa , wysypało mnie jeszcze bardziej a siedziałam w nim tak jak zaleca producent 2 do 4 h i siedziałam niecałe 4 i było straszne pogorszyło mi cerę trądzikową"
2104705,3,Dostałam uczulenie
2104705,2,Strasznie sie zsuwa
2104705,5,Rewelacja
2104705,5,super nawilża
2104705,5,Genialna maska
2104705,5,"Te maski to jest mistrzostwo💪🔥 od razu widać gdzieś skóra najszybciej ciągnie wodę, bo tam wysusza się najszybciej."
2104705,3,"Nie jestem pewna jak się czuje z tą maseczką, na pewno jest lepsza niż maseczki w płachcie bo nie spada z twarzy (posiadam dosyć małą i maseczki w płachcie są dla mnie za duże), ale nie daje spektakularnych efektów. Jest przyjemnie chłodna ale to nie jest wszystko czego oczekuje od tej maseczki."
2104706,5,Świetny produkt
2104706,4,skóra była nawilzona i gladka. Minus za kolor maski
2104706,4,👍️🔥👍️
2104706,2,"niestety nic nie robi, spada i jest bardzo niewygodna"
2104706,5,Bardzo dobra maska
2104706,5,Świetna i efekty są przy stosowaniu regularnym
2104706,5,"Super, 3h na twarzy i skóra ❤️"
2104706,5,"Świetna maska, intensywnie odżywia skórę."
2104706,1,Maska nie trzymała się twarzy i nie dała żadnego efektu
2104706,5,Dobra 🥳🥳
2104707,1,"Brak jakiegokolwiek efektu po aplikacji płatków, dodatkowo bardzo mocny klej, co powoduje mocne uczucie ciągnięcia na cienkiej skórze wokół oczu. Nie polecam, szkoda kasy."
2104707,3,Mam mieszane uczucia. Nie widzę efektu WOW.
2104707,5,Super działa
2104707,2,"Płatki strasznie mocno się kleją przez co ciągną skórę na przy zdejmowaniu. Samego efektu działania- czy mikroigiełek nie czułam i nie widziałam, skóra była bardziej podrażniona. Nie polecam"
2104707,4,Polecam
2104707,5,"Polecam, efekty działania szybkovwidoczne"
2104707,4,"płatki są nawet fajne , ale są sztywne i dziwnie się czułam jak je nosiłam. miałam trochę problemu przy zakładaniu ."
2104707,5,Efekty super!
2104707,5,Bardzo dobre płatki pod oczy i. Widoczny efekt regeneracji skóry pod oczami . Polecam
2104707,3,"Nie zauważyłam efektu. Płatki dziwnie sztywne, ciężko je było zaaplikować. Nie kupię ponownie."
2104708,2,"Płatki strasznie mocno się kleją przez co ciągną skórę na przy zdejmowaniu. Samego efektu działania- czy mikroigiełek nie czułam i nie widziałam, skóra była bardziej podrażniona. Nie polecam"
2104708,5,Fantastyczne
2104708,1,"Trafił mi sie produkt chyba po terminie. Płatki byly suche jak wiór, stąd moja najniższa ocena, ponieważ nie jestem w stanie ocenić jego działania"
2104708,5,Bardzo dobrze nawilżające płatki pod oczy dzięki nowej technologi super poprawiają nawilżenie skóry pod oczami . Rewelacja
2104708,1,Produkt poza czerwoną skórą po zdjęciu plastra kompletnie nic nie robi. Nie kupię ponownie.
2104708,3,Czuć igiełki ale nie zauważyłam efektów po jednym stosowaniu
2104852,5,"super się wchłania, nawilża"
2104852,5,"Ładnie się wchłania, nie zostawia tłustego (ani białego) filmu więc świetnie nadaje się pod kolejne warstwy makijażu :-)"
2104852,5,Skóra świetnie wygląda i jest idealne pod podkład. Polecam
2104852,5,"Przyjemny zapach, fajna konsystencja, dobrze się wchłania w skórę"
2104852,5,"Cudowny produkt! Super lekka konsystencja idealnie się rozprowadza i bardzo szybko wchłania. Ujednolica koloryt skóry i pozostawia satynowy finish oraz subtelny glow, stanowiąc świetną bazę pod makijaż. Używam już 2 opakowanie, a dwa kolejne nabyłam w promocji na zapas 😉"
2104852,5,Produkt świetny dobra konsystencja wystarczy troche nałożyć na twarz i szyję dobrze chroni polecam
2104852,5,"Świetny, lekki spf, pozostawia piękny efekt na skórze, dobrze się rozprowadza porównałabym go do nivea cellular iluminous."
2104852,5,Dobrą Konsistenz czuję się dobrze na twarzy
2104887,5,"Świetnie odświeża skórę.,"
2105034,5,Polecam ten serum
2105412,5,"Przyjemny skład, bez zbędnych dodatków."
2105412,5,Dobrze nawilża skórę.
2105412,4,"jest okej, nawilża"
2105412,4,👍️👍️👍️
2105412,4,Fajna. Nawilża.
2105412,5,Doskonale nawilża
2105412,5,Koi i mocno nawilża.
2105412,5,"moje ulubione maski!! Są tanie i świetnie działają, moja skóra jest po nich nawilżona, mikro zmarszczki na czole są widocznie wygładzone"
2105412,5,Świetnie nawilża i nieperfumowa
2105412,5,Dobra maska
2105413,4,"Ok, ale nic specjalnego"
2105413,4,"Przyjemny, naturalny skład, czuć ziołowe nuty. Maseczka ma przyjemną, kremową konsystencję."
2105413,5,Świetnie nawilża. Jest dobry na zmiany hormonalne (przynajmniej dla mnie) tak samo jak wersja z ceramidami. Zostawia gładką buzie
2105413,5,🤩🥰🤩
2105413,5,Po zastosowaniu zostawia twarz delikatnie matową🔥
2105413,1,podrażnia
2105413,5,Czegoś więcej się spodziewałam
2105413,5,"Maseczka super, ma orzeźwiający zapach. Jedyne czego nie lubię- to zmywanie jej. Zwłaszcza że po 15 minutach lekko zasycha jest ciężka do zmycia. Ale skóra po niej jest odświeżona, czysta, napięta. Efekt końcowy jest świetny."
2105413,5,Kolejny zakup więc serdecznie polecam
2105413,5,Bardzo fajna maseczka
2105967,5,"Krem jak krem, spoko bo nie obciąża skory"
2105967,3,"Jest ok, ale miał być matujący, a dość mocno się świeci po nałożeniu i wyświeca w ciągu dnia na mojej mieszanej cerze. Z plusów, że nie bieli i nie zapycha. Czasami potrafi się rolować na twarzy, więc chyba zużyje go na ciało."
2105967,4,"Jest ok, ale jest dość tłusty i nie matuje ani nie jest wodoodporny. Ale w sumie git. Jeszcze zobaczę, czy kupię ponownie."
2105967,5,"Genialny. Może nie matuje tak, jakbym chciała, no ale mam cerę przetłuszczającą się. Robi robotę mimo wszystko :)"
2105967,3,"Niestety nie zauwazylam efektu matujacego, takze trzeba go przypudrowac aby nie swoecic sie zbyt mocno"
2105967,5,"Krem do twarzy z filtrem UV co prawda 30 ale super zabezpiecza przed słońcem. Jest dość tłusty ale jak dla mnie w sam raz. Łatwo się nakłada i nie bieli, daje efekt glow.👍️"
2105967,5,"Nie podrażnia nawet atopowej skóry, lekka formuła i fajne uczucie po nałożeniu kremu"
2105967,5,👍️👍️👍️
2105967,5,Najlepszy spf pod makijaż.💪
2105967,4,"Płynna konsystencja. Trzeba ostrożnie nabierać na palec, aby następnie nałożyć na twarz. Neutralne wrażenia."
2105968,4,"Super cena. Trochę tłusty, ale jak za taką cenę to nie mogę narzekać. Nadaje się pod makijaż, nie bieli i nie roluje się."
2105968,5,Nie lepi się nie bieli polecam!!
2105968,5,"Wydaje się bardzo ok. Nie bieli, skóra się po nim nie świeci. Muszę jednak dłużej poużywać i spradzić czy mnie nie zapcha na dłuższą metę."
2105968,5,"Dobry produkt, dobrej jakości i składowo też"
2105968,5,Dobrze się rozprowadza i chroni
2105968,5,"Świetny skład, super konsystencja, nie pozostawia białego filmu. Cena petarda! 🚀 POLECAM!!!🔥"
2105968,3,"Plus za cenę i higieniczne opakowanie, minus za dziwną rzadką konsystencję i zapach. 
Całość nawiązuje do kremu naszej polskiej firmy, który jednak robi dużo lepszą robotę ;)"
2105968,5,Moja cera lubi lekkie konsystencje a ten krem ma taką konsystencje uwielbiam go 👍️
2105968,5,"Świetny skład, bardzo dobry SPF."
2105968,5,"Spf całkiem fajny. Nie bieli, trzeba dać mu chwilę na wchłonięcie ale.ogolnie łagodny dla skóry"
2106034,5,Polecam
2106278,5,Perfekt
2106652,5,Świetne serum w rewelacyjnej cenie
2106778,5,"Miałam niezliczoną ilość toników mlecznych i myślałam, że to mleczko będzie podobne. Jednak zgodnie z nazwą jest bardziej gęste i treściwe. Mimo to aplikacja jest łatwa i przyjemna. Uwielbiam zapach i efekt na twarzy, czasem kremy nie są tak nawilżające i kojące jak to mleczko. Polecam bo jest genialne"
2106818,5,👍️💪🚀
2107608,5,Mega błyszczyk.💪
2107610,5,"Podoba mi się. Łatwo się rozprowadza, ma delikatny kolor i błyszczy. Dodatkowo ładnie pachnie"
2107610,5,Mega olejek 🚀
2107610,5,❤️ super nawilża usta
2107612,5,"Super, kolor rewelacja, lekko klejąca konsystencja jak na olejek"
2107616,5,Olejek rewelacja
2107840,5,"Bardzo dobry produkt, na pewno kupię ponownie 💪"
2107840,5,Super!!!
2107840,5,Polecam
2107840,4,"Jest fajna przez swoją formę, ale spektakularnych efektów nie odczułam.👍️👍️"
2107840,5,"Super maska, nawilża skórę. Cena jest wysoka ale czuć, że za coś się płaci. Zdecydowanie warto."
2107840,5,💯💯🚀👍️💪💪🚀💪💪
2107840,5,"świetna, pieknie sie trzyma super dziala, mozna smialo w niej spac"
2107840,5,Maseczka robi to co obiecuje
2107840,5,Jeszcze nie używałam ale znam ten produkt od pozytywnej strony👍️
2107840,5,Bardzo fajna maseczka.
2107841,5,Super nawilżanie
2107841,5,Mega nawilżanie
2108071,5,Krem używam od dłuższego czasu i naprawdę polecam.
2108072,5,"Zauważyłam znaczną poprawę w wyglądzie mojej cery. Świetnie współgra z makijażem, nic się nie roluje. Wysoce polecam, jestem zadowolona z zakupu."
2108072,5,"Kupuje ten krem regularnie od wielu miesięcy - idealnie rozsmarowuje się na twarzy, szybko wchłania, a co najważniejsze rano - nie lepi się mimo że jest kremem odżywczym"
2108072,5,"To jeden z najwygodniejszych kremów, jakie miałam. Nie zapycha porów, a skóra staje się gładsza i bardziej rozświetlona. Kolejna tubka"
2108072,5,"Bardzo dobrze się wchłania, nie trzeba długo czekać. Kupiłabym ponownie.;) Polecam serdecznie."
2108073,5,"Bardzo dobrze oczyszcza skórę z spf i makijażu. Łatwo się zmywa. Sposób używania super, bardzo higienicznie"
2108081,4,bardzo fajny
2108274,5,Fantastyczne. Wyciągają całą ropę z wyprysku a przy tym osłaniają przed zanieczyszczeniami z zewnątrz. Przy większych niedoskonałościach trzeba ich zużyć kilka ale naprawdę dają radę. Dodatkowo są niemalże niewidoczne.
2108501,5,"Super, polecam, naprawdę tak jest jak w opisie 👍️"
2108505,4,"Zastosowałam zestaw 3 razy, w odstępach tygodnia. Pierwsze dwa spowodowały lekko czerwony odcień skóry na drugi dzień, ale taki do zniesienia. Za trzecim razem rumień trwał dwa dni, a potem skóra się łuszczyła. Efekty maski widać. Skóra jest rozjaśniona i wygładzona, ale odstępy chyba muszą być większe niż tydzień
...Więcej"
2108789,5,💯💯👍️💪
2108855,5,"Przyjemna konsystencja, szybko się wchłania. Ładnie pachnie."
2109030,5,Polecam
2109263,5,Genialnie nawilża
2109263,4,"Maska spełnia swoją rolę
Bez szału"
2109263,1,"Slaby kosmetyk.
Lepiący.
Nie nawilża.
Nie.polecam.
Niestety wybór nie trafiony.
...Więcej"
2109263,5,Jest super sprawdzę się na mac jak i na dzień znakomity jako baza pod szminkę 👍️
2109263,4,o.k👍️
2109263,5,Piękny zapach
2109263,5,Super nawilża usta. 💯👍️🔥
2109263,3,"Opakowanie nie zabezpiecza przed wylaniem, ładnie pachnie i smakuje ale nic po za tym, mało widoczne oferty. Zbyt lejący produkt"
2109263,4,"Fajny produkt, nawilża, mi osobiście przeszkadza intensywny zapach"
2109263,5,Pięknie nawilża i wygładza usta brawo za opakowanie
2109264,5,"Boskie masełko. Kupiłam już po raz piaty :)Usta są teraz idealnie nawilżone i miękkie. Idealna, kremowa konsystencja, łatwo się rozprowadza."
2109264,5,Idealne nawilżenie ♥️
2109264,5,Usta są mięciutkie po całej nocy
2109264,5,Super nawilża usta Mega🤩
2109264,5,Super!
2109264,5,❤️rewelacja
2109264,5,"Bardzo dobrze nawilża usta i efekt trzyma się długo, a mam tendencję do ich mocnego przesuszania. Polecam serdecznie, na pewno kupię jeszcze nie jedną sztukę 🔥👍️"
2109264,4,🔥👍️🚀
2109264,5,❤️super
2109264,5,Pachnie jak cukierki kopiko i ostatnio jako jedyna przynosi ukojenie.
2109269,5,"Jest ok, skład w porządku. Ale nie czuje jakiegoś super nawilżenia."
2109269,5,"5 za skład, ale i tak wrócę do swojej sprawdzonej...."
2109269,3,"Plus za skład. Minus trochę za wysoka cena, zapach też trochę dziwny, niezbyt przyjemny. Konsystencja dla mnie trochę za rzadka, wolę bardziej treściwe, gęste maseczki. Nie kupię ponownie"
2109269,5,Tłuste cudo Działa :)
2109269,1,Nie nawilza
2109269,5,Jedna z lepszych drogeryjnych masek do ust. Idealna przy nocnej pielęgnacji oraz jako wykończenie do pomalowanych ust.
2109269,5,"Świetny produkt ❤️ Robi dokładnie co ma robić. Zostawiam na noc, wstaje z nawilżonymi ustami."
2109269,5,🔥🔥🔥
2109269,5,"usta mięciutkie po uzyciu tego cudeńka, super konsystencja"
2109577,5,Super balsam do ust dobrze nawilża
2109577,5,córka zachwycona
2109577,5,"Pomadka dla malucha i małej dziewczynki. Jedna z dwóch, ktore nie miały znaczka z przedziałem wiekowym."
2109577,5,"Skład fajny, ale to na prezent więc nie używałam."
2109577,5,👍️👍️
2109577,5,👍️👍️👍️
2109577,5,Wnusia bardzo zadowolona 👍🏼
2109577,5,🚀❤️🔥🔥🔥🚀🚀🚀💯💯💯
2109577,5,Córka była zachwycona
2109577,4,Mega ładne opakowanie zapach też fajny ale słabo nawilża💪
2109628,1,"Po spryskaniu twarzy natychmiastowe zaczerwienienie i opuchnięcie, uczucie gorąca u 2 osob. Nie polecam."
2109628,1,"Niestety „woda” mocno uczuliła mnie zaraz po pierwszym użyciu. A psiknęłam dosłownie 2 x. Po 3 minutach zrobiłam się bordowa na twarzy i bardzo piekła mnie skóra. Jak później doczytałam zawiera 2 uczulające składniki i do tego brzydko pachnie - jakby zgniłą trawą ? Z prawdziwą wodą termalną nie ma nic wspólnego. Lepiej dołożyć 20 zł i kupić prawdziwą wodę termalną La Roche w aptece która jest bezwonna i delikatna dla skóry. 
Kosmetyk najgorszy z możliwych jaki kiedykolwiek zastosowałam. Nigdy nigdzie i nic mnie tak nie uczuliło. Ten produkt to jakieś „termalne” nieporozumienie.
...Więcej"
2109628,5,💯 Jest O.K
2109628,5,"Super woda, chociaż trochę dziwnie pachnie 😅 jednak nie przeszkadza to w jej aplikacji."
2109628,5,Super. Polecam
2109628,5,"👍️ Orzeźwiające działanie, fajna na upały"
2110037,3,💯💯💯
2110037,3,Kiepska. Słabo nawilża. Słabo pachnie. Słabo błyszczy.
2110037,5,Super nawilża i ładnie błyszczy.
2110037,3,"Niby są usta delikatne, ale na krótko. Trochę śmierdzi."
2110037,5,Fajny efekt
2110037,5,"Atrakcyjna wizualnie, miło nawilża usta."
2110037,1,"Coś tam natłuszcza ,napewno nie widać wogóle drobinek ,w smaku gorzkawa ,a w zapachu przebija plastikiem i chemią ,okropna."
2110037,5,👍️👍️👍️
2110037,5,Usta sa miekkie i nawilżone. Polecam.
2110103,1,Ma dziwny zapach i po chwili usta są bardziej suche
2110103,5,Polecam 💯❤️
2110103,5,Bardzo fajny balsam
2110104,5,Działa dobrze
2110104,3,Bez spektakularnego efektu nawilżenia. Trochę się zawiodłam. Uwielbiam krem tej marki i sądziłam że pomadka będzie takiej samej jakosci
2110104,1,Dla mnie kompletnie nic nie robi. Nie spełnia żadnych deklaracji z opakowania. Usta jak były tak są suche i spierzchnięte. Ciężko się rozsmarowuje. Pieniądze rzucone w błoto. Nie polecam
2110104,2,Za tą cenę szału nie robi
2110104,5,"Bardzo dobra pomadka do ust suchych i spierzchniętych super nawilża i długo utrzymuje nawilżone usta .
Polecam 🙂"
2110104,5,Długotrwałe uczucie nawilżenia.
2110104,1,"Niestety pomadka bardzo tępa, słabe nawilżenie."
2110104,1,Bardzo słabe nawilżanie
2110104,5,Polecam
2110104,4,"dobry skład, ale działanie średnie"
2110105,4,nie wchłania się całkowicie
2110105,5,"Fajna krem nawilżający do ust, daje troszkę dziwny posmak, bardziej preferowałabym go na noc jako taka maska do ust, usta po nim są miękkie i nie widać suchych skórek"
2110105,5,Polecam na noc
2110105,2,"Dla mnie pieniądze wyrzucone w błoto. Kupiłam w momencie kiedy moje usta potrzebowały nawilżenia. Pomyślałam że Bepanthen nie ma sobie równych i zawiodłam się. ""Zwykła"" wazelina w sztyfcie poradziła sobie lepiej. Nie polecam"
2110105,3,"Trochę za lekki, slabo nawilża"
2110105,5,"Krem robi to, co powinien jeśli spojrzeć na jego skład. Świetnie poradził sobie z ustami, które pękały przy uśmiechu do krwi. Poradził sobie z szorstkim łokciem, a także był ratunkiem na piekące i zaczerwienione dłonie zjechane chemią gospodarczą z wybielaczami włącznie. Działa bardzo szybko. Problemem jest jego cena i pojemność do takich zastosowań, bo to taki krem-opatrunek i moglby miec chociaz 25ml.
...Więcej"
2110105,1,beznadziejny
2110105,5,"Bardzo dobry krem do ust który idealnie nawilża i chroni usta przed wysychaniem.
Polecam."
2110105,1,"Nic to nie robi,beznadziejny"
2110105,1,Moich ust to na pewno nie nawilża
2110469,5,Ładnie pachnie
2110469,5,💪💪💪💪
2110469,2,Idealna
2110479,3,kruszą się przy wyjmowaniu
2110479,5,"Absolutnie najlepsze płatki pod oczy!! Serio, jedyne które od razu sprawiają, że spojrzenie jest świeższe! Skład cudo: arbutyna TOP!"
2110479,5,❤️❤️❤️
2110479,1,Płatki były rozerwane już w opakowaniu
2110479,1,👍️działa i są efekty😘
2110479,5,Super efekt
2110479,5,"myslę, że będzie ok bo tez jeszcze nie uzylam"
2110479,5,Delikatna skóra pod oczami polecam
2110483,5,"Serum nie zapycha. Miałam bardzo m cno wysuszoną skórę złym produktem do mycia. Kupiłam też Toner Light z tej firmy. Czuję bardzo nawodnioną skórę cały dzień.
Warto wydać na to pieniążki."
2110493,5,Super produkt
2110497,5,Super prezent
2110583,5,Super produk
2110600,5,🔥super
2110606,5,"Nawilżenie 10/10.;) Bardzo przyjemna formuła, idealny krem na co dzień. Na pewno wrócę do tego produktu.❤️"
2110620,5,świetny
2110699,5,Super produkt
2110741,5,Fajna łagodząca maska
2110743,5,slicznie pachnie dziala dobrze mega fajne i ladne jest
2110743,4,Bardzo fajna maska.
2110744,5,wygladza twarz idealnie pieknie pachnie polecam goraco
2110744,5,Bardzo lubię te maseczki Świetna jest po nich cera Robią robotę i odrazu widać różnicę
2110744,5,"Fajna, jedwabista konsystencja i delikatny zapach."
2110744,4,"tekstura jest inna niż się spodziewałam
skóra po użyciu jest gładsza"
2110751,5,Najlepsze maseczki
2110751,5,Kochamm to jest superaśne
2110770,5,Fajnie wygładza i odświeża.
2110770,5,👍️ Z tego produktu jestem również zadowolona pozdrawiam
2110770,4,Dobry piling
2110770,5,👍️👍️
2110770,5,Fajnie oczyszcza skórę 💯
2110771,4,Twarz nawilżona i odświeżona
2110771,5,Super🔥👍️
2110772,5,Super efekty. Bardzo polecam
2110772,5,gładkość skóry i świeżość
2110772,5,Spełania moje oczekiwania
2110772,5,Nie testowałam jeszcze ale napewno będą ok 🤩
2110772,5,Szczerze polecam.
2110772,5,Rewelacja 🔥🔥
2110772,5,Wchłania się
2110772,5,"Rewelacja, super działa, widać po niej mniej zaskórników skóra lepiej wchłania kosmetyki. Chętnie bym kupiła taką maskę jako pełnowymiarowy produkt"
2110772,5,Rewelacyjna maseczka rozjaśnia cere i nawilza
2110772,5,Super 👍️
2110780,5,"Rewelacyjna maseczka. Skóra nawilżona, zregenerowana, widocznie piękniejsza."
2110780,5,Doskonale nawilża skórę. Polecam.
2110780,5,🔥🔥🔥🔥🔥🔥
2110780,5,Lubię:)
2110780,5,Polecam
2110785,4,"maska ok, nie widzę efektu wow. Długie trzymanie powoduje u mnie efekt ""zimnej twarzy"" i nie jestem w stanie tak wysiedzieć maxymalnego czasu jaki podaje producent. Może latem będzie łatwiej"
2110785,5,Bardzo dobry produkt. Polecam.
2110785,5,Twarz jest nawilżona i gładka
2110785,4,"Dobra maska, robi efekt Glass, ale to nie jest aż tak dobry efekt jak te droższe maski. Lubię, że wystarczy jej godzina, a nie 3-4. Przez to działanie troszkę słabsze, ale i tak jest dobrze :)"
2110785,5,🔥🔥uwielbiam!!
2110785,5,Świetna maska
2110785,5,Twarz nawilzona
2110785,4,Jest ok
2110785,5,"Bardzo lubię te maseczki, pozostawiają skórę nawilżoną i rozświetloną."
2110785,4,Ok ale miałam lepsze
2110787,5,❤️❤️❤️💪👍️
2110787,4,"Dobra maska, robi efekt Glass, ale to nie jest aż tak dobry efekt jak te droższe maski. Lubię, że wystarczy jej godzina, a nie 3-4. Przez to działanie troszkę słabsze, ale i tak jest dobrze :)"
2110787,5,Bardzo dobry produkt
2110787,5,Super 🔥
2110787,5,Nardzo dobry produkt! Polecam! 💪
2110787,4,"ok, ale nie widzę efektu wow"
2110787,5,"Bardzo lubię te maseczki, pozostawiają skórę nawilżoną i rozświetloną."
2110787,5,Super polecam
2110787,5,Ulubiona 🔥🔥🔥
2110787,5,Jest ok.
2110788,5,Jedne z lepszych płatków pod oczy na rynku
2110788,5,🔥❤️❤️
2110788,5,Moja skóra pod oczami jest odżywiona i nawilżona.
2110788,5,"Byłam sceptyczna, a na prawdę robią super robotę. Czasami zostawiam je gdzieś jadąc (Bo nie zjeżdżają! Mega plus!) i efekt widać jeszcze przez następne dni."
2110788,5,dobrze nawilżają skórę pod okiem i mają fajny wygląd
2110788,5,🔥mi najbardziej się podoba tusz do rzęs ❤️
2110788,5,super jest pod oczy
2110788,5,bardzo fajne 🔥
2110788,5,🔥❤️❤️❤️❤️❤️❤️
2110788,5,🔥💪💪💪
2110789,5,Materiał jest przyjemny w dotyku.
2110789,5,Polecam
2110789,5,Dla wnuczki super.
2110789,1,"Nie trzyma się twarzy, słabo nawilża"
2110789,5,Bardzo fajna maseczka. Polecam
2110789,5,🔥🔥🔥🔥🔥🔥🔥🔥❤️❤️❤️❤️❤️❤️❤️💞💞💞💞❤️❤️❤️🥰🥰🥰🥰🥰😎😎😎😎😎
2110789,5,Jest świetna. Ślicznie wyglada🔥💪🚀💯❤️💞🤩🥰
2110789,5,bardzo fajna maska
2110790,5,Dobrze się ułożyła na twarzy. Efekt po bardzo zadawalający. Cena byla ns promocji: mogłam kupić 2 szt.
2110790,5,Polecam
2110790,5,ciężko się kładzie ale super jest
2110790,5,super nawilża ❤️
2110790,5,jeszce nie próbowałam ale pładki pod oczy z DRESCODE są zarąbiste
2110790,3,Maseczka się ślizga w rękach przez co ciężko ją nałożyc na twarz
2110790,5,❤️💪👍️
2110792,5,Polecam szczególnie przy retinolu czy po kąpieli słonecznej
2110792,5,"Super maseczka na twarz, rzeczywiście otula twarz, pozostawia skórę miękką i gładką.❤️"
2110792,5,"Maska bardzo fajna. Po nałożeniu czuć ciepło/ lekkie pieczenie, ale po minucie wszystko ustaje. Nawet w 15 minut bardzo fajnie nawilża skórę. W odczuciu jest lepiąca, włosy się do niej kleją, ale nie przeszkadza mi to. Nie mam problematycznej skóry, dlatego idealnie sprawdza się mi też jako maska na noc. KOCHAM MIYA"
2110792,5,"Bardzo fajna maska. Co prawda użyta dopiero kilka razy, ale daje radę na podrażnienia. Stosuje jako baza pod makijaż."
2110792,5,"Działa cuda, polecam 🔥"
2110792,3,"Nie odpowiada mi żelowa , lepiąca się konsystencja . Do tego czuję pieczenie ."
2110798,5,"Bardzo fajny produkt, delikatny nie uczula... Polecam wszystkim"
2110798,5,"Świetnie te płatki przylegają pod oczami i skutecznie zmniejszają zmarszczki , tylko trzeba je stosować codziennie"
2110798,5,Освежает взгляд и охлаждает👍
2110818,5,Bardzo dobra maska
2110818,5,Super maska
2110818,5,Dobrą jakość i działanie częstsze promocje z większą ilością igieł byłaby super
2110818,5,👍️bardzo bobry
2110818,5,👍️👍️👍️👍️👍️👍️
2110818,5,Rewelacyjne rezultaty
2110818,5,bardzo dobra maseczka
2110818,4,Świetne
2110818,4,nie widze do konca takich efektów jak na opise
2110818,5,Jest megaaaa🥰
2110819,5,Świetna maseczka wygładza nawilża rozjaśnia.
2110819,3,"Fajna alternatywa na nocną odnowę skóry twarzy. Jednak uwaga na jedwabną pościel. Maseczka długo utrzymuje się na skórze. Przy wmasowywaniu jej nadmiaru bardzo się roluje, tworząc tłuste wałeczki. Po tym jednak także pozostawia tłusty film, więc delikatna pościel może zostać poplamiona."
2110820,5,Wszystkie składniki są dobrze opisane na opakowaniu. Plasterki są odpowiednio wilgotne i bardzo trwałe. Plasterki działają bardzo szybko i bardzo skutecznie.
2110820,3,"Delikatnie wygładzają 
Ale przyjemne"
2110820,5,Składniki wydają się być naturalne i odżywcze.
2110820,5,świetny produkt
2110820,1,"Bardzo słabe, nie trzymają się twarzy"
2110820,5,Rewelacja!! Magiczne plasterki!!
2110820,1,Bardzo nieudany zakup. Plasterki nie trzymają się twarzy i nieustannie odpadają nie mówiąc już o jakichkolwiek efektach.
2110820,1,"Niestety, odkleja się szybko; nie ma mowy o przetrwaniu nocy"
2110820,3,Nie trzymały się zbyt dobrze na twarzy
2110820,1,"Niestety plaster się odkleja :( przez co trudno ocenić efekty, bo ich nie ma."
2110829,5,"Przyjemny, lekki skład, który nie podrażnia."
2110829,5,Kolejny świetny produkt. Maseczki bardzo dobre
2110829,5,👍️👍️👍️
2110829,5,świetne maski!
2110829,5,Polecam
2110829,4,Przyjemny w użyciu.
2110829,5,"Bardzo dobra maseczka, trochę się lepi, ale jest taka otulająca, czuć ukojenie po jej nałożeniu 😊 idealna do wieczornej pielęgnacji"
2110829,5,Świetnie regeneruje i odżywia
2110830,5,Bardzo fajna maseczka. Super działanie. Polecam
2110830,5,❤️Świetny produkt!!!💯
2110830,2,"na początku skóra fajnie nawilżona, ale bardzo szybko sie bardzo przesusza, jako osoba z generalnie sucha skóra to po tej maseczce miałam ją wysuszoną jeszcze bardziej niż zwykle."
2110830,5,Fantastyczna
2110830,5,Dobra maseczka
2110830,5,"Świetna maseczka do twarzy, koi ""zirytowaną"" skórę"
2110830,5,"Jestem zaskoczona jak ta maska łagodzi skore
Dobrze nawilża"
2110830,5,uwielbiam je!
2110830,5,Bardzo dobra maseczka!
2110830,5,"Świetna maska wyciszająca i nawilżająca, moja trądzikowa i wrażliwa skóra bardzo ją polubiła."
2110831,5,"Jest bardzo dobra maseczka za taką cenę, a dodatkowo jestem zadowolona z opakowania, że mam zapas w lodówce maseczek i w każdej chwili mogę nałożyć maseczkę 🔥"
2110839,4,"Super sprawa na wypryski. Naprawdę po kilku godzinach w tych plastrach, wypryski stają sie zdecydowanie mniejsze"
2110839,5,Polecam
2110839,5,Polecam!
2110839,1,nie działają
2110839,5,"Ułatwia pozbycie się głębokich zaskórników ale trzeba niekiedy naklejać plaster kilka razy w to samo miejsce. Po zerwaniu plastra skora przez kilka dni jest wokól zaczerwieniona ale powoli sìe ono zmniejsza. Zużyłam kilka opakowań. 
Na minus dość duża cena zwłaszcza bez promocji i mała ilość plastrów w opakowaniu.
...Więcej"
2110839,5,"U mnie się sprawdzają, najlepsze jakie do tej pory miałam"
2110839,5,Polecam produkt godny uwagi.
2110839,5,mega plasterki
2110839,5,Lubię te plasterki
2110839,5,Są super na podskórne wulkany
2110841,4,"Są okej, ale potrzebują więcej czasu żeby załagodzić stan zapalny na mojej skórze."
2110841,5,Plastry pomogły mi szybko pozbyć się niedoskonałości.
2110841,5,"Super, dwa dni i zaleczony potężny wyprysk! Plus te serduszka są w tak delikatnym kolorze, że praktycznie ich nie widać na skórze"
2110841,3,"Bardzo drogie, i nawet nie było ceny przy kasie się dopiero doweiedziałam."
2110841,5,Przykleiłam na noc na dużego pryszcza. Działa!!! Znacząco się zmniejszył i praktycznie nie było go widać.
2110841,5,Plastry bardzo dobrze działają 👍
2110841,5,Bardzo fajne
2110841,4,"Bardzo fajne plastry, dobrze działają. Kształt serca w porządku, ale myślałam, że będą ciut mniejsze."
2110841,5,Plasterki GENIALNE na prawdę polecam
2110841,5,Świetne! potrafią zniwelować wyprysk już po jednym użyciu albo mocno go zmniejszyć💪 super sprawdzają się nawet do tych najbardziej uciążliwych zmian skórnych 🔥👍️
2110867,5,"najlepsze płatki pod oczy, jakich używałam. POLECAM!❤️"
2110867,5,Kupiłam i polubiłam. Uźywam każdego dnia.. Polecam 💕
2111240,5,💯💯🚀🚀💪💪🔥
2111240,3,robił mi krosty
2111240,5,Jeden z moich ulubionych
2111240,5,Najlepszy ❤️
2111318,5,"To mój kolejny tonik od TIRTIRA, znakomita jakość. Odkryłam przez przypadek i już ze mną zostanie, bo buzia po nim jest aksamitna i doskonale nawilżona. Taki mały cud!🔥"
2111318,5,"Mam wrażliwą suchą trądzikową cerę i ten tonik sprawdza mi się wspaniale, idealnie nawilża cerę po jej oczyszczeniu i nie podrażnia skóry💯"
2111323,5,"Dobrze się wchłania, a metalowa kulka dodatkowo chłodzi podczas aplikacji. Wszystkie kosmetyki od tego producenta odpowiadają mojej bardzo suchej cerze. Do tego ta cena...❤️"
2111323,5,"Cieszę się, że w końcu Rossmann rozszerzył swoją ofertę o kosmetyki koreańskie. Uwielbiam ten krem, ma bardzo poręczne opakowanie z kulką, którą możemy wykonać dodatkowy masaż skóry. Sam krem jest lekki ale dobrze odżywia i zostawia skórę napiętą."
2111324,3,Bardzo tłuste. I zupełnie pozbawione zapachu.
2111392,3,"Bardzo słabo nawilża, daje tylko błyszczącą warstwę na powierzchni ust"
2111392,5,"Mięciutka konsystencja, przyjemny zapach"
2111392,5,Jest ok
2111392,5,👍️👍️
2111392,3,Nie jest tym produktem na jaki liczyłam mocno wysusza usta a nie nawilża 🙂
2111392,5,💯🔥🔥
2111392,3,Nie jest skuteczna i nie chroni warg.
2111392,4,ładny zapach
2111392,5,"Bardzo dobra, super nawilża 💪👍️🔥❤️💯"
2111393,3,Moim zdaniem pomadki lepsze. Lepiej się nakładają.
2111393,4,"Przyjemny, ale wole inne balsamy tej marki"
2111393,5,"Dość intensywny kolor. Oleista formuła, świetnie nawilża. Polecam ❤️"
2111393,4,Produkt jest git .ale jego cena …
2111394,4,"Bez szału. Muszę często smarować by nie czuć pieczenia na ustach, nie utrzymaje sie za dlugo"
2111394,4,"Daje połysk, ale jednak wolę sztyfty. Ten balsam będzie dobry dla kogoś, kto lubi lekkie formuły. Zapach bardziej perfumowy, co też nie do końca mi pasuje."
2111394,5,Polecam
2111394,5,Fajny produkt
2111394,5,"REWELACYJNY ❤️Balsam świetnie nawilża , nie wysusza ich i przede wszystkim nie klei ust❤️"
2111397,5,Super produkt!
2111397,5,"Używam jako maseczkę, podoba mi się"
2111397,1,Uczuliła mnie chociaż na zaden składnik nie mam alergii....kiedys używałam i bylo wszystko w porządku a teraz całą twarz miałam czerwoną...
2111397,5,Super !
2111397,5,Wszystkk ok
2111841,5,Delikatna nie podrażnia
2111841,5,"Spełnia swoje zadanie, polecam 👍️"
21119,4,Maseczka ma przyjemną konsystencję.
21119,5,"Jedna z lepszych maseczek jak je testowałam, jeżeli chodzi o efekt końcowy"
21119,3,"Lubie używać tych masek ale szczerze mówiąc nie wiem czy dają coś poza satysfakcją z odrywania maski, relax i usuwaniem jakiegoś tam naskórks"
21119,5,Super maseczka
21119,4,"Fajna maseczka, przyjemna i delikatna"
21119,5,Lubię tą maseczkę. Fajnie oczyszcza skórę.
21119,5,"od baaaardzo dawna używam, sprawdzopne, bardzo dobre, polecam"
21119,5,❤️❤️❤️❤️
21119,5,Od dawna ją stosuje i jestem zadowolona
21119,5,"polecam, skóra jest super po maseczce. 🤩🔥"
2111946,5,Piękny kolor i dobrze trzyma się na ustach
2111959,4,"Polecam jest super
👍️"
2112072,4,Świetna
2112072,5,"Genialna, dobrze nawilża"
2112072,5,"Nawilża, skóra po życiu jest gładka i promienna :)"
2112072,3,"dobrze nawilża, ale dokładnie tak samo, jak inne produkty. jak ktoś ma już maseczkę nawilżającą, która mu odpowiada, to może pominąć produkt"
2112073,5,Polecam
2112078,5,Zauważyłam/łam kilka ciekawych składników aktywnych.
2112078,5,Polecam
2112078,5,💯💯💯💯
2112115,5,Dobra maska dla osób używających retinolu
2112117,5,Doskonale nawilża i rozświetla
2112283,5,"Nie znałam dotąd tej marki, a szkoda, bo produkty są naprawdę świetne.❤️"
2112283,5,🚀🚀🚀
2112283,5,świetna jest ❤️
2112283,4,świetna maseczka
2112283,5,Wszystkie maski z medihwal są bardzo dobre
2112283,5,Polecam :)
2112283,5,"Bardzo dobra maseczka, zostawia skórę rozświetloną, nawilżoną i promienną. Jest nasączona dużą ilością esencji, której sporo też zostaje w saszetce (lubię stosować resztkę na dekolt i szyję). Tkanina bardzo elastyczna, łatwa w dokładnej aplikacji na twarz, dobrze skrojona. Zdecydowanie polecam tę i inne maseczki tej firmy :)
...Więcej"
2112284,5,Bardzo dobrze nawilża
2112284,5,super!
2112284,5,Polecam!❤️ Najlepsze na rynku!
2112284,5,"Skóra po masce jest miękka i elastyczna, wygląda na wypoczętą. Płachta jest dobrze nasączona esencją."
2112284,5,Super nawilża twarz
2112284,5,❤️❤️❤️
2112284,5,Najlepsza
2112284,5,Idealnie nawilża.
2112284,5,Najlepsza maseczka
2112284,5,Dobra maska do dogłębnego nawilżenia skóry. Stosuje ją dłużej niż podaje producent na opakowaniu i zawsze jestem zadowolona z efektów po ściągnięciu maski.
2112285,5,Świetna maseczka. Jak wszystkie produkty tej marki. Polecam
2112285,5,💪👍️🔥
2112285,5,Super maseczka polecam 💯
2112285,4,W porządku
2112285,5,świetne są!
2112285,5,Cudowna. Miałam bardzo odwodnioną skórę po użyciu retinalu 2 dni wcześniej i ta maseczka przepięknie nawilżyła. Bardzo polecam.
2112285,5,"fajna sprawa przed wyjściem 
ładnie pachnie 
skóra po zastosowaniu maski jest napięta i taka świeża 👍️"
2112285,5,👍️👍️👍️👍️👍️
2112285,5,"Super maseczka, pięknie nawilża i odżywia skórę. Godna polecenia"
2112297,5,💯💯💯
2112298,5,Efekt nawilżenia utrzymuje się długo. Płachta jest dobrze nasączona.
2112298,2,"Wielkie rozczarowanie, nic nie robiła."
2112298,5,"Maska bardzo nasączona, cudowna, polecam!"
2112298,5,💯💯💯
2112298,5,Dobrze nawilża
2112298,5,Bardzo fajne maseczki
2112298,5,super nawilża
2112298,5,Ulubiona❤️
2112298,5,łagodzi podrażnienia i nawilża
2112298,5,"Doskonale nawilża, regeneruje skórę. Polecam"
2112300,5,💯💯💯
2112301,3,"ok, mocno pachnie różą, bez zachwytów"
2112301,5,"Świetna maseczka, dobrze nawilża buzię."
2112301,5,fajna i pięknie pachnie
2112301,5,"Cudowna, polecam"
2112301,5,👍️👍️
2112301,5,"Bardzo fajne maseczki, super nawilżają."
2112301,5,lubię tą maseczkę
2112301,5,"Dobra maseczka, pachnie różą👍️"
2112301,5,🔥🔥tezzz supatrr
2112301,5,❤️❤️❤️
2112302,5,❤️❤️❤️
2112307,5,💯💯💯
2112308,4,💪💪💪
2112308,5,Od zawsze mi się sprawdza
2112308,2,"Nie widziałam różnicy. Poza tym okropny, intensywny zapach kawy."
2112308,5,Ceramidy wzmacniają barierę hydrolipidową.
2112308,3,Brak odczucia działania maseczki
2112308,5,"Bardzo fajna maseczka, moje ulubione. Po tej skóra super nawilżona."
2112308,5,jeszcze jedna fajna maseczka
2112308,5,Bardzo fajna maseczka🔥
2112308,5,"Przyjemna maseczka, ładnie pachnie kawą. Efekty ok."
2112308,5,Najlepsze maseczki
2112320,5,Super produkt :)
2112321,5,🔥👍️💪🚀💯💯💯
2112321,5,"Piękne błyszczące usta, miękkie jak masełko. Trochę piecze ale dla mnie na plus"
2112321,5,"Pięknie się mieni, daje uczucie lekkiego mrowienia"
2112322,5,❤️❤️❤️🔥
2112322,5,"❤️ mam wszystkie odcienie tych balsamów, polecam kupować na promkach"
2112322,5,💯bardzo dobrze kryje usta i kolor ma piękny
2112323,1,"Balsam bardzo klejący,uszkadza się podczas malowania ust- zostają duże grudki na ustach. Cena wysoka nawet na promocji. Niestety nie polecam."
2112323,5,🔥🔥🔥🔥
2112323,1,Stick nie działa.
2112324,5,"Przepiękny kolor na ustach, brokat wygląda niesamowicie w świetle dziennym."
2112324,5,🔥🔥🔥
2112360,5,Plastry są skuteczne do mojej wrażliwej cery. Polecam
2112360,2,"wosk w ogóle nie łapie włosków, nawet tych najdłuższych"
2112360,1,nie spełnia oczekiwań
2112360,5,działa
2112360,5,Bardzo dobra jakość nie robią się po nich krostki
2112360,5,U mnie zastosowanie jest super
2112360,5,Polecam
2112446,5,"Bardzo fajny peeling. Usta są wygładzone, szminka trzyma się lepiej na takich ustach."
2112450,5,👍️🔥🔥🔥🔥
2112523,5,doskonałe serum do ust ❤️
2112525,5,"Nie klei się, super nawilża i daje piękny naturalny kolor, uwielbiam 🥰"
2112525,5,"Świetny produkt, delikatnie zmienia kolor na różowy :)"
2112525,1,"Nie zmienia koloru, wysuszył usta. U mnie się nie sprawdził i nie kupię ponownie."
2112526,5,Nawilża i nadaje ustom piękny kolor.Polecam:)
2113019,5,Endecja to must have w toaletce - cudownie koi skórę po całym intensywnym dniu❤️
2113190,5,Smaczne
2113399,5,Widocznie redukuje cienie pod oczami.
2113399,5,"Rewelacja, działa : )"
2113399,1,Mocno podkreśla zmarszczki
2113399,5,"rewelacyjny produkt ,obrzęki pod oczami znikają w ciągu 10-15 minut i są niewidoczne do końca dnia aż do zmycia żelu płynem micelarnym wodoodpornym."
2113399,5,to naprawdę działa
2113399,5,Dobry produkt
2113399,5,jest genialny
2113399,1,Totalnie nie spełnia swoje funkcji .
2113399,5,👍️ Super.
2113399,5,"Krem bardzo dobry,jestem zadowolona"
2113400,5,it is okay for dry skin
2113401,5,"Bardzo łatwy i szybki w aplikacji krem. Skóra jest miękka, dobrze nawilżona. Działa dokładnie tak, jak obiecuje producent.⭐"
2113401,5,"Najlepszy, moja cera jest teraz promienna i nawilżona."
2113401,5,"Skóra po aplikacji jest gładka i przyjemna w dotyku. Poprawia jędrność mojej cery i nawilża. Dobry kosmetyk, polecam serdecznie.👍"
2113435,5,"Produkt jest prawdopodobnie bardzo dobry, skoro po zużyciu go przez moją 88- letnią wymagającą mamę, zostałam poproszona o jego ponowny zakup. Znalazłam serum w Rossmannie, bo tam kieruję swoje pierwsze kroki w celu zaopatrzenia się w dobre kosmetyki."
2113435,5,CALA SERIA JEST SWIETNA
2113436,5,"Ciekawy produkt , odczucie jak igly w mexoterapii. Uzywam dopiero 3 dni. Trudno powiedziec o efektach."
2113436,5,Świetny produkt planuje już kupić kolejny
2113436,5,"Мезо ефект відчувається. Шкіра вже після декількох днів користування змінилась, але це в комплексі з використанням крему денно/нічного та СС . Ефект помітний, шкіра стала виглядати більш доглянутішою, більш рівний рельєф, на дотик шкіра дуже гладенька."
2113436,5,OD LAT STOSUJE PRODUKTY .Z TEJ SERII MOJA CERA ODWDZIECZA MI SIE SWIEZYM ZDROWYM WYGLADEM A JA SAMA KOCHAM SIE I AKCEPTUJE
2113436,5,👍️ na chwilę obecną jeszcze nie ma efektów - będę aplikować nadal
2113436,5,Działa. Polecam serdecznie
2113436,5,Bardzo dobre serum.
2113436,5,"Bardzo fajne serum, szybko widać efekty. Polecam"
2113436,5,Lubię tę markę jest świetna
2113436,5,"fajny kosmetyk do pielęgnacji twarzy, wygodny dozownik👍️, miły w rozprowadzaniu na twarzy"
2113438,5,Skóra po użyciu jest widocznie bardziej nawilżona i rozświetlona.
2113438,4,Krem świetnie się rozprowadza i natychmiast wchłania.
2113438,5,"Super nawilżenie, świetna wydajność 💯💯"
2113438,5,"Bezproblemowa aplikacja nawet w pośpiechu. Efekty przerosły moje oczekiwania, skóra wygląda świeżo i młodziej. To był dobry wybór."
2113438,5,"Nawilża i regeneruje skórę. Codzienne użycie to przyjemny moment.;) Dobry kosmetyk, polecam serdecznie.👍"
2113438,3,💪nie do końca mi odpowiada
2113438,5,Krem jak masełko. Extra formuła. Używam codziennie i za każdym razem cera wygląda na zdrowszą.
2113443,5,Zaskoczył mnie pozytywnie już po pierwszym użyciu. Po nałożeniu skóra jest pełna blasku.👌
2113443,5,"Po jego użyciu, skóra wydaje się niesamowicie gładka i odżywiona.👌 Produkt godny zaufania."
2113443,5,polecam
2113443,5,"Bardzo dobrze się wchłania, nie trzeba długo czekać."
2113443,5,"Bardzo przyjemna formuła, idealny krem na co dzień."
2113443,5,"Krem w sama raz dla mnie - lekki, nie zostawia tłustej warstwy. Mój absolutny hit w codziennej pielęgnacji. Konsystencja kremu jest miękka i łatwa w rozprowadzeniu."
2113443,5,"Wspaniale współgra z innymi kosmetykami w mojej pielęgnacji. Znakomity krem, polecam.👌 Codzienne użycie to przyjemny moment.;)"
2113443,5,"Daje super efekt nawilżenia. Ma delikatny, przyjemny zapach – dodatkowy plus przy aplikacji. Nie wiem, jak wcześniej mogłam go nie znać."
2113443,4,"Cera wygląda świetnie, nawet bez makijażu."
2113443,5,"Lekka formuła, nie zapycha porów."
2113444,5,"Krem ma lekką, przyjemną konsystencję."
2113444,5,Wygodna i szybka aplikacja. Daje super efekt nawilżenia.
2113444,5,Nadaje cerze naturalny blask i poprawia jej strukturę. Skóra po aplikacji jest gładka i przyjemna w dotyku.
2113444,4,Nawilżenie 10/10.;) Nie zostawia smug ani uczucia ściągnięcia.
2113444,5,"Bezproblemowe dozowanie – nie trzeba się martwić nadmiarem. Cera wygląda na wypoczętą i bardziej jędrną. Kosmetyk, do którego chce się wracać."
2113444,5,"Opakowanie bardzo praktyczne, nic się nie marnuje. Błyskawicznie poprawia nawilżenie, nawet w trudnych warunkach pogodowych. Ma wszystko, czego szukam w dobrym kremie."
2113444,5,Nawilża i regeneruje skórę.
2113444,4,Znakomicie sprawdza się jako część wieczornej rutyny. 👍️
2113444,5,Delikatnie koi i dobrze sprawdza się także przy skórze wrażliwej.
2113444,5,"Nadaje się do stosowania na twarz, szyję i dekolt – nic się nie marnuje. Codzienne użycie to przyjemny moment.;) Poprawia jędrność mojej cery i nawilża."
2113515,5,Uwielbiam ten krem pod oczy
2113515,5,💪 bardzo fajny
2113515,5,"Krem super,delikatne mrowienie ale za to efekt wow."
2113515,5,Super produkt..
2113515,5,"Jestem zadowolona z zakupionego kremu. 
Zarówno z jego konsystencji jak i zapachu. 
Szczególnie podoba mi się końcówka do aplikacji i rozprowadzania kremu na skórę."
2113515,5,"bardzo przyjemny kosmetyk, chłodząca końcówka robi swoje, dobrze się wchłania"
2113515,5,Krem jest super pięknie się wchłania i jest bardo delikatny.Lubie te krem i polecam go znajomym💯
2113515,5,"bardzo przyjemny, dobrze się wchłania"
2113515,5,"Bardzo dobry krem, szybko się wchłania."
2113515,5,Świetny 💪
2113521,5,Fajne serum
2113521,5,"Serum latwo się apikuje, działa 👍️nawilża i delikatnie ujedrnia skórę twarzy."
2113521,5,Bardzo dobry produkt. Polecam💯
2113521,5,"Świetnie nawilża skórę, pięknie się wchłania"
2113521,5,super produkt
2113521,5,"No, kurde naprawdę widzę różnicę i to już od początku stosowania. Kupiłam cały komplet - jak nigdy. Dwa kremy i serum. Właściwie to jeszcze po paru dniach dokupiłam krem pod oczy. Skusiła mnie promocja, ale przede wszystkim zachęciła reklama. Uznałam, że trudno, raz na ruski się należy wydać dużo na krem (bo to dla mnie dużo, zwykle płacę do 50 zł max) i postanowiłam uwierzyć w informacje o wypracowanym przez kilkanaście lat testów składzie. Sama widzę, jak to śmiesznie brzmi zapisane. Ale jest różnica. W gładkości skóry, kolorycie, napięciu. Jeszcze nie minęły 2 tygodnie stosowania, ciekawa jestem co będzie dalej. Ale kierunek tej drogi jest właściwy:)
...Więcej"
2113522,5,Cera wygląda na odżywioną i świeższą.
2113522,3,"Nie zauważyłam jakiegoś specjalnego działania na moją skórę, odejmuję gwiazdkę za wyjątkowo nieprzyjemny zapach"
2113523,4,eliksir wysusza skórę
2113523,5,"Bardzo mi się podoba skóra jest miła w dotyku , jest bardzo wydajny ❤️❤️❤️"
2113523,3,"Mam 49 lat, więc skóra dojrzała - niestety serum wysusza skórę, która robi sie wrażliwa i sucha. Nie kupię więcej."
2113523,5,Super! I love it!
2113523,5,🔥🔥🔥
2113523,5,"to serum bardzo lubię, robi robotę, polecam"
2113523,5,Dobrze nawilża
2113523,5,"Jestem bardzo zadowolona z zakupu tego kosmetyku ,jest idealny dla mojej cery"
2113523,4,"Lekko szczypie po nałożeniu dając efekt nakłuwania, może coś w tym jest ale jeszcze za wcześnie na poznanie efektów"
2113523,5,"Super produkt, polecam 🔥👍️👍️"
2113525,4,serum trochę wysusza skórę
2113525,5,I like it! Smells nice + effective
2113525,4,👍️👍️👍️👍️❤️❤️❤️
2113525,5,Dobrze nawilża
2113525,5,I pięknie się robi pod oczkami 🚀
2113525,5,"Krem pod oczy z linii z mikroigłami od Eveline Cosmetics kupuję już trzeci raz i używam go regularnie od około dwóch i pół miesiąca. Bardzo podoba mi się lekka konsystencja oraz wygodny aplikator, dzięki któremu łatwo i higienicznie nakłada się produkt pod oczy. Dodatkowo daje przyjemny efekt chłodzenia, co pomaga delikatnie zmniejszyć opuchliznę.
...Więcej"
2113525,5,"Zmarszki ciutkę bardziej wygładzone , polecam"
2113525,5,"Delikatny. Z metalowym aplikatorem i masażerem 2w1.
Nawilża. Nie piecze. Stosuje od kilku dni. Narazie na plus"
2113525,5,"Czuję się działanie kosmetyku , nawilża"
2113525,5,Fajnie pachnie:)
2113526,5,"Peeling delikatnie się rozprowadza po skórze, widoczne odświeżenie i napięcie skóry."
2113526,1,Totalna ściema
2113526,5,"To co ma robić to robi, plus za konsystencje która nie spływa z twarzy. Drobinki delikatne, nie podrażniają skóry."
2113526,2,Mało granulek drobinek ścierających. Bardziej przypomina krem. Nie spełnia moich oczekiwań
2113526,4,Nie do końca spełnił moje oczekiwania
2113526,5,"Nie testowałam ale ma fajny zapach 
Zobaczymy na efekty jak przetestuje"
2113526,5,"To jest po prostu sztos! Nigdy w życiu nie miałam tak dobrze oczyszczonej twarzy i zwężonych porów! Na pewno kupię na zapas, bo ten peeling zostanie ze mną na dluuuuugo! ❤️🔥"
2113526,5,Dla mnie najlepszy peeling drogeryjny w stosunkowo niskiej cenie🔥
2113526,5,👍️👍️👍️
2113529,5,"Robi robotę, po nałożeniu jakby tysiąc małych igiełek było wbijanych, ale efekt super. Skóra napięta, nawilżona."
2113529,4,"Jest dobrze buzia fajnie wygladzona juz po 2 użyciu, przy nakladaniu troche szczypie ale to zamierzony efekt. Fajne zeby podbic efekty serum"
2113529,5,"Mega wrażenie podczas używania, czuć te mikroogielki. Skóra odzyskała blask, jest wyraźnie gładsza . Polecam"
2113529,5,"Super krem do twarzy z uczuciem igiełek na twarzy po aplikacji tego kremu. Ale to naprawdę działa. Skóra odświeżona i zmarszczki na czole i wokół ust wyraźnie zmniejszyły się, sporo ich ubyło. Wyglądam parę lat młodziej już po skończeniu jednego pojemnika kremu. Warto kupić. 
 Polecam 👍️💯
...Więcej"
2113529,5,"Swietny Firma żelu Aplikacja bardzo wygodna Nie obciążać skóry, szybko się wchłania, nie pozostawia lepkiej warstwy 
Mikroigielki dzialaja ,skóra wydaje się być jedrniejsza, odżywiona ( co prawda krótko stosuje- tydzień ale widać zmiany)
...Więcej"
2113529,5,Super kosmetyk w dobrej cenie 👍️
2113529,5,"Krótko używam, ale spostrzegam pozytywny efekt na skorze twarzy i szyi."
2113530,5,Dobrze nawilża
2113530,5,Jest moc 💯❤️
2113530,5,Fajnie nawilza twarz nie przerluszczajac jej
2113530,4,"Kupiłam prawie całą linię od Eveline Cosmetics ze względu na bardzo przystępną cenę. Zainteresowało mnie szczególnie działanie tych mikroigieł, dlatego postanowiłam spróbować. Na razie jest jeszcze za wcześnie, żeby mówić o efektach, ale już teraz mogę powiedzieć, że kosmetyki Eveline mają przyjemne, lekkie zapachy oraz delikatną konsystencję — nie zapychają porów i nie pozostawiają lepkiego filmu na twarzy."
2113530,4,"Kupiłam prawie całą linię od Eveline Cosmetics ze względu na bardzo przystępną cenę. Zainteresowało mnie szczególnie działanie tych mikroigieł, dlatego postanowiłam spróbować. Na razie jest jeszcze za wcześnie, żeby mówić o efektach, ale już teraz mogę powiedzieć, że kosmetyki Eveline mają przyjemne, lekkie zapachy oraz delikatną konsystencję — nie zapychają porów i nie pozostawiają lepkiego filmu na twarzy.
...Więcej"
2113530,4,dosc dobra promocja cenowa to skorzystałam aby wypróbować.
2113530,5,"Polecam nawilża zostawia skórę świecącą , szybko się wchłania nie pozostawia lepkości razem z serum super duet"
2113530,5,"Drugi kremu z podobnym działaniem, lekkie kłucie jakby igiełek. Ale to działa! Skóra jest doskonale nawilżona i zmarszczki wygładzona. Cena bardzo dostępna i działanie odmładzające gwarantowane w 💯 %. Polecam 👍️"
2113530,5,Uwielbiam ten krem jest bardzo fajny
2113530,5,Super nawilża i odświeża moja cerę. Czuć delikatny efekt igielek na twarzy. 🔥
2113534,5,jest super
2113534,3,"Uwielbiam markę tolpa, kupiłam będę testować dlatego daje na razie trzy gwiazdki :)"
2113535,5,Zauważyłam znaczną poprawę nawilżenia mojej skóry. 👍️
2113535,5,"❤️ piękne działanie, zapach, 100% warte polecenia."
2113535,5,Super -polecam
2113535,5,Igiełki robia robote polecam
2113535,5,🔥👍️super
2113535,5,"Nie szczypie twarz , ale za to jest super gładka i miękka"
2113535,5,"Przyjemne uczucie świeżości , nawilżenia i napięcia skóry.💯👍️❤️"
2113535,5,Super polecam
2113535,4,💯 dobrze nawilża
2113535,3,Szczypie
2113536,5,Super opcja do porannego rytuału pielęgnacyjnego.
2113536,4,"Nie zapycha porów, a skóra staje się gładsza i bardziej rozświetlona."
2113536,5,Nawilżenie jest na najwyższym poziomie i długotrwałe.❤️ Idealny do szybkiej pielęgnacji – zero problemów z aplikacją. Mój numer 1 w pielęgnacji cery. Polecam.👍
2113536,5,Efekty są naprawdę świetne. Nie zapycha.
2113536,5,"Krem w sam arz dla mnie - lekki, nie zostawia tłustej warstwy."
2113537,5,"Bardzo lekka, szybko się wchłania. Skóra po użyciu jest nawilżona i wygładzona. Delikatny, ledwo wyczuwalny, nie drażni."
2113537,5,"Świetnie współgra z makijażem, nic się nie roluje. 💪"
2113537,5,"Nie uczula, nie drażni, a efekty są zauważalne już po kilku dniach."
2113537,5,Jest świetny po nałożeniu serum
2113537,5,"Cera wygląda na wypoczętą i bardziej jędrną. Nie klei się, nie zostawia żadnych śladów. Bardzo dobra jakość w rozsądnej cenie."
2113537,5,"Krem świetnie się rozprowadza i natychmiast wchłania. Zauważyłam, że makijaż wygląda na nim lepiej i dłużej się utrzymuje."
2113537,5,"Bardzo dobrze się wchłania, nie trzeba długo czekać. Moja skóra jest nawilżona przez cały dzień. Kupiłabym ponownie.;) Polecam serdecznie."
2113537,5,"Nie wiem, jak wcześniej mogłam go nie znać."
2113537,5,"Lekka formuła, nie zapycha porów. Cera wygląda świetnie, nawet bez makijażu. Świetny wybór, bardzo się u mnie sprawdził. Polecam."
2113537,5,"Ma aksamitną teksturę, która pięknie się rozprowadza. Skuteczność widoczna już po pierwszym tygodniu stosowania. Na pewno jeszcze nie raz po niego sięgnę."
2113538,5,"Troche szczypie po aplikacji ,ale cienie pod oczami są bledsze"
2113538,5,Super polecam.
2113538,5,"Dobrze, że nie ma tu niepotrzebnych dodatków."
2113538,5,"widać ze krem działa, dobra konstytencja"
2113538,5,Efekty widać już po tygodniu stosowania.
2113538,4,Ok ok ok
2113538,3,Brak efektów
2113538,2,"Po pierwszym zastosowaniu miałam dobrą opinię , natomiast każde koleje użycie wysuszało skórę pod oczami."
2113538,4,"Za krótko testuję , ale spełnia moje oczekiwania"
2113538,5,"Świetna konsystencja. Nie klei się, dobrze się rozprowadza po skórze. Szybko się wchłania. Aplikator miło chłodzi."
2113539,5,"Ten kosmetyk jest doskonały. Łatwo wnika w skórę, super sprawdza się jako podstawowa baza pod makijaż."
2113539,5,Mocno odżywia cere
2113539,4,dosc dobra promocja cenowa
2113539,5,Przyjemny krem. Nie jest tlusty. Fajnie zamyka skore po serum
2113539,5,Czekam jak zacznie działać:)
2113539,5,"Jest super, używam juz 3 opakowane.
Naprawdę działa. Polecam🥰 👍🫶"
2113539,5,"Przyjemny efekt przy nakładaniu, faktycznie czuć lekkie mrowienie jakby igiełki. Czy działa na zmarszczki? Jeszcze nie wiem, używam dopiero trzy dni. Czuję, że skóra jest nawilżona, przyjemnie napięta."
2113539,5,"używam krótko, póki co fajnie nawilża, cera jest gładka w dotyku, uczucie igiełek nie jest mocne.🔥"
2113539,5,Super!
2113539,5,🔥🔥🔥
2113547,5,"Czuję, że moja cera jest lepiej nawodniona."
2113547,5,"Skóra jest bardzo nawilżona po użyciu. Ma lekką konsystencję, szybko się wchłania."
2113547,5,"Produkt super, czuć delikatne igiełki. Skóra fajnie nawilżona"
2113547,5,Rewelacja!
2113547,5,"Super krem , polecam 😍"
2113547,4,"Ciekawy produkt, mikroigly delikatnie czuć"
2113547,5,"❤️Przystępna cena, przyjemny zapach"
2113547,5,To serum jest naprawdę rewelacyjne.
2113547,5,"Serum dla 40 parolatki ,super ,podczas aplikacji serum wyczuwalne igiełki pod skóra ,znak ,ze działa 
Konsystencja szybko sie wchłania, skóra po obudzeniu rano dobrze wygląda. Bardzo polecam 💯"
2113547,5,👍️👍️👍️👍️👍️
2113548,5,❤️❤️❤️
2113548,5,"Fajne, polecam"
2113548,5,Czuć kłujące igiełki. Fajne.
2113549,5,"Dobry kosmetyki, nie uczula, skóra staje się byc bardziej odżywiona i dotleniona."
2113549,1,"Dla mnie nieskuteczne ,działają ściągająco,l musiałam odstawić Nie polecam!"
2113549,5,Fajny produkt i piękny zapach 👍️
2113549,1,"Nie przyjrzałam się napisom, będąc pewna, iż jest to serum z kwasem hialuronowym wielokrotnie przeze mnie kupowane (ten sam kolor opakowania). Okazało się, iż to coś innego - ma w sobie składniki, które mnie uczulają - piecze mnie twarz po użyciu."
2113556,5,"Działa. Na święta pokupowałam w prezencie. Działa pięknie na 35, 45 i 65 lat.
Warto robić raz na miesiąc lub częściej jak ktoś moze sobie pozwolić."
2113556,5,Super efekt.
2113556,5,Polecam
2113556,3,Nie dostrzegam żadnych efektów
2113556,5,🔥🔥🔥🔥
2113560,5,"Praktyczne, higieniczne opakowanie; daje uczucie nawilżenia i ukojenia a do tego delikatny satynowy glow. Mam skórę mieszaną i teraz na zimę sprawdza się idealnie, makijaż dobrze się na nim trzyma. Kupię ponownie."
2113622,5,"Działa, nie piecze"
2113622,5,super produkt i piękny świeży zapach. Twarz po zostawaniu jest dobrze oczyszczona i gładka.
2113622,5,"Rewelacja,💯"
2113622,5,Świetny! Dokładnie zmywa makijaż. Mógłby być odrobinę gęstszy bo ciężko się go używa bez wacika.
2113622,3,"Żel jest całkiem fajny do demakijażu twarzy, ma fajną konsystencję, niestety szypie w oczy a głównie do demakijażu oczu go kupiłam (na etykiecie jest informacja o demakijażu oczu)."
2113623,5,Polecam
2113623,5,"pachnie pięknie, nie podrażnia i nadaje się do skóry atopowej"
2113623,2,"Nie oczyszcza skory tak jak bym chciala, wysusza albo robi takie wrażenie"
2113623,5,super produkt i piękny świeży zapach
2113623,5,"Polecam, delikatny, dobrze domywa skórę"
2113623,5,Świetna pianka do codziennego mycia twarzy delikatny zapach i gładka skóra
2113623,4,"Lekka jak chmurka, faktycznie nie wysusza. Nie polecam do demakijażu, ale też nie taka jest jej rola. Przyjemny, nienachalny zapach"
2113623,5,Super ❤️
2113623,5,❤️❤️Moja ulubiona marka
2113624,5,"Polecam, dobra jakość w świetnej cenie. W dodatku polska marka."
2113624,5,Super produkt
2113624,5,"Wypróbowałam balsamy do demakijażu w zeszłym roku w Japonii i to był dla mnie game changer, po powrocie do PL szukałam podobnego produktu i trafiłam na Your Kaya, który absolutnie spełnił moje oczekiwania 👍️ W końcu nawet wodoodporny tusz schodzi przy pierwszym podejściu - wmasowuję balsam, przecieram wilgotną myjką i gotowe, żadne mleczko, woda micelarna czy płyn dwufazowy się nie umywa.
...Więcej"
2113624,5,"Ładnie pachnie I super zmywa makijaż 
👍️"
2113624,5,Bardzo skuteczny i delikatny dla skóry. Fajna konsystencja.
2113624,5,Super produkt ❤️
2113624,5,"Bardzo fajnie zmywa makijaż, nawilża cerę i nie wyszły mi żadne niepożądane wypryski."
2113625,5,Fajna poprawna mgiełka odświeżająca 👍️
2113625,5,"Super produkt po oczyszczonej cerze , idealny pod makijaż. Polecam"
2113625,4,"Używam jako toniku. Ładnie świeżo pachnie, nienachalnie, nawilża skórę, jest dla niej łagodny. Ponieważ używam retinolu skóra jest bardziej podatna i przy niektórych tonikach (oczywiście bez kwasów), potrafiła robić się czerwona, przy Your Kaya nie mam takiego efektu. Jedyny minus to pompka która przy którymś z kolei psiknięciu ciężko chodzi.
...Więcej"
2113625,5,Spelnia oczekiwania
2113625,5,Naturalny skład tej mgiełki bardzo do mnie przemawia👍️Generalnie marka Your Kaya jest w mojej ocenie godna polecenia. Wspierajmy rodzimych producentów kosmetyków!
2113625,5,super produkt i piękny świeży zapach.
2113625,5,Fajna chłodna mgielka do twarzy
2113625,2,"zapach mi nie odpowiada, nie poprawia nawilżenia skóry"
2113625,5,Fajne uczucie swiezosci po aplikacji💯
2113625,5,Moja ulubiona marka ❤️❤️
2113626,1,"Tragedia, nie da się nim nic zmyć ze skóry"
2113626,1,Ani do demakijazu ani oczyszczajacy. Myłam nieutrwalony makijaz 4 razy i wciaz mialam podklad na twarzy i tusz rozmazany po calej buzi. Musialam i tak pozniej umyc plynem micelarnym
2113626,5,❤️❤️❤️
2113626,1,"Bardzo rzadko piszę opinie, ale w tym przypadku chcę po prostu ostrzec przed możliwym rozczarowaniem zakupem. Skusiłam się na nowość i „czysty skład”, a efekt to rozczarowanie 200 na 100.

Oleożel bardzo słabo radzi sobie ze zmywaniem makijażu oczu, a dodatkowo praktycznie nie da się go zmyć z twarzy. Zostawia na skórze gruby, lepki film, którego nie usuwa nawet dokładne spłukanie wodą. Oczywiście wiem, że drugi krok mycia (pianka lub żel) jest standardem, ale tutaj nawet nie ma opcji, żeby zostawić skórę po pierwszym etapie – jest po prostu nieprzyjemnie oblepiona.

Lubię pielęgnację i całą rutynę związaną z demakijażem, ale ten produkt sprawia, że mam ochotę unikać makijażu i SPF, żeby tylko nie musieć go używać. Gdybym mogła dać ocenę 0, to byłoby 0. I niestety nawet ładne opakowanie ani „czysty skład” tego nie ratują.
...Więcej"
2113626,3,Słabo zmywa makijaż
2113627,5,💯super i jaki piękny zapach
2113627,5,"Mega serum, szybko się wchłania i świetnie nawilza"
2113627,5,Dobre serum
2113627,5,Uwielbiam to serum. Kupiłam drugie opakowanie. I zapach też piękny🤩
2113627,5,"to serum jest rewelacyjne.skóra cały dzień jest nawilżona i jędrna, czuje się ten efekt ""wypełnienia"" od środka, żadnych efektów ubocznych po wyjściu na mróz, a tego się obawiałam, naprawdę super zakup"
2113627,5,👍️👍️
2113628,5,Szybko się wchłania. Pomysłowe opakowanie. Dobrze nawilża. Pozostawia delikatną warstwę.
2113628,5,"Nie zostawia smug ani uczucia ściągnięcia. Skóra wygląda o wiele lepiej już w krótkim czasie. Znakomity krem, polecam.👌"
2113628,5,Używam codziennie i za każdym razem cera wygląda na zdrowszą.
2113628,5,Krem na idealną formułę. Po kilku dniach cera stała się wyraźnie gładsza i bardziej elastyczna.
2113628,5,"Cudownie kremowa formuła – łatwo się go używa. Moja cera odżyła, boski krem. Rewelacja – zdecydowanie go polecam. 💯"
2113628,5,"Ma delikatny, przyjemny zapach – dodatkowy plus przy aplikacji. Nawilża i regeneruje skórę."
2113628,5,Odczuwalnie wygładza i zmiękcza skórę.
2113628,5,Fajny lekki 👍️Skóra po aplikacji jest gładka i przyjemna w dotyku. Poprawia elastyczność i ogólną kondycję skóry.
2113628,5,"Bardzo dobry krem, lekki, nie klei się, nie drażni, nie uczula, skóra pięknie po nim wygląda, długo szukałam idealnego kremu a ten taki jest."
2113628,5,"To jeden z najwygodniejszych kremów, jakie miałam. Można polecać, jest najlepszy. Sprawdza się na typie mojej skóry."
2113629,5,"Rewelacyjny, super napina skórę, delikatny"
2113629,5,"Dobrze nawilża, nadaje się pod makijaż"
2113629,5,"Jeszcze nie wiem jak się sprawdzi. Ale mam serum z tej serii i jest rewelacyjne, więc mam nadzieję że będzie ok."
2113631,5,Super produkt
2113631,5,Piękny zapach i idealna konsystencja
2113631,5,Cudownie pachnie i zostawia skórę miękką🔥 i nawilżoną
2113631,5,Super esencja
2113631,5,Super nawilża
2113631,5,delikatny nawilżający krem
2113631,5,Uwielbiam ten zapach! Cera jest napięta i ma naturalny glow
2113631,5,"Dla mnie hot !🔥 Czuję ten lift na twarzy po chwili od nałożenia. Daje 💯, polecam, popieram i powtórzę zakup ;)❤️"
2113631,5,"Efekt na twarzy jest widoczny już po tygodniowym stosowaniu preparatu, bardzo szybko się wchłania,skóra twarzy jest wygładzona, napięta,zmarszczki mniejsze i nie powoduje żadnych uczuleń.Preparat YOSKiNE ZEN LiFT COLLACEN PRO [20] poleciłam swoim koleżankom, są bardzo zadowolone ja zużyłam juz jeden, a teraz zakupiłam drugi, polecam wszystkim paniom.
...Więcej"
2113640,5,Ten krem to prawdziwy game-changer w mojej codziennej pielęgnacji. Aplikacja jest czysta i bezproblemowa. Na pewno wrócę do tego produktu.❤️
2113641,5,"Bardzo dobrze radzi sobie z przesuszeniami i szarą cerą. Nie spływa i nie pozostawia uczucia lepkości. Fantastyczny krem, polecam każdemu."
2113641,5,"Ma aksamitną teksturę, która pięknie się rozprowadza."
2113642,5,👍️👍️
2113642,5,"Super, bardzo mi się podoba😍"
2113644,3,mam jeszcze mieszane uczucia
2113644,5,👍️👍️
2113645,4,"Aplikacja tego kremu to miłe zakończenie dnia. Krem w sam raz dla mnie - lekki, nie zostawia tłustej warstwy."
2113647,5,"Krem bardzo dobrze i szybko się wchłania, skóra jest miękka i nawilżona. Brakuje mi SPF50 w tej wersji. Używam go zamiennie z healthy glow. Na sezon zimowy oraz na noc sprawdził się bardzo dobrze.
Aplikacja bardzo łatwa. Opakowanie oryginalne bardzo wygodne, a wkład/refil to dobre eko rozwiązanie."
2113650,5,💯🔥👍️💪
2113651,5,Rewelacyjny produkt 👍️
2113651,5,"Serum ma bogatą i przyjemną konsystencję.
Po nałożeniu wspaniale rozświetla! Zamówiłam już 2 opakowanie!"
2113651,5,Szybki skan kuponu i połowa oszczędności zrobione🚀🔥
2113651,5,"Dobre uzupelnienie do serum, dobrze sie wchlania i skora jest napieta , nawilzona i odzywiona przez jakis czas"
2113653,5,"Przyjemna, kremowa konsystencja, która łatwo się wchłania. Skóra po użyciu jest rozświetlona i wygląda zdrowo. Delikatny, przyjemny zapach, który szybko znika."
2113653,5,"Cera wygląda świetnie, nawet bez makijażu. Bardzo łatwy i szybki w aplikacji krem. Wreszcie coś, co naprawdę działa!"
2113653,5,"Wygodne opakowanie ułatwia codzienne stosowanie. Nie żałuję zakupu i polecam. Skóra jest miękka, dobrze nawilżona."
2113653,5,"Nie zostawia smug ani uczucia ściągnięcia. Uwielbiam efekt miękkiej, wypoczętej skóry tuż po aplikacji. Ma wszystko, czego szukam w dobrym kremie. Najlepszy, moja cera jest teraz promienna i nawilżona. Bardzo przyjemna formuła, idealny krem na co dzień. Rekomenduję, sprawdził się doskonale.😍"
2113653,1,"Rozczarowanie.
Brak nawilżenia,nie wchłania się i zastyga na twarzy tworząc maskę.Zapach męskiej pianki do golenia prześladuje przez kilka godzin."
2113653,3,"Pokładałam duże nadzieje w tym kremie i rozczarowałam się. Mam skórę mieszaną, niektóre miejsca są suche, inne lekko się świecą. Po nałożeniu kremu czuję ściągnięcie skóry, mam wrażenie, że wchłania się za szybko i trudno go rozprowadzić po twarzy. Jednak największe rozczarowanie przeżyłam po nałożeniu kolejnego etapu porannej pielęgnacji czyli kremu SPF50. Nałożyłam go, gdy krem z Kloo już się wchłonął, a nie dałam rady wmasować kremu z spf. Zadziało się tutaj coś dziwnego. Najpierw uczucie ściągnięcia po samym kremie kloo, a po dodaniu spf ogromną trudność z wchłanianiem. Miałam wrażenie, że rozprowadzam po twarz olej. Przy innych kremach pod spf nie miałam tego problemu. Jestem negatywnie zaskoczona, zwłaszcza że krem ma dużo pozytywnych opinii i kosztuje niemało.
...Więcej"
2113653,5,"Ma aksamitną teksturę, która pięknie się rozprowadza."
2113653,5,Przyjemnie się nakłada na skórę. Nawilżenie 10/10.;) Zaskoczył mnie pozytywnie już po pierwszym użyciu.
2113653,5,"Nawilżenie jest na najwyższym poziomie i długotrwałe.❤️ Wygodna tubka sprawia, że łatwo dobrać odpowiednią ilość produktu. Genialny! Polecam."
2113653,5,"Nie zapycha porów, a skóra staje się gładsza i bardziej rozświetlona. Super się nakłada – codzienna pielęgnacja to przyjemność. Mój absolutny hit w codziennej pielęgnacji."
2113654,5,"Jestem zachwycony tą bogatą, ale lekką konsystencją."
2113654,5,"Nawilża i regeneruje skórę. Nie zostawia smug ani uczucia ściągnięcia. Strzał w dziesiątkę, jestem na tak."
2113654,1,"Niestety ale krem nie nawilża skóry, działa przeciwnie, bardzo wysusza skórę i ma się uczucie ściągania skóry."
2113654,5,"Skóra jest miękka, dobrze nawilżona. Nie lepi się, nie zostawia śladów na ubraniach. Rewelacja – zdecydowanie go polecam."
2113654,5,Nawilżenie jest na najwyższym poziomie i długotrwałe.❤️ Kupiłabym ponownie.;) Polecam serdecznie. Przyjemnie się nakłada na skórę.
2113654,5,Bezproblemowa aplikacja nawet w pośpiechu.
2113654,5,Każde użycie to czysta przyjemność.
2113655,1,Nie polecam z uwagi na silną reakcję alegriczną
2113656,3,"Opakowanie super oraz możliwość stosowania na dzień i noc, ale zapach dla mnie na minus, bardzo wyczuwalny, ziołowy, taki wręcz ""męski"", raczej nie kupię ponownie."
2113656,5,"Regeneruje, koi, daje mi 100% zadowolenia. Aplikacja jest czysta i bezproblemowa. Nie żałuję zakupu i polecam."
2113657,5,"Na plus forma pianki z dozownikiem, przyjemny zapach, pozostawia skórę oczyszczoną, ale nie wysuszoną. 👍️"
2113657,3,Nie złe
2113657,5,Bardzo dobrze myje
2113657,5,"Witam, używam produkt kilka dni, zapach delikatny jak dla mnie super 💯. Pianka bardzo wydajna, wystarczy jedna dawka, skóra twarzy zaraz po pierwszy użyciu bardzo delikatna i rozświetlona."
2113668,5,"Jak na razie, to jestem zadowolona. Fajnie się rozprowadza, ale na działanie i efekty trzeba poczekać. Jedyny minus, jak dla mnie, to zapach. Lubię kremy, które ładnie pachną."
2113668,5,Dobrze się wchłania sper nawilża
2113668,5,"Skóra jest dobrze nawilżona po użyciu. Serum ma lekką konsystencję. Zauważyłam, że moja twarz wygląda na bardziej zadbaną."
2113668,5,"Czuję, że moja cera jest miękka i nawilżona. Konsystencja jest idealna, nie za gęsta, nie za rzadka. Moja cera wygląda na zdrowszą i bardziej promienną."
2113668,1,Niestety zakupiłam 3 produkty tej marki - wystąpiło u mnie uczulenie które niemal zakończyło się wezwaniem pogotowia - nie polecam - od 4 dni przyjmuję leki antyhistaminowe
2113668,5,"Mam sporo przebarwień pozapalnych, mam wrażenie że u mnie fajnie na nie zadziałał, dodatkowo napina skórę i ją rozświetla. Serum dość tłuste, akurat na mrozy.
Cena wysoka - nie wiem czy kupie ponownie, może na promocji"
2113668,3,"Praktycznie żadnej różnicy przy stosowaniu tego serum, zwykła witamina C i retinal dają lepsze efekty przeciwzmarszczkowe i rozjaśniające. Na minus opakowanie, po 3 dniach pompka zestala działać, rozkręcanie opakowania i wyciąganie produktu jest mało higieniczne i raczej nie taki był zamysł producenta"
2113668,5,"Serum bardzo dobrze sie wchlania, czuje sie ze skora jest napieta i nawilzona i na szczescie nie ,, walkuje sie” jak niektore kremy"
2113668,5,"Preparat dobrze się wchłania, zamyka pory w dojrzałej cerze bardzo szybko, skóra jest aksamitna! Polecam!!!👍️"
2113668,5,"Serum podobnie jak krem działa fantastycznie, tylko zapach ma jeszcze gorszy niż krem (jeszcze bardziej męski perfum)."
2113699,5,"Działa szybko i skutecznie, jestem mega zachwycona efektem!"
2113701,5,Używam codziennie i za każdym razem cera wygląda na zdrowszą. Idealny do szybkiej pielęgnacji – zero problemów z aplikacją. Na pewno jeszcze nie raz po niego sięgnę.
2113701,5,"Skóra jest miękka, dobrze nawilżona. Nadaje się do stosowania na twarz, szyję i dekolt – nic się nie marnuje."
2113702,5,"Produkt który faktycznie działa już od pierwszego użycia! Skóra staje się bardziej napięta, odżywiona - polecam!"
2113703,5,Daje super efekt nawilżenia.
2113704,5,"Mam mieszaną cerę, przesuszoną na zimę. To moje odkrycie! Wspaniała seria! mam gładziutką wyciszoną skórę, zmniejszyły mis ie pory - powtórzę zakup."
2113705,5,Polecam
2113705,5,"Wspaniałe serum, super wycisza rumień, nawilża nie jest za gęste, nie zalepia porów."
2113705,5,Dobra cena
2113705,5,lekka konsystencja
2113705,5,"Mam mieszaną cerę, przesuszoną na zimę. To moje odkrycie! Wspaniała seria! mam gładziutką wyciszoną skórę, zmniejszyły mis ie pory - powtórzę zakup."
2113705,5,"Super serum, bardzo delikatne i nawilża skórę twarzy idealnie 🔥🔥🔥🔥🔥"
2113708,5,"Bardzo przyjemna formuła, idealny krem na co dzień."
2113708,5,Konsystencja kremu jest miękka i łatwa w rozprowadzeniu.
2113709,5,Używam codziennie i za każdym razem cera wygląda na zdrowszą.
2113709,5,"Moja skóra jest idealnie nawilżona i wygląda zdrowiej każdego dnia. Nie spływa i nie pozostawia uczucia lepkości. Rewelacja, nic tylko brać! Słyszałam że Firma Uzdrivisko jest jedną z wiodących, ale dopiero od koleżanki , po zakupieniu kremu. Potwierdzam. Tak jest 👍 Krem jest wspaniały … i ten zapach 😊"
2113711,5,"Pięknie pachnie, szybko się wchłania, napina skórę"
2113717,5,"Super, polecam"
2113717,5,Super sklad
2113727,5,"Buzia gładka, odświeżona :) U mnie bardzo dobrze działa na różne problemy skórne, łagodzi, szyciej się coś goi. Polecam :)"
2113727,5,"Buzia- idealnie oczyszczanie i świeżość, atut silikonowa szczoteczka zdejmowana"
2113727,3,"Za bardzo wysusza skórę. Silikonowa szczoteczka jest bardzo niepraktyczna. Mycie nią jest czasochłonne i mam wrażenie, że nieefektywne. Na szczęście można zdjąć silikonową nakładkę i pianka wyleci bezpośrednio na dłoń. Można też zamienić dozownik z takim po innej piance. Gwint pasuje."
2113727,5,👍️🔥🥳
2113727,5,Miło sie używa
2113727,5,💯 świetna!
2113727,5,🔥🔥🔥🔥
2113727,5,Fajny pomysł
2113727,5,Super produkt.
2113728,4,"Nie robi krzywdy, ale to bardziej taki Basic produkt"
2113728,5,"Bardzo delikatna emulsja ,nie podrażnia super jakość 👍️"
2113728,5,Polecam💪
2113728,5,"Dopiero zaczyna używać ale świetnie nawilża. Stosuje wieczorem, przed kremem."
2113728,5,"Świetna , komfortowa w użyciu esencja . Polecam"
2113728,5,"Świetny kosmetyk, nie tylko oczyszcza i łagodzi skórę po całym dniu, ale również delikatnie nawilża. Mam bardzo wrażliwą skórę naczynkową, dla mnie to kosmetyk idealny."
2113728,5,"Mega bogata, super nawilża"
2113729,5,Sprawdza się na typie mojej skóry.
2113729,5,"Krem na idealną formułę. Po jego użyciu, skóra wydaje się niesamowicie gładka i odżywiona.👌"
2113729,5,Aplikacja jest szybka i komfortowa.
2113729,5,"Bardzo przyjemna formuła, idealny krem na co dzień."
2113729,4,"Uwielbiam efekt miękkiej, wypoczętej skóry tuż po aplikacji."
2113729,5,"Moja cera odżyła, boski krem."
2113729,4,Cera wygląda zdrowiej.
2113729,5,Moja skóra jest teraz bardziej elastyczna. Przyjemnie się nakłada na skórę. Na pewno wrócę do tego produktu.❤️
2113729,5,"Opakowanie bardzo praktyczne, nic się nie marnuje. Zauważyłam znaczną poprawę w wyglądzie mojej cery. Cena i skład wzbudzają zaufanie."
2113729,5,Świetny krem
2113730,4,Fajny pod makijaż. Nie obciąża
2113730,5,"Ma delikatny, przyjemny zapach – dodatkowy plus przy aplikacji."
2113730,5,Uwielbiam
2113730,5,"Wysoce polecam, jestem zadowolona z zakupu. Dobrze się rozprowadza, nie trzeba mocno wcierać. Nie uczula, nie drażni, a efekty są zauważalne już po kilku dniach."
2113730,5,Daje super efekt nawilżenia. Konsystencja kremu jest miękka i łatwa w rozprowadzeniu. To był dobry wybór.
2113730,4,"Zgrabne opakowanie, idealne do torebki czy na wyjazd. Cieszę się, że na niego trafiłam."
2113735,4,"W porządku, ale myślę że można znaleźć produkt podobnej jakości w niższej cenie. Nie kupię ponownie - bez fajerwerków."
2113735,5,"Chyba najprzyjemniejszy produkt do mycia, który miałam. Nie szczypie w oczy, ładnie pachnie, dobrze domywa.. I chyba pierwszy raz faktycznie nie mam uczucia ściągnięcia skóry po myciu 💯"
2113735,5,jest ok👍️
2113735,5,"Świetny, delikatny, nie podrażnia, nie wysusza. Do mojej cery mieszanej idealny"
2113735,5,"Delikatny , nie wysusza i nie pozostawia ściagnietej skóry"
2113735,5,Super ok
2113735,5,"Delikatny, ale skuteczny"
2113735,4,"Całkiem ok, chociaż nie aż tak nawilża"
2113735,5,"Bardzo delikatny żel. Nie szczypie nawet przy kuracji dermatologicznej.. mimo, że ma zapach! Twarz dobrze umyta i nie jest ściągnięta 🔥"
2113735,5,Uwielbiam!
2113737,5,"Polecam, stosuję co prawda od niecałego miesiąca ale moje odczucia są pozytywne na ten moment. Czas pokaże dalej."
2113737,5,"Świetny tonik, bardzo wydajny i świetnie nawilża"
2113737,5,jest ok👍️
2113737,5,"Polecam. Dobry produkt, posiada dobry skład."
2113737,5,"Wspaniały tonik, mój ulubiony!"
2113737,5,❤️Polecam
2113737,5,Bardzo dobrze nawilża i uspokaja cerę.Polecam
2113737,5,"Zaskoczenie na +
Od dawna w pielęgnacji używam toników. Podczas kuracji izotekiem szukałam czegoś bardziej odbudowującego/wspierającego odbudowę i tak trafiłam na ten tonik. 
Konsystencja bardzo na plus. Szybko się wchłania i nie pozostawia filmu na twarzy, daje odczuwalne ukojenie. Z całą pewnością to nie będzie moja ostatnia butelka:)
...Więcej"
2113738,1,"Nie polecam - może i domywa makijaż i zostawia skórę super gładką i miłą w dotyku ale jest okropnie niewydajne. Za cenę 99,99 zł oczekuję czegoś więcej niż użycia na 5/6 razy ! Strata pieniędzy. Nie jest warte tej kwoty."
2113738,1,Nie zmywa tuszu do rzęs ...
2113738,5,To masełko to jest najlepszy produkt do oczyszczania twarzy jaki do tej pory stosowałam 🔥💪
2113738,5,Bardzo dobrze zmywa makijaż
2113738,5,Super masełko! Dobrze domywa makijaż i świetnie nawilża skórę twarzy.
2113739,5,Zdecydowanie mój numer 1 – i zostaje nim na długo. ❤️
2113739,5,"Krem jest bogaty, okluzyjny, otula skórę, idealny jako ostatni krok wieczornej pielęgnacji. Po użyciu zapewnia uczucie komfortu. Skóra jest miękka, dobrze nawilżona. Cudownie kremowa formuła – łatwo się go używa. Zostaje ze mną na dłużej."
2113739,5,"Sprawdza się przy suchej skórze, polecam."
2113739,5,"Skóra po aplikacji jest gładka i przyjemna w dotyku. Po jego użyciu, skóra wydaje się niesamowicie gładka i odżywiona.👌 przy skórze mieszanej nie zapycha, jest turbo odżywczy - używam go codziennie, również pod masaż guasha. Nie jest za ciężki pod makijaż i jest bardzo wydajny! Polecam z lekkim sercem 😍"
2113739,5,"Najlepszy ! Opakowanie nie brudzi, idealne do precyzyjnego dozowania. Dzięki niemu zniknęły suche miejsca."
2113739,5,"Wygodna i szybka aplikacja. Wreszcie coś, co naprawdę działa! Ten krem to prawdziwy game-changer w mojej codziennej pielęgnacji. 👍️🔥💯"
2113740,5,"Super się wchłania, nawilża oraz nie zostawia lepkiego filmu. Idealny pod makijaż."
2113740,5,Codzienne użycie to przyjemny moment.;)
2113740,5,"Efekty są naprawdę świetne. Super się nakłada – codzienna pielęgnacja to przyjemność. Rekomenduję, sprawdził się doskonale.😍"
2113740,5,Dobry krem na co dzień.
2113740,5,"Wygodna tubka sprawia, że łatwo dobrać odpowiednią ilość produktu. Po jego użyciu, skóra wydaje się niesamowicie gładka i odżywiona.👌"
2113740,5,Nawilżenie jest na najwyższym poziomie i długotrwałe.❤️
2113740,5,"Fantastyczna, lekka formuła. Na pewno wrócę do tego produktu.❤️"
2113742,1,"Niestety to kosmetyk nie dla mnie-produkt wydziela nieprzyjemny i intensywny zapach przypominający klej,który dla mnie jest nie do zniesienia,dodatkowo po aplikacji wystąpiło u mnie zaczerwienienie i pieczenie skóry,które utrzymywało się dłuższy czas."
2113742,5,"Fajna konsystencja, szybko się wchłania. Mogę powiedzieć, że działa ale trzeba być systematycznym. Można go kupić w naprawdę dobrej promocji. ❤️"
2113743,5,Krótko używam ale przyjemnie nawilża i to wystarcza. Liftingu raczej nie zrobi ale jeśli to edytuję opinię
2113743,5,Super wybór
2113743,1,Produkt wysusza i podrażnia wrażliwą skórę
2113745,4,"Serum bardzo ładnie pachnie i nawilża skórę, jest przyjemne w użyciu i wydajne, nie uczula. Odejmuję jedną gwiazdkę za kompletnie nietrafioną etykietę - białe malutkie literki na jasnoróżowym tle są zupełnie nieczytelne."
2113745,5,Zauważyłam znaczną poprawę poziomu nawilżenia mojej skóry. Serum wchłania się niemal w momencie kontaktu z cerą. Twarz wygląda na bardziej wypoczętą i promienną.
2113745,4,Fajny dodatek do szerszej pielęgnacji
2113745,5,Skóra jest bardzo dobrze nawilżona po użyciu. Bardzo podoba mi się ta żelowa formuła. Po kilku tygodniach stosowania zauważyłam redukcję drobnych zmarszczek.
2113745,5,"Bardzo fajny produkt, czuć nawilżenie i przyjemnie pachnie"
2113745,5,"Wydaje się całkiem ok, kupiłam pierwszy raz. Dobrze, ze jest lekki i nietłusty."
2113745,5,"❤️Przyjemny zapach ,cera jest gładka i lekko napięta.Czekam na dalsze efekty❤️"
2113746,5,👍️Dobrze radzi sobie z usuwaniem nawet wodoodpornego tuszu.
2113746,5,"Bardzo fajny olejek, swietnie rozpuszcza makijaz, jest delikatny, ma idealna gestosc, nie za ciezki ale tez nie wodnisty."
2113746,3,Produkt średni. Nie zmywa dobrze makijażu. Kupiłam po przeczytaniu pozytywnych opinii. Zawiodłam się.
2113746,5,polecam
2113746,3,"Bardzo rzadki produkt, bardzo chemiczny zapach. Makijaż rozpuszcza nienajgorzej, ale korzystałam z lepszych."
2113746,5,🔥❤️ delikatnie czyści twarz jest miękka i pachnąca. 💯
2113746,5,"Super produkt, bardzo ładnie domywa makijaż i nie zostawia po sobie tłustego filmu"
2113746,5,Mega. Szybko i dokładnie zmywa makijaż.
2113747,5,Polecam
2113747,5,"Zapach utrzymuje się przez chwilę po aplikacji, co jest miłe."
2113747,5,Zapach jest subtelny i przyjemny. Skóra jest wyraźnie bardziej nawilżona po użyciu.
2113747,5,"Тонкі супер, саме те що мені треба🚀"
2113747,5,💯💯💯
2113747,5,Jestem bardzo fajna. Dobrze nawilża skórę twarzy 👍️
2113747,5,Nie miałam nigdy lepszego produktu
2113747,5,💯procent godny zakupu
2113747,5,"Świetnie nawilża skórę, niska cena, bardzo dobry skład. Polecam❤️"
2113747,5,Mega nawilża o odżywia. Skóra przyjemna gladka
2113748,5,Dobrze nawilża skóra jest miekka
2113748,5,"dobrze nawilża, przyjemna konsystencja"
2113748,5,Super produkt. Nie powoduje uczulenia i w bardzo dobrej cenie.
2113748,2,"Spowodował wypryski, na całej twarzy - totalnie nie nadaje się do skóry tłustej i mieszanej. Z plusów dobrze się wchłania i ładnie pachnie."
2113748,5,Dobrze nawilża skóra jest miekka.
2113748,5,💯❤️👍️
2113748,5,💯 cudowne serum. Mięciutka skóra
2113749,5,"Bardzo dobrze nawilża, nie czuć ściągnięcia. Dobrze się rozprowadza i szybko wchłania."
2113749,5,💪polecam mnie osobiscie nie uczula🤝
2113749,5,W porządku
2113749,4,"Jeśli ktoś lubi ceramidy z tej serii to ferment również polubi zdecydowanie. Zapach, konsystencja super. Działanie niezle choć na kolana nie rzuca😉 minus jak przy ceramikach ta pipeta nie ogarnia."
2113750,5,Ten produkt jest naprawdę bardzo fajny i idealnie na wilża 🔥
2113750,3,"To nie krem, to coś bardziej jak emulsja. Taki sobie, cena regularna wygórowana. Może być fajny na lato."
2113750,5,Buzia wygląda od razu lepiej.;)
2113750,5,Zauważyłam znaczną poprawę w wyglądzie mojej cery.
2113750,5,Przyjemna konsystencja i zapach :)
2113750,4,Przyjemnie nawilża ale nic więcej.
2113750,1,nie polecam
2113750,5,"Nadaje się do stosowania na twarz, szyję i dekolt – nic się nie marnuje. To mój ulubieniec wśród kremów.;) Delikatnie koi i dobrze sprawdza się także przy skórze wrażliwej."
2113750,5,Wygodne opakowanie i szybka aplikacja.
2113750,5,Krem świetnie się rozprowadza i natychmiast wchłania.
2113751,3,"Miłe serum. Ładnie pachnie, ładnie wygląda. Dobrze się rozprowadza, szybko wchłania. Po nałożeniu miła skóra. Tylko efektów działania serum nie zauważyłam:("
2113751,5,❤️❤️❤️
2113751,5,Piękny zapach. Fajna konsystencja. Dobrze się wchłania.
2113751,5,Fajnie nawilża i super pachnie :)
2113751,5,Хорошое
2113752,3,"Pachnie przesłodzoną chemiczną wiśnią, ale można się przyzwyczaić. Pompka bardzo uciążliwa w używaniu. Niby dobrze chodzi, ale aby ją kliknąć trzeba się namęczyć. Jak już pójdzie to pójdzie, ale zawsze ten sam problem. Konsystencja jest bardzo rzadka i płynna. Nie do końca sobie radzi z mocnym tuszem czy bardziej kryjącym korektorem. Trzeba użyć bardzo dużo produktu, aby zmyć makijaż. Co przekłada się na wydajność, która jest mała. Z każdym użyciem widzę jak go ubywa i nie wiem czy starczy go chociaż na miesiąc.. poza tym nie jest przyjazny dla soczewek kontaktowych i zamazuje obraz. Z pozytywów to ma ładne opakowanie a skóra po nim jest bardzo miła i dobrze nawilżona w odczuciu. Może jeszcze kiedyś kupię.
...Więcej"
2113752,1,"Kiepsko zmywa makijaż, tusz rozmazany niczym u pandy"
2113752,2,"Olejek nie zmywa makijażu, robi z Ciebie pandę. Po spłukaniu wodą oczy bolą, są zamglone i obraz jest rozmazany. Jedyny plus to zapach. Nie polecam."
2113752,5,"Super do oczyszczenia 
Super do demakijażu ❤️"
2113752,5,Polecam! ❤️
2113752,5,💪💯🔥
2113752,5,najlepszy jaki miałam póki co
2113752,4,"Produkt jest ok ale ma trochę zbyt wodnistą konsystencję. Nie domywa tak dobrze tuszu wodoodpornego, trzeba troszkę się nad tym napracować."
2113752,5,"Super produkt,dobrze oczyszcza i dobrze siw wchłania,tylko nie można za dużo nakładać."
2113752,4,Jest ok
2113753,2,slabo oczyszcza ma mocny zapach ktory podraznia konsystencja jest coekawa ale profukt zdecydowanie nie przypadl mi do gustu
2113753,5,Super zapach i konsystencja.
2113753,5,"Bardzo przyjemny produkt. Twarz po nim cudownie nawilżona. Ładne opakowanie, ładnie się prezentuje na półce obok olejku. Jeszcze nie wiem jak z wydajnością, ale na pewno warta uwagi."
2113753,5,"Pianka bardzo szybko się zużyła, dobrze myje i zostawia skórę miękką natomiast nie do końca moj zapach"
2113753,5,Cudowna konsystencja i zapach.
2113753,5,Kupiłam w cenie promocyjnej będę testować
2113753,5,Super.
2113753,5,Fajny produkt
2113753,5,Pięknie pachnie. Polecam
2113753,5,Polecam
2113755,5,Świetnie działa na moją suchą cerę
2113755,5,"Świetnie się rozprowadza, super nawilża, polecam."
2113755,5,Dobrze się wchłania.
2113755,5,"Bardzo fajna esencja do twarzy , nawilża i rozświetla skórę, jako serum lub jako tonik mleczny.👍️"
2113755,5,Хорошо увлажняет
2113756,5,Serum zostawia przyjemnie uczucie na skórze
2113756,5,MEGAAA❤️❤️
2113757,5,❤️❤️❤️
2113757,1,suchy twardy glut. wyrzucone pieniądze
2113757,1,rozlatująca się galareta
2113757,1,"Nie działa, jeżdżąc tym ""żelkiem"" pod okiem nic nie aplikuje się na skórę"
2113757,1,To jest do śmietnika a nie pod oczy
2113757,5,Polecam
2113757,4,"Produkt w porządku, przyjemnie się go stosuje. Fajny feeling przy nakładaniu ale nie zauważyłam jakiegoś dużego nawilżenia od razu po nałożeniu. Zobaczymy jak będzie z efektami przy dłuższym stosowaniu."
2113757,1,"Niby żelowe serum, a w rzeczywistości ten „żel” zachowuje się jakby był z gumy lub plastiku - jest suchy, nie rozprowadza żadnego produktu po skórze, a jedynie ją naciąga. Nawet gdy manualnie oderwę kawałek tego żelu i próbuję go rozprowadzić po skórze dłoni, to nic się nie wchłania tylko roluje na skórze. Absolutnie nie nadaje się to do niczego :(
...Więcej"
2113757,5,"Bardzo przyjemny, chlodny stick. Nie wiem jak to dziala, ale faktycznie sprawia, ze skora pod oczami jest jakos mniej opuchnieta i nawilzona. Super pachnie!"
2113757,5,Крутое
2113758,2,"Ma problem z rozpuszczeniem zwykłego tuszu do rzęs, zawiodłam się, więcej napewno nie kupię, rozpuszcza resztę makijażu z twarzy, ale chwilę trzeba mu dać"
2113758,4,"Produkt jest super, genialnie rozpuszcza makijaż ale na oczach pozostawia efekt mgły który dosyć ciężko zmyć."
2113758,5,To jest moje odkrycie. Pierwszy raz stosuję olejek do demakijażu oczu. Jest świetny. Ładnie pachnie i dobrze usuwa makijaż.
2113758,2,Nie domywa makijażu
2113758,3,"Ta opinia nie jest negatywna, jest 3 na 5 wiec niezle. Slabo sie pieni i bardzo rzadki produkt, prsy naciskaniu polowa sie wylewa poza dlon. Nie zmywa dokladnie oczu."
2113758,5,"nie szczypie w oczy, pachnie pięknie, spełnia swoja funkcje"
2113758,4,Całkiem dobrze rozpuszcza makijaż
2113758,5,"genialnie myje skórę po makijażu, nawilża i głęboko oczyszcza pory"
2113758,5,"Fajne Bo tluste , mile"
2113758,5,Uwielbiam tą serię kosmetyków polecam bardzo wszystkim- jest rewelacyjna i pięknie pachnie .
2113759,5,Świetnie nawilża
2113759,5,"moje odkrycie, lepsze niż żele to mycia twarzy czy pianki"
2113759,5,❤️Super.
2113759,4,"Bardzo fajna pianka. Delikatna. Ale zapach trochę zbyt ""mleczny"""
2113759,5,uwielbiam
2113759,4,Bardzo dobry❤️❤️
2113759,5,"Delikatna, bardzo dobrze nawilża, nie wysusza skóry. Polecam 🔥"
2113759,5,"Lubię, chociaż trochę szybko znika z opakowania, daje komfort skórze, dobrze domywa i pozostawia skórę miękką i świetlistą. Zapach jak inne produkty z tej serii"
2113759,5,Jestem bardzo zadowolona polecam
2113759,5,Super produkt nie lepi szybko się wchłania. Polecam 👍👍👍
2113760,5,"Krem ma lekką konsystencję, dobrze się rozprowadza. Widocznie nawilża skórę."
2113760,5,Po nałożeniu skóra jest pełna blasku.👌
2113760,5,"Bardzo fajny produkt. Szybko się wchłania, pozostawia przyjemne uczucie nawilżenia."
2113760,5,"Najlepszy, moja cera jest teraz promienna i nawilżona. Opakowanie nie brudzi, idealne do precyzyjnego dozowania. Fantastyczny krem, polecam każdemu."
2113760,5,"Ma aksamitną teksturę, która pięknie się rozprowadza."
2113760,5,"Świetnie współgra z makijażem, nic się nie roluje."
2113760,2,"Słabe nawilżenie, nie robi zbyt wiele"
2113760,5,"Po jego użyciu, skóra wydaje się niesamowicie gładka i odżywiona.👌"
2113760,5,"Lekka formuła, idealna na co dzień. Zauważyłam znaczną poprawę w wyglądzie mojej cery."
2113760,4,"Dość bogaty ,nie jest to bardzo lekka konsystencja jak dla mnie ,ale dla suchej i dojrzałej skóry akurat. Jedyne co ,to zapach taki jakiś mało przyjemny"
2113761,5,na razie testuje:)❤️
2113761,5,"Krem ma bardzo przyjemną, bogatą konsystencję. Krem świetnie przygotowuje skórę na nowy dzień."
2113761,2,"Słaby krem, słabe nawilżenie"
2113761,5,Moja skóra jest idealnie nawilżona i wygląda zdrowiej każdego dnia.
2113761,5,Odczuwalnie wygładza i zmiękcza skórę.
2113761,5,"Krem jest bardzo wydajny, wystarczy niewielka ilość. Uwielbiam efekt miękkiej, wypoczętej skóry tuż po aplikacji. Wspaniały zakup, polecam.👍"
2113761,5,Skóra po aplikacji jest gładka i przyjemna w dotyku.
2113762,5,Konsystencja jest przyjemna i łatwo się wchłania. Skóra jest bardziej elastyczna.
2113762,5,Bardzo fajne serum mam skórę wrażliwą a nic mnie nie piecze w twarz co rzadko się zdarza z tego tymi kosmetykami polecam😘😘😘
2113762,5,"To moje pierwsze serum z mikroigiełkami i jestem zachwycona! Moja twarz czuje że serum działa poprzez uczucie delikatnych ukłuć . Uczucie to znika po chwili. Konsystencja mleczna , lekka, szybko się wchłania. Wygląd buteleczki przyjemny dla oka"
2113762,5,Polecam
2113762,5,"Super produkt, bardzo polecam."
2113762,5,"Całą seria godna polecenia, działa!"
2113762,5,Polecam 🔥
2113762,1,"Po nałożeniu serum na twarz dostałam po prostu dreszczy na całym ciele, nie mówiąc już co stało się z twarzą. Zmyłam natychmiast j więcej nie użyję."
2113762,4,👍️super
2113762,5,Dobrze się sprawdza
2113772,5,Dla mnie ta seria Soraya jest idealna. Mam uczulenie na wiele kremów tych drogich i tych tańszych a tych używam od kilku lat i są w moim przypadku naprawdę idealne. Cena jest wręcz niesamowicie niska a efekt doskonały. Oczywiście to moje odczucia
2113773,2,Nie domywa tuszu wodoodpornego - używam Max Factor 24h (drogeryjna wersja) - Mixa radzi sobie z tym zdecydowanie lepiej. Średnio też radzi sobie z moim podkładem Estee Lauder.
2113773,5,Super woda mineralna.
2113774,4,"Fajnie nawilża, spięta skóra zostają ukojona"
2113774,4,Dobry produkt
2113774,5,Tonik jak tonik bez szału
2113774,5,Dla mojej skóry idealna. Super nawilza
2113774,5,dobra jakość w dobrej cenie👍️
2113774,5,"Po tygodniu mogę powiedzieć że jest świetny ,super nawilża i zmiękcza 🔥🔥"
2113780,5,Super produkt👍️
2113780,5,🔥świetnie się wchłania
2113780,5,jest super
2113780,4,"Dobre serum, wchłania sszybko, nawilża, odejmuję jedną gwiazdkę za trudność aplikacji. Pipeta z trudem nabiera kosmetyk."
2113780,5,Skóra po aplikacji serum jest gładka i bardziej sprężysta 👍️
2113780,5,Dobra jakość w przyzwoitej cenie
2113780,5,Jestem bardzo zadowolona z zakupu.
2113781,5,Bardzo dobry produkt używam Dermiki od dłuższego czasu wprawdzie złotej serii ale biała jest również ok
2113781,5,"Doskonały kosmetyk, wygladzai lekko napina, wydajny"
2113781,5,💯super polecam
2113782,5,"Świetna esencja tonizujące do twarzy, idealnie nawilza"
2113782,5,👍️👍️
2113782,5,"Trudno mi dać konkretną ilość gwiazdek, może 4,5. Fajny skład i konsystencja, stosuję na krótko po oczyszczeniu twarzy na kilka minut i zmywam. Mam skórę która łatwo reaguje lekkim pieczeniem więc na to, żeby posmarować i zostawić na dłużej na twarzy to nie dla mnie niestety. Myślę, że przy skórze której nic nie przeszkadza to byłby produkt na 5. Za to z tej serii krem do twarzy był super.
...Więcej"
2113782,4,Jestem zadowolona 👍️
2113782,5,"Bardzo przyjemny , dobrze nawilża.👍️"
2113782,4,"Dopiero testuje, zawsze używałam toniku zwykłego Dermika, i wolę bardziej płynną konsystencję (mam wrażenie że tu się produkt marnuje wlewając go na wacik)"
2113782,5,"Super zapach,konsystencja ok.Skora po użyciu jak pupcia niemowlaka"
2113782,5,Super nawilża i odżywia skórę twarzy
2113782,4,💯💯💯💯
2113782,5,💯🔥🔥🔥🔥
2113783,4,"Krem w sama raz dla mnie - lekki, nie zostawia tłustej warstwy."
2113783,5,"Lekka formuła, nie zapycha porów. Daje super efekt nawilżenia. Zostaje ze mną na dłużej."
2113783,5,Nie spływa i nie pozostawia uczucia lepkości.
2113783,5,"Bardzo lekka formuła, szybko się wchłania. Skóra po użyciu jest widocznie bardziej elastyczna. Delikatna, kwiatowa nuta, bardzo odświeżająca. Po prostu jest super !!!👍️"
2113783,5,"Zauważyłam znaczną poprawę w wyglądzie mojej cery. Nie lepi się, nie zostawia śladów na ubraniach. Mój absolutny hit w codziennej pielęgnacji."
2113783,5,"Uwielbiam ten krem za to, jak lekko się aplikuje. Nawilża i regeneruje skórę. Na pewno do niego wrócę."
2113783,5,Rewelacja – zdecydowanie go polecam.
2113783,5,Delikatnie koi i dobrze sprawdza się także przy skórze wrażliwej.
2113783,5,"Uwielbiam efekt miękkiej, wypoczętej skóry tuż po aplikacji. Nie klei się, nie zostawia żadnych śladów. Kupiłabym ponownie.;) Polecam serdecznie."
2113783,5,"Moja skóra jest nawilżona przez cały dzień. Każde użycie to czysta przyjemność. Rekomenduję, sprawdził się doskonale.😍 To jeden z najwygodniejszych kremów, jakie miałam."
2113784,5,Poprawia jędrność mojej cery i nawilża. Aplikacja jest szybka i komfortowa. Rewelacja – zdecydowanie go polecam.
2113784,5,Krem na idealną formułę. Efekty są naprawdę świetne.
2113784,5,Odczuwalnie wygładza i zmiękcza skórę. Przyjemnie się nakłada na skórę. Na pewno jeszcze nie raz po niego sięgnę.
2113784,5,"Fantastyczna, lekka formuła. Uwielbiam efekt miękkiej, wypoczętej skóry tuż po aplikacji. Świetny wybór, bardzo się u mnie sprawdził. Polecam."
2113784,5,"Dobrze się rozprowadza, nie trzeba mocno wcierać. Skóra jest miękka, dobrze nawilżona. Na pewno do niego wrócę."
2113784,5,Nawilża i regeneruje skórę. Wygodne opakowanie i szybka aplikacja. Warto mieć go w swojej kosmetyczce.
2113784,5,"Skóra po aplikacji jest gładka i przyjemna w dotyku. Wspaniale współgra z innymi kosmetykami w mojej pielęgnacji. Cieszę się, że na niego trafiłam."
2113784,5,Moja skóra jest idealnie nawilżona i wygląda zdrowiej każdego dnia. Każde użycie to czysta przyjemność.
2113784,2,"za drogi, nie wart swojej ceny - nie lepszy od innych produktów dermiki"
2113784,5,"Kosmetyk, do którego chce się wracać. Znakomicie sprawdza się jako część wieczornej rutyny. Krem świetnie się rozprowadza i natychmiast wchłania."
2113785,5,Super kosmetyk
2113785,5,"Świetnie się rozprowadza, nie grudli pod makijażem, a na dodatek pieknie pachnie. Starcza na długo."
2113785,5,Skôra po serum jest nawilżona i gładka. Polecam
2113785,5,💯💯💯
2113785,5,Rewelacyjny baza pod krem.
2113785,5,Wszystko było ok👍️
2113785,5,"Super kremy ,skóra nawilżona i promienna.
Polecam wszystkim, kupuje je poraz drugi i na pewno nie istatni"
2113785,5,Świetne produkty. Polecam❤️❤️❤️
2113785,5,Pięknie rozprowadza się na skórze
2113785,5,Dla mnie idealny!
2113786,4,Pomiędzy kuleczkami jest wystający plastik i trochę obniża jakość masażu.
2113786,4,"Dobrze nawilża,ale na krótko. Zapach okropny.spodziewalam się czegoś innego."
2113786,5,💯 Rewelacyjny kosmetyk.Polecam ma moc🚀
2113786,4,"Krem jest rewelacyjny, niestety aplikator jest zbyt ostry do cery wrażliwej, stąd jedna gwiazdka mniej."
2113786,5,"Krem doskonały,uważam,że sposób stosowania jest też dobry i praktyczny. Jeżeli chodzi o właściwości to trudno określić bo za krótki okres stosowania. Jest to nowość i kupiła z ciekawość bo cena też przystępna.
💯"
2113786,5,Masażer jest bardzo dobrym pomysłem na aplikację serum
2113786,3,Masażer nie spełnił moich oczekiwań.
2113786,3,"Kupiłam to serum głównie za sprawa koncówki masażera. Na zasadzie prób i błędów nastawia się ją na tryb ON - OFF. Bardzo słaba jakość, ordynarny plastik. Końcówka w części do masażu ma 5 obracających się kulek, które są nawet ok, ale po bokach kulek jest też w 4 punktach drapiący, nie równy plastik, który rani skórę. Jednym słowem wielkie rozczarowanie. Co do zawartości tubki to jeszcze nie mam zdania co do działania, bo zbyt krótko mam . Raczej nie kupie napewno tego nigdy więcej.
...Więcej"
2113786,1,Opakowanie bardzo ciężkie w użyciu. Kuleczki masują twarz w sposób wręcz bolący.
2113786,3,Cudów nie zadziałał
2113787,5,"To juz kolejne opakowanie tego kremu pod oczy. 
Twierdze ze jest to najlepszy krem pod oczy od Dermika.
Dobrze nawilza, leciutko napina, wchlania sie doskonale . Skora wokol oczu wyglada na nawilzona I wypoczeta . Lubie dozownik ale wolalbym gdyby byl mniejszy . 
Goraco polecam .
...Więcej"
2113787,4,"Fantastyczny, wygodny podajnik. Precyzyjnie dozuje ilość. Bezzapachowy. Działanie bez rewelacji, spodziewałam się czegoś innego. Właściwie żadnego działania nie zauważam. Nawet dobrze nie nawilża, ale nie uczula i nie zamazuje widzenia."
2113787,2,"za drogi, nie wart swojej ceny - nie lepszy od innych produktów dermiki"
2113787,5,Polecam
2113787,5,Super krem pod oczy. Polecam.
2113787,5,👍️👍️👍️👍️👍️
2113787,2,"Ogromne rozczarowanie. Jestem po 40-tce i teoretycznie dla mnie ten krem to powinien być święty Graal. Tymczasem - nikłe nawilżenie, minimalna okluzja, żadnego dodatkowego efektu. Skład super, co z tego jak ani kofeina ani hespedryna nie działają na zasinienia, nie zmniejszają opuchlizny - no nie robią nic. Peptydów też tyle co kot napłakał - po nałożeniu ani napięcia ani wygładzenia nie czuć i nie widać. Zużyłam dwa opakowania - rano i wieczorem. Więcej nie kupię. Opakowanie - przerost formy nad treścią i tona plastiku.
...Więcej"
2113787,5,Działa!
2113787,5,Super zestaw dla kobiet
2113787,5,Super krem cera jest aksamitna
2113816,5,Polecam
2113816,5,Bardzo Polecam
2113816,5,Super wyciągnęły mi pryszcze
2113816,5,Fajnie mi się sprawdzają
2113816,4,"Nie są to najlepsze plasterki jakie miałam, ale są w porządku"
2113816,5,niezbędne w kosmetyczce nastolatek! i nie tylko :)
2113816,5,Super polecam 🔥
2113816,5,Jako jedyne na mnie zadziały
2113816,2,Niewydajne
2113816,5,Fajnie wyglądają i spełniają swoją rolę. Polecam
2113817,5,Polecam każdemu warte uwagi
2113817,4,👍️👍️👍️
2113817,5,Wzięłam na próbę dla córki.
2113817,3,"Wolę oryginalne plasterki, te się nie trzymają"
2113817,5,Sprawdzone działa
2113817,5,Super rzecz
2113817,5,Najlepsze
2113817,5,Przydatne.
2113817,3,Super ratują mnie czasem ale ta wersja nie świeci w ciemności jak powinna
2113817,5,Bardzo dobry produkt i ładnie łagodzi krosty
2114205,5,Krem na idealną formułę. Sprawdza się na typie mojej skóry. Na pewno wrócę do tego produktu.❤️
2114205,4,Poprawia elastyczność i ogólną kondycję skóry.
2114205,5,Wygodne opakowanie i szybka aplikacja.
2114205,5,Odczuwalnie wygładza i zmiękcza skórę.
2114206,5,Po nałożeniu skóra jest pełna blasku.👌
2114206,5,Daje wspaniałe efekty.
2114206,4,"Nadaje cerze naturalny blask i poprawia jej strukturę. Nie klei się, nie zostawia żadnych śladów. Nie żałuję zakupu i polecam."
2114206,5,"Szybko się wchłania,cera wygląda dużo lepiej"
2114206,5,Poprawia jędrność mojej cery i nawilża.
2114206,5,"Cera wygląda na wypoczętą i bardziej jędrną. Opakowanie nie brudzi, idealne do precyzyjnego dozowania. Na pewno do niego wrócę."
2114206,4,"👍️Wspaniale współgra z innymi kosmetykami w mojej pielęgnacji. Nie lepi się, nie zostawia śladów na ubraniach."
2114206,5,"Dobry kosmetyk, polecam serdecznie.👍 Po kilku dniach cera stała się wyraźnie gładsza i bardziej elastyczna."
2114206,5,Używam codziennie i za każdym razem cera wygląda na zdrowszą.
2114208,5,"Nie zostawia tłustego filmu, skóra jest od razu gotowa na makijaż."
2114208,5,Skóra wygląda o wiele lepiej już w krótkim czasie.
2114208,5,Delikatnie koi i dobrze sprawdza się także przy skórze wrażliwej. Cudo! Spełnił wszystkie moje oczekiwania – a nawet więcej.
2114208,5,Nawilżenie 10/10.;)
2114208,4,"Kupiłam drugie opakowanie kremu czekam na efekty, nawilża skórę bardzo ładnie wchłaniai szybko wchłania się w skórę."
2114208,4,Poprawia elastyczność i ogólną kondycję skóry.
2114208,5,"Widać, że naprawdę działa."
2114208,5,"Kremy do twarzy i serum ok.Krem pod oczy alergiczny, zaczerwienione i swędzące łuszczące powieki. Pozdrawiam"
2114208,5,"Krem w sam arz dla mnie - lekki, nie zostawia tłustej warstwy. Daje efekt WOW!"
2114208,5,"Buzia wygląda od razu lepiej.;) Świetnie współgra z makijażem, nic się nie roluje."
2114229,5,Super produkt
2114237,5,"Nawilża i regeneruje skórę. Bardzo przyjemna formuła, idealny krem na co dzień. Cudo! Spełnił wszystkie moje oczekiwania – a nawet więcej."
2114243,5,Poprawia jędrność mojej cery i nawilża. Cudna buzia po tym kremie. Nie wyobrażam sobie teraz pielęgnacji bez niego.😍 polecam
2114514,5,Zapach jest bardzo przyjemny i delikatny. Skóra jest świetnie nawilżona po użyciu. Mgiełka pięknie odświeża cerę.
2114514,5,Jest glow
2114514,2,nie nie robi
2114514,5,Cudne glow 🙂
2114514,5,fajny produkt
2114514,1,"Nie scala, nie rozświetla"
2114514,5,Mgiełka cudownie scala makijaż i naprawdę długo się dzięki niej utrzymuje 🔥
2114514,5,"Super mgiełka, pięknie wygląda makijaż 👍"
2114514,5,💯💯🔥🔥🔥
2114514,2,Mgiełka nie utrwala makijażu ani nie ściąga pudrowości oraz podkreśla zmarszczki.
2114808,5,"Rozświetlenie jest subtelne, ale zauważalne."
2114808,3,"Fajny tonik do skóry młodej, niestety nie nadaje się do dojrzałej"
2114808,5,💪❤️💯💪
2114808,4,"Produkt działa super, daje minus jedną gwiazdkę za zapach"
2114808,5,❤️🤩🥳
2114808,5,👍️👍️
2114808,5,"Po kilku życiach jestem na tak, a czy będą spektakularne efekty to zobaczymy za jakiś czas ;)"
2114808,3,W opakowaniu nie widać czy to tonik mgiełka do psikania czy nakładania na waciki. Niestety tonik szczypie w twarz. Powinien dawać komfort a mocno szczypie. Pocierając wacikiem czuć jakbym szorowała wacikiem skórę. Powinien byc bardziej lagodny.
2114808,5,"Podobnie jak inne kosmetyki tej marki, nastawiony na minimalizm i efekty. A stosowanie to sama przyjemność. Polecam 💪"
2114809,4,Jest ok
2114809,5,"Super, polecam. Pomaga 🙂"
2114809,5,🚀💪❤️
2114810,5,Skuteczna 👍
2114810,2,Średnia bardzo
2114900,5,Delikatny płyn micelarny 💯
2114900,5,Bardzo delikatny
2114900,5,Mega nawilża
2114900,4,Inne produkty z tej serii wypadają lepiej. Sam płyn nic nadzwyczajnego. Jest ok.
2114900,5,Bez zarzutów
2114900,5,"Płyn dobrze usuwa makijaż, nawilża skórę, daje uczucie świezości"
2114900,5,"Świetnie zmywa makijaż, jest nawilżający i wydajny."
2114900,5,płyn rewelacja👍️
2114901,5,❤️ super
2114901,5,Super delikatny
2114954,5,"Dzięki temu serum moja twarz jest w dużo lepszym stanie, wiadomo mogło by być lepiej. To już moje 2 opakowanie"
2114954,5,"Wspaniały produkt🔥 Niweluje niedoskonałości, ale nie podrażnia skóry. Chyba znalazłam ulubiony upiększacz."
2114954,5,🔥👍️👍️👍️👍️
2114954,5,"Bardzo fajne serum,przyjemna aplikacja."
2114956,5,"Bardzo dobre serum, podobnie jak inne ten marki 💪"
2114956,5,Przyjemne serum. Szkoda że nie ma podanego stężenia
2114956,5,Za krótko używam żeby się wypowiedzieć czy działa
2114957,5,"Zużyłam już 3 opakowania. Robi dokładnie to, co obiecuje. Zdecydowanie warto :)"
2114957,5,"Bardzo fajne serum, wygodne opakowanie, dobrze się dozują. Produkt nie ma zapachu. Dla mnie duży plus. Konsystencja lekka, Mleczno żelowa, dobrze się wchłania. Nie zapycha, dobrze nawilża. Mam skórę suchą skłonna do zapychania i jestem bardzo zadowolona. Dobry produkt w korzystnej cenie"
2114957,5,"Sprawdza się świetnie. Skutecznie ""uspokaja"" skórę i zmniejsza zaczerwienienia."
2114957,5,"Po wielu latach eksperymentowania z kosmetykami w końcu dojrzałam i używam tylko sprawdzonych kosmetyków. Mam bardzo wąską pielęgnację używam jedynie mlecznego toniku, TEGO SERUM i kremu nawilżającego. Moje problemy skórne to przeszłość, skóra jest idealnie nawilżona, świetlista i soczysta. To serum to najlepsze co w ostatnim (długim) czasie poznałam!
...Więcej"
2114957,5,"kurde nie sądziłem, ale naprawdę działają, buzia wyciszona, policzki uspokojone, a używam dopiero od kilku dni - polecam"
2114957,5,"Genialne serum!🔥do cery wrażliwej, suchej, alergicznej - działa."
2114958,5,Szybko się wchłania. Skóra już po samym nałożeniu jest bardzo przyjemna w dotyku i mięciutka 🩵
2114958,5,"Super serum, póki co pierwsze z tej serii. U mnie sprawdza się super również pod makijaż"
2114958,5,Świetnie nawilża. Polecam👍️
2114958,5,Polecam dobrze nawilża
2115439,5,Rewelacyjny błyszczyk polecam wszystkim
2115440,5,"To jest dosłownie moje odkrycie roku. Wszystkie inne produkty drobinowe do ust przy tym mogą się schować... Serio, spróbujcie same, bo nie da się tego opisać. Drogi ale wart każdej złotówki, naprawdę 🩷"
2115440,5,super produkt
2115440,5,Najlepsze i najpiękniejsze błyszczyki na świecie. I pięknie wyglądają i super nawilżają. Mam wszystkie odcienie i każdy wygląda znakomicie. jeszcze za taką dobrą cenę to już w ogóle są świetne. Bardzo polecam ❤️
2115441,5,Pięknie pachnie i cudownie wygląda na ustach
2115441,4,NOT MY FAVORITE BECAUSE THE SCENT IS SUPER STRONG
2115472,4,👍️👍️
2115472,3,🙂🙂👍️
2115472,5,"Неймовірний результат,дуже гарно очищує шкіру"
2115472,5,"Stosuję dość krótko, ale efekt już mi się podoba"
2115472,3,"Spodziewałam się chyba czegoś więcej. Produkt w opakowaniu pachnie lepiej niż, gdy używamy go na skórze. Zamienia się w białą piankę, nie jest za mocny. Buzia po jest miękka. Ale jak dla mnie słabo oczyszcza pory. Nawet pozostawiony na skórze na 3 min."
2115472,5,Świetny produkt!
2115472,5,💯🔥👍️💯💯💪💪
2115472,5,Рекомендую
2115472,5,Super oczyszcza twarz
2115472,5,💪🤙👍
2115589,5,"Najwiekszym plusem dla nie jest to, ze sie nie lepi. Ladnie nablyszcza i nawilza. Kolor jest bardzo delikatny tak jak lubie."
2115590,5,"Rewelacyjny zapach winogron rozgrzanych letnim słońcem, zapach wakacji🔥❤️"
2115622,5,extra!!
2115622,4,"Bogaty skład, czuć dobre składniki."
2115622,5,"Konsystencja kremowa, łatwo się rozprowadza. Czuję, że moja cera jest mocno odżywiona i odpowiednio zadbana. Produkt jest wydajny, wystarcza na kilka użyć."
2115622,5,👍️polecam
2115622,4,Fajna rzecz
2115622,4,Po zastosowaniu czuję komfort i ulgę.
2115622,5,Świetne
2115622,5,"Nie używałam jeszcze ,ale myślę, że bedzie ok"
2115622,3,nie ma widocznych efektów po użyciu
2115622,5,Skóra pięknie po niej wygląda
2115625,5,🔥👍️💪💪👍️💪🚀💯🤩
2115625,5,Super olejek. Tworzy taflę na ustach. Porównywalny z Diorem.
2115627,4,Super kocham nieuzywajcie w lato bo to olejek i mozna spalic usta
2115632,5,super❤️
2115633,5,Najlepsze i najpiękniejsze błyszczyki na świecie. Pięknie wyglądają super nawilżają :) mam wszystkie kolory i każdy wygląda pięknie na ustach ❤️ bardzo polecam
2115635,5,Ładny kolor
2115635,5,"Bardzo fajnie nawilża, kolor jest świetny. Aplikator też bardzo przyjemny, silikonowy. No i ten zapach :)"
2115635,5,polecam 🔥
2115636,5,🔥🔥🔥🔥🔥🔥🔥
2115636,5,Super!!!
2115638,5,produkt daje dlugotrwale nawilzenie i ma kolor dobrze wygladajacy na kazdych ustach
2115710,4,"Lekka przyjemna, formuła, utrzymuje się w miarę długo jak na błyszczyk. Niestety nie smakuje/pachnie przyjemnie bo miętowo/sztucznie. Ale tak to polecam bo ten zapach można przeboleć ;) Jest też duży wariant kolorystyczny ;)"
2115710,5,Bardzo fajny olejek do ust👍️
2115710,2,"Zapach i kolor ok. Konsystencja za rzadka, wysusza usta."
2115711,5,robi wrażenie🔥
2116187,4,"Szybko się wchłania. Ale ogólnie odstępny i przystępny cenowo, jest ok."
2116187,5,Mój ulubieniec kupuję często . Mega
2116187,5,"Dobry balsam, wygodny, ładnie pachnie, nie przykleja się do ust"
2116187,1,"Jestem tak bardzo rozczarowana!!! 
Tym bardziej że tego dnia kupiłam jeszcze Isana kakaową pomadkę ochronną obydwie nadają się do kosza… nie rozumiem pozytywnych opini… jak dla mnie schodzi dosłownie po paru min nawet nie nawilża ani jedna ani druga, wielka szkoda tym bardziej że kakaowa ładny kolor daje na moich jasnych ustach… 
STANOWCZO- NIE POLECAM.
...Więcej"
2116187,5,Fajna formuła
2116187,5,Bardzo dobrze regeneruje i nadaje piękny blask
2116187,5,Olejek w formie żelu
2116187,2,nic nie nawilża śmierdzi
2116187,5,usta są zregenerowane. Dobry skład
2116187,4,Jest ok. Ale mogłaby dłużej być na ustach.
2116192,4,🔥❤️❤️
2116192,5,"Super w użyciu .fajny skład .super spełnia funkcje toniku, bazy pod serum i odświeżenie w ciągu dnia"
2117019,5,Jak narazie mi się sprawdza zobaczymy jak dalej 💯💪
2117097,5,"Super olejek, nawilża usta, dzięki czemu nie są suche 🔥"
2117097,4,Super skład.
2117097,2,"Nie nawilża i powoduje okropny lepko cierpki posmak na ustach zaraz po tym jak spłynie z miejsca gdzie go zaaplikowano, plus za zapach i cenę"
2117097,5,polecam. super olejek do ust.💯👍️🤩
2117097,5,Bardzo fajne tak jak nazwa wskazuje dosłownie jak olej
2117097,5,"Miałam problem z ciągle suchymi ustami, po nałożeniu tego olejku problem zniknął. Polecam!! 🔥🔥"
2117097,5,❤️❤️❤️❤️❤️❤️
2117097,5,💯💯💯
2117097,4,"Bardzo lejąca konsystencją, ale ok."
2117097,3,"Olejek jest stanowczo za gęsty, na ustach tworzy skupiska, zamiast równomiernie pokryć wargi. Plus za miły zapach, ale raczej nie kupię go ponownie."
2117124,5,Kocham każda z tej firmy
2117329,5,"Po nim moja twarz jest zawsze mięciutka w dotyku. Bardzo podoba mi się jego lekka konsystencja, która nie obciąża skóry. Widzę poprawę stanu mojej skóry."
2117329,4,👍️👍️
2117329,5,Zapewnia mojej twarzy optymalne nawilżenie na co dzień.
2117329,5,"Fantastycznie wygładza, zmniejsza widoczność porów, ujednolica koloryt. Co 2 dni na noc. Widzę realną poprawę."
2117329,5,"Petarda 💪 już po pierwszym użyciu skóra wyraźnie gładsza, niedoskonałości złagodzone, od razu czuć, że reguluje wydzielanie sebum. Nie mogę się doczekać efektów po dłuższym stosowaniu."
2117329,5,💯🔥💪
2117329,5,"Dałam 5 gwiazdek ponieważ skóra po zastosowaniu kremu jest przyjemna w dotyku i gładka,szybko się wchłania.Stosuje go od niedawna i tak jak jest zalecane czyli co 2 dzień.Mam 43 lata i mam tylko delikatne""kurze łapki "", to zasługa pokerowej twarzy🤣i dobrych genów😁Za to mam rozszerzone pory i głównie dlatego kupiłam ten produkt.Obecnie nie widać znaczącej różnicy ale daję czas na działanie
...Więcej"
2117329,5,Cudowny. Super się wchłania. Cera jest promienista.
2117329,5,Super polecam
2117334,5,Bardzo dobry balsam do ust polecam
2117334,5,😎🤩🥰🙂🥳
2117337,5,"Dobrze się rozprowadza po skórze. Skóra po użyciu jest wyraźnie nawilżona i odżywiona. Delikatny, przyjemny zapach, nie drażniący."
2117337,5,"Moja skóra jest teraz bardziej elastyczna. Lubię go za to, że tak lekko się rozprowadza. Cena i skład wzbudzają zaufanie."
2117337,5,"Świetny krem na noc, np. na serum z vit. C
Bardzo odżywia skórę.
Stosuję co drugi dzień (naprzemiennie z niacynobazą - rewelacyjny tandem."
2117337,5,Odczuwalnie wygładza i zmiękcza skórę.
2117337,5,Moja skóra jest nawilżona przez cały dzień. Stale wracam do tego kremu
2117337,5,"Błyskawicznie poprawia nawilżenie, nawet w trudnych warunkach pogodowych."
2117337,4,Za wcześnie żeby ocenić efekty
2117337,5,Jest odpowiedni dla każdego typu skóry.❤️ Bardzo dobra jakość w rozsądnej cenie.
2117337,5,"Krem w sama arz dla mnie - lekki, nie zostawia tłustej warstwy. 👍️"
2117337,5,"Krem jest bardzo wydajny, wystarczy niewielka ilość. Widać, że naprawdę działa. Świetny wybór, bardzo się u mnie sprawdził. Polecam."
2117575,5,Delikatnie oczyszcza skórę.Jestem bardzo zadowolona ☺️ Ogólnie polecam osobom z wrażliwą cerą 😉
2117844,5,Ten krem to prawdziwy game-changer w mojej codziennej pielęgnacji. Codzienne użycie to przyjemny moment.;) Genialny! Polecam.
2117844,4,Wygodne opakowanie i szybka aplikacja. Kompatybilny z innymi kosmetykami do twarzy.;) Warto mieć go w swojej kosmetyczce.
2117844,4,"Lekka formuła, idealna na co dzień."
2117844,5,"Nawilżenie jest na najwyższym poziomie i długotrwałe.❤️ Bardzo dobrze się wchłania, nie trzeba długo czekać. Działa dokładnie tak, jak obiecuje producent.⭐"
2117844,5,Poprawia elastyczność i ogólną kondycję skóry.
2117844,5,Super się nakłada – codzienna pielęgnacja to przyjemność. Nawilża i regeneruje skórę. Kupiłabym ponownie.;) Polecam serdecznie.
2117844,5,Dopiero zaczynam używać
2117844,5,Odczuwalnie wygładza i zmiękcza skórę. Bardzo dobry krem w super cenie
2117844,5,"Świetnie działa i nie przesusza mojej skóry, jak to często bywa przy używaniu produktów z retinolem"
2117844,4,"Skuteczność widoczna już po pierwszym tygodniu stosowania. Zaskoczył mnie pozytywnie już po pierwszym użyciu. Lubię go za to, że tak lekko się rozprowadza."
2118254,1,"Krem okazał się dla mnie totalnym bublem. Strasznie roluje się na mojej twarzy, niezależnie od tego ile go założę. Wióry ogromne się robią. Nigdy więcej Lumene!"
211828,5,Skutecznie zmywa makijaż nie wysuszające skory
211828,5,"Płyn używam od dawna, mam skórę wrażliwą i bardzo suchą.
Wcześniej sprawdzałam inne marki, ale było różnie.
W końcu trafiłam i sprawdziłam płyn micelarny GARNIER i stwierdziłam, że to jest to.
Płyn jest delikatny, nie podrażnia skóry i oczu, bardzo dobrze zmywa się makijaż.
Polecam!!!!
...Więcej"
211828,5,Dla mnie to jest najlepszy płyn micelarny. Polecam
211828,5,Super produkt
211828,5,"Pięknie, delikatnie zmywa makijaż"
211828,5,Dobry do zmywania nawet wodoodpornych kosmetyków
211828,5,👍️👍️👍️
211828,5,Polecam 🔥
211828,5,👍️super
211828,5,"Dobry,sprawdzony produkt,godny polecenia."
2118454,5,"Fantastyczna mgielka
Szczerze polecam"
2118454,4,"Zapach jest bardzo lekki i przyjemny, nie utrzymuje się zbyt długo. Dobrze nawilża skórę. Mgiełka szybko się wchłania i nadaje cerze naturalny, zdrowy połysk."
2118454,2,atomizer tragiczny gorzej od plynu do szyb
2118454,5,🚀ładnie rozświetla i ma przyjemny zapach
2118454,5,Świetny produkt🔥
2118454,5,"Posiadam tłustą skórę i moja cera z tym produktem się bardzo polubiła. Daje bardzo piękny glow bez uczucia lepkości na skórze. Atomizer jest fantastyczny, jeszcze nie spotkałam się z tak drobną mgiełką. Nie żałuję, że kupiłam do przetestowania 🔥❤️"
2118454,5,Super produkt
2118454,5,"kocham to cudeńko!!!❤️ daje lekki blask,nawilża wygładza lekko zmarszczki i polecam!!!❤️❤️❤️"
2118454,5,👍️👍️👍️🔥🔥🔥💯
2118454,5,Nawilża rozświetla super atomizer.
211856,5,Te płatki zapewniają głębokie nawilżenie przez długi czas.
211856,4,💪💪💪
211856,5,Po wyciągnięciu z lodówki mega efekt!
211856,4,Całkiem ok
211856,5,Bardzo przyjemne:)
211856,5,"bardzo lubię te płatki, są chlodne i nie mam po nich worków"
211856,5,Moje ulubione łatki
211856,5,moje ulubione
211856,5,❤️❤️❤️
211856,2,"Słabe, zero efektu"
211868,5,"Bardzo skuteczny jeśli chodzi o dbanie o skórę, nie wysusza, w połączeniu z łagodzącym, nawilżającym kremem do twarzy nivea jest bardzo skuteczny. Polecam.👍️"
211869,5,Bardzo mi pomaga
211869,5,Bez komentarza...
211869,5,🔥🔥🔥
2118891,2,Jeszcze nie wypróbowałam
2118891,4,Na początku powodował zaczerwienie i szczypanie. Ustąpiło po kilku dniach.
2118891,4,"Dobry chociaż zmniejszono pojemność, a nadal kosztuje tyle samo, czyli stał się droższy.Można bez obaw stosować także na szyję i dekolt. Sprawdza się na typie mojej skóry. Cieszę się, że na niego trafiłam."
2118891,4,Dopiero się z nim zaprzyjaźniam
2118891,5,Świetna opcja na poranną pielęgnację – ekspresowe użycie. 👍️
2118891,1,"Żaden kosmetyk (ani nawet wizyta u kosmetyczki) mnie tak nigdy nie podrażnił, cała twarz czerwona. To prawdopodobnie z powodu alkoholu wysoko na liście składników"
2118891,2,Aloes zawarty w kremie Alterra podrażnił moją skórę.
211922,5,"Jestem zadowolony, zgodnie z opisem, spełnia moje oczekiwania"
211922,5,Nawilża usta na długi czas
211922,5,❤️ piękny zapach
211922,5,Córka chwali
211922,5,Coroczny zakup w okresie jesień/zima. Niezawodne nawilżenie i ukojenie ust. Wracam regularnie!
211922,4,Wazelina bezbarwna do ust super się sprawdza nie barwi bardzo delikatny aromat truskawki .
211922,5,Najlepsza z najlepszych
211922,5,Jest OK
211922,5,"jest O.K dobrze nawilża, całe lato tej szminki używałam. Jestem zadowolona."
211922,5,dobry product
2119238,5,kozackie są❤️
2119238,4,Całkiem ok
2119238,5,LOVVV TE PŁATKI MAŁO KOSZTUJĄ TO SA NAJLEPSZE Z ROSSMANA
2119238,5,"Uwielbiam, najlepsze płatki pod oczy, super nawilżają skórę"
2119238,5,💯❤️❤️❤️
2119238,5,Kocham płatki z isany. Skura pod oczami wygląda świeżo!💯
2119238,5,Super platki
2119238,5,Super płatki ❤️
2119572,3,"na wysyp dobre, ale na codzień wysusza"
2119572,5,"Raczej ok, jestem w fazie testowania"
2119572,3,"mam wrażenie, że mnie wysypuje po nim. a uzywalam juz wyzszego stężenia niacynamidu wiec nie wiem skąd ta reakcja."
2119670,5,Skóra wygląda o wiele lepiej już w krótkim czasie.
2119896,5,👍️👍️
2119896,5,"Wyjątkowy skład, który odżywia delikatną skórę wokół oczu. Szybko się wchłania. Jest bogaty ale nie pozostawia tłustej warst👍️wy. Przyjemna, lekka konsystencja. Efekt odżywienia i regeneracji jest widoczny już po kilku użyciach, co jest świetne. 💪"
2120230,5,😊super🚀🚀
2120230,4,Produkt jest bardzo dobrej jakości. Zaskoczył mnie skład tej maseczki.
2120230,4,👍️👍️👍️🔥
2120230,5,👍️👍️👍️
2120230,5,"Wspaniała maska, nawilża, rozjaśnia"
2120230,5,Uwielbiam.
2120230,3,Trafiony prezent dla mamy . Mama zadowolona z efektu
2120230,5,Super się sprawdza.
2120230,5,genialnie odswieza
2120230,5,Skóra rozświetlona z ładnym glow
2120592,5,Fajna lekka maseczka .
2120592,5,"Bardzo dobra maska, jestem zadowolona,ma moc 💪"
2120592,5,Polecam
2120592,5,"Świetna maska, nawilża i koi, bardzo polecam ❤️"
2120592,3,"Mam wrażenie że wszystkie te mostki dają poczucie nawilżonej skóry dopóki je się trzyma na twarzy, A jak się tylko zdejmie taką maskę z twarzy to czar pryska."
2120592,5,"Bardzo dobra maseczka, pięknie wygładza skórę, szybko się wchłania pozostawia efekt gładkiej skóry."
2120592,5,"Maska koi, nawilża, a do tego kosztuje grosze , mój hit!"
2120592,5,Mocno nawilża. Najlepszą składem!
2120592,5,Maseczka jak dla mnie jedna z najlepszych nawilżających. Na następny dzień miałam super nawilżona nie tłustą skórę. Polecam
2120593,4,Dobry ciekawy
2120593,5,"Mam cerę tłustą i skłonną do zapychania
Padsy są bardzo wygodne w użyciu i dobrze przygotowują skórę do dalszej pielęgnacji. Stosuję je wieczorem razem z serum i kremem z tej samej serii.
Nie powodują zapychania, mają lekką formułę i delikatnie nawilżają oraz odświeżają skórę. Polecam!
...Więcej"
2120593,5,Polecam
2120593,5,"Przyjemna budżetowa alternatywa dla koreańskich, mam nadzieję że produkt na stałe"
2120593,5,Dają bardzo przyjemne uczucie chłodzenia 🤩
2120593,5,Spokojnie mogą zastąpić droższe padsy koreańskiej marki. Skóra po kilku dniach stosowania stała się wyraźnie bardziej miękka i czysta 👍️💪❤️
2120593,5,"Kocham te płatki, szkoda że były tylko przez chwilę do kupienia bo mi się kończą, a z chęcią kupiłabym kolejne"
2120593,5,Polecam 👍️
2120593,5,Super👍️
2120593,5,Kupione dla córki i jest zadowolona.
2120709,5,"Daje uczucie komfortu, nie ściąga skóry. Tonizuje i odświeża skórę. Zapach jest bardzo przyjemny i subtelny."
2120709,5,🔥Nie miałam lepszych !!🔥
2120709,5,"Super są, fajnie tonizują, pięknie pachną."
2120709,3,"Cena dobra jak na jakość, brak pensetki do wyciągania a same płatki są dość szorstkie"
2120709,5,Uważam że dobre już po pierwszym użyciu widać ładne rozświetlenie oraz bardzo ładnie pachnie
2120709,5,Polecam są rewelacyjne 🔥
2120709,5,Super nawilżają i odświeżają skórę
2120709,5,"wygodne w użyciu, super zamiast toniku"
2120709,5,Płatki są super. Buzia i szukała są rozjaśniona i od razu nabiera blasku. Używam na noc. Konieczny najwyższy spf. Bardzo polecam
2120709,5,"Są fajne, stosuję je od 3 miesiący."
2120812,5,Dobrze nawilża. Nie uczula
2120812,5,"Świetne serum, super nawilżenie, dobrze się wchłania, nie pozostawia lepkie warstwy, super skład."
2120812,5,"Lekkie serum, nie klei się, nie roluje, cera jest przyjemnie nawilżona i gładka."
2121691,5,Bezproblemowa aplikacja nawet w pośpiechu.
2121694,5,🔥👍️👍️🚀❤️
2121826,5,"Super, polecam!"
2121868,5,Ok polecam
2121868,4,Super💯
2121872,5,Fajny efekt na skórze twarzy.
2121872,5,Używam na twarz rano i wieczorem oraz po intensywnym wysiłku. Super sprawdza się przy moim trądziku.
2121872,3,Niestety zmiana na gorsze - to już nie srebro koloidalne. Niestety ...
2121872,5,"Świetnie działa na skórę, koi, goi, a nawet pomaga przy oparzeniach 🔥❤️💯"
2121872,1,Po zmianie składu dostałam reakcji alergicznej i mnie wysypało. Wcześniej byłam zadowolona i zużyłam kilka opakowań ale teraz nie polecam!!
2121872,5,"Produkt godny polecenia, spełnienia swoją funkcję"
2121872,2,"Zmieniono skład produktu, przez co mnie wysypało:("
2121872,5,Polecam
2121872,5,super polecam
2121873,2,"Byl sobie swietny produkt. Zniknal. I wrociil ""ulepszony"". Dodano do skladu krwawnika. Po co??? Nie dosc, ze skora (sucha i wrazliwa) szczypie po przemyciu to tonik po prostu smierdzi - przepraszam - rzygami."
2121873,5,"Łagodzi podrażnienia i zapalenia skóry wywołane różnymi czynnikami. Naprawdę działa, pomaga szybciej niż sterydy przypisane przez dermatologa."
2121873,5,Bardzo dobry produkt. Stosuje od długiego czasu
2122093,1,"Kupiłam dwa opakowania. Pachnie pięknie, super nawilża, ale po pierwszym opakowaniu myślałam że kupiłam jakieś wadliwe, ponieważ przestało działać po 2 dniach. Drugie opakowanie było dosłownie takie samo. Po 2 dniach produkt już się nie wyciska. Szkoda pieniędzy."
2122095,5,"Bardzo lekki olejek, nie klei się. Usta są nawilżone i miękkie. Daje subtelny połysk na ustach. 🤩"
2122095,5,Megaaa !!!!!
2122095,5,"Świetnie nawilża,nie jest lepki. Genialny i pięknie się prezentujena ustach."
2122096,5,"Oprócz tego, że dobrze nawilża to faktycznie daje lekki kolorek na ustach. Polecam"
2122096,4,Super produkt natomiast nie nawilża tak mocno jak liczyłam.
2122096,5,Bardzo dobry produkt
2122096,5,"Polecam, ładny kolor i ratuje spierzchnięte usta :)"
2122096,5,najlepszy !!!
2122096,5,"Naprawdę super, że vaselina została wprowadzona w takiej bardziej wygodnej formie do nakładania i sprawdza się super"
2122096,3,bez rewelacji
2122096,5,Uwielbiam tak jak wszystkie produkty z ten firmy
2122096,5,👍️👍️👍️👍️👍️👍️
2122097,5,"Dobrze nawilża usta, nie skleja ich. Polecam!"
2122097,5,Super produkt
2122099,5,🔥🔥🔥🔥
2122099,1,Absolutnie nie powiększa ust a jedynie ostro i nieprzyjemnie piecze. Wyrzuciłam do kosza po pierwszej próbie.
2122099,5,balsam spełnił moje oczekiwania
2122099,5,dobrze nawilża i powiększa usta trochę 🔥
2122099,5,Super balsam usta mrowiią fajne uczucie.Polecam
2122099,1,"Balsam bardzo piekący, o ile byłoby to do zniesienia, gdyby rzeczywiście działał, jak obiecuje producent to ok, ale efektów oprócz okropnego uczucia i zwykłego nabłyszczenia - żadnych niestety"
2122099,3,Mega piecze ale czy powiększa? No nie wiem
2122099,4,Super produkt 💯
2122099,5,"nawilża, bardzo piecze"
2122099,5,🔥💯💪
2122100,5,Usta są po nim bardzo nawilżone.
2122100,5,Super 😻
2122100,5,Wow🔥👍️
2122100,5,idealnie nawilża i ma piękny zapach
2122100,1,Fajny produkt … bo fajnie wygląda. Efektu na ustach (może poza rozświetleniem) żadnego ….
2122100,1,Zapach nie fajny nie podoba mi sie a formuła oki
2122100,4,"Strasznie lejąca konsystencja, serum jest w słoiczku, ale i na pokrywce, na gwincie pokrywki... Dla nawilżenia ust potrzeba minimalnej dawki, a tymczasem łatwo jest nabrać palcem od razu pół słoiczka. Swoją drogą, przerost formy nad treścią. Zawartości jest mniej więcej 1/20 objętości całego słoika - dużo plastiku wokół i pół łyżeczki serum w środku. 4 gwiazdki, bo dobrze działa, zostawia ładne satynowe wykończenie, ale tylko do użytku domowego, nie da się nosić w torebce i użyć bez upaćkania rąk i wszystkiego wokół.
...Więcej"
2122100,5,Zapach i smak cudowny...prawdziwy karmel..fanki tego smaku przepadna i do tego piekne usta lsniace zaraz po nalozeniu. Co do efektow zapewnianych przez producenta..hm ja ich nie widze ale czy to najwazniejsze przy takim boskim zapachu...
2122100,5,"💯super produkt dawno nic nie nawilżało mi tak ust 
Polecam🔥🔥🔥"
2122100,5,👍️💯💯❤️
2122102,5,"Przyjemny na ustach, fajnie nawilża. Warto kupić go w promocji"
2122102,4,❤️ jest super
2122102,3,"Jest to balsam, który pod wpływem ciepła ust zmienia się w olejek. Niestety bardzo rzadki i rozlewający się. Bez szału. 
Zabezpieczenie na opakowaniu, które jest pewnego rodzaju nowością w tego typu balsamach raczej średnio udane. Ciężko się przekręca
...Więcej"
2122102,5,🔥❤️❤️👍️❤️🥰🤩🥳🥳🥳🥳🙂🙂
2122102,2,Niestety produkt nie spełnił moich oczekiwań nie nawilża ciężko się go aplikuje nie chce wyjsc z opakowania
2122102,5,Bardzo fajny
2122102,3,"Szału nie ma. Lejący na ustach. Kolor dość nasycony, mimo, że to olejek. Na plus bardzo przyjemny aplikator. Więcej jednak nie kupię"
2122102,5,Super !
2122103,4,"Jest okay, ale nie robi nic specjalnego"
2122103,2,Ciężko się go wyciąga z opakowania nie nawilża nie robi nic na ustach
2122342,5,Łatwość w dozowaniu
2122342,5,"Świetny produkt, z funkcja chłodzenia .
To jest, to czego szukałem od kilku lat"
2122345,5,"Aplikacja jest szybka i komfortowa. Uwielbiam efekt miękkiej, wypoczętej skóry tuż po aplikacji. To był dobry wybór."
2123445,4,Dobrze nawilża
2123445,4,"Zapach delikatny, nie wiem nad czym wszyscy się zachwycają. Działanie poprawne, ale bez efektu wow"
2123445,4,"konsystencja bardzo fajna i usta są faktycznie po masełku nawilżone, jednakże minusem jest krótkie się utrzymywanie produktu na ustach i nie chodzi o jego zjadanie"
2123445,5,"Maska ma świetny skład,działanie jak kultowy odpowiednik z L.Bardzo dobrze się ją aplikuje ,rano są nawilżone,radzi sobie nawet z bardzo przesuszonymi ustami.Jest bardzo wydajna.
Mam nadzieję,że będzie jednak na stałe w sprzedazy,a nie jako wersja limitowana."
2123604,4,Fajna ale perłowy kolor trochę nierównomiernie się rozkłada. Niestety najsłabsza z pozostałych czterech. Ale da się ją użytkować i wyciągnąć z niej lepszy efekt więc polecam przetestować.
2123604,3,Jest bardzo fajną ale kolor troszkę zbyt jasny jak dla mnie ale tak to jest bardzo fajny i delikatny💋
2123604,5,Świetny pigment też ładne nawilżenie
2123604,5,"Piękny zapach👍️❤️
Kocham firmę NIVEA 🤩"
2123604,5,"Prześlicznie wygląda na ustach ,ma piękny zapach i świetnie regeneruje i nawilża usta.💄💋"
2123604,5,Ma cudowny kolor
2123604,5,🔥🔥🔥
2123604,5,Jaśniutki kolor
2123604,5,🔥🔥🔥🔥🔥🔥
2123604,1,Slaby kolor
2123605,4,"Fajna, ładny zapach, kolor i opakowanie. Przed zawsze nakładam inny balsam żeby kolor się równomiernie rozłożył. Mimo wszystko polecam."
2123605,5,Cudowny kolor i zapach
2123605,5,"Bardzo lubię tę pomadkę NIVEA Bridgerton Kate & Anthony Blackberry. Usta są po niej miękkie i nawilżone, a lekki jagodowy kolor wygląda naturalnie. Fajnie, że ma też ładne opakowanie – czuć w nim klimat Bridgerton!"
2123605,5,Jest ok
2123605,5,Fuksjowy trochę bakłażanowy kolor fajnie wygląda do ciemniejszej karnacji
2123607,5,"Bardzo dobra pomadka, piękny zapach, wygląd i dobre nawilżenie. Serdecznie polecam. Według mnie najlepsza spośród 4 które wyszły."
2123607,5,Usta są miękkie i gładkie ❤️
2123607,5,"Kupiłam bez oczekiwań, a okazała się 5/5 👍️"
2123607,4,"🤩jest super, pachnie obłędnie"
2123607,5,❤️💞💞🤩Cudo. Piękny zapach. Usta zawsze nabliżone.
2123607,5,"Świetna sezonowa alternatywa o konsystencji masełka w sztyfcie. Pięknie nawilża i wygładza zostawiając delikatny, stonowany połysk. Wydajna, komfortowa w użyciu, zaprojektowana z wysoką troską o estetykę."
2123607,5,Mega fajna pomatka bardzo dobrze nawilża 💛♥️♥️🥰
2123607,5,🔥🔥🔥
2123607,5,Jest super👍️
2123607,3,"pięknie pachnie, ale nie nawilża na długo, w moim przypadku jest to 30min-60 min maksymalnie w zależności od dnia i pogody"
2123737,5,Dobrze dobrany skład dla delikatnej skóry pod oczami.
2123739,5,Konsystencja jest przyjemna i łatwo się wchłania. 💯
2123746,5,Lekki z dobrym składem
2123746,5,"Rewelacyjny, leciutki spf,kochaam ♥️"
2123746,5,💯❤️💯
2123746,1,"Tłusty, ciężki, cały dzień wyczuwalny na twarzy."
2123751,5,"Jestem zachwycona efektami, przyjemny zapach, delikatny dla skóry i skuteczny, polecam🔥"
2123751,5,Nowość którą dwa razy użyłam po peelingu. Dobrze załagodziła moją cerę po zabiegu. Polecam👍️
2123755,5,"Poprawia jędrność mojej cery i nawilża. Bardzo dobrze się wchłania, nie trzeba długo czekać. Cieszę się, że na niego trafiłem."
2123756,5,"Moja cera odżyła, boski krem."
2123827,5,Ekstra maska
2123827,5,rekaks i gladka skora
2123827,5,"Rewelacyjna maseczka! Koi, wycisza, nawilża. Polecam 👍"
2123827,5,🔥🔥🔥
2123827,5,Super nawilża
2123870,5,Nawilżenie jest długotrwałe.
2123873,4,U mnie się nie sprawdził.
2123874,5,Polecam!❤️
2123883,5,Bardzo dobrze się wchłania
2123887,5,Bardzo dobrze radzi sobie z przesuszeniami i szarą cerą.
2123887,4,Dobrze się wchłania i ma filtr 15
2123903,5,"Krem w sama raz dla mnie - lekki, nie zostawia tłustej warstwy. Wygodna i szybka aplikacja. Ma wszystko, czego szukam w dobrym kremie."
2123903,5,Moja skóra jest nawilżona przez cały dzień.
2123903,5,Dobry dla mojej cery
2123971,5,❤️❤️❤️❤️❤️❤️❤️
2123972,5,"Bardzo dobra kompozycja olejków roślinnych, odżywia skórę. Skóra po nim jest miękka. Wygodna butelka z pompką."
2123972,5,Super.
2123972,5,❤️❤️❤️❤️❤️❤️
2123972,5,Uwielbiam świetnie domywa twarz i najważniejsze że nie szczypie w oczy. Szkoda tylko że taki drogi :(
2123974,5,"Używam z kremem i efekt mnie zaskoczył. Skóra jest gładsza, a makijaż trzyma się
dłużej. Będę wracać :)"
2123974,5,"Produkt stosuję zawsze rano przed wyjściem do pracy – efekty widać od razu. Przyjemny dla skóry, bez uczucia tłustości. Jak dla mnie idealne serum na co dzień! 👍️"
2123974,5,Cienie pod oczami są zdecydowanie mniej widoczne. Polecam!
2123974,1,"Bardzo lubię produkty Veoli Botanica, więc skusiłam się na serum pod oczy. Poza tym kosmetyk był w świetnej cenie. Niestety bardzo się zawiodłam i aż trudno mi uwierzyć, że ta marka wypuściła takiego bubla. Konsystencja serum jest ok, łatwo się rozprowadza, nie podrażnia oczu, ale na tym plusy się kończą. Kosmetyk bardzo szybko się wchłania, i pozostawia uczucie suchości pod oczami, za to pod makijażem roluje się, że ho ho. Nie wierzę w cuda, że kosmetyki mogą jakkolwiek wygładzać skórę, ale nawilżenia zdecydowanie można oczekiwać. Znam dużo lepsze i tańsze sera.
...Więcej"
2123974,5,"Dobry produkt, szybko się wchłania i nie podrażnia.
Skóra pod oczami wygląda na bardziej odżywioną i wypoczętą. Na pewno kupię
znowu."
2124000,5,Przyjemny w użyciu - ładny zapach
2124000,5,Fajnie nawilża
2124002,5,"Po nałożeniu serum czuję natychmiastowe nawilżenie. Bardzo lekka konsystencja, szybko się wchłania. Skóra staje się widocznie gładsza."
2124002,5,"Skóra po nim jest miękka, promienna, odżywiona. Miły w aplikacji, wystarczy mała ilość aby zaaplikować go na całą twarz, bardzo wydajny. Piękny zapach. Widoczne efekty działania po bardzo krótkim czasu stosowania."
2124005,5,Super 👍🏻
2124005,5,"Świetna konsystencja, piękny zapach, skóra wyraźnie bardziej promienna, nawilżona, bardziej wypoczęta. Niesamowite przyjemny w używaniu."
2124017,4,Krem na idealną formułę. Jedynie zapach nieco zbyt intensywny (dlatego o jedną gwiazdkę mniej).
2124060,1,nie trzymają się skóry
2124060,3,"Bardzo słodkie i poręczne opakowanie, i tych plasterków jest dość sporo, spoko wchłanią. Ale niestety są zbyt sztywne i w razie gdy zmiana na skórze jest bardziej wypukła, albo znajduje się w okolicy nosa, linii mimicznej nie trzyma się dobrze. Więc nie jest to produkt uniwersalny."
2124060,1,"Totalnie nietrafiona koncepcja. Plastry wychodzą na taśmie i od razu się od niej odlepiają. Dodatkowo jeden, duży rozmiar, który nie zawsze pasuje na wszystkie zmiany. Lepsza wersja w foliowym opakowaniu."
2124060,5,Bardzo fajne praktyczne ! ❤️
2124060,5,"Kolejne cudowne plasterki od AA 🫶🏻 cena wydaje się wysoka, ale za 100szt wychodzi praktycznie tak samo jak przy innych markach. Świetnie się sprawdzają zarówno na wypryski jak i stany zapalne."
2124060,2,"Bardzo grube i nieelastyczne plasterki, przez co nie przylegają dobrze np na nosie czy brodzie, jak taki kawałek silikonu."
2124060,5,"Przepiękne opakowanie oraz cudowne plasterki, które wyciągają wszystko"
2124066,5,Super Polecam
2124066,5,Dla cery suchej 50+ rewelacyjny
2124066,4,Produkt dobrze zmywa makijaż. Nie powoduje ściągnięcia twarzy i co najważniejsze nie podrażnia oczu. Raczej wydajny bo wystarczy użyć niewielką ilość.
2124068,5,"Po jego użyciu, skóra wydaje się niesamowicie gładka i odżywiona.👌 Nie zostawia tłustego filmu, skóra jest od razu gotowa na makijaż."
2124069,5,"Nawilżenie 10/10.;) Uwielbiam ten krem za to, jak lekko się aplikuje. Ma wszystko, czego szukam w dobrym kremie."
2124070,5,"Krem jak masełko. Extra formuła. Wysoce polecam, jestem zadowolona z zakupu."
2124071,5,"Dobrze, że producent zadbał o bogaty i przemyślany skład. Krem ma przyjemną, niezbyt gęstą konsystencję. Skóra jest bardziej nawilżona i elastyczna."
2124106,5,"Dobry i bezpieczny skład, świetnie peelinguje!"
2124107,3,"Akurat dla mojej twarzy dojrzałej, trądzikowej nie jest najlepsza. Po nocy mam wysyp czerwonych kostek."
2124107,1,"Jestem bardzo zawiedziony produktem. Bardzo zle zaprojektowany produkt . Wylewa sie z opakowania co wyglada nieestetycznie I niehigienicznie. Ani zel ani plyn . Zdecydowanie nie przypomina maski do twarzy I swoja tesktura mnie odstrasza , maze sie I slabo sie wchlania . Rozczarowanie podwojne poniewaz po raz kolejny zakupilem serum I krem tej samej serii ktore sa bardzo dobre I sluza mojej tlustej skorze wiec krem/maska na noc bylby doskonalym dodatkiem/boosterem .
...Więcej"
2124107,4,"Nie jestem pewna czy produkt coś daje z regeneracji, ale na pewno daje super glow, miękką buzie i jest przyjemnym dodatkiem jeśli chce się zrobić domowe spa. Irytuje mnie jednak otwieranie produktu. Całe szczęście, że plastikowa biała nakładka tam jest, bo połowa produktu byłaby na podłodze. Przy prawie pełnym produkcie i tak mam strach, że coś poleci.
...Więcej"
2124107,5,"Ta maska naprawdę działa, wygładza, redukuje wągry i nadaje twarzy👍️ świeży blask. Super!"
2124107,5,Dobrze radzi z zaczerwieniami na skórze oraz pomaga na stany zapalne skóry u mnie.
2124133,5,🔥🔥🔥
2124133,5,Super błyszczyk do ust ma super zapach wiśni
2124134,5,"Smakowita, super się rozprowadza."
2124186,2,"Bieli, ciężko sie rozsmarowuje (po chwili robi się lekko tępy w dotyku) i wolno wchłania"
2124186,1,"Bieli twarz, makijaż się na nim nie trzyma i ma drażniący zapach. Na pewno nie kupię ponownie"
2124210,5,"Ma delikatny, przyjemny zapach – dodatkowy plus przy aplikacji."
2124210,5,"Lekka konsystencja bardzo szybko się wchłania. Cery tłuste i mieszane będą zadowolone. Nie roluje się pod podkładem, świetny jako baza. Oryginalny zapach - miętowy?, ale szybko się ulatnia."
2124213,3,"Zapach, który uniemożliwia używanie produktu."
2124213,5,"Przyjemny efekt chłodząco- kojący, skóra po tej maseczce jest fajnie gładka i miękka."
2124215,3,"Bardzo niefajny zapach, który niestety uniemożliwia używanie produktu."
2124411,5,"super oczyszcza , jak na razie jestem zadowolona"
2124411,5,Delikatny i skuteczny
2124411,5,Absolutnie uwielbiam! 🚀🔥💯
2124411,3,Nie jest źle ale też nie jest dobrze. Dopiero zaczęłam używać tego żelu ale nie widzę żadnych zmian na skórze
2124411,5,10/10 daje duży efekt wygładzenia
2124417,4,"Żelowa, przyjemna konsystencja. Faktycznie uczucie nawilżenia natychmiastowe. Jedyny minus to zapach, ale ja nie lubię perfumowanych kosmetyków."
2124417,5,"Produkt świetnie nawadnia skórę, czuję różnicę. Żel ma delikatną, łatwą do rozprowadzenia konsystencję. Zapach jest subtelny i przyjemny."
2124524,5,"Nie lepi się, nie zostawia śladów na ubraniach. Buzia wygląda od razu lepiej.;)"
2124524,5,"Krem jest bardzo lekki i szybko się wchłania. Skóra po użyciu jest widocznie bardziej elastyczna i jędrna. Dyskretny zapach, który umila codzienne stosowanie."
2124524,5,Moja skóra jest teraz bardziej elastyczna. Przyjemnie się nakłada na skórę. 💯
2124524,5,"Uwielbiam efekt miękkiej, wypoczętej skóry tuż po aplikacji."
2124524,5,Bardzo dobrze radzi sobie z przesuszeniami i szarą cerą.
2124527,5,Skóra jest wyraźnie bardziej nawilżona po jego użyciu. Jestem zadowolona z tej jedwabistej konsystencji produktu.
2124531,5,Bogaty skład tego kremu pod oczy.
2124548,4,Jest ok. Nawilża
2124565,5,"Delikatny. Nie szczypie w oczy, dzięki temu można dokladnie zmyć makijaż. Ładnie, delikatnie pachnie."
2124575,5,Extra!
2124575,5,"To jeden z tych produktów, do których regularnie wracam."
2124575,5,Wygodne opakowanie i szybka aplikacja. Zostaje ze mną na dłużej. Zauważyłam znaczną poprawę w wyglądzie mojej cery.
2124576,5,"Nadaje się do stosowania na twarz, szyję i dekolt – nic się nie marnuje."
2124576,5,Lubię ten krem za komfort stosowania.
2124585,5,"Nawilżenie jest długotrwałe, co jest dla mnie ważne. Dobrze się rozprowadza po skórze. Skóra wygląda na bardziej promienną i wypoczętą."
2124586,5,"Super się wchłania,skóra jest gładka,dobrze nawilżona"
2124586,1,Niestety serum uczuliło mnie po pierwszym użyciu... ale jestem też alergikiem.
2124586,5,"To rewelacyjne serum, które daje zarówno efekty długoterminowe (ujędrnienie skóry, poprawa owalu twarzy?, ale i natychmiastowy efekt wow. Skóra od razu jest cudownie rozświetlona i wygląda promiennie."
2124586,5,"🔥Świetnie nawilża, dla kobiety w okolicach 50tki super! 🔥"
2124586,5,Bardzo dobre serum do twarzy. Już po pierwszym zastosowaniu widać efekty ładnej skóry i dobrego odżywienia. Stosuję wieczorem jak i rano. Konsystencja nie jest ciężka więc można stosować pod makijaż. Opakowanie ładne jednak gdyby było szklane a nie plastikowe z pewnością wizualnie byłby to efekt wow.
2124587,5,Moja cera jest bardziej zwarta i odżywiona. Moja cera wreszcie wygląda na dobrze nawilżoną. Konsystencja jest wręcz idealna do codziennego rytuału.
2124587,4,"Czuję, że moja skóra jest gładsza i bardziej nawilżona. ❤️"
2124587,5,🔥🔥🔥
2124588,5,Jest ok
2124588,5,"Zgrabne opakowanie, idealne do torebki czy na wyjazd."
2124592,1,Miejsce po nałożeniu wygląda bardzo sucho nie nadaje sie pod makijaż
2124592,3,Klasyczne plastry skuteczniej działają
2124592,3,Łuszczy się podczas stosowania podkładu
2124592,5,❤️❤️10/10
2124600,5,Serum przyjemnie pachnie i fajnie się rozprowadza. Nie roluje się w połączeniu z kremem i olejkiem. Mam cerę mieszaną i mi odpowiada.
2124602,4,"Krem ma przyjemną, delikatną konsystencję. Lubię go za to, że tak lekko się rozprowadza. Idealny do codziennej pielęgnacji.⭐"
2124602,3,Nie widzę żadnej różnicy
2124603,5,"Czuję, że moje nawilżenie skóry się poprawiło. Ma lekką konsystencję, szybko się wchłania. Zauważyłam znaczną poprawę w redukcji zaczerwienień. ❤️"
2124604,5,Są super naprawdę pomagają
2124604,5,Są świetne!! Użyłam ich i od razu lepiej!! Niewidoczne plastry szybko pomogły mi z problemem.
2124604,5,"super, po jednej nocy pryszcz znika"
2124604,4,Nie sa az tak dobre ale sa ok
2124604,4,Fajny produkt
2124604,5,🔥🔥🔥
2124604,5,Polecam
2124604,4,"Naklejki z tej firmy są najlepsze. Fajnie, że zrobili większe opakowanie – cenowo wychodzi jeszcze korzystniej, ale po co te kształty? Gwiazdki trochę słabo się trzymają..."
2124604,5,Polecam sa mega
2124604,3,"Formuła podobna do klasycznych okrągłych
plastrów, działanie również porównywalne. Jedynym mankamentem tego
produktu jest sam kształt, który jest bardziej podatny
na odklejanie się. Najbardziej podoba mi się szczelne zamknięcie opakowania.
...Więcej"
2124648,5,Dobrze napina skórę.
2124666,5,"Bardzo lekka, dobrze się rozprowadza. Skóra jest gładsza i bardziej elastyczna. Delikatny, ledwo wyczuwalny."
2124666,5,"Krem w sama arz dla mnie - lekki, nie zostawia tłustej warstwy."
2124666,5,Sprawdza się na typie mojej skóry.
2124666,5,Można bez obaw stosować także na szyję i dekolt. Skóra wygląda o wiele lepiej już w krótkim czasie. Kupiłabym ponownie.;) Polecam serdecznie.
2124667,5,"Idealna konsystencja dla cery dojrzałej, nawilża."
2124668,5,Polecam
2124668,5,"Ten krem naprawdę poprawia wygląd mojej skóry, jest miękka i nawilżona."
2124668,5,Poprawia jędrność mojej cery i nawilża.
2124668,5,"Lubię ten krem, używam go odd dawnani jestem bardzo zadowolona. 👍️👍️Skóra wygląda o wiele lepiej już w krótkim czasie."
2124668,5,Cudownie kremowa formuła – łatwo się go używa.
2124669,5,"Skóra jest bardzo nawilżona po użyciu. Bardzo lekka i wodnista konsystencja, idealna pod makijaż. Cera wygląda na zdrowszą i bardziej wypoczętą. 👍️"
2124670,5,Super się rozprowadza. Super napina.
2124670,5,Super pod oczy wyśmienity krem i konsystencja
2124670,5,ŚWIETNY. Używam i jestem zadowolona
2124670,5,Rewelacja
2124701,5,Rozświetlające
2124701,5,Też zacznie polecam super produkt nawilża delikatne daje Glow
2124701,5,"Póki co jestem zachwycona! Produkt posiada w sobie taką różową perłę, ale naprawdę mam wrażenie, że widzę efekt :)"
2124709,5,Cera wygląda zdrowiej. Kupiłam pierwszy raz ten krem na razie jestem zadowolona dziekuje
2124709,5,"Uwielbiam ten krem za to, jak lekko się aplikuje."
2124711,4,"Nie klei się, nie zostawia żadnych śladów. Wysoce polecam, jestem zadowolona z zakupu."
2124711,5,"Skóra wygląda o wiele lepiej już w krótkim czasie. Krem jest bardzo wydajny, wystarczy niewielka ilość."
2124711,4,"Znakomicie sprawdza się jako część wieczornej rutyny. Opakowanie nie brudzi, idealne do precyzyjnego dozowania."
2124711,4,Nawilżenie 10/10.;)
2124711,5,"Konkretna, odżywcza krem maska na noc."
2124711,5,"Wygładza drobne linie i zmarszczki. Nie zostawia smug ani uczucia ściągnięcia. Dobry kosmetyk, polecam serdecznie.👍"
2124712,5,"Bardzo dobrze się rozprowadza metalowa końcówka schładza, powiekę."
2124712,5,Świetny aplikator
2124712,5,Dobrze się aplikuje. Skóra pozostaje miła i odżywiona.
2124712,5,Podoba mi się :)
2124712,4,Dopiero zaczęłam ozywać. Trudno ocenić.
2124766,5,Super przyjemna kojąca nawilżająca
2124766,5,"Super tłuściutkie serum, dobry atomizer."
2124766,5,Skóra odzyskuje elastyczność i wygląda na zdrowo nawilżoną. Mleczna konsystencja jest przyjemna w użyciu.
2124766,5,"Skóra jest po nim taka miękka i nawilżona. Bardzo lekka, szybko się wchłania. Skóra jest odżywiona i promienna. ❤️"
2124766,5,"Super serum, nawilża , ale nie zostawia tłustego filmu."
2124766,5,🔥🚀гарний спрей
2124766,4,"Fajna, nie podrażnia, jest bardzo delikatna."
2124767,5,Bardzo dobry kosmetyk . Polecam
2124767,5,"Super koi przyjemne, na razie nic więcej nie mogę dodać, zbyt krótko używam"
2124767,5,"Tłuściutka esencja z dobrym atomizerem, ładnie ale mocno pachnie - mi to nie przeszkadza. Ładnie nawilża skórę."
2124767,5,"Bardzo fajne serum, skóra faktycznie ma efekt “glass skin” i jest mega nawilżona przez cały dzień. Natomiast trzeba uważać z nakładaną ilością, ponieważ można przesadzić i serum się nie wchłonie oraz zostawi skórę wyglądającą jakby się wysmarowało olejem."
2124767,5,Po nałożeniu czuć natychmiastowe nawilżenie. Skóra jest odczuwalnie bardziej nawilżona.
2124767,2,"Bardzo mnie uczuliło. Wysypka na całej twarzy. Odstawiłam i wszystko powoli wraca do normy. Szkoda, bo miałam nadzieje związane z tym serum."
2124767,5,"Bardzo fajna esencja, bogata formuła świetnie nawilża skórę. Skóra po kilku użyciach jest nawilżona z efektem flash skin. Polecam."
2124767,5,"Сироватка🔥 ціна вигідна, великий об'єм, якість супер!"
2124767,5,Bardzo fajny produkt. Mocno nawilża i wygładza.
2124767,2,"Bardzo kleisty ,zostawia lepka strukturę."
2124770,5,"Daje wspaniałe efekty. Skóra po aplikacji jest gładka i przyjemna w dotyku. Świetny wybór, bardzo się u mnie sprawdził. Polecam."
2124770,5,Cudownie kremowa formuła – łatwo się go używa. Daje super efekt nawilżenia.
2124770,5,Konsystencja kremu jest miękka i łatwa w rozprowadzeniu.
2124770,5,"Nie zapycha porów, a skóra staje się gładsza i bardziej rozświetlona."
2124770,5,"Krem jest bardzo wydajny, wystarczy niewielka ilość. Najlepszy, moja cera jest teraz promienna i nawilżona. Wspaniały zakup, polecam.👍 
Dla suchej, ściągniętej skóry z problemem z odwilżeniem idealny ratunek."
2124771,5,"Pozostawia skórę nawilżoną, ale bez tłustego filmu. Skóra jest wyraźnie bardziej nawilżona po użyciu. Aromat jest bardzo odświeżający i długo się utrzymuje. ❤️"
2124772,3,"Szybko sie wchłania, nie zostawia tlustej powłoki na skórze, ale niestety sprawia, ze moj krem bb sie waży. Uważam ze sprawdzi sie jako ochrona w dni kiedy nie mam makijażu"
2124772,5,Moja cera odzyskała ładny i zdrowy blask. Zapach jest delikatny i przyjemny. Bardzo dobrze współpracuje z moją cerą podczas nakładania.
2124772,3,"Krem ma dosyć “ciężką” konsystencję, nie rozprowadza się go jakoś mega gładko. Również gdy użyłam go po nałożeniu serum od Bielendy to zaczął się rolować, nie wiem jak w przypadku innych kosmetyków, ale teraz używam go tylko po serum z tej samej serii, bo wtedy się nie roluje. Gdybym miała oceniać jego działanie to sam w sobie jest okej i bardzo fajnie nawilża.
...Więcej"
2124772,4,"Nie zauważyłam podrażnień, działa bardzo łagodnie i skutecznie. Subtelny zapach produktu. Bardzo szybko się wchłania, zostawiając skórę bardzo gładką."
2124772,5,"Idealna konsystencja, nie zostawia tłustego filmu. Krem zapewnia długotrwałe nawilżenie i ochronę, idealny pod makijaż. Zapach jest ledwo wyczuwalny, co jest plusem."
2124772,2,Słabo nawilża.
2124772,5,Szukałam kremu z SPF 50 który nie będzie zapychał. Ten dobrze nawilża skórę i jej nie zapycha. Polecam
2124772,5,"Mam cerę mieszaną i kremy z filtrem zawsze leżały ciężko na mojej twarzy,natomiast ten nowy krem od Eveline jest super lekki.Wchłania się niemalże całkowicie i pozostawia skórę fajnie nawilżona.Dobrze współgra z podkładem,makijaż trzyma sie caly dzień.Napewno ten krem będzie ze mną przez całe lato :)"
2124815,5,"Na razie użyta tylko raz, ale ma spory potencjał."
2124815,5,"Piękny zapach, fajna konsystencja, po pierwszym użyciu widać już efekt jeśli chodzi o zaskórniki na nosie:) polecam!"
2124815,5,UWIELBIAM✌️❤️‍🩹💗
2124815,5,"Widać, że składniki zostały dobrane z myślą o oczyszczaniu. Produkt jest bardzo wydajny. Skóra jest po niej bardzo gładka. ❤️"
2124815,4,"Lubię ją - fajnie oczyszcza i odświeża skórę. Uważałabym jedynie na drobnki które zawiera, dla cery wrażliwej mogą być drażniące."
2124815,4,"Ciekawy skład, czuć naturalne ekstrakty. Po nałożeniu czuć lekkie mrowienie. Konsystencja jest przyjemna."
2124815,5,"Maseczka oczyszcza, rzeczywiście nie zastyga. Jest komfortowa w nakładaniu jak i noszeniu"
2124886,5,Skóra jest świetnie nawilżona po użyciu. 🔥
2125271,5,Bardzo fajne dla skory
2125271,5,"Świetnie nawilżają, penseta w środku na plus🔥"
2125274,5,. Skóra jest po nim gładka i wygląda na zdrowszą.
2125308,5,Świetnie nawilża skórę. Jest świetny.
2125308,2,"Bardzo niewydajny, jest to żelowa konsystencja i nie ma opcji nakładać na wacik."
2125372,2,"Krem bardzo suchy i ściągający W starszym wieku nie daje uczucia komfortu
Liczyłam na nawilżenie"
2125379,5,Bardzo delikatna dla skóry.
2125379,5,"Pianka wydaje się naprawdę solidna i wysokiej jakości. Aromat jest bardzo naturalny, bez chemicznych nut w tle. Skóra po umyciu jest miękka i gładka."
2125379,5,"Dobrze oczyszcza skórę. Zapach jest delikatny, nie drażni. Pianka jest świetna, dobrze się rozprowadza."
2125379,5,Tak samo polecam
2125379,5,polecam
2125379,1,Nie fajne nie polecam
2125379,5,"👍️dobre dla młodej cery,ładny zapach"
2125380,5,Skóra jest po nim odświeżona i zrewitalizowana.
2125380,5,Zapach jest bardzo delikatny i przyjemny.
2125380,4,super ale opakowanie ma jakiś dziwny system otwierania i nie zawsze chce sie przekręcić
2125380,5,Super do pielęgancji. Cudownie pachnie.Polecam
2125380,2,nic nie robi
2125380,4,"Jest ok, pięknie pachnie"
2125380,5,Super produkt
2125380,3,Myślałam że będzie lepszy ale jest Okey 👍️👍️
2125380,5,"👍️dobre dla młodej cery,ładny zapach"
2125380,5,Super są te kosmetyki
2125381,5,Jestem zachwycona jakością wykonania.
2125381,5,Mega fajny
2125381,4,"Fajna cena, i produkt ale często jest niedostępne"
2125381,5,"super, nie spodziewałam się że taki tani produkt jest w stanie tak dużo zrobić,byłam sceptycznie nastawiona a pozytywnie mnie zaskoczył"
2125381,5,Fajnie oczyszczą i pielęgnuje twarz ale nie ma aż takiej konsystencji ( nie rozciąga się tak bardzo) jak się spodziewałam jednak jest adekwatne do swojej ceny
2125381,5,👍️👍️👍️👍️❤️
2125381,5,Super mega
2125531,5,"CUDOWNY. Świetny balsam, piękny zapach, opakowanie. Daje taki efekt glass skin tylko, że na ustach. Przyjemnie się rozprowadza. Muszę koniecznie przetestować inne zapachy. Tylko mała uwaga balsam sprawdzi się na co dzień do nawilżania ale nie pomoże przy bardzo przesuszonych ustach, ponieważ nie jest on tak mocno nawilżający. Ale jeśli wasze usta po prostu potrzebują delikatnego nawilżenia i gładkości i chcecie pachnieć pięknie brzoskwinią to coś dla was.
...Więcej"
2125531,5,"super pomadka, pachnąca i nawilżająca"
2125532,5,"Zauważyłam znaczącą poprawę nawilżenia ust, zwłaszcza w chłodniejsze dni."
2125532,2,"Niestety,poza pięknym zapachem kokosa i uroczym opakowaniem ten balsam nie robi nic dla ust. Szybko się wchłania, nie dając żadnego uczucia nawilżenia"
2125533,5,"Usta są miękkie i nawilżone przez długi czas. Pozostawia na ustach delikatny, naturalny połysk. Sztyft jest idealnie wyprofilowany do aplikacji."
2125533,5,Pięknie pachnie i delikatnie nawilza
2125687,5,"Krem jest bardzo wydajny, wystarczy niewielka ilość."
2125687,4,Troszkę klejący
2125687,4,Codzienne użycie to przyjemny moment.;) Moja skóra jest teraz bardziej elastyczna. Warto mieć go w swojej kosmetyczce.
2125687,5,"Bardzo lekka, szybko się wchłania. Nawilża i odżywia skórę. Delikatny i przyjemny zapach. Jest megga tania 👍️💪🚀💯❤️🤝🤩💞👏🙌"
2125687,5,🔥Po nałożeniu skóra jest pełna blasku.👌
2125687,1,Produkt uczulił córkę.
2125687,5,"👍️dobre dla młodej cery,ładny zapach"
2125687,5,"To jeden z najwygodniejszych kremów, jakie miałam."
2125687,5,Poprawia elastyczność i ogólną kondycję skóry. Każde użycie to czysta przyjemność. Zaskoczył mnie pozytywnie już po pierwszym użyciu. Ma ciekawą konsystencję ale działa cuda!💯
2125687,4,"Krem w sama arz dla mnie - lekki, nie zostawia tłustej warstwy. Kompatybilny z innymi kosmetykami do twarzy.;) Bardzo dobra jakość w rozsądnej cenie. Mam młodą twarz i działa naprawdę świetnie ❤️"
2125688,5,"Bardzo lekka, idealna na lato."
2125688,4,"Troszkę dla mnie za bardzo się klei, ale ogólnie polecam"
2125688,5,"❤️💪🔥Kocham to kupię to ponownie Nie klei się, nie zostawia żadnych śladów. Skóra jest miękka, dobrze nawilżona. Totalnie mnie zauroczył, konsystencją, działaniem, zapachem."
2125688,1,Produkt uczulił córkę.
2125688,5,Po nałożeniu skóra jest pełna blasku.👌
2125688,5,"Bardzo dobrze się wchłania, nie trzeba długo czekać. Jest doskonały, nawet dla cery naczynkowej."
2125688,3,Produkt był poturbowanyyy
2125688,5,💯💯💯💯💯💯
2125689,5,"Bardzo profesjonalna formuła, czuć to przy każdym użyciu."
2125689,5,Uwielbiam konsystencję i zapach
2125689,5,Skóra po użyciu jest gładka. Przyjemnie pachnie. Opakowanie jest solidne i estetyczne. ❤️
2125689,4,❤️ nardomwugonu i delikatni dla.zkury pllec tesz dp skiry bardo mlodej
2125689,5,💯❤️❤️❤️❤️❤️
2125689,5,Super!
2125689,5,Jak na chwilę obecną jest ok. ❤️
2125719,5,"Zapach jest świeży i nie drażni. Pianka ma niezwykle aksamitną konsystencję. Moja cera odzyskała ładny, zdrowy odcień. Bardzo polecam i chętnie przetestuję inne produkty z tej serii<3"
2125719,5,"Pianka dba o prawidłowe nawilżenie twarzy. Zapach jest subtelny i przyjemny. Pianka ma lekką konsystencję, która dobrze się rozprowadza."
2125719,5,Super produkt
2125719,5,"Super lekka Produkt jest wydajny, wystarczy niewielka ilość. Skóra po umyciu jest gładka i odświeżona. Bardzo przyjemny, świeży zapach, który umila poranną pielęgnację."
2125719,5,👍️👍️👍️👍️👍️
2125724,3,Zaostrza pieczenie podrażnionej skóry
2125804,2,"Szkoda pieniędzy, efekt taki sam jak po wyciśnięciu wągra palcami 😅"
2125804,1,Szkoda pieniędzy.
2125804,4,"Jeżeli ktoś ma płytkie zaskórniki na nosie, zastosuje się do instrukcji, żeby nałożyć preparat po wyjściu z wanny, to tak działa. Ja jestem zadowolona. Ale nie pomoże na zaskórniki, które są bardzo głęboko."
2125804,1,szkoda kasy
2125804,4,Szpatułką hit 😘 używam zgodnie z zasadami
2125804,5,👍️👍️👍️👍️👍️👍️👍️
2125804,3,używam
2125804,5,Polecam
2125804,4,"JEST OK,"
2125804,2,"Faktycznie produkt usuwa zaskórniki, ale skóra jest bardzo podrażniona, do tego zaskorniki po 2-3 dniach wracają ze zdwojoną a nawet potrojoną siłą."
2125806,5,🔥👍️👍️💪
2125806,5,Fajnie oczyszcza
2125807,4,"Może i bez mega wow, ale daje fajny delikatny efekt"
2125814,5,Super do reaplikacji spf i pięknie pachnie 🔥
2125815,2,paskidnie sie roluje
2125815,5,"Skóra jest miękka, dobrze nawilżona."
2125816,5,"Przyjemne serum, nie uczula, nie ściąga, na efekty jeszcze muszę poczekać"
2125817,3,"Niestety, super opakowanie, świetna cena, ale te plasterki nic nie robią"
2125817,5,🔥👍️💪
2125817,3,"Dobrze działają na pojedyncze wypryski i przyspieszają gojenie, jednak w tej cenie na rynku dostępne są tańsze i często skuteczniejsze zamienniki."
2125817,5,super plasterki
2125818,5,"Świetny produkt, rzeczywiście działa na wypryski. Jest w postaci kremu, który zasycha, więc nie brudzi niczego dookoła."
2125818,5,"Naprawdę rewelacja, wysusza super"
2125818,5,Polecam
2125818,5,🔥👍️👍️💪
2125818,5,Delikatnie wysusza wypryski.
2125818,5,💪🚀💯
2125821,3,Nie robi nic specjalnego ze skórą. Raczej średnio nawilża
2125921,4,Moja skóra jest teraz bardziej elastyczna.
2125921,5,"Cera wygląda zdrowiej. To jeden z najwygodniejszych kremów, jakie miałam."
2125921,4,"Mam mieszane uczucia. Z jednej strony fajny, nie trzeba robić makijażu ponieważ krem po rozsmarowaniu wygląda jak krem bb lub lekki podkład. Z drugiej strony na twarzy się wytłuszcza, mocno zbiera w zmarszczkach mimicznych i brudzi ubrania. Kolor po oksydacji bardzo jasny, za jasny nawet do mojej bardzo bladej ceny. Za tę cenę spodziewałam się czegoś lepszego. Raczej nie kupię drugi raz.
...Więcej"
2126400,5,Dość wodnista konsystencja i po posmarowania zostanie na twarzy taki lepki efekt. Ale jak naradzie to dobrze nawilza
2126412,5,Używam od dłuższego czasu i jestem zadowolona Krótki skład i pełen dobrych składników Przede wszystkim nie uczula
2126415,5,"Uzylam 3 razy, piękny zapach. Skóra jest bardzo oczyszczona i gładka. Na pewno używam dalej."
2126415,5,Po kilku zastosowaniach skóra jest pięknie wygladzona i rozświetlona. Poczatkowo delikatnie kłuje ale warto wypróbować.
2126415,5,"Jestem zadowolona, że go wzięłam."
2126415,1,Zbyt gladka konstentencja brak granulatu
2126417,5,Super 🚀
2126417,5,"Bardzo dobry produkt, działa delikatnie, niweluje drobne niedoskonalości"
2126455,5,"Przyjemna, łatwo się rozprowadza."
2126455,4,"Może być, ale nie robi nic. Zwykły błyszczyk za 20 zł"
2126455,5,Fajny olejek do ust o ładnym zapachu
2126455,5,Fajny zapach i dobra konsystencja. Dodatkowo gadżet w postaci cynamonki. Nastolatka bardzo zadowolona z takiego prezentu.
2127010,5,Płatki dają uczucie przyjemnego nawodnienia.
2127010,3,"Sa ok, ale nic spektakularnego."
2127443,5,"w trakcie użytkowania, po tygodniu nie da się wiarygodnie ocenić produkt,jak na razie jest ok zmywacz jest łagodny nie szczypie oczu,polecam"
2127646,5,"Uwielbiam je! Produkty świetnie nawilżają usta, są przyjemne w zapachu i bardzo mięciutkie! 💪"
2127646,5,"Fajny produkt z malutkim aplikatorem. Myślę,że bardzo wydajny. Zapach przyjemny. Ogólnie w cenie promocyjnej polecam!"
2127951,5,"Świetny produkt, genialnie odblokowuje pory, złuszcza, wyrównuje koloryt. Używam od 10 lat i raczej będę się go trzymać."
2127951,5,"Najlepszy preparat every, piękna cera bez zaskornikow"
2128166,5,Najlepszy pod oczy z rana polecam
2128552,5,Cudowny
2128552,5,"Łatwo się rozprowadza na ustach, nie pozostawiając uczucia lepkości. Usta są wyraźnie nawilżone i miękkie."
2129790,5,Świetny produkt do zmywania makijażu
2129790,5,"Olejek dobrze domywa makijaże, zwłaszcza tusz wodoodporny"
2129794,4,"Spoko serum ładnie pachnie , ale bez szału"
2129794,5,"Serum ma lekką konsystencję, szybko się wchłania i nie pozostawia tłustej warstwy.
Przy mojej tłustej cerze nie powoduje zapychania ani nowych niedoskonałości, a dodatkowo dobrze nawilża i wygładza skórę. Jedynym minusem jest to że serum jest mało wydajne ale za te pieniądze nie ma co narzekać. Polecam!
...Więcej"
2129794,5,Mega nawilża i nie jest tłuste ❤️💯
2129794,4,Polecam
2129796,5,Lekka konsystencja i przyjemnie się nakłada przez metalową końcówkę. Nawilża i wystarczy mało by rozłożyć na skórze. 🥰
2129796,5,Polecam
2129797,5,"Krem ma lekką, nietłustą formułę, dzięki czemu dobrze sprawdza się przy cerze tłustej i skłonnej do zapychania. Używam go na noc razem z resztą serii.
Dobrze się wchłania, nie obciąża skóry i zapewnia przyjemne nawilżenie. Rano skóra jest miękka i wygląda zdrowo.
...Więcej"
2129797,5,Delikatna nawilżająca konsystencja jest idealna do codziennej pielęgnacji wymagającej składu dla cery wrażliwej 🚀👍️
2129798,5,Świetnie nawilrza
2129799,5,Świetna maseczka. Tylko szkoda że taka droga
2129799,5,"🔥podobał mi się materiał zawierający wszystkie skład tej maski jak również zabezpieczenie tych dobroci drugim elementem 
Moja buźka potrzebowała tego ,jutro idę do Roska po ich zapas.dziekuje"
2129801,5,"Rewelacyjny SPF - niedrogi, nie bieli, szybko się wchłania, skóra ma ładny glow i fajnie nawilża!"
2129801,5,💪💪💪💪
2129801,5,"Ten spf jest świetny! Mam cerę normalną w kierunku suchej i dla mnie sprawdza się idealnie. Jest lekki glow ale bardzo naturalny, nie jest tłusty, nie roluje się - bardzo ładnie się wchłania."
2129801,5,"Pozytywnie jestem zaskoczona tym kremem, Ma lekką, przyjemną konsystencję, delikatny zapach, fajnie się rozprowadza po twarzy i nie bieli. Na pewno kupię ponownie, jeśli zda egzamin również SPF50."
2129801,5,"lekki krem o przyjemnym zapachu, nie zapycha,nie bieli i nie roluje się, jedyny minus to lekko się wyświeca ale polecam 💞💞"
2129801,5,"Świetny! Nie zapycha, nie bieli się i makijaż dobrze wygląda cały dzień 😍"
2130405,5,Produkt dobrze nawilża. Ok
2130405,5,🔥🔥🔥🔥
2130405,3,Maska słabo się trzyma na twarzy i nie daje jakiegoś efektu wow w porównaniu do koreańskich marek. Choć cena niższa więc jest to trochę uzasadnione
2130405,5,Bardzo fajna maseczka - polecam
2130405,5,🔥🔥🔥
2130405,5,super🔥
2130612,5,Przyjemne składniki nawilżające. Aplikuję go palcem ponieważ skóra pod oczami jest podatna na rozciąganie.Produkt warty wyróbowania.
21699,5,Mleczko jest bardzo delikatne dla skóry. Doceniam zawartość olejku migdałowego w składzie. Po użyciu skóra jest gładka i nawilżona.
21699,5,Tylko ten używam
21699,5,Razem z tonikiem super. Mnie nie uczula jak inne
21699,5,Bardzo dobre mleczko do demakijażu i co najważniejsze nie uczula.Uzywam te mleczko od paru lat.Polecam
21699,5,Nivea - produkty dobre dla mojej suchej cery i skóry
21699,5,super sie sprawdza
21699,5,Super mile aksamitne mleczko
21699,5,Najlepsze! 👍️
21699,3,Spoko produkt ale bez rewelacji
21699,5,"👍️ delikatne, nie podrażnia i nie uczula, nawilża skórę"
21788,5,"delikatny, kremowy...💯"
21788,5,"Mam suchą skórę buzi, tego produktu używam od lat dla mnie bez zarzutu 💯"
21788,5,Używam od dawna polecam
21788,5,"Uwielbiam ten krem do mycia twarzy, używam go już od dłuższego czasu, jest idealny, delikatny, polecam."
21788,4,Super ..polecam
21788,5,Polecam
21788,5,Uwielbiam NIWEA
21788,5,"dzień dobry, żel super nawilża,jest delikatny, polecam , super cena❤️"
21788,3,Fajny zapach ale wydaje się zbyt tłusty. W trakcie mycia twarzy czułam się jakbym miała margarynę na twarzy zamiast żelu. Jednak to nie dla mnie
21788,5,"łagodny, lekki i delikatny produkt, doskonale nawilża skórę twarzy w każdym wieku!❤️"
217893,5,niezawodny :)
217893,5,super.
217893,5,Świetnie nawilża
217893,5,"Najlepszy ze wszutskich balsamow do ust. Nie wysusza, naprawia, nawilża, chroni. Polecam w każdym smaku.🔥"
217893,5,Świetnie nawilża i regeneruje usta.
217893,5,Ulubiony.
217893,5,przyjemny dla ust
217893,1,Bardzo słaby błyszcz
217893,5,Jest ok
217893,5,bardzo nawilza
21793,5,dobry produkt
21793,5,👍️super produkt
21793,5,cudownyyy❤️
21793,5,"piękny zapach, super orzeźwienie"
21793,5,Spełnia moje oczekiwania do codziennej poelegnacji
21793,5,Świetny dla mojej cery
21793,5,Rewelacja- odświeża i jest bardzo wydajny
21793,5,"Чудовий гель для вмивання обличчя, ніжний і м'який ефект після застосування."
21793,5,👍️ produkt spełnia moje oczekiwania
21793,5,Jestem bardzo zadowolona
218294,5,"Nie podrażnia, nie ściąga twarzy, nawilża i czasami nie potrzebuje kremu."
218294,5,Najlepszy do demakijażu
218294,5,"❤️Zero podrażnień, nawet przy wrażliwej skórze."
218294,5,jak dla mnie najlepszy!
218294,5,Używam go od lat i jestem bardzo zadowolona
218294,5,"Płyn nie uczula, świetnie zmywa makijaż."
218294,5,Polecam
218294,5,💯💯💯💯💯💯💯💯💯💯💯
218294,5,"Najlepszy płyn do demakijażu, nie szczypie w oczy, ładnie zmywa."
218294,5,Najlepszy płyn micelarny do demakijazu
218809,5,Po użyciu płatków skóra jest wyraźnie bardziej nawodniona.
218809,5,"bardzo je lubię, szczególnie schłodzone w lodówce :)"
218809,3,nie najlepsza jakość
218809,5,Ok👍️👍️
218809,5,👏👏👏👏
218809,5,Super płatki pod oczy
218809,5,Рекомендую
218809,3,bardzo krótko oko wyglądało trochę lepiej.
218809,5,Ładnie nawilżają i wygładzają skórę pod oczami
218809,5,"Rewelacja, sama przyjemność"
218926,5,Doceniam staranne wykonanie tego żelu. Zauważyłam poprawę stanu cery.
218926,5,Produkt jest naprawdę dobrej jakości. Świetnie radzi sobie z niedoskonałościami. Zapach jest subtelny i przyjemny.
218926,5,🔥💯💪👍️
218926,5,"Delikatny żel do mycia twarzy, który dobrze oczyszcza skórę, ale jej nie wysusza."
218926,4,🔥💪👍️
218926,4,Fajny jest.
218926,5,💯🔥💪🚀
218926,5,"Nie uczula, nawet do cery. Problemami dermatologicznymi"
218926,5,"Oczyszcza, koi, zmywa makijaż"
218926,5,W porządku
218969,5,"Kompatybilny z innymi kosmetykami do twarzy.;) Jeden z tych produktów, które zostają na stałe."
218969,5,"Opakowanie bardzo praktyczne, nic się nie marnuje. Zauważyłam, że makijaż wygląda na nim lepiej i dłużej się utrzymuje. Na pewno jeszcze nie raz po niego sięgnę."
218969,5,"Nawilża i regeneruje skórę. Bardzo przyjemna formuła, idealny krem na co dzień. Produkt godny zaufania."
218969,5,Moja skóra jest teraz bardziej elastyczna.
218969,5,"Zauważyłam znaczną poprawę w wyglądzie mojej cery. Lekka formuła, idealna na co dzień. Wszystko zgodne z opisem, efekty super.👌"
218969,5,"Lubię go za to, że tak lekko się rozprowadza."
218969,5,🔥 idealnie nawilża
218969,5,"Nie uczula, nie drażni, a efekty są zauważalne już po kilku dniach. Nie zostawia smug ani uczucia ściągnięcia. Nie żałuję zakupu i polecam."
218969,2,"Niestety zapach za mocny i jestem dlatego na nie, mam odczucie sztuczności, używałam kiedyś 5 w 1 i był ok, teraz 7 w 1, no cóż zasada lepsze wrogiem dobrego tutaj wg mnie jest adekwatna."
218969,5,"Nie zatyka porów, koi moją cerę."
219807,5,"Lubię go za to, że tak lekko się rozprowadza. To jeden z tych produktów, do których regularnie wracam. Wreszcie coś, co naprawdę działa!"
219807,4,Wspaniale współgra z innymi kosmetykami w mojej pielęgnacji.
219807,3,"Krem jest tłusty więc ok, ale coś mnie uczula, to moje subiektywne odczucie."
219807,5,"Uwielbiam ten krem za to, jak lekko się aplikuje."
219807,5,"Doskonały.Bardzo przyjemna formuła, idealny krem na co dzień. Buzia wygląda od razu lepiej.;) Na pewno do niego wrócę."
219807,5,Nawilża i regeneruje skórę.
219807,5,"Daje efekt WOW! Opakowanie nie brudzi, idealne do precyzyjnego dozowania. Wszystko zgodne z opisem, efekty super.👌 Moja skóra jest idealnie nawilżona i wygląda zdrowiej każdego dnia. Wygładza drobne linie i zmarszczki. To jest po prostu magia, polecam."
219807,5,Krem świetnie się rozprowadza i natychmiast wchłania.
219807,5,"Nie klei się, nie zostawia żadnych śladów. Odczuwalnie wygładza i zmiękcza skórę. Warto mieć go w swojej kosmetyczce."
219807,4,Cudownie kremowa formuła – łatwo się go używa.
219808,4,dla mnie dobry
219808,5,👍️👍️
219808,4,Krem świetnie się rozprowadza i natychmiast wchłania.
219808,5,"Dobry jako krem na dzień. Na noc jest zbyt ubogi, ale na dzień świetnie się sprawdza."
219808,5,"Lubię go za to, że tak lekko się rozprowadza. Wygładza drobne linie i zmarszczki. Kupiłabym ponownie.;) Polecam serdecznie."
219808,5,"Efekty są naprawdę świetne. Nie zostawia tłustego filmu, skóra jest od razu gotowa na makijaż. To mój ulubieniec wśród kremów.;)"
219808,4,"Uwielbiam efekt miękkiej, wypoczętej skóry tuż po aplikacji. Bardzo łatwy i szybki w aplikacji krem. Idealny do codziennej pielęgnacji.⭐"
219808,4,"Widać, że naprawdę działa."
219808,5,"Krem jest bardzo wydajny, wystarczy niewielka ilość. Moja skóra jest idealnie nawilżona i wygląda zdrowiej każdego dnia. Wysoce polecam, jestem zadowolona z zakupu."
219808,5,Na pewno do niego wrócę. Używam codziennie i za każdym razem cera wygląda na zdrowszą. Codzienne użycie to przyjemny moment.;)
22199,5,Super💯
22199,5,Mój ulubiony środek do demakijażu. Nie uczula i nie wysusza.
22199,5,Bardzo dobry
22199,5,Bardzo łagodne dla skóry wokół oczu.
22199,5,Nie podrażnia oczu. Skutecznie zmywa.
22199,4,👍️👍️👍️
22199,5,"Łagodny środek, polecam"
22199,5,Super produkt👍️
22199,5,Mój płyn do demakijażu od lat
22199,4,"Płyn uniwersalny, dobrze usuwa makijaż"
223565,5,"Nie lepi się, nie zostawia śladów na ubraniach. Ten krem to prawdziwy game-changer w mojej codziennej pielęgnacji. Jeden z lepszych kosmetyków, jakie miałam."
223565,5,"Nie zapycha porów, a skóra staje się gładsza i bardziej rozświetlona."
223565,5,Skóra po aplikacji jest gładka i przyjemna w dotyku.
223565,5,Jestem zadowolona z tego zakupu.
223565,5,Sprawdza się na typie mojej skóry. Wygodna i szybka aplikacja. Warto mieć go w swojej kosmetyczce. 🙂
223565,5,"Wspaniale współgra z innymi kosmetykami w mojej pielęgnacji. Można bez obaw stosować także na szyję i dekolt. Dobry kosmetyk, polecam serdecznie.👍"
223565,5,"Dla mojej cery dojrzałej jest super To jeden z najwygodniejszych kremów, jakie miałam."
223565,5,👍️👍️
223565,5,Buzia wygląda od razu lepiej.;)
223565,4,Wygładza drobne linie i zmarszczki.
223572,4,Super opcja do porannego rytuału pielęgnacyjnego.
223572,5,Cera wygląda zdrowiej.
223572,5,"Nawilża i regeneruje skórę. Fantastyczna, lekka formuła."
223572,4,Nie zostawia żadnych tłustych plam.
223572,5,Używam codziennie i za każdym razem cera wygląda na zdrowszą.
223572,5,Skóra wygląda o wiele lepiej już w krótkim czasie.
223572,5,"Bardzo dobrze się wchłania, nie trzeba długo czekać."
223572,5,"Nie lepi się, nie zostawia śladów na ubraniach. Daje efekt WOW! Świetny wybór, bardzo się u mnie sprawdził. Polecam."
223572,5,Widocznie zmniejsza zaczerwienienia i wyrównuje koloryt skóry.
223572,5,Aplikacja jest czysta i bezproblemowa.
223574,2,"Krem dzienny nie ma zapachu, a wręcz przeciwnie - zastanawiałam się czy nie jest przeterminowany. Za to krem na noc ma wszystkie plusy, zapach i konsystencja jest przyjemna."
223574,5,"Używam codziennie i za każdym razem cera wygląda na zdrowszą. Można bez obaw stosować także na szyję i dekolt. Totalnie mnie zauroczył, konsystencją, działaniem, zapachem."
223574,5,"Krem szybko się wtapia w skórę, bez rolowania., ma przyjemny zapach"
223574,4,Zadowolona z wyboru
223574,5,"To jeden z tych produktów, do których regularnie wracam. Krem w sama arz dla mnie - lekki, nie zostawia tłustej warstwy. Idealny do codziennej pielęgnacji.⭐"
223574,5,Bardzo łatwy i szybki w aplikacji krem. Świetna opcja na poranną pielęgnację – ekspresowe użycie.
223574,5,"Fantastyczna, lekka formuła."
223574,4,Lubię ten krem za komfort stosowania. Za krótko stosuje żeby cos więcej napisać
223574,5,"Skóra po aplikacji jest gładka i przyjemna w dotyku. Cera wygląda zdrowiej. Rekomenduję, sprawdził się doskonale.😍"
223574,5,Bardzo dobry lekki świetny 👍🤩
223575,5,Znakomicie sprawdza się jako część wieczornej rutyny.
223575,5,prezent dla cioci
223575,5,Nadaje cerze naturalny blask i poprawia jej strukturę.
223575,5,"Używam codziennie i za każdym razem cera wygląda na zdrowszą. Fantastyczna, lekka formuła. To był dobry wybór."
223575,4,"Od lat używam kremu L’Oreal, jestem zadowolona z jakości produktu"
223575,5,BARDZO MI ODPOWIADA
223575,5,Krem na idealną formułę.
223575,5,"Nie klei się, nie zostawia żadnych śladów. Poprawia elastyczność i ogólną kondycję skóry. Cena i skład wzbudzają zaufanie."
223575,4,"Można bez obaw stosować także na szyję i dekolt. Sprawdza się na typie mojej skóry. Produkt godny zaufania. Moja cera odżyła, boski krem. Nie żałuję zakupu i polecam."
223575,5,"Uwielbiam ten krem za to, jak lekko się aplikuje."
226066,5,"Czuję, że moje usta są odżywione."
226066,5,"Super nawilża usta,przy noszeniu aparatu na zęby się sprawdza"
226066,5,"Mega produkt!!!
Mam bardzo suche usta to je wyleczyło!!!!
POLECAM 1000000/10"
226066,5,Pielęgnuje i nawilża
226066,5,Mąż i córka zadowoleni.
226066,5,👍️👍️
226066,5,💯💯💯
226066,5,"Polecam, fajnie nawilża usta"
226066,4,"Spoko pomadka. Choć w cenie regularnej mogłaby być trochę lepsza, jeśli chodzi o jakość. Ogólnie jednak polecam."
226066,4,Spierzchniętych ust od razu nie wyratuje.
226067,5,"Intensywny kolor, ładnie trzyma się na ustach. 
Kupuję kolejny raz. 
Fajnie nawilża. 
Polecam.
...Więcej"
226067,5,Usta są miękkie i nawilżone.
226067,5,Nawilża na długo
226067,5,"Chroni, nawilża usta i nadaje im bardzo delikatny kolor."
226067,5,"ładnie, delikatnie pachnie wiśniami, bez migdałowego zapachu i smaku, lekko koloruje usta"
226067,5,Bardzo Dobra jakości
226067,5,fajnie nawilża i pozostawia delikatny kolorowy połysk na ustach
226067,5,dobry produkt
226067,4,"Nadaje ładny, delikatny kolor, ale mogłaby lepiej nawilżać"
228064,5,Super płyn
228064,5,Dla trudnej skóry na codzien
228064,5,Fajnie się sprawdza przy mojej problemowej skórze do codziennej pielęgnacji. Polecam.
228064,5,Jest Ok
228064,5,"Delikatny, dobrze zmywa."
228064,3,Nie jest to produkt którego szukałem ale postanowiłem wypróbować
228064,4,"fajny, nawilża i nie ma efektu świecenia. Małe opakowanie w dużym kartoniku :)"
228064,5,"Lubie produkty tołpy, nie wysuszają skóry i nie podrażniają."
228064,5,Delikatny zapach - dokładnie oczyszcza twarz z makijażu.
228064,5,"Używam od dawna, nie uczula"
229368,5,"Jestem zadowolona z przejrzystego składu, łatwo sprawdzić, co się nakłada na twarz. Maseczka działa odżywczo i wygładzająco na cerę. Jakość produktu jest bardzo dobra, nie mam żadnych zastrzeżeń. Retinol nie jest taki zły, jak go opisują. Uczucie mrowienia szybko mija, zostawiając twarz odmłodzoną i nawilżoną.🔥"
229368,5,Faktycznie porządnie odżywia skórę.
229368,5,Też spodobałysię maseczka
229368,5,Jedne z najlepszych maseczek na rynku drogeryjnym. 🔥
229368,5,Po zastosowaniu maseczki moja twarz zyskuje blask jest wyraźnie odżywiona
229368,3,Zawsze👍
229368,5,"Skuteczna, wygładzająca i wzmacniająca skórę twarzy."
229368,5,"Fajna maseczka, skóra odżywiona i nawilżona"
229368,5,Świetnie wchłania się
229368,5,❤️super
229378,5,Jeszcze nie używałam
229378,5,🔥👍️super
229378,5,"Maseczka rewelacyjna,skóra napięta,wygładzona i nawilżona,
Polecam."
229378,5,Daje efekt natychmiastowego wygładzenia.
229378,5,"Godna polecenia, twarz jest bardziej delikatna"
229378,5,"Bardzo fajna maseczka, efekt widać od razu bardzo polecam❤️"
229378,5,Fajna maseczka👍️👍️👍️👍️👍️👍️
229378,4,👍️👍️👍️
229378,5,MOJA ULUBIONA
229378,5,Świetna.
229748,5,"Dobrze nawilża bez uczucia ciężkości na skórze. Skóra jest wyraźnie bardziej nawilżona. Delikatny, subtelny zapach. Uważam że jest dobrym wyborem chociaż stosuję go po raz pierwszy myślę że kupię go następnym razem"
229748,5,"Najlepszy, moja cera jest teraz promienna i nawilżona. Lubię ten krem za komfort stosowania. Na pewno wrócę do tego produktu.❤️"
229748,5,"Uwielbiam efekt miękkiej, wypoczętej skóry tuż po aplikacji. Codzienne użycie to przyjemny moment.;) Mój numer 1 w pielęgnacji cery. Polecam.👍"
229748,5,"Nie uczula, nie drażni, a efekty są zauważalne już po kilku dniach. Krem jak masełko. Extra formuła. Doskonały wybór dla wymagającej skóry."
229748,5,"Świetnie współgra z makijażem, nic się nie roluje. Kompatybilny z innymi kosmetykami do twarzy.;)"
229748,1,Nieskuteczny. Podrażnający.
229748,4,"Skóra jest miękka, dobrze nawilżona."
229748,5,"Daje wspaniałe efekty. Naprawdę wart uwagi, polecam z całego serducha.❤️"
229748,5,"Fantastyczna, lekka formuła."
229945,5,"Dobrze zmywa makijaż, nawet tusz do rzęs schodzi bez problemu. Bardzo fajny, a cena zachwyca"
229945,5,Skóra pozostaje świeża przez długi czas
229945,5,Dobrze zmywa.❤️
229945,4,"Płyn nie podrażnia, ale pozostawia gorzki smak w przypadku kontaktu z ustami"
229945,4,Niestety nie domywa tuszu do rzęs
229945,5,"Płyn bardzo dobry , nie wysusza skóry , dobrze domywa resztki makijażu , nie szczypie w oczy."
229945,5,najlepszy płyn do demakijażu🔥
229945,5,❤️Jest mega. Bardzo dobrze nawilża i oczyszcza skórę twarzy z makijażu. Ważne nie szczypie w oczy 🔥👍️💪
229945,5,"super, nie piecze w oczy i dobrze domywa🔥👍️"
229945,5,super plyn w dobrej cenie
229948,5,"bardzo fajny produkt, nie szczypie w oczy przy zmywaniu makijażu, robi to sprawnie, nie wysusza, duża pojemność, a cena fajna"
229948,5,Idealnie oczyszcza skórę
229948,5,Dobra jakość w przystępnej cenie
229948,5,Dobry produkt. Kupuję regularnie.
229948,5,"super, nie podrażnia i nie szczypie w oczy🔥👍️"
229948,4,Produkt ma prosty skład i jest dobrze tolerowany przez skórę.
229948,5,"Świetnie oczyszcza skórę z makijażu, nawet wodoodpornego. Nie podrażnia oczu ani skóry."
229948,5,Polecam
229948,3,Nie znam ale wypróbuję
229948,5,Dawno nie miałam tak dobrego produktu. Makijaż zniknął w kilka sekund a moje oczy nie były podrażnione. Napewno po niego wrócę.
233383,5,Pachnie prawdziwą colą💪
233383,2,Moje uta wysuszał
233383,5,był to prezent i okazał się strzałem w dziesiątkę👍️❤️
233383,5,Rewelacyjny kosmetyk👍️🔥🤩
233383,3,Msm inny gust
233383,5,Polecam
233383,5,💞❤️❤️
233383,1,👍️👍️
233383,5,nic nie obije lipsmackerow jesli chodzi o nawilzenie
233383,5,"Moje dziecko jest zadowolone, chyba najbardziej podoba się opakowanie"
233769,5,Polecam
233769,5,Wg oceny mojej żony jest skuteczny a to dla niej najważniejsze. 👍
233769,5,"Dopiero zaczęłam stosować, ale jak na razie sprawdza się bardzo dobrze, rewelacyjny do demakijażu 😘"
233769,5,Spełnia swoją funkcję.👍️
233769,3,jest okej bez szalu
233769,5,"Bardzo dobrze zmywa tusz wodoodporny.Nie zostawia śladów.
Jestem bardzo zadowolona"
233769,5,Jeden z lepszych
233769,5,"Rewelacyjny plyn micelarny, polecam"
233769,5,Bardzo dobrze zmywa makijaż nawet wodoodporny
233769,5,Najlepszy z przyjemnym zapachem i skuteczny olejek w nim jest niezbedny
233774,5,"Jest dość gęsty, co daje mi poczucie intensywnego działania. Nie jest nachalny, bardzo mi odpowiada ten zapach. Jest dość gęsty, co daje mi poczucie intensywnego działania."
233774,5,"Krem ma super delikatną i lekką konsystencję. Łatwo się wchłania i rozsmarowuje, do tego ma przyjemny zapach. Jeśli Wasza cera lubi kremy z kwasem hialuronowym to naprawdę warto wypróbować. Skóra jest nawilżona, wygładzona i odżywiona."
233774,5,"Skóra jest miękka, dobrze nawilżona."
233774,5,Skóra wygląda o wiele lepiej już w krótkim czasie. To mój ulubieniec wśród kremów.;) Świetna opcja na poranną pielęgnację – ekspresowe użycie.
233774,5,Bardzo lekka i przyjemna w użyciu.
233774,5,"Świetnie współgra z makijażem, nic się nie roluje. Krem w sama raz dla mnie - lekki, nie zostawia tłustej warstwy. Wysoce polecam, jestem zadowolona z zakupu."
233774,5,Uwielbiam ten krem. Polecam 🥰
233774,5,Nawilża i regeneruje skórę.
233774,4,"Nie roluje się pod podkładem, świetny jako baza. Bardzo dobrze radzi sobie z przesuszeniami i szarą cerą. Na pewno do niego wrócę."
233774,5,Super się nakłada – codzienna pielęgnacja to przyjemność.
233780,5,Dopiero zaczynam używać
233780,5,To jest super krem👍️
233780,3,"Sądziłam po opiniach, ze bedzie efekt wow, natomiast nie widzę znacznej różnicy po dłuższym stosowaniu stad 3 gwiazdki. Jedynie na plus, ze produkt jest treściwy"
233780,5,Jest bardzo dobry a efekty jak w opisie produktu.
233780,5,Mój ulubiony krem pod oczy
233780,5,Rossmann jest doskonały w każdym aspekcie
233780,5,Robi swoje! 👍️
233780,5,Czekam na efekty
233780,5,🔥🔥🔥
233780,5,Ok❤️🚀💪🤩
233818,5,Dobrze nawilża.
233818,3,Zamiast mi pomóc nawilżyć usta to mi strasznie piecze i czuję się jakby mi paliły usta
233818,5,"Balsam do ust od Carmex to dla mnie absolutny must-have. Bardzo lubię całą linię balsamów i pomadek tej marki — mają przyjemną konsystencję, lekki zapach i świetnie sprawdzają się jako podstawowa pielęgnacja ust.

To produkt, który warto mieć zawsze w kosmetyczce, niezależnie od pory roku — skutecznie chroni usta przed wysuszeniem i pomaga utrzymać je miękkie oraz dobrze nawilżone.
...Więcej"
233818,5,"Super ochronna pomadka, jestem jej fanką od wielu lat."
233818,5,Moja ulubiona kultowa pomoc dla ust
233818,5,💯💪🔥
233818,5,Najlepszy balsam do ust.
233818,5,SUPER SMAK
233818,4,Niby spoko ale szału nie ma
23484,5,"Zauważyłam, że dobrze odżywia moją cerę."
23484,5,"Krem ma przyjemną, łatwo rozprowadzającą się konsystencję. Skóra po nim wygląda na wypoczętą. Pachnie bardzo subtelnie, bardzo to cenię."
23484,5,"Jestem zadowolona z tej bogatej konsystencji. Po kilku dniach stosowania moja skóra wygląda na zdrowszą i bardziej promienną. Uwielbiam ten naturalny, lekko słodki zapach, który się utrzymuje."
23484,5,Nawilżenie jest na najwyższym poziomie i długotrwałe.❤️ Codzienne użycie to przyjemny moment.;) Mój numer 1 w pielęgnacji cery. Polecam.👍
23484,5,"Nie zostawia tłustego filmu, skóra jest od razu gotowa na makijaż."
23484,5,Znakomicie sprawdza się jako część wieczornej rutyny.
23484,4,Odczuwalnie wygładza i zmiękcza skórę.
23484,5,"Pyszny zapach, odpowiednia tłustość, dobry skład."
23484,4,"Nie klei się, nie zostawia żadnych śladów."
23484,5,"Konsystencja jest dość gęsta, ale dobrze się wchłania. Skóra po nim jest miękka i nawilżona."
23644,2,"feels awful on the lips, doesn’t moisturize for too long"
23644,1,"Byłam pewna tej firmy jednak się zawiodłam. Balsam ma bardzo słodki smak, trzeba rozsmarować palcami, mi nie przypasował i jeszcze mi pogorszył stan ust"
23644,3,"Nieprzyjemny smak, a mimo starań trafia to jednak do ust."
23644,5,Od lat mój ulubiony balsam do ust
23644,5,Super 💪👍️🔥
23644,5,Nareszcie znalazłem pomadkę z humektantami - jest świetna!
23644,5,Jedna z lepszych drogeryjnych pomadek 👍️
23644,5,dobra na suche usta
23644,2,Kupiłam ponieważ kiedyś Neutrogena to był taki szałowy produkt. teraz się zawiodłam. Jest jakiś lepki. mi nie odpowiada
23644,5,Najlepszy balsam do ust 🔥
237676,5,"Skuteczny!!! Lekki, nietłusty."
237676,4,Za krótko stosuje żeby coś doradzić.
237676,5,dobre wrażenia
237676,5,👍️👍️👍️
237676,5,Dobrze się rozprowadza.Skóra pod oczami jest bardziej gładka po zastosowaniu.
237676,5,Bardzo dobra firma
237676,5,"Bardzo dobry krem o lekkiej konsystencji, świetnie nawilża skórę szczerze polecam"
237676,5,Dobrze się wchłania i wygładza skórę 👍🏻
237676,5,"Dobra konsystencja, zapach, przyjemny w uzyciu"
238573,5,"Najlepszy płyn do demakijażu oczu, delikatny i skuteczny. Nie podrażnia."
238573,5,"Doceniam dodatek witaminy C, bo odświeża spojrzenie."
238573,5,Ulubieniec od lat
238573,5,"Składniki dobrze współgrają, nie podrażniając okolic oczu."
238573,5,Uwielbiam go
238573,5,"Mój ulubiony płyn do makijażu wodoodpornego. Nie ma lepszego. Nie uczula, zmywa rewelacyjnie a moje wrażliwe oczy nie szczypią."
238573,5,"najlepszy płyn do demakijażu oczu, jako jedyny nie szczypie ani nie podrażnia moich wrażliwych oczu"
238573,5,Moi ulubiony płyn do zmywania makijażu oczu
238573,5,"Polecam, będzie Pani zadowolona xD"
238573,5,"Dobra jakość, dobrze zmywa makijaż, używam od lat."
240782,5,Składniki wydają się być dobrze dobrane dla cery.
240782,5,👍️👍️
240782,5,Widocznie gładsza skóra.
240782,5,Fajna maseczka
240782,5,Jedne z najleszych maseczek drogeryjnych - polecam czuć różnicę.🔥
240782,4,dobre💯
240782,5,Za krótko używam aby ocenić. Jak na razie konsystencja ok i dobrze się wchłania👍️
240782,4,"Jest ok, ale trzeba uważać przy delikatnej skórze"
240782,5,Uważam że cera jest dobrze nawilżona
240782,5,Uwielbiam
243206,5,"Po kilku dniach cera stała się wyraźnie gładsza i bardziej elastyczna. Super się nakłada – codzienna pielęgnacja to przyjemność. Wysoka jakość, w pełni spełnił moje oczekiwania."
243206,2,"Nie jestem zadowolona, skóra zostaje lepka w dotyku i nie czuje tego nawilżenia, broda i wkolo ust skora jest nadal przesuszona. Jedyny plus to delikatny zapach."
243206,5,Kupuje dla córki/nastolatki. Jest bardzo zadowolona z tego kremu. To już któreś opakowanie które używa.
243206,5,🔥🔥🔥🔥
243206,4,"Bardzo łatwy i szybki w aplikacji krem. Poprawia elastyczność i ogólną kondycję skóry. Dobry kosmetyk, polecam serdecznie.👍"
243206,5,"Szybko się wchłania, nawilża i zostawia twarz matową, jak producent obiecuje"
243206,5,👍️Po nałożeniu skóra jest pełna blasku.👌
243206,5,"Świetnie współgra z makijażem, nic się nie roluje. 👍️ Regeneruje, koi, daje mi 100% zadowolenia."
243206,5,Konsystencja kremu jest miękka i łatwa w rozprowadzeniu. Na pewno jeszcze nie raz po niego sięgnę. Poprawia jędrność mojej cery i nawilża.
243206,4,Krem jak masełko. Extra formuła. super jest kocham ten kremik
243209,5,"Lekka formuła, idealna na co dzień. Cieszę się, że na niego trafiłam."
243209,5,"Bardzo przyjemna formuła, idealny krem na co dzień. Nie wyobrażam sobie teraz pielęgnacji bez niego.😍 Najlepszy, moja cera jest teraz promienna i nawilżona."
243209,5,Polecam!Idealny do szybkiej pielęgnacji – zero problemów z aplikacją.
243209,5,"Świetny lekki krem nawilżający, nie zatyka porów a to dla mnie istotne przy cerze mieszanej. Trochę mało wydajny ale często można upolować go na promocji. Dla mnie numer 1 ❤️"
243209,5,Używam codziennie i za każdym razem cera wygląda na zdrowszą. 👍️
243209,5,Moja skóra jest idealnie nawilżona i wygląda zdrowiej każdego dnia.
243209,5,Bardzo lekki i szybko się wchłania. Długotrwałe nawilżenie przez cały dzień. Zapach jest delikatny i nie drażni.
243209,5,Super prodult
243209,5,Odczuwalnie wygładza i zmiękcza skórę.
243209,5,"Bardzo dobrze się wchłania, nie trzeba długo czekać. Nawilża i regeneruje skórę. Na pewno wrócę do tego produktu.❤️"
243927,5,"Opakowanie nie brudzi, idealne do precyzyjnego dozowania."
243927,5,"Jestem zadowolona z aksamitnej konsystencji tego kremu. Po kilku dniach stosowania zauważyłam poprawę stanu skóry. Nie przeszkadza mi zapach, jest neutralny."
243927,5,Codzienne użycie to przyjemny moment.;)
243927,5,"Błyskawicznie poprawia nawilżenie, nawet w trudnych warunkach pogodowych."
245387,5,"Pozostawia skórę nawilżoną, ale nie tłustą. Zauważyłam poprawę nawilżenia skóry."
245387,5,Nie spodziewałem się takich rezultatów.
245387,5,"To jeden z tych produktów, do których regularnie wracam. Bezproblemowa aplikacja nawet w pośpiechu. Wysoka jakość, w pełni spełnił moje oczekiwania."
245387,5,Używam codziennie i za każdym razem cera wygląda na zdrowszą.
245387,5,"Jest odpowiedni dla każdego typu skóry.❤️ Nie wiem, jak wcześniej mogłam go nie znać."
245387,5,Polecam🙂
245387,5,"💪Lekka formuła, idealna na co dzień. Nie zapycha porów, a skóra staje się gładsza i bardziej rozświetlona. Mój numer 1 w pielęgnacji cery. Polecam.👍"
245387,5,Ulubiony krem do twarzy 🤩
245387,5,"Nie uczula, nie drażni, a efekty są zauważalne już po kilku dniach. Uwielbiam ten krem za to, jak lekko się aplikuje. Kosmetyk, do którego chce się wracać."
245387,4,Moja skóra jest idealnie nawilżona i wygląda zdrowiej każdego dnia.
245393,5,Cera wygląda na wypoczętą i bardziej jędrną.
245393,5,Konsystencja kremu jest miękka i łatwa w rozprowadzeniu.
245393,5,Zauważyłam znaczną poprawę w wyglądzie mojej cery.
245393,5,"Idealny do szybkiej pielęgnacji – zero problemów z aplikacją. Nawilża i regeneruje skórę. Dobry kosmetyk, polecam serdecznie.👍"
245393,5,"Krem w sama raz dla mnie - lekki, nie zostawia tłustej warstwy."
245393,5,"Dobrze się rozprowadza, nie trzeba mocno wcierać."
245393,5,Krem jak masełko. Extra formuła. 👍️
245393,5,Od dawna używam i jestem zadowolona 👍
245393,5,"Uwielbiam ten krem za to, jak lekko się aplikuje. To jeden z tych produktów, do których regularnie wracam."
245393,5,"Skóra jest miękka, dobrze nawilżona."
245395,5,"Bardzo lekka formuła, szybko się wchłania. Skóra jest widocznie bardziej nawilżona i wygładzona. Nie drażni, jest bardzo delikatny i subtelny, idealny na co dzień."
245395,5,"Lubię kremy tej marki,bo dobrze nawilżają i odżywiają skórę twarzy i dekoltu."
245395,5,👍️Super się nakłada – codzienna pielęgnacja to przyjemność.
245395,5,"Skóra jest miękka, dobrze nawilżona. Każde użycie to czysta przyjemność."
245395,5,Delikatnie koi i dobrze sprawdza się także przy skórze wrażliwej.
245395,4,Poprawia elastyczność i ogólną kondycję skóry. Nie zostawia smug ani uczucia ściągnięcia. Bardzo dobra jakość w rozsądnej cenie.
245395,5,Efekty są naprawdę świetne. Bezproblemowe dozowanie – nie trzeba się martwić nadmiarem.
245395,5,"Nie klei się, nie zostawia żadnych śladów. Moja skóra jest nawilżona przez cały dzień."
245395,5,"Konsystencja kremu jest miękka i łatwa w rozprowadzeniu. Nie zapycha porów, a skóra staje się gładsza i bardziej rozświetlona. To mój ulubieniec wśród kremów.;)"
245395,5,"To jeden z najlepszych kremów, jakie miałam."
245396,5,"Nawilża i regeneruje skórę. To jeden z najwygodniejszych kremów, jakie miałam."
245396,5,Konsystencja kremu jest miękka i łatwa w rozprowadzeniu.
245396,5,"Lubię go za to, że tak lekko się rozprowadza."
245396,4,"Ma idealną, aksamitną konsystencję, która łatwo się rozprowadza."
245396,5,"Dobrze się rozprowadza, nie trzeba mocno wcierać. Wysoka jakość, w pełni spełnił moje oczekiwania."
245396,5,"Krem w sama raz dla mnie - lekki, nie zostawia tłustej warstwy. Strzał w dziesiątkę – udany zakup. Krem w sama arz dla mnie - lekki, nie zostawia tłustej warstwy."
245396,5,"Zauważyłam znaczną poprawę w wyglądzie mojej cery. Konsystencja kremu idealnie współgra ze skórą ani za rzadka, ani za gęsta. To mój ulubieniec wśród kremów.;)"
245396,5,Można bez obaw stosować także na szyję i dekolt.
245396,5,"Moja cera odżyła, boski krem."
245396,5,"Widać, że naprawdę działa."
24676,5,"Po jego użyciu, skóra wydaje się niesamowicie gładka i odżywiona.👌 Nie zostawia smug ani uczucia ściągnięcia. Zaskoczył mnie pozytywnie już po pierwszym użyciu."
24676,5,"Nie uczula, nie drażni, a efekty są zauważalne już po kilku dniach. Błyskawiczna aplikacja, świetna dla zabieganych. Wysoka jakość, w pełni spełnił moje oczekiwania."
24676,5,Krem świetnie się rozprowadza i natychmiast wchłania. Efekty są naprawdę świetne. Kupiłabym ponownie.;) Polecam serdecznie.
24676,5,"Poprawia elastyczność i ogólną kondycję skóry. Wysoce polecam, jestem zadowolona z zakupu."
24676,5,Moja skóra jest teraz bardziej elastyczna.
24676,5,Wygodne opakowanie ułatwia codzienne stosowanie. Poprawia jędrność mojej cery i nawilża. Warto mieć go w swojej kosmetyczce.
24676,5,Idealny do szybkiej pielęgnacji – zero problemów z aplikacją.
24676,5,"Moja cera odżyła, boski krem. Krem jest bardzo wydajny, wystarczy niewielka ilość. Strzał w dziesiątkę, jestem na tak."
24676,5,"Nawilża i regeneruje skórę. Dobrze się rozprowadza, nie trzeba mocno wcierać."
247330,5,Moja ulubiona pomadka ochronna
247330,5,Ulubiona ❣️❣️
247330,5,Ma ładny kolor i dobrze nawilża.
247330,3,"slabo nawilża, wisnia z tej serii bardziej mi sie podoba"
247330,5,Fajnie pachnie ogólnie fajna nawilża usta ogólnie fajny produkt
247330,5,👍️👍️
247330,4,Mega kolor
247330,3,"Kolor ładny, git się nakłada, ale tak średnio nawilża."
247330,4,Fajny ale daje bardziej fioletowy odcień niż na opakowaniu
247330,5,Piękny kolor na ustach. Idealne nawilżenie.
248424,5,"Nie uczula , nie wysusza skóry"
248424,5,👍️👍️👍️
248424,5,Polecam gorąco.
248424,2,"Tonik ma chyba za dużo alkoholu, taki nieprzyjemny w użyciu."
248424,5,Polecam
248424,4,Na podróż ok
248424,2,"Niestety, nie zauważyłem, że tonik zawiera alkohol i to na jednym z pierwszych miejsc w składzie. Jest szczypiący."
248424,1,Po zastosowaniu tego płynu oczy pieką
248424,5,Jest super
248424,5,👍️👍️👍️👍️👍️👍️
248549,5,Bardzo dobrze zmywa makijaż i rzęsy
248549,5,Idealny dla mojej cery💯👍️
248549,5,"idealny ,dobra cena"
248549,5,"Skład tego płynu micelarnego jest bardzo łagodny dla skóry. Nie podrażnia oczu, co jest dla mnie ważne."
248549,3,Słabo zmywa mocny makijaż
248549,5,"Delikatny, ale skutecznie usuwa makijaż."
248549,5,Niezawodny
248549,5,Faktycznie nie trzeba pocierać. Polecam
248549,5,Jest ok
248549,5,Żona zadowolona a to najważniejsze
248554,5,Łagodna formuła nie podrażnia
248554,5,"bardzo dobry płyn , ładnie zmywa"
248554,5,"Jest delikatny dla oczu , nie powoduje podrażnień"
248554,5,"Używam od dawna,odpowiedni produkt dla mojej skóry"
248554,5,Rewelacyjny płyn
248554,5,Świetny płyn. Polecam
248554,5,"Mam wrażliwą cerę, ten płyn jako jeden z nielicznych nie podrażnia."
248554,5,Łagodny
248554,5,👍️ delikatnie usuwa makijaż.Nie potrzeba pocierac.Kupujcie dziewczyny
248554,3,nie zmywa woodpornego makijazu a tak to spoko
250875,5,"Uwielbiam, świetnie wycisza i wygładza moją skórę"
250875,5,bardzo nawilża i daje glow cerze ❤️🔥
250875,5,Super nawilża
250875,5,"Bardzo lubię tą maskę, czuję odżywienie i wygładzenie :)"
250875,5,Polecam za dobre nawilżanie skóry i delikatny efekt napięcia.
250875,5,❤️❤️🔥
250875,3,Niestyty maska nie okazała sie dobra dla mojej skóry i troche mnie uczuliła (zrobiły mi sie chrostki na czole)
250875,5,Pieknie nawiza twarz .
250875,5,🔥❤️👍️
250875,5,Super nawilżenie.
250878,5,💯 Polecam
250878,4,"Fajna, dobrze wygładza i nawilża"
250878,5,Super 👍️
250878,5,Przyjemne uczucie
250878,4,💯👍️👍️👍️
250878,5,💪💯❤️
250878,5,Шкіра сяє
250878,5,Fajnie nawilza
250878,5,"jest wspaniała skóra głdka , odzywiona"
250878,5,"Fajnie nawilżająca, przyjemny materiał"
250909,4,"Skóra jest miękka, dobrze nawilżona. Wygodne opakowanie i szybka aplikacja."
251086,5,"Bardzo podoba mi się, że skład jest tak minimalistyczny. Plastry świetnie oczyszczają zaskórniki. Dobrze przylegają do skóry i nie spadają."
251086,5,"Świetny skład, który faktycznie działa."
251086,5,skutecznie usuwają zaskórniki
251086,5,"Dobrze oczyszczają pory na nosie, widać dosłownie każdy 😄"
251086,4,może być
251086,5,polecam
251086,4,"Fajny produkt na zaskórniki na nosie, ale trzeba uważać przy ściąganiu, szczególnie jeśli ma się wrażliwą skórę"
251086,5,"Dobrze, oczyszcza pory"
251086,5,"bardzo dobrze sobie radzą zaskórnikami, dobrze przylegają po nałożeniu"
251560,1,"Nie polecam, nie działają jak należy"
251560,5,💯💯🚀💯💯
251560,1,"Beznadzieja!! 
Jest to mój drugi w tym tygodniu produkt z tej firmy i jak narazie koszmar!!"
251560,1,Nie działa
251560,5,💯💯💯
251560,3,"Plastry dobrze przylegają, ale słabo oczyszczają."
251560,5,👍️❤️👍️
251560,3,Za pierwszym razem na pewno nie działa
251560,5,👍️👍️👍️
251560,5,"Czy zmiana skórna czy początki opryszczki, działa cuda"
254324,5,Skóra po aplikacji jest gładka i przyjemna w dotyku. Warto mieć go w swojej kosmetyczce. Daje super efekt nawilżenia.
254324,5,"Świetna konsystencja, pozostawia skórę nawilżoną, ale nie tłustą. Skóra po użyciu jest wyraźnie nawilżona i odżywiona. Zapach jest subtelny, nie drażni i szybko znika."
254324,3,"Krem jest lekki, ma delikatny przyjemny zapach. Średnio Nawilża."
254324,5,"Nawilża i regeneruje skórę. Lubię go za to, że tak lekko się rozprowadza. Strzał w dziesiątkę – udany zakup."
254324,5,"Fantastyczna, lekka formuła. Regeneruje, koi, daje mi 100% zadowolenia. Na pewno jeszcze nie raz po niego sięgnę."
254324,4,"Lekka formuła, nie zapycha porów."
254324,5,Ok ok ok
254324,5,Skuteczność widoczna już po pierwszym tygodniu stosowania.
254324,5,Zdecydowanie poprawił wygląd mojej skóry – jest bardziej promienna i napięta.
254324,5,Super opcja do porannego rytuału pielęgnacyjnego. Cera wygląda zdrowiej. Bardzo dobra jakość w rozsądnej cenie.
254326,5,"Cudny skład, piękny zapach, dziękuję 🌸"
254326,5,"Świetnie krem nawilżający, robi robotę"
254326,5,Fajny faktycznie działa ale ja muszę zamykać go jakimś olejem np z migdałów
254326,5,"Nie podrażnia i nie wysypuje mnie, buzię mam po nim odżywiona i przyjemna. Miałam nawet czerwone przebarwienie alergiczne i je złagodziło. Do tego duże opakowanie"
254326,5,"Mój ulubiony krem na dzień, super sprawdza się solo a także pod makijaż niezależnie od pory roku. Mam suchą skórę dla której jest idealny, pozostawia ochronną warstwę zapobiegając przsuszeniu W ciągu dnia. Poza tym jest w świetnej cenie👌"
254326,3,"Krem dobrze nawilża i odżywia skórę, ale strasznie się roluje na twarzy, więc nadaje się do stosowania wyłącznie na noc. Nałożenie makijażu jest niemożliwe, bo wszystkie produkty się naprawdę brzydko i nieestetycznie rolują."
254326,5,"Nie klei się, nie zostawia żadnych śladów. To jeden z tych produktów, do których regularnie wracam. Rekomenduję, sprawdził się doskonale.😍"
254326,5,Super opcja do porannego rytuału pielęgnacyjnego. ❤️
254326,5,Konsystencja kremu jest miękka i łatwa w rozprowadzeniu.
254326,5,"Mój ulubiony krem na dzień, jest dość tłusty i gesty ale przy mojej suchej skórze jest idealny pod makijaż żeby utrzymać nawilżenie cały dzień. Jest bardzo uniwersalny, dobruyna dzień i na noc i dla każdego."
254327,5,"Uwielbiam za zapach i lekką formułę, kupuję zawsze kiedy jest w promocji. Najchętniej używałabym go do całego ciała. Zakochała sie w nim również moja mama❤️"
254327,5,Nie ma słow jak mega dobry produkt to jest !!!
254327,5,"Poprawia jędrność mojej cery i nawilża. Fantastyczna, lekka formuła."
254327,5,Krem na idealną formułę. Cera wygląda zdrowiej. To mój ulubieniec wśród kremów.;)
254327,5,"Nie klei się, nie zostawia żadnych śladów. Kupiłabym ponownie.;) Polecam serdecznie. ❤️"
254327,5,"Strzał w dziesiątkę, jestem na tak."
254327,5,"Krem idealny pod makijaż, skóra staje się nawilżona a podkład idealnie zakrywa wszystkie niedoskonałości. Co więcej pięknie pachnie, zdecydowanie polecam! 🥰"
254327,5,"Ma delikatny, przyjemny zapach – dodatkowy plus przy aplikacji."
254327,5,"Skóra jest miękka, dobrze nawilżona."
254327,5,"Świetna opcja na poranną pielęgnację – ekspresowe użycie. Moja cera odżyła, boski krem, najlepszy jaki dotąd używałam. Znakomity krem, polecam.👌"
256335,5,"Uwielbiam. Nawilża, nie ma intensywnego zapachu, ma spf, można go nakładać tonami a i tak trzyma się, nie rozmazuje i nie błyszczy na ustach (super dla facetów)"
256335,5,"Świetny balsam do ust 💯 nie błyszczy się na ustach, nie klei się, a do tego ma wysoką ochronę - idealny dla nastolatka na wysuszone usta 🔥"
256335,2,"mam wrazenie, ze produkt jeszcze bardziej wysusza usta. po chwili zanika - nie wiem czy sie wchlania czy jak, ale na pewno nie stanowi ochrony przed zimnem."
256335,5,"moja ulubiona, zuzylam juz 3"
256335,4,Jestem średnio zadowolona
256335,5,"Bardzo dobra, dobrze nawilża i chroni. Używam Blistex od dłuższego czasu i nie zamieniłabym na inną!"
256335,2,Je bardzo dobrze
256335,4,B.dobry
256335,5,👍️👍️
256335,5,"Ładny zapach. Poręczne opakowanie. Natłuszcza delikatnie usta, nie sklejając ich."
256439,5,prezent dla kuzynki
256439,5,"Świetnie zmywa, top! 💪"
258517,5,Jeszcze nie testowalam
258517,5,"Najmocniejsze nawilżenie ze wszystkich wypróbowanych przeze mnie płatków pod oczy, bardziej elastyczna skóra, widocznie spłycone zmarszczki"
258517,5,Fajnie nawilża okolice oczu
258517,5,🚀💪👍️
258517,5,Jestem zadowolona
258517,5,Byłam zadowoliona
258517,5,Rewelacyjne płatki pod oczy. Widać dosłownie efekt po pierwszym użyciu. Od teraz będą moimi ulubionymi płatkami. Polecam!
258517,5,Naprawdę działa
258517,5,Lubię to.
258517,5,👍️👍️
258637,5,"Krem ma lekką konsystencję, dobrze się rozprowadza. Skóra jest odżywiona i wygląda na bardziej wypoczętą. Nie drażni, szybko znika po nałożeniu."
258637,5,"Krem jest bardzo wydajny, wystarczy niewielka ilość."
258637,5,Widocznie zmniejsza zaczerwienienia i wyrównuje koloryt skóry.
258637,5,"Krem ma lekką konsystencję, dobrze się rozprowadza."
258637,5,Kremy kupiłam sąsiadkom w prezencie. Ale są ma też używam krem z tej firmy. Jest rewelacyjny
258637,5,Zakupiony jako prezent. Sprawił radość obdarowanej osobie. Buzia wygląda od razu lepiej.;)
258637,5,Bardzo mi odpowiada
258637,5,Moja skóra jest nawilżona przez cały dzień.
258637,5,"Opakowanie bardzo praktyczne, nic się nie marnuje."
258637,5,Super opcja do porannego rytuału pielęgnacyjnego. Jest odpowiedni dla każdego typu skóry.❤️
258640,4,Konsystencja kremu jest miękka i łatwa w rozprowadzeniu. Sprawdza się na typie mojej skóry. Na pewno do niego wrócę.
258640,5,Aplikacja jest czysta i bezproblemowa.
258640,5,"Praktyczne opakowanie, które zapewnia higieniczne dozowanie."
258640,5,Krem świetnie się rozprowadza i natychmiast wchłania.
258640,5,"Krem dla mnie jest odpowiedni, za krótko używam, żeby cos więcej napisać."
258640,5,Daje efekt wypoczętej skóry.
258640,5,"Krem w sama raz dla mnie - lekki, nie zostawia tłustej warstwy. Przyjemny lekki zapach."
258640,5,Delikatnie koi i dobrze sprawdza się także przy skórze wrażliwej.
258640,5,Krem na idealną formułę.
258640,5,"Dobry kosmetyk, polecam serdecznie.👍 Nadaje się do stosowania na twarz, szyję i dekolt – nic się nie marnuje. Zdecydowanie poprawił wygląd mojej skóry – jest bardziej promienna i napięta."
258872,5,"Ładnie pachnie, dobry skład, to już kolejna butelka.👍️"
258872,5,polecam
258872,5,najlepsza mgiełka do twarzy
258872,5,"Super nawilża, buzia w dotyku milutka, używam niezmiennie od kilku lat"
258872,5,Bardzo dobry płyn do do mycia twarzy
258872,5,"Uwielbiam te toniki ziaji w sprayu. Odświeżają, nawilżają, budzą rankiem i mają przystępna cenę. Kupuje regularnie🤩"
258872,5,"super , bardzo delikatny, jedwabisty wręcz podczas mycia"
258872,5,jakość cena
258872,5,UWAŻANY ZA JEDEN Z LEPSZYCH❤️
258872,5,Polecam. Tonik pięknie pachnie i spełnia swoje wymagania. Skład czysty w pełni bezpieczny.
258873,5,Super skład i efekt 🔥
258873,5,"Skład jest przemyślany, czuć było jagody acai."
258873,4,Fajne działanie. Jest ok
258873,4,Maseczka robi wszystko to co obiecuje producent. Mały minus za odczucia po zmyciu (jakby pozostawał lepki film co powoduje świąd skóry).
258873,1,"Kupiłam ją pierwszy raz
Jeszcze nie mogę jej ocenić"
258873,5,"stosuję od lat ,nawilża nie uczula ❤️"
258873,5,Bardzo dobra jakosc
258873,5,💯👍️🔥
258873,5,Tą maseczkę używam od dawna - polecam bardzo !
258873,5,Bardzo dobrze nawilza twarz.
263965,5,Na razie jest ok
263965,5,Krem jest bardzo lekki i łatwo się rozprowadza.
263965,5,Idealny do szybkiej pielęgnacji – zero problemów z aplikacją.
263965,5,"Najlepszy, moja cera jest teraz promienna i nawilżona."
263965,5,Super się nakłada – codzienna pielęgnacja to przyjemność.
263965,4,"Cera wygląda na wypoczętą i bardziej jędrną. Krem jest bardzo wydajny, wystarczy niewielka ilość."
263965,5,"Jest odpowiedni dla każdego typu skóry.❤️ Codzienne użycie to przyjemny moment.;) Kosmetyk, do którego chce się wracać."
263965,5,👍️dobry dla skóry
263965,1,"Niestety,ale pierwszy raz podczas 3 krotnego stosowania kremu Nivea Q10 wysypały mi się drobne chrostki na policzkach. Chyba coś tu jest nie tak,bo nigdy po kremach z Nivea innego rodzaju czegoś takiego nie miałam."
263965,5,niezawodny
265455,5,Bardzo dobre serum polecam
265455,5,"Bardzo fajne serum, dobrze nawilża, na stałe w mojej kosmetyczce"
265455,5,"Dobra konsystencja, polecam"
265455,5,🚀🚀🚀
265455,5,"Świetne dzialanie, stosuje od kilku lat i jestem bardzo zadowolona z efektu."
265455,5,Szybko nawilża
265455,5,🤩💞nawilża od razu skórę. Bardzo go lubię
265455,5,"Używam łącznie z kremem do nawilżania i uważam ,że jest świetny ."
265455,5,Jest rewelacyjny
26900,5,"Nie zostawia tłustego filmu, skóra jest od razu gotowa na makijaż. Najlepszy, moja cera jest teraz promienna i nawilżona. Ma wszystko, czego szukam w dobrym kremie."
26900,5,"Regeneruje, koi, daje mi 100% zadowolenia."
26900,5,Jestem zaskoczona jak delikatna jest ta formuła. Skóra po użyciu jest wyraźnie bardziej nawilżona i miękka. Zapach jest subtelny i bardzo przyjemny.
26900,5,Nawilża i regeneruje skórę.
26900,5,"Lekka formuła, idealna na co dzień."
26900,5,"Skóra jest miękka, dobrze nawilżona. Konsystencja kremu idealnie współgra ze skórą ani za rzadka, ani za gęsta."
26900,5,Bardzo łatwy i szybki w aplikacji krem.
26900,4,"Nie podrażnia, nawilża, skóra jest miękka , jak za tą cenę, super"
26900,5,"To jeden z tych produktów, do których regularnie wracam."
26900,5,Codzienne użycie to przyjemny moment.;) Nawilżenie jest na najwyższym poziomie i długotrwałe.❤️ To mój ulubieniec wśród kremów.;)
269051,5,"Nie uczula, nie drażni, a efekty są zauważalne już po kilku dniach."
269051,5,"Ma delikatny, przyjemny zapach – dodatkowy plus przy aplikacji."
269051,5,"Nie zostawia tłustego filmu, skóra jest od razu gotowa na makijaż. Nie zatyka porów, koi moją cerę. Mój numer 1 w pielęgnacji cery. Polecam.👍"
269051,5,"Dobrze się rozprowadza, nie trzeba mocno wcierać. To jeden z tych produktów, do których regularnie wracam. Rewelacja – zdecydowanie go polecam."
269051,5,"Sprawdza się na typie mojej skóry. 👍️ Przyjemna, lekka konsystencja, która dobrze nawilża. 👍️"
269051,5,"Bardzo dobra konsystencja, łatwo się rozprowadza na skórze."
269051,4,Bardzo łatwy i szybki w aplikacji krem.
269051,5,"Konsystencja jest idealna, nie za gęsta, nie za rzadka. Skóra po użyciu jest wygładzona i nawilżona."
269051,5,Krem na idealną formułę.
269051,4,"Znakomicie sprawdza się jako część wieczornej rutyny. Ma aksamitną teksturę, która pięknie się rozprowadza. Wysoka jakość, w pełni spełnił moje oczekiwania."
269053,3,Polecam 👍️
269053,5,"Super się nakłada – codzienna pielęgnacja to przyjemność. Po kilku dniach cera stała się wyraźnie gładsza i bardziej elastyczna. Wspaniały zakup, polecam.👍"
269053,5,"Jest niezwykle lekki, a jednocześnie bardzo odżywczy w dotyku. Zdecydowanie wygładza naskórek, co poprawia wygląd twarzy. Zapach jest bardzo wyważony, nie jest zbyt intensywny."
269053,5,"Subtelna woń produktu jest bardzo odświeżająca. Krem jest bardzo lekki i szybko się wchłania. Zdecydowanie wygładza naskórek, co poprawia wygląd twarzy."
269053,5,Skóra jest widocznie gładsza i bardziej elastyczna.
269053,5,"Cera wygląda świetnie, nawet bez makijażu. 👍️"
269053,5,"Fantastyczna, lekka formuła."
269053,5,"Nawilżenie 10/10.;) Krem jest bardzo wydajny, wystarczy niewielka ilość. Genialny! Polecam."
269053,5,"Świetna opcja na poranną pielęgnację – ekspresowe użycie. Najlepszy, moja cera jest teraz promienna i nawilżona. Rekomenduję, sprawdził się doskonale.😍"
269053,5,Daje efekt wypoczętej skóry.
269054,5,"Cera wygląda świetnie, nawet bez makijażu. 👍️"
269054,5,"Moja skóra jest nawilżona przez cały dzień. Lekka formuła, idealna na co dzień."
269054,4,"Lubię go za to, że tak lekko się rozprowadza. Krem w sama raz dla mnie - lekki, nie zostawia tłustej warstwy. Wysoka jakość, w pełni spełnił moje oczekiwania."
269054,5,"Po jego użyciu, skóra wydaje się niesamowicie gładka i odżywiona.👌 Nie zostawia smug ani uczucia ściągnięcia."
269054,5,"Czułam, że skóra od razu staje się nawilżona i gładka po nałożeniu. 👍️ Ma idealną, kremową konsystencję, która łatwo się aplikuje."
269054,5,"Daje wspaniałe efekty. Każde użycie to czysta przyjemność. Naprawdę wart uwagi, polecam z całego serducha.❤️"
269054,4,Poprawia jędrność mojej cery i nawilża.
269054,5,Aplikacja jest szybka i komfortowa. Na pewno jeszcze nie raz po niego sięgnę.
269054,5,Konsystencja kremu jest miękka i łatwa w rozprowadzeniu. Nadaje cerze naturalny blask i poprawia jej strukturę. Doskonały wybór dla wymagającej skóry. Szczgólnie dla cery suchej polecam nie uczula.
269054,4,"Bezproblemowa aplikacja nawet w pośpiechu. Zdecydowanie poprawił wygląd mojej skóry – jest bardziej promienna i napięta. Wszystko zgodne z opisem, efekty super.👌"
269056,5,"Jestem zadowolony z faktu, że to tak starannie dobrana skład. Widocznie skóra pod oczami jest bardziej nawilżona i napięta. Bardzo mi odpowiada ta jedwabista struktura tego kosmetyku."
269056,5,"Bardzo lekka konsystencja, szybko się wchłania. 👍️ 👍️"
269056,5,Idealny.Polecam.
269056,5,"Wyraźnie gładsza skóra, daje delikatne rozświetlenie"
269056,5,"Kupiłam go dla mamy, bardzo sobie chwali ten krem."
269056,5,Dobra jakość w dobrej cenie.
269056,5,Dobrze nawilża
269056,5,Bardzo dobry krem
269056,5,Dobrze się wchlania.
269056,5,Rewelacyjny 💯
269279,5,Cera wygląda zdrowiej. Aplikacja jest czysta i bezproblemowa. Cudo! Spełnił wszystkie moje oczekiwania – a nawet więcej.
269279,5,"Zauważyłam, że przestały mnie męczyć suche skórki. Mocno nawilżająca formuła."
269279,5,"Idealna konsystencja, która nie pozostawia tłustego filmu. Bardzo przyjemnie pachnie, bardzo delikatnie i czysto. Nawilżający krem do twarzy, który naprawdę działa.
 Najważniejsze że nie powoduje pieczenia i alergii. Działa kojąco na wrażliwą skórę."
269279,5,Polecam.
269279,5,"Nie zostawia żadnych tłustych plam. Krem w sama raz dla mnie - lekki, nie zostawia tłustej warstwy. Ten krem to absolutny hit!👌"
269279,4,"Poprawia elastyczność i ogólną kondycję skóry. Ma delikatny, przyjemny zapach – dodatkowy plus przy aplikacji."
269279,5,"Nie zostawia tłustego filmu, skóra jest od razu gotowa na makijaż."
269279,5,Nawilżenie jest na najwyższym poziomie i długotrwałe.❤️
269279,5,Codzienne użycie to przyjemny moment.;) Zostaje ze mną na dłużej. Jest odpowiedni dla każdego typu skóry.❤️
269279,5,"Uwielbiam ten krem za to, jak lekko się aplikuje. Moja skóra jest nawilżona przez cały dzień. Mój absolutny hit w codziennej pielęgnacji."
269485,5,Jest okej
269485,5,Polecam 🙂
269485,4,Fajna ale po niej miałam czerwoną twarz 👍️
269485,5,Kupiłam dla córki na prezent
269485,5,Najlepszy wynalazek na świecie
269485,5,Ok🔥🔥🔥
269485,5,fajnie wyciaga pory
269485,5,👍️🔥👍️🔥
269485,4,Lubię 👍️
275094,5,Nawilża i regeneruje skórę.
275094,4,super pachnie dobry ale duzo zbędnych dodatków
275094,5,"Uwielbiam efekt miękkiej, wypoczętej skóry tuż po aplikacji. Skóra po aplikacji jest gładka i przyjemna w dotyku. ."
275094,5,"Ma delikatny, przyjemny zapach – dodatkowy plus przy aplikacji. Używam codziennie i za każdym razem cera wygląda na zdrowszą. Rewelacja, nic tylko brać!"
275094,5,"Skóra wygląda o wiele lepiej już w krótkim czasie. Każde użycie to czysta przyjemność. Kosmetyk, do którego chce się wracać. 🔥 Krem jest bardzo wydajny, wystarczy niewielka ilość. Daje efekt WOW!"
275094,5,"Bezproblemowe dozowanie – nie trzeba się martwić nadmiarem. Delikatnie koi i dobrze sprawdza się także przy skórze wrażliwej. Znakomity krem, polecam.👌"
275094,4,Ten krem to prawdziwy game-changer w mojej codziennej pielęgnacji.
275094,5,"Ma aksamitną teksturę, która pięknie się rozprowadza. Skóra jest miękka, dobrze nawilżona."
275094,5,"Wspaniale współgra z innymi kosmetykami w mojej pielęgnacji. Świetny wybór, bardzo się u mnie sprawdził. Polecam."
275094,5,Kompatybilny z innymi kosmetykami do twarzy.;) Super się nakłada – codzienna pielęgnacja to przyjemność. To był dobry wybór.
275097,5,"Krem w sama arz dla mnie - lekki, nie zostawia tłustej warstwy. Świetny wybór, bardzo się u mnie sprawdził. Polecam. Delikatnie koi i dobrze sprawdza się także przy skórze wrażliwej."
275097,5,Krem świetnie się rozprowadza i natychmiast wchłania. Odczuwalnie wygładza i zmiękcza skórę. To mój ulubieniec wśród kremów.;) ❤️
275097,5,Skuteczność widoczna już po pierwszym tygodniu stosowania.
275097,5,"Krem szybko się wtapia w skórę, bez rolowania."
275097,5,Idealny do szybkiej pielęgnacji – zero problemów z aplikacją.
275097,5,"Nie uczula, nie drażni, a efekty są zauważalne już po kilku dniach."
275097,5,"Można bez obaw stosować także na szyję i dekolt. Jest doskonały, nawet dla cery naczynkowej. Dobrze wchłania się. Nie żałuję zakupu i polecam."
275097,5,"Wszystkie podpowiedzi są adekwatne do opinii
Krem jest rewelacyjny polecam👍️"
275097,4,Sprawdza się na typie mojej skóry.
275097,5,👍️❤️Wygodna i szybka aplikacja. Znakomicie sprawdza się jako część wieczornej rutyny.
275099,5,Jestem zadowolona dlatego kupuje i poleciłam kolezankom
275099,5,"Kompatybilny z innymi kosmetykami do twarzy.;) Naprawdę wart uwagi, polecam z całego serducha.❤️"
275099,5,Cudownie kremowa formuła – łatwo się go używa.
275099,5,Dobrze dziala na moja skore.
275099,5,"Polecam , idealny pod makijaż , ładnie się wchłania , delikatnie pachnie"
275099,4,"Nie zatyka porów, koi moją cerę. Lekka formuła, idealna na co dzień."
275099,3,Bardzo przeciętny.
275099,5,Krem świetnie się rozprowadza i natychmiast wchłania. Po kilku dniach cera stała się wyraźnie gładsza i bardziej elastyczna.
275099,5,Super krem
275099,5,Ten krem to prawdziwy game-changer w mojej codziennej pielęgnacji.
275101,5,bardzo dobry krem
275101,5,"Naprawdę dobry , p fajnej konsystencji"
275101,5,Bardzo dobry krem .To już mój kolejny i myślę że nie ostatni.
275101,5,dobry krem
275101,4,OK łatwo się wchłania
275101,4,Kupiłam na prezent więc nie podzielę się opinią.
275101,5,"Zaczęłam go stosować od niedawna. Na razie jestem zadowolona , zobaczę jego efekty w dalszym użytkowaniu."
275101,5,Jeden z lepszych kremów pod oczy.
275101,5,Super.
275101,5,Krem nawilżający nie powoduje odczynów zapalonych serdecznie polecam 👍
275102,5,Cera nawilżona bardzo dobrze się wchłania
275102,5,Płyn micelarnay naprawdę działa cera nawilżona jak świeża brzoskwinia 🍑🥰poleca panie
275102,5,Idealny polecam
275102,3,"Średnio radzi sobie z demakijażem, zużywam sporo wacików podczas wieczornego zastosowania."
275102,5,Jedyny który nie podraznia mi oczu. Ma subtelny zapach i dobrze usuwa makijaż.
275102,5,Jestem zadowolona
275102,5,Używam od dawna i tylko ten! Mam cerę porowatą nawet bardzo! To jedyny płyn który domywa makijaż w całości! Przerobiłam już wiele innych ale ten jest the best! Zużyłam może już z 10 butelek i nie zamierzam zmieniać.
275102,5,Płyn zmywa doskanale makijaz pozatym nie mam uczulenia
275102,5,"Piękny zapach, skutecznie usuwa makijaż"
275102,5,Dokładnie oczyszcza twarz
276113,3,Nie widzę żadnej różnicy przed i po stosowaniu tego peelingu
276113,5,❤️❤️❤️
276113,5,Robi swoją robotę. 💪
276113,5,💪💯🔥👍️💪👍️👍️👍️👍️💪💪💪💪💪
276113,4,"Dopiero zaczęłam stosować, ale już widzę małe pozytywne efekty. Cerę mam bardzo wrażliwą a ten peeling nie powoduje u mnie podrażnień."
276113,5,"Bardzo delikatny peeling , polecam do wrażliwej cery"
276113,5,Bardzo dobry
276113,5,Skuteczny!
276113,5,Faworyt od lat pewnie juz z 10 opakowań kupiłam
276113,5,Działa chyba najlepszy jaki miałam
276293,5,najlepszy płyn micelarny od lat
276293,5,🔥👍️💪💯
276293,5,Bardzo dobry produkt .
276293,5,idealny i skuteczny
276293,5,Płyn micelarny jest odpowiedni dla mnie jestem zadowolona
276293,5,Polecam 👍️
276293,5,🔥🔥🔥🔥🔥🔥
276293,5,👍️👍️👍️👍️
276293,5,"Dobry, delikatny płyn, dobrze zmywa makijaż. Przyjemny zapach, nie podrażnia."
276293,5,Bardzo dobrze usuwa makijaż! Zdecydowanie polecam👍️
27742,5,💯 super smak
27742,5,Dobrze nawilża. Daje ładny kolor.
27742,5,Bardzo dobry produkt
27742,5,"Nawilża, chociaż pozostawia nalot. Smak nieznacznie truskawkowy. Jak dla mnie średnia jakość."
27742,5,"nawilża, chroni i daje lekki kolor podkreślając naturalna barwę ust👍️"
27742,5,Bardzo fajnie nawilża usta
27742,4,Jest bardzo dobre ale sypko my usta wysychają po użyciu
27742,5,Polecam
27742,5,🔥👍️❤️
27742,5,❤️👍️5/5
279175,4,"Ładnie czyści, skóra gładka, jednakże trzeba uważać z wrażliwą cerą"
279175,5,"Super uwielbiam produkty od Garniera a to dobrze oczyszcza skórę ,bardzo polecam"
279175,5,"Od lat niezastąpiony u partnera, sama też podbieram ;)"
279175,5,Od kilku lat numer jeden w kosmetyczce mojego mężczyzny 😊
279175,5,👍️👍️
279175,5,Bardzo.donrze oczyszcza cere.
279175,4,Może być fajny👍️
279175,5,Он мне очень понравилось
279175,5,Super efekt
279175,5,🔥super
279187,5,"Fantastyczna, lekka formuła."
279187,5,"Krem w sama arz dla mnie - lekki, nie zostawia tłustej warstwy."
279187,5,"Lubię ten krem za komfort stosowania. Poprawia jędrność mojej cery i nawilża. Fantastyczny krem, polecam każdemu."
279187,5,"Super wydajny, mogę go stosować także na noc. Po jego użyciu, skóra wydaje się niesamowicie gładka i odżywiona.👌 Rewelacja, nic tylko brać!"
279187,5,Jestem zadowolona z tej kremowej konsystencji.
279187,5,Nawilżenie jest na najwyższym poziomie i długotrwałe.❤️
279187,5,Super opcja do porannego rytuału pielęgnacyjnego. Poprawia elastyczność i ogólną kondycję skóry. Bardzo dobra jakość w rozsądnej cenie.
279187,5,Codzienne użycie to przyjemny moment.;) Delikatnie koi i dobrze sprawdza się także przy skórze wrażliwej. Zdecydowanie mój numer 1 – i zostaje nim na długo.
279187,5,"Daje super efekt nawilżenia. Ma delikatny, przyjemny zapach – dodatkowy plus przy aplikacji. To mój ulubieniec wśród kremów.;)"
279440,5,🔥💯super
279440,5,Spełnia swoje zadanie. Łapie każdy włosek
279440,5,🚀💯👍️🚀🚀👍️🔥👍️💪💯💯💯💯💯💯🚀🚀💪💪🚀💪🚀🚀🚀🚀🚀
279440,5,🔥💪❤️
279440,5,Super pasta zgodna z opisem.👍️
279440,1,Niestety ale nie wyrywa żadnych włosków. U mnie ani jeden nie został na plastrze 😐
279440,5,"Wygodne w użyciu,delikatne, nie podrażniają skóry.👍️"
279440,5,Skuteczne i delikatne do skóry twarzy. Polecam
279440,5,❤️❤️❤️
279440,5,POlecam
279619,5,Zdecydowanie poprawił wygląd mojej skóry – jest bardziej promienna i napięta. Krem świetnie się rozprowadza i natychmiast wchłania. Idealny do codziennej pielęgnacji.⭐
279619,5,Super się nakłada – codzienna pielęgnacja to przyjemność. Moja skóra jest idealnie nawilżona i wygląda zdrowiej każdego dnia. Mój absolutny hit w codziennej pielęgnacji.
279619,5,👍️Класс!
279619,5,"Krem w sama raz dla mnie - lekki, nie zostawia tłustej warstwy. Konsystencja kremu idealnie współgra ze skórą ani za rzadka, ani za gęsta. Wysoce polecam, jestem zadowolona z zakupu."
279619,5,"Codzienne użycie to przyjemny moment.;) To jeden z tych produktów, do których regularnie wracam. Na pewno jeszcze nie raz po niego sięgnę."
279619,4,👍️ ❤️❤️❤️
279619,5,Sprawdza się na typie mojej skóry.
279619,5,"Po jego użyciu, skóra wydaje się niesamowicie gładka i odżywiona.👌"
279619,5,Buzia wygląda od razu lepiej.;)
279619,5,"Moja skóra jest nawilżona przez cały dzień. Nie zostawia tłustego filmu, skóra jest od razu gotowa na makijaż."
280682,5,❤️💯czasem można coś tańszego złapać
280682,5,Polecam
280682,5,"Dobra jakość, promocyjna cena."
280682,5,Od kilku lat używam tych kremów i uważam że są bardzo dobre za rozsądną cenę.
280682,5,Od dawna używam tego kremu pod oczy i jestem zadowolona
280682,5,💪kupóję żonie ten krem pod oczy i jest bardzo zadowolona pomaga na kurze łapki bo ich nie widać a jest już seniorką 😀
280682,5,"Krem pod oczy dokładnie spełnia swoje zadanie. Jest delikatny, dobrze się rozsmarowuje, nawilża i odczuwalnie regeneruje delikatną skórę pod oczami. Cena dostępna."
280682,5,Doskonale produkt
280682,5,Delikatny i długo się trzyma 🤩
281442,5,Daje miły efekt wygładzenia zaraz po nałożeniu na skórę.
281442,5,"Efekty przerosły moje oczekiwania, skóra wygląda świeżo i młodziej."
281442,5,"Bardzo lekka formuła, szybko się wchłania. Skóra jest nawilżona i odżywiona po użyciu. Zapach jest neutralny, nie wyczuwalny po nałożeniu."
281442,5,"Nie zostawia smug ani uczucia ściągnięcia. Nadaje cerze naturalny blask i poprawia jej strukturę. Działa dokładnie tak, jak obiecuje producent.⭐"
281442,4,Mógłby bardziej nawilżać
281442,5,"Skóra jest miękka, dobrze nawilżona."
281442,5,"Nie zatyka porów, koi moją cerę. Wygodna i szybka aplikacja. Ten produkt to skarb, nie zamienię na żaden inny."
281442,5,Będzie super.
281442,5,"Uwielbiam, uspokaja i nawilża moją twarz. Daje szybko zauważalne efekty. Przyjemnie się nakłada na skórę. Aż chce się go używać codziennie."
281442,5,"Efekty są naprawdę świetne. Nie zapycha porów, a skóra staje się gładsza i bardziej rozświetlona."
281464,5,"Można polecać, jest najlepszy. ❤️Delikatnie koi i dobrze sprawdza się także przy skórze wrażliwej."
281464,5,"Aplikacja tego kremu to miły początek dnia. Nie zapycha porów, a skóra staje się gładsza i bardziej rozświetlona. Jeden z lepszych kosmetyków, jakie miałam. Wygładza drobne linie i zmarszczki. Bezproblemowe dozowanie – nie trzeba się martwić nadmiarem. Nie zawiódł mnie ani razu.😍"
281464,5,Ten krem to prawdziwy game-changer w mojej codziennej pielęgnacji.
281464,5,"Po jego użyciu, skóra wydaje się niesamowicie gładka i odżywiona.👌"
281464,5,Nawilżenie jest na najwyższym poziomie i długotrwałe.❤️ Na pewno wrócę do tego produktu.❤️
281464,5,"Krem w sama raz dla mnie - lekki, nie zostawia tłustej warstwy."
281464,4,"Nadaje cerze naturalny blask i poprawia jej strukturę. Fantastyczna, lekka formuła. Wszystko zgodne z opisem, efekty super.👌"
281464,5,"Ma aksamitną teksturę, która pięknie się rozprowadza. Bardzo dobrze radzi sobie z przesuszeniami i szarą cerą. Zostaje ze mną na dłużej."
281464,5,Dobry krem
281464,5,"Bardzo przyjemna formuła, idealny krem na co dzień."
285126,5,❤️💯🚀
285126,5,Tani i skuteczny
285126,5,💯 nawilża
285126,5,"👍️ szybko suwa makijaż nie pozostawiając suchej skóry, jestem zadowolna"
285126,5,Polecam
285126,5,"Pięknie odświeżona skóra, makijaż usunięty w 100% bez podrażnień skóry. Dodatkowy plus cena i pojemność produktu."
285126,5,"Bardzo dobrze usuwa makijaż,doskonale nawilża cerę nie powodując podrażnienia. 
Produkt godny polecenia."
285126,5,Płyn micelarny EVELINE DOKŁADNIE CZYŚCI CERĘ. Jestem zadowolona i pewnie znów go kupię.
285126,5,Polecam !
285126,5,Zmywa jak należy. Stosuję od dawna. Nie uczula
285271,5,"moja druga ulubiona maseczka. Serum wręcz wylewa się, można długo trzymać na skórze, nie klei, fajnie nawilża i ma ładny zapach"
285271,5,"Bardzo dobry skład, czuć składniki odżywcze."
285271,5,"Za tą cenę super, ale trzeba później zmywać bo się roluje w późniejszej pielęgnacji"
285271,5,Fajnie nawilża skórę.
285271,5,Ładnie pachnie i nie podrażnia
285271,5,Idealnie nawilza
285271,5,Dobrze nawilżająca maska
285271,5,Najlepsze do twarzy
285271,5,Super ok
285871,5,"Kupiłam na próbę, polecam ,świetnie działa i jestem zachwycona"
288093,5,"Lubię go za to, że tak lekko się rozprowadza. Błyskawicznie poprawia nawilżenie"
288093,4,Mama sobie kupiła ale pewnie fajny
288093,5,Polecam
288093,5,Bezproblemowa aplikacja nawet w pośpiechu. Używam codziennie i za każdym razem cera wygląda na zdrowszą. Genialny! Polecam.
288093,5,Bardzo skuteczny fajny kremik!!! 🔥👍️ Dziękuję bardzo!!! 💪😍🤩
288093,4,"Cudownie kremowa formuła – łatwo się go używa. Kosmetyk, do którego chce się wracać. Nie uczula, nie drażni, a efekty są zauważalne już po kilku dniach."
288093,5,Można bez obaw stosować także na szyję i dekolt.
288093,5,Cera wygląda zdrowiej. Bardzo łatwy i szybki w aplikacji krem. Na pewno jeszcze nie raz po niego sięgnę.
288093,5,"Ma delikatny, przyjemny zapach – dodatkowy plus przy aplikacji."
288093,5,"Fantastyczna, lekka formuła."
288095,5,"👍️Krem ma idealną konsystencję, ani za gęsty, ani za rzadki."
288095,5,"Buzia wygląda od razu lepiej.;) Każde użycie to czysta przyjemność. Kosmetyk, do którego chce się wracać."
288095,5,Nie zostawia smug ani uczucia ściągnięcia.
288095,5,"Poprawia jędrność mojej cery i nawilża. Lekka formuła, idealna na co dzień. Warto mieć go w swojej kosmetyczce."
288095,5,"Można bez obaw stosować także na szyję i dekolt. Błyskawicznie poprawia nawilżenie, nawet w trudnych warunkach pogodowych."
288095,5,"Dobrze się rozprowadza, nie trzeba mocno wcierać. Zdecydowanie mój numer 1 – i zostaje nim na długo. Uwielbiam ten krem za to, jak lekko się aplikuje."
288095,5,Zostaje ze mną na dłużej.
288095,5,Lubię ten krem za komfort stosowania.
288095,5,👍️👍️👍️
288095,5,"Lekka formuła, nie zapycha porów. Nawilżenie 10/10.;) Bardzo dobra jakość w rozsądnej cenie."
288096,5,"Bardzo dobrze się wchłania, nie trzeba długo czekać."
288096,5,Przyjemnie się nakłada na skórę.
288096,5,"Nie spływa i nie pozostawia uczucia lepkości. Najlepszy, moja cera jest teraz promienna i nawilżona. Naprawdę wart uwagi, polecam z całego serducha.❤️"
288096,5,"🔥Fantastyczna, lekka formuła."
288096,5,👍️ Nie zostawia żadnych tłustych plam. Spelnil oczekiwania
288096,5,Krem na idealną formułę.
288096,5,Nawilżenie jest na najwyższym poziomie i długotrwałe.❤️
288096,5,"Moja cera odżyła, boski krem."
288096,5,"To jeden z tych produktów, do których regularnie wracam."
288096,5,Odczuwalnie wygładza i zmiękcza skórę.
288117,5,super 💪
288117,5,Działa jest efekt
288117,4,"Nie ma efektu wow, ale jestem zadowolona, nie podrażnia wrażliwej skóry."
288117,4,"Są ok, 💯"
288117,5,Ok POLECAM
288117,4,wyciąga zanieczyszczenia
288117,5,To jest super wyciąga wszystko
288117,5,"Jedne z nielicznych plastrów, które faktycznie robią robotę."
288117,5,"super, super schnie i wyciaga duzo wagrow💪"
288895,1,Bardzo mocny kolor jak na pomadkę ochronną
288895,4,"Delikatnie barwia usta, ale niestety nie dają efektu nawilżenia na dłuższy czas"
288895,5,fajnie odzywia usta i daje delikatny kolor
288895,4,Nawet ok
288895,5,Świetna jest
288895,5,"Balsam bardzo dobrze nawilża i pielęgnuje usta, w dodatku delikatnie barwi usta."
288895,5,Ok dla dzieci
288895,5,Naprawdę warto kupić
288895,5,Fantastycznie koloryzuje. Super cena
288895,5,👍️👍️
290022,5,"Robi, co musi. Często po niego wracam."
290022,4,"Nie zawiera alkoholu, co jest plusem."
290022,4,"Najlepszy demakijaz oczu,nawet tak wrazliwych jak moje."
290022,4,"Płyn ma dobrą konsystencję, lecz niestety nie zmywa do końca mojego tuszu do rzęs. ❤️"
290022,5,Idealny produkt do dokładnego demakijażu wodoodpornych kosmetyków bez ryzyka podrażnienia twarzy.
290022,5,"Jedyny płyn micelarny, który nie podrażnia moich oczu. Bez problemu domyka wodoodporne kosmetyki."
290022,1,Ciężko zmywa makijaż a jest napisane że bez pocierania
290022,5,Najlepszy płyn do demakijażu! Nie szczypie i nie zostawia tłustej skóry
290022,5,Bardzo dobrze zmywa nawet wodoodporny makijaż. Nie podrażnia oczu
290022,3,Słabo zmywa mocny makijaż
290043,5,"Mój ulubiony olejek, polecam"
290043,5,"Świetny produkt! Nawilża, odżywia, nie zapycha, nie podrażnia, dobrze sobie radzi z każdym makijażem, przyjemny zapach, można używać przy soczewkach kontaktowych. Nowy ulubieniec. Pojemność tylko mogłaby mieć 150 ml."
290043,5,Lubię ten olejek dobrze zmywa makijaż.
290043,1,U mnie wogóle się nie sprawdził.Mimo iż robię delikatny makijaż olejek nie oczyszcza go.
290043,5,"Cudowny olejek, pięknie oczyszcza cerę a w duecie z pianką jest niezastąpiony!❤️"
290043,5,Bardzo fajny produkt. Jestem pozytywnie zaskoczona i cena jest bardzo przystępna
290043,5,Mój ulubiony olejek do demakijażu. Pięknie pachnie! Polecam stosować go na suchą twarz i później zmyć wilgotną ściereczką! Uwielbiam ten produkt
290043,4,"Super domowa makijaż, ale trzeba użyć też dobrego żelu alby nie został tłusty film na skórze."
290043,2,Produkt tragiczny. Po nałożeniu na twarz miałam wrażenie ze nałożyłam smar. Użucie wody wcale nie pomogło. Tarcie twarzy w dalszym ciągu nic nie zmieniało. Dopiero żel do mycia twarzy zmazuje ten okropny specyfik. Miałam ochotę wyrzucić go po pierwszym użyciu.
290043,5,"Dla mojej dojrzałej cery ,wreszcie coś,co nie wysusza. Polecam."
291316,5,"Super płatki, polecam."
291316,5,💯Bardzo mi się podobało.
291316,5,Bardzo dobrze nasączone płatki. Dobrze przylegają. Skóra świeża i odżywiona 💪
291316,5,Polecam
291316,4,B.dobre
291316,5,"Chłodzi, koi i wygładza"
291316,4,Sa swietne
291316,5,Super🔥
291316,5,Bardzo dobre płatki i wspaniale wpływają na skórę wokół oczu. Spokojnie można posłużyć pod oczy zwłaszcza rano i pić kawę 👍
291316,5,jest ok
291321,5,"Idealnie zmywa makijaż, duża ilość produktu"
291321,5,"Świetnie daje sobie radę z wodoodpornym makijażem, polecam!"
291321,5,Płyn super do demakijażu. Polecam.
291321,5,Bardzo dobry produkt
291321,5,💯💪❤️
291321,3,Szczypią oczy
291321,5,super:)
291321,5,Okiiii
291321,5,jestem zadowolona z produktu
291321,4,"nie podrażnia, ale nie zmywa idealnie produktu, są lepsze z tej serii"
293119,5,"Świetny składnik aktywny, który naprawdę działa."
293119,5,"Przyjemna maska, nawilża."
293119,5,❤️❤️❤️
293119,5,🔥 efekt końcowy sukces
293119,5,Bardzo dobra marka kremów. Nie znam maski
293119,5,Odmładza.
293119,5,👍️👍️👍️👍️👍️
293119,5,Mam bardzo sucha skórę i już trochę oznaczoną zmarszczkami. Ta maska łanie je wygładziła na parę dni
293119,5,Wygładza skórę 👍️
293119,5,Nawilżacz bardzo dobrze czyli spełnia swoją funkcję
297435,5,Aplikacja jest czysta i bezproblemowa.
297435,5,"Krem szybko się wchłania, ładnie pachnie i świetnie nawilża skórę."
297435,4,"Wygładza drobne linie i zmarszczki. Bardzo dobrze się wchłania, nie trzeba długo czekać."
297435,5,"Opakowanie nie brudzi, idealne do precyzyjnego dozowania. Doskonały wybór dla wymagającej skóry."
297435,5,Daje wspaniałe efekty.
297435,5,"Świetna opcja na poranną pielęgnację – ekspresowe użycie. Cera wygląda świetnie, nawet bez makijażu. Można polecać, jest najlepszy."
297435,5,"Cudownie kremowa formuła – łatwo się go używa. Znakomicie sprawdza się jako część wieczornej rutyny. Rekomenduję, sprawdził się doskonale.😍 polecam używam od dawna i nie zamienię na inny"
297435,5,Krem jest okej.
297435,5,"Krem jest bardzo wydajny, wystarczy niewielka ilość."
297435,5,Buzia wygląda od razu lepiej.;) Cera wygląda na wypoczętą i bardziej jędrną.
297438,4,Jest odpowiedni dla każdego typu skóry.❤️
297438,4,"Fantastyczna, lekka formuła."
297438,5,"Widać, że naprawdę działa. Idealny do szybkiej pielęgnacji – zero problemów z aplikacją."
297438,5,"Krem ma lekką, szybko wchłaniającą się konsystencję. Produkt świetnie nawilża i pozostawia cerę miękką w dotyku. Zapach jest delikatny i subtelny, nie drażni. 💯"
297438,5,"Moja cera odżyła, boski krem."
297438,5,Krem na idealną formułę. Nawilża i regeneruje skórę.
297438,5,Bardzo dobry krem używam już kilka lat💪💪💪
297438,5,Efekty są naprawdę świetne.
297438,4,"Krem jak masełko. Extra formuła. Kosmetyk, do którego chce się wracać. Dobrze się rozprowadza, nie trzeba mocno wcierać."
297438,5,"Super wydajny, mogę go stosować także na noc. Po jego użyciu, skóra wydaje się niesamowicie gładka i odżywiona.👌"
297439,5,Rewelacyjny krem.Polecam.
297439,5,Cera wygląda na wypoczętą i bardziej jędrną.
297439,5,"Wygodna i szybka aplikacja. To jeden z tych produktów, do których regularnie wracam. Wszystko super, tylko kupować."
297439,5,"Krem dobrze się wchłania, ma delikatny zapach. Skóra jest po nim przyjemnie miękka Bardzo łatwy i szybki w aplikacji krem."
297439,5,"Krem jest bardzo wydajny, wystarczy niewielka ilość. Moja skóra jest nawilżona przez cały dzień."
297439,5,"Po jego użyciu, skóra wydaje się niesamowicie gładka i odżywiona.👌"
297439,5,"Poprawia elastyczność i ogólną kondycję skóry. Nie roluje się pod podkładem, świetny jako baza. Nie żałuję zakupu i polecam."
297439,5,"Krem w sama raz dla mnie - lekki, nie zostawia tłustej warstwy. Konsystencja kremu idealnie współgra ze skórą ani za rzadka, ani za gęsta. Idealny do codziennej pielęgnacji.⭐ 👍️"
297439,5,"Moja skóra jest idealnie nawilżona i wygląda zdrowiej każdego dnia. Błyskawiczna aplikacja, świetna dla zabieganych. 👍️"
297439,5,Nie zostawia żadnych tłustych plam.
297451,5,Nawilżenie jest na najwyższym poziomie i długotrwałe.❤️
297451,5,"Bardzo dobrze się wchłania, nie trzeba długo czekać."
297451,5,Super 👌👌👌👌…💪💪💪🔥🔥🔥
297451,5,"Bardzo dobrze radzi sobie z przesuszeniami i szarą cerą. Nie roluje się pod podkładem, świetny jako baza. Skuteczność widoczna już po pierwszym tygodniu stosowania. Ma delikatny, przyjemny zapach – dodatkowy plus przy aplikacji."
297451,5,"Przyjemnie się nakłada na skórę. Cera wygląda świetnie, nawet bez makijażu. Na pewno wrócę do tego produktu.❤️"
297451,3,"Średni, bardzo przeciętny"
297451,5,"Skóra jest miękka, dobrze nawilżona."
297451,5,"Lekki, pięknie pachnie."
297451,5,Skóra po aplikacji jest gładka i przyjemna w dotyku. Mam ochotę kupić zapas na cały rok. Cera wygląda zdrowiej.
297451,5,"Opakowanie bardzo praktyczne, nic się nie marnuje. Znakomicie sprawdza się jako część wieczornej rutyny. Doskonały wybór dla wymagającej skóry."
30004,5,Polecam
30004,5,👍️super produkt
30004,5,👍️produkt jest ok
30004,5,Używam już kilka lat jest najlepszy
30004,5,"Idealny do cery z problemami , mój nastoletni syn dzięki temu poprawił kondycję swojej skóry"
30004,5,Uwielbiam ten produkt
30004,5,💯mega
30004,5,"Od szeregu lat używam do twarzy wyłącznie Niveę: oczyszczający/wieczór i pielęgnujący/rano.
Sama przyjemność
M, 80 lat"
30004,5,Bardzo dobrze umytą twarz.
30093,5,Spełnia swoje zadanie.
30093,5,spoko🤝
30093,2,"Plastik ma nieprzyjemny zapach. Sztywna , słabo dopasowuje się do kształtu twarzy. Opaska na głowę mogłaby być elastyczna. Lepiej trzymałaby maskę"
30093,3,nie mogę podzielić sie opinią - prezent
30093,1,Niepraktyczne
30093,5,Relaks i odprężenie!
30093,5,Przydatne przy opuchliźnie i bólu głowy
30093,5,"Beznadziejna,bardzo szybko się nagrzewa"
30093,1,"Produkt niestety bardzo intensywnie pachnie plastikiem/chemią, ciężko stwierdzić, ale wylądował w koszu."
30770,5,"bardzo fajny żel, bez mydła, nie podrażnia"
30770,5,🔥👍️💪
30770,5,Opakowanie jest solidne i dobrze wykonane. Pozostawia skórę odświeżoną i czystą.
30770,5,Konsystencja jest przyjemna i łatwo się rozprowadza.
30770,5,Jest super
30770,5,Super żel do mojej wrażliwej skóry
30770,5,"Dobry, delikatny, nie uczula skóry i spoko myje."
30770,5,"to moja druga zakupiona tubka z żelem. Dla mojej twarzy się sprawdza. Jest delikatny, skóra twarzy po umyciu jest gładka"
30770,5,Skóra jest gładka i bardzo dobrze oczyszczona9
30770,3,Kupiłam pierwszy raz.
310621,5,Zawsze kupuje na wyjazd. Polecam.
310621,5,"Super doczyszczają skórę, mój ratunek odkąd musiałam przestać myć twarz woda"
310621,5,Nie mam żadnych zastrzeżeń co do prduktu
310621,5,Bardzo dobrze oczyszczają
310621,4,"Chusteczki okropne bardzo wysuszone , nie nadają się do zmywania makijażu , napewno już ich nie kupię ."
310621,4,"już kolejny raz zakupiłam te chusteczki, ale tym razem były trochę wyschnięte"
310621,5,Bardzo mi takie odpowiadają
310621,5,"Szybkie zakupy w Mojej Drogerii,🥰"
310621,4,Są ok za tą cenę.
310621,2,Za mało nawilżone
31158,5,"Aplikacja jest czysta i bezproblemowa. Moja skóra jest nawilżona przez cały dzień. Wysoce polecam, jestem zadowolona z zakupu."
31158,5,"Krem w sam raz dla mnie - lekki, nie zostawia tłustej warstwy."
31158,5,"Bezproblemowa aplikacja nawet w pośpiechu. Widać, że naprawdę działa. Działa dokładnie tak, jak obiecuje producent.⭐"
31158,5,Zdecydowanie poprawił wygląd mojej skóry – jest bardziej promienna i napięta.
31158,5,"Lekka formuła, idealna na co dzień."
31158,5,"Daje efekt wypoczętej skóry. Nie zostawia tłustego filmu, skóra jest od razu gotowa na makijaż. Buzia wygląda od razu lepiej.;)"
31158,5,Bardzo dobry krem okluzyjny 🔥
31158,5,Daje efekt WOW!
31158,5,Tłusty i mokry - to właśnie mi odpowiada.
31158,5,Nie spływa i nie pozostawia uczucia lepkości. Kompatybilny z innymi kosmetykami do twarzy.;)
312761,5,"Taki i skuteczny, do oczu używać vichy do skóry wrażliwej i nie widzę żadnej różnicy. Przyznam, że to jakość vichy się zepsuła, dlatego od lat zostaję przy eveline"
312761,5,Kocham ten plyn kupilam juz kilka opakowan
312761,5,Produkt spełnia moje oczekiwania 👍️
312761,5,"Dobrze zmywa, delikatny."
312761,5,💯💯💯
312761,5,nie podrażnia oczu
312761,5,"Kosmetyków firmy Eveline używam bardzo często ,maskary.kremy.Cenię jakość i cenę."
312761,5,Zawsze sie sprawdza
312761,5,👍️🔥🚀
312761,5,💪💪👍️
312762,4,👍️ spełnienia oczekiwania
312762,5,"To już kolejny płyn, nie zmieniam na inny. Skóra jest doskonale oczyszczona, nie ma uczucia ściągnięcia, pieczenia. Mam skórę wrażliwą, problematyczną, dla mnie idelany płyn. Półeczki"
312763,5,"Dobry płyn , spełnia moje oczekiwania, cena również przystępna , polecam!"
312763,5,💯💪❤️
312763,5,"Dobre składniki, które dobrze działają na skórę. Po użyciu skóra jest czysta i odświeżona. Opakowanie jest solidne i estetyczne."
312763,5,🔥🤩🤩
312763,5,🔥najlepszy płyn do mycia twarzy
312763,5,"Najlepszy w super cenie, wydajny"
312763,5,❤️🔥👍️💪🚀💯
312763,5,Rewelacja 👍️
312763,4,"Nie podrażnia oczu, co jest dla mnie ważne przy demakijażu. Duża pojemność opakowania sprawia, że jest wydajne i ekonomiczne."
312763,5,Produkt dobrze zmywa makijaż i jest wydajny.
313202,5,"O dziwo nie pieni się-ale działa. Nie przesusza, ładnie elegancko pachnie."
313202,5,"bardzo fajny żel, delikatny, oczy nie szczypią"
313202,5,"Wspaniały! Delikatny i skuteczny, wspiera barierę hydrolipidową i nie drażni skóry. Bardzo polecam"
313202,5,"używałam już kiedyś, więc sprawdzony - do podróży jak ulał."
313202,5,"Bardzo dobrze działa, faktycznie łagodny"
313202,5,dobra firma
313202,5,"Kosmetyki Tołpy są bezpieczne dla skóry, nie podrażniają, pielęgnują. Wygodne opakowanie podróżne."
313202,4,"Zakupiony na próbę, na krótki wyjazd"
313202,5,Bardzo lubię ten żel do femakijażu szczególnie w podróży
313315,5,🔥❤️👍️👍️🔥
313315,5,Bardzo dobrze myję twarz. Polecam
313315,5,Fajny bo myje makijaż z twarzy jak i z oczu. Szkoda ze jest tylko w takiej małej pojemnisci
313315,1,Bardzo słabo zmywa makijaż
313315,5,"Bardzo dobrze się sprawdza, zmywa makijaż (choć nie wodoodporny, wiadomo)."
313315,5,"bardzo fajny zel ,dokladnie doczyszcza makijaz"
313315,3,Przeciętny
313315,5,"Fajny delikatny żel do mycia twarzy, polubiłam, mam cerę wrażliwą i suchą"
313315,2,"Bez szału, nie pieni się, nie domywa, bubel."
313315,5,Bardzo lubię ten żel. Dobrze się sprawdza. Jest w małej pojemności i dlatego zawsze biorę go na wyjazdy.
313645,4,💯dobry płyn micelarny
313645,5,Toppp💯💯💯
313645,5,bardzo dobry
313645,5,❤️❤️❤️❤️
313645,5,Super działa polecam 👍️🔥
313645,5,❤️👍️👍️
313645,5,"Dobra jakość, wydajne, nie uczula, dobra cena"
313645,5,Jest ok
313645,5,Dobrze zmywa makijaż także nawilża.
313645,5,Płyn jest super
315755,5,"Lubię go za to, że tak lekko się rozprowadza."
315755,4,"Widać, że naprawdę działa."
315755,5,Odczuwalnie wygładza i zmiękcza skórę.
315755,5,Efekty są naprawdę świetne. Nie zostawia żadnych tłustych plam. Warto mieć go w swojej kosmetyczce.
315755,5,"Krem w sama arz dla mnie - lekki, nie zostawia tłustej warstwy."
315755,5,"❤️ superNie roluje się pod podkładem, świetny jako baza."
315755,5,"Po jego użyciu, skóra wydaje się niesamowicie gładka i odżywiona.👌 Lekka formuła, nie zapycha porów. Dobry kosmetyk, polecam serdecznie.👍"
315755,5,"Krem jest bardzo wydajny, wystarczy niewielka ilość. Widocznie zmniejsza zaczerwienienia i wyrównuje koloryt skóry. Mój absolutny hit w codziennej pielęgnacji."
315755,5,"Błyskawicznie poprawia nawilżenie, nawet w trudnych warunkach pogodowych. Codzienne użycie to przyjemny moment.;) Na pewno wrócę do tego produktu.❤️"
315756,5,"Pachnie bardzo kojąco, idealnie przed snem na twarz. Ma idealną konsystencję, nie jest ani za gęsty, ani za rzadki. Twarz po przebudzeniu wygląda na znacznie bardziej wypoczętą."
315756,5,"Bardzo gustowny zapach, czuć, że to produkt jakościowy. To bardzo skuteczny sposób na poprawę kondycji cery."
315756,5,Lubię ten krem za komfort stosowania.
315756,5,"Zapach jest subtelny i przyjemny. Pozostawia skórę nawilżoną, ale nie tłustą. Mam wrażenie, że cera stała się bardziej elastyczna."
315756,5,Krem jest bardzo bogaty i treściwy.
315756,5,Skóra po aplikacji jest gładka i przyjemna w dotyku. Poprawia elastyczność i ogólną kondycję skóry. Produkt godny zaufania.
315756,5,"Nie lepi się, nie zostawia śladów na ubraniach. Skóra wygląda o wiele lepiej już w krótkim czasie. Dobry kosmetyk, polecam serdecznie.👍"
315756,5,"Krem na idealną formułę. Po jego użyciu, skóra wydaje się niesamowicie gładka i odżywiona.👌 Cena i skład wzbudzają zaufanie. 👍️"
315756,5,"Ma aksamitną teksturę, która pięknie się rozprowadza. Używam codziennie i za każdym razem cera wygląda na zdrowszą. Na pewno do niego wrócę."
315756,5,Zdecydowanie poprawił wygląd mojej skóry – jest bardziej promienna i napięta. Konsystencja kremu jest miękka i łatwa w rozprowadzeniu. Mój numer 1 w pielęgnacji cery. Polecam.👍
315757,5,💪👍️Efekty są naprawdę świetne.
315757,5,Bardzo łatwy i szybki w aplikacji krem.
315757,5,Działa jak solidne wsparcie dla mojej dojrzałej cery każdego dnia.
315757,5,"Daje uczucie głębokiego odżywienia, którego moja cera potrzebowała. Szybko znika w porach, nie tworząc niepotrzebnego filmu na twarzy. Jest niezwykle neutralny, co jest dużą zaletą w codziennej rutynie."
315757,4,"Lubię go za to, że tak lekko się rozprowadza."
315757,5,"Dobrze się rozprowadza i szybko wchłania. Produkt świetnie nawilża i wygładza cerę. Nie uczula, polecam"
315757,5,"Konsystencja kremu idealnie współgra ze skórą ani za rzadka, ani za gęsta. Używam codziennie i za każdym razem cera wygląda na zdrowszą."
315757,5,"Regeneruje, koi, daje mi 100% zadowolenia. Codzienne użycie to przyjemny moment.;) Warto mieć go w swojej kosmetyczce."
315757,5,"Super się nakłada – codzienna pielęgnacja to przyjemność. Nie zapycha porów, a skóra staje się gładsza i bardziej rozświetlona. Dobry kosmetyk, polecam serdecznie.👍"
315757,5,👍️bardzo skuteczny i przyjemny w nakładaniu Lubię ten krem za komfort stosowania.
315758,5,Zauważyłam znaczną poprawę w wyglądzie mojej cery.
315758,5,"Idealnie otula twarz, nie pozostawiając żadnych śladów."
315758,5,"Przyjemnie otula twarz swoim gęstym, bogatym składem."
315758,5,Bardzo przyjemnie rozprowadza się po całej twarzy.
315758,5,Mój ulubiony krem
315758,5,"Ma bardzo aksamitną strukturę, która wręcz rozpływa się w dłoniach. Rewelacyjny krem, poprawił ogólny wygląd mojej cery. Aromat jest bardzo delikatny, typowy dla dobrych kosmetyków. Bardzo polecam gdyż używam kremu od dłuższego czasu na zmianę z innymi - najczęściej z firmy Biotanic ze śluzem z ślmaka ."
315758,5,"Jest doskonały, nawet dla cery naczynkowej. Opakowanie nie brudzi, idealne do precyzyjnego dozowania. Aż chce się go używać codziennie!"
315758,5,"Pozostawia delikatny, ochronny film, który nie jest ciężki. Działa bardzo kompleksowo na potrzeby mojej cery."
315758,5,"Pozostawia skórę nawilżoną, ale nie tłustą. Cera jest wyraźnie odżywiona i zrewitalizowana."
315758,4,"Kremowa, dobrze się rozprowadza. Cera jest wyraźnie odżywiona i zrewitalizowana. Delikatny i przyjemny."
315780,5,"Doceniam fakt, że składniki są przyjazne dla mojej wrażliwej cery."
315780,5,"Dobrze oczyszcza skórę. Duża pojemność, starczy na długo."
315780,5,"Dobrze zmywa makijaż, bardzo ładnie pachnie, nie ma uczucia ściągnięcia"
315780,5,jeden z lepszych plynow
315780,5,"Najlepszy płyn micelarny jaki do tej pory kupiłam, bardzo dobrze zmywa makijaż, nawilża i odżywia skórę"
315780,4,"Domywa makijaż ale niestety szczypie w oczy, pozostanę jednak przy czarnej butelce."
315780,5,Super jest
315780,5,❤️Dobrze zmywa.
315780,5,Super produkt
315780,5,Super❤️
316172,5,"Podoba mi się, że usuwa je całkowicie z korzeniami. Dzięki odpowiedniej formule, depilacja jest mniej bolesna. Plastry są wygodne w codziennym, domowym stosowaniu."
316172,5,jestem na plus👍️
316172,4,"Plastry bardzo dobrze usuwają nawet krótkie włoski. Nie podrażniają, co jest dużym plusem. Szybko i sprawnie można wykonać depilację. Może tubka z oliwką jest trochę za duża. Plastry wykorzystuję a tubka zostaje do kolejnego opakowania. Uzywam już od dłuższego czasu i zawsze mam 2-3 tubki oliwki..."
316172,3,"Słaba jakość, trochę lepsze niż te większe ale szału nie ma. Acha, z każdym kolejnym opakowaniem, mam wrażenie że coraz węższe paski wosku."
316172,5,"Mocne, dobrze usuwają zarost. Po odklejeniu i ponownym przyklejeniu równie skutecznie sobie radzą."
316172,5,🔥 super
316172,5,Beznadziejny!!!Nadaje się tylko do wyrzucenia!!!Kolejny raz już go nie kupię!!!
316172,5,"Super, to już moje kolejne opakowanie"
316172,4,spelniaja swoja funkcję
316172,1,Słabo skuteczne
317764,5,"Skóra pod oczami była napięta z lekkim połyskiem , odświeżona"
317764,5,Używam tych płatków od kilku miesięcy i są pozytywne efekty.
317764,4,"Bardzo przydatne w podróży. Po zastosowaniu odczuwam dużą ulgę, skóra jest dobrze nawilżona i obrzęki są mniejsze. Mogły by być troszkę szersze."
317764,5,Bardzo przyjemne płatki od oczy szczególnie jak rano wstane🔥
317764,5,Na moją wrażliwa cerę jest Ok
317764,5,"Super działanie, nawilżają i rozświetlają skórę pod oczami. Polecam"
317764,5,Odświeżają skórę. Nieuczulające- to jest bardzo ważne dla mnie
317764,5,"Super, córka używa codziennie"
317764,5,Skuteczne
317764,4,"Te płatki żelowe pod oczy kupuje dlatego że dobrze działają na moje zmęczone i opuchnięte miejsca pod oczami👍️Chociaż żeby było widać lepsze efekty trzeba je stosować ok 2-och razy w tygodniu.Dlatego też gdyby były trochę tańsze było by idealnie.Wiem że nie ma co żałować sobie na to żeby poprawić naturalnie swój wygląd ale nawet za taką cenę wiele korzyści bilet nie może sobie na to pozwolić...
...Więcej"
317776,5,Buzia jest dobrze odzywiona
317776,5,Super skład
317787,5,Super skład
317787,5,Polecam :)
317787,5,💯🚀💯
317787,5,"bardzo delikatny, idealny do wrazliwej skory!"
317787,5,Najlepszy żel myjący jaki miałam. Rewelacyjnie oczyszcza skórę
317787,5,Uwielbiam
317787,5,"Jest super, nie szczypie w oczy, dobrze usuwa makijaż"
317787,5,"Bardzo delikatny i niepodrażniający żel, a co najlepsze nie szczypie przy zmywaniu okolic oczu. Mam skórę wrażliwą, suchą. 
Bardzo polecam, kupuję go regularnie :)"
317787,5,10/10❤️
317787,3,"Zapach jest nienaturalny, lekko drażniący nawet. Po użyciu zostawia nieprzyjemne uczucie, jak po użyciu najzwyklejszego mydła. Takie tępe odczucie na skórze. Nie oczyszcza porów. Nie kupię drugi raz."
317792,5,"Polecam całą serię soraya plante. Zrobiłabym zapas płynu micelarnego i esencji z tej serii gdybym wiedziała, że zostanie wycofana :)"
317792,3,Wydaje się taki wodnisty i słabo myjący.
317792,5,Polecam.
317792,4,W porządku pianka do mycia
317792,4,"Bardzo lubię tę linię. Gwiazdka minus za zapach, ale jestem po prostu przyzwyczajona do tej drugiej opcji: aloes i biała herbata ❤️"
317792,4,Zwykła pianka nic nadzwyczajnego.
317792,5,Dobrze oczyszcza skorę
317792,5,Kupiłam bo była na promo ale jest ok
317792,5,"Fajna, delikatna pianka do codziennego użytku."
317792,5,"Powrót do tej pianki okazał się świetną decyzją. Delikatna, idealna na mycie twarzy rano"
317886,5,"Najlepszy, moja cera jest teraz promienna i nawilżona. Nie zostawia tłustego filmu, skóra jest od razu gotowa na makijaż. Mój numer 1 w pielęgnacji cery. Polecam.👍"
317886,5,"świetna konsystencja, piękny zapach💪"
317886,1,"Niestety nie dla mnie, na skórze pozostaje lepkość, długo się wchłania. zapach też mi nie odpowiada. Po opisach liczyłam na super wchłaniającą się konsystencję, a po 3 dniach myślę o zmianie kremu na inny (wiek 50+)"
317886,5,Polecam szczerze każdej Pani 🥰cera delikatniejsza zmarszczki bardzo wygładzone 😍
317886,5,"Widać, że naprawdę działa. Można bez obaw stosować także na szyję i dekolt. Wszystko zgodne z opisem, efekty super.👌 Ja używam i jestem zachwycona efektem,krem kupuje w promocji ,promocje są czysto"
317886,5,"Moja skóra jest nawilżona przez cały dzień. Strzał w dziesiątkę, jestem na tak. Bardzo dobrze się wchłania, nie trzeba długo czekać."
317886,5,"Formuła nie jest tłusta ani lepka. Pachnie bardzo delikatnie i bardzo elegancko. Czuć, że skóra jest intensywnie odżywiona."
317886,4,"Czuć, że jest to porządny, treściwy kosmetyk. Cera wygląda na wyraźnie bardziej wypoczętą."
317886,5,"💯Skuteczność widoczna już po pierwszym tygodniu stosowania. Konsystencja kremu idealnie współgra ze skórą ani za rzadka, ani za gęsta."
317886,5,"Skóra jest miękka, dobrze nawilżona."
317887,5,"super zapach, świetnie się wchłania, uwielbiam🔥"
317887,5,Skóra jest bardziej elastyczna.
317887,5,"Do zakupu skusił mnie opis działania tego serum oraz promocyjna cena. Ponieważ odczucie po zastosowaniu było znakomite pobiegłam po 2 słoiczek. Niestety, już kosztował ponad 70 PLN."
317887,5,"nie wywołuje alergii i to jest dla mnie najważnejsze,jest świetny,dobrze się wchłania i pięknie opakowany.❤️"
317887,5,"Super konsystencja, przyjemny dla skóry, nawilża, poprawia kondycję skóry"
317887,5,Świetny i bardzo wydajny. Długo zachowuje trwałość. Wspaniale działa na cerę.
317887,5,"Dobra konsystencja, szybko się wchłania, miły zapach, łatwo się rozprowadza."
317887,5,bardzo dobre serum. polecam
317887,5,uwielbiam wszystkie produkty
317887,5,"To serum jest doskonałe dla mojej cery. Nie wiem, co to są worki pod oczami, czy lwia zmarszczka. Łatwo się wchłania i jest tanie. Kupowałam kiedyś o wiele droższe i nie byłam z nich zadowolona. Ale z oferty kremów Ch.L. pasują mi prawie wszystkiem"
319002,5,Od kilku lat używam tego płynu micelarnego dla mojej skóry- jest świetny
319002,5,Użuwam i jest wspaniaały mogę polećić
319012,5,Polecam :)
319012,5,super produkt👍️ ❤️
319012,5,"Jedyny peeling z przetestowanych przeze mnie, który naprawdę działa. Mam już chyba z 10 opakowanie. Uwielbiam to jak oczyszcza twarz, tak jakbym użyła gumki do mazania, martwy naskórek ściera się tak jak resztki owej gumki. Zapach piękny, ananasowy, soczysty. Skóra nawilżona. Super produkt"
319012,5,"Bardzo mi odpowiada, prawdopodobnie zagości na dłużej w mojej kosmetyczce 👍️"
319012,4,Jest Ok
319012,5,🔥💯💪
319012,5,"Delikatny peeling, łagodnie złuszcza i oczyszcza skórę"
319012,5,"Najlepszy peeling, delikatny ale skuteczny. Super zapach"
319012,5,"nie powoduje podrażnień, skutecznie oczyszcza skórę"
319012,5,Co za cudowny peeling 😱 idealny na dzień przed makijażem 🩷
319640,5,"Przyjemnie się nakłada na skórę. Nadaje cerze naturalny blask i poprawia jej strukturę. Cieszę się, że na niego trafiłam. 👍️💪 Sprawdza się na typie mojej skóry."
319640,5,Cera wygląda zdrowiej.
319640,3,"za krótko stosuję, przebarwienia nie są rozjasnione."
319640,3,"Na razie nie widzę efektów, może za krótko stosuję. Ma trochę nieprzyjemny zapach (myślałam, że to może mój krem, który był już trochę otwarty i zbliżał się upływ terminu przydatności. Kupiłam nowy - zapach ten sam). Konsystencja okej, skóra lekko nawilżona po nałożeniu, ale oczekuję lepszych efektów, zobaczymy z czasem.
...Więcej"
319640,5,"Błyskawicznie poprawia nawilżenie, nawet w trudnych warunkach pogodowych. Na pewno jeszcze nie raz po niego sięgnę. Nie zostawia smug ani uczucia ściągnięcia."
319640,5,"Daje efekt wypoczętej skóry. Bardzo dobrze się wchłania, nie trzeba długo czekać. Warto mieć go w swojej kosmetyczce."
319640,4,Moja skóra jest teraz bardziej elastyczna.
319640,3,male rozczarowanie
319640,5,krem spełnia moje wymagania czuje się jak po zabiegu u kosmetyczki ❤️
319640,5,Po prostu super 👍️
321200,1,Tej też jeszcze nie wykorzystałam.
321200,5,"Świetna maska, działa rewelacyjnie na skórę"
321200,5,👍️jest super
321200,5,Pięknie odżywia i napina skórę 😊
321200,5,Dobry.
321200,5,"Działa, daje efekty"
321200,5,Fajna maseczka. Ładnie nawilża i pozostawia twarz odświeżania pełną blaku
321200,5,"Szczerze podziwiam, że jest w płachcie."
321200,5,💯❤️👍️
321200,4,Idealna 👍pienie wygładza cerę 👍
321204,1,Nie mogę nic napisać bo jeszcze nie wykorzystałam.
321204,5,"Bardzo dobra maska, świetny efekt czystej promienne buzi."
321204,5,👍️super
321204,5,Polecam
321204,5,Przyjemny zabieg na twarz
321204,5,"Fajny efekt,"
321204,5,Świetna maseczka
321204,5,"Szczerze to uważam, że to ocenianie tekstowe dopiero - być może - zakupionego i niewypróbowanego produktu jest bez sensu."
321204,5,"Dobra cena , super maseczka👍"
321204,5,"Świtań maseczka , petard"
321225,5,"Kompatybilny z innymi kosmetykami do twarzy.;) Jeden z tych produktów, które zostają na stałe. Nie spływa i nie pozostawia uczucia lepkości."
321225,5,"Super do cer trądzikowych. Jest lekki, dobrze nawilża i nie jest w ogóle tłusty."
321225,5,"❤️Krem świetnie się rozprowadza i natychmiast wchłania. Nie uczula, nie drażni, a efekty są zauważalne już po kilku dniach. Wysoce polecam, jestem zadowolona z zakupu."
321225,5,"Skóra jest miękka, dobrze nawilżona. Cieszę się, że na niego trafiłam."
321225,1,Brak nawilżenia
321225,5,super👍️
321225,4,"Lekka formuła, nie zapycha porów. Zauważyłam, że makijaż wygląda na nim lepiej i dłużej się utrzymuje. Dobry kosmetyk, polecam serdecznie.👍"
321225,5,"Cera wygląda zdrowiej. Krem w sam arz dla mnie - lekki, nie zostawia tłustej warstwy."
321225,4,Widocznie zmniejsza zaczerwienienia i wyrównuje koloryt skóry.
321225,5,💪💪💪
321267,4,"Szczerze mówiąc, produkt kupiłam dla Mamy, ponieważ lubi różane zapachy. 
Na pewno nie wywołał żadnych pordażnień, ładnie pachnie no i Mama jest zadowolona. 
Odejmuje 1 gwiazdkę, ponieważ osobiście nie używałam."
321267,5,świetna
321267,5,świetny produkt. Polecam !
321267,4,Na moją skórę jest ok
321267,5,ok skóra dobrze przyjmuje
321267,4,"Ok,na razie testuję."
321267,4,"Spoko nawilżenie skóry w zimie, zadowolona 👍️"
321267,5,"tonik jest bardzo fajny. Często go kupuję (najczęściej korzystam z promocji). Polecam. Jednak teraz mimo, że pod towarem była cena promocyjna w kasie samoobsługowej została policzona kwota bez promocji. Ekspedientka na moje zapytanie stwierdziła, że jeżeli taka cena jest na kasie to tak musi być."
321267,5,"Bardzo dobry tonik. Odświeża, nawilża, skóra jest nawodniona. Działa już po pierwszym razie"
321267,5,Odświeża
322608,5,Ponieważ na mojej twarzy zaczęły pojawiać się prosaki poszukałam ratunku. Ten żel wspaniale rozwiązał problem
322608,5,Fajny delikatny żel
322608,5,Świetny
322608,3,Przy ciężkim trądziku żel nie dał rady
322608,5,"Mój ulubieniec od lat, najlepszy dla mojej problematycznej cery ❤️"
322608,5,"Zużyłam już z 5 opakowań, polecam !"
322608,5,🚀👍️ Super🚀🚀🚀
322608,5,Najlepszy żel jaki miałam 🔥💯
322608,5,Uwielbiam.
322610,5,❤️Wygodne opakowanie ułatwia codzienne stosowanie.
322610,5,"Super wydajny, mogę go stosować także na noc. Daje szybko zauważalne efekty;). Wysoka jakość, w pełni spełnił moje oczekiwania. Pierwsza tubka była testowana, teraz druga kupiona świadomie i z przekonaniem, że taki krem jest mi potrzebny."
322610,5,"Nie zostawia tłustego filmu, skóra jest od razu gotowa na makijaż. Zdecydowanie mój numer 1 – i zostaje nim na długo. Wycisza nawet zaawansowany trądzik polecam"
322610,1,Wysypało mnie nie polecam
322610,5,"Moja cera odżyła, boski krem."
322610,5,"Rewelacyjny
Spełnia swoją rolę na uporczywy hormonalny trądzik"
322610,5,Super się nakłada – codzienna pielęgnacja to przyjemność.
322610,5,"Cera wygląda świetnie, nawet bez makijażu. Konsystencja kremu idealnie współgra ze skórą ani za rzadka, ani za gęsta. Warto mieć go w swojej kosmetyczce. Konsystencja kremu idealnie współgra ze skórą ani za rzadka, ani za gęsta. ❤️"
322610,2,Przyspiesza gojenie wyprysków tradzikowych ale ma nie za ciekawy zapach i niestety u mnie sie strasznie roluje :/ cera tlusta . Z przykrością nie polecam
322610,4,Używam codziennie i za każdym razem cera wygląda na zdrowszą.
322666,5,Polecamm
322666,1,Gorzki w smaku.
322666,1,"Nie widać go na ustach, suszy usta"
322666,5,Mega produkt. Polecam.🔥💯🤩
322666,5,"Bratanica zadowolona, usta pięknie błyszczą"
322666,5,Jest ok
322666,5,Może być
322675,3,"to chyba jedyny płyn micelarny, który po użyciu trzeba zmywać wodą"
322675,5,Uwielbiam 🥰
322675,5,Lepszego daleko szukać. Wszystko mnie uczula i oczy mnie swędzą i pieką. Po tym nic mi nie jest. 5 butelka kupiona!
322675,2,Zapach przypominał bańki mydlane. Nie podobało mi się to.
322675,5,"Bardzo dobry płyn do demakijażu, dobrze usuwa nawet wodoodporne kosmetyki, nie podrażnia, nie ściaga cery, polecam!"
322675,5,"Duże opakowanie i wygodne użytkowanie. Stosowanie bez zastrzeżeń: żadnych podrażnień, ani żadnego dyskomfortu. Polecam!"
322675,5,bardzo skuteczny a przy tym delikatny dla skóry❤️
322675,4,Domywa ok.
322675,5,"Produkt kupiłam dla Mamy, jest po operacji oczdlatego uznałam, że płyń dopuszczony przez okulistę będzie bezpoeczny"
322675,5,👍️👍️
322677,5,Uwielbiam ten żel do mycia twarzy! Używa go cała moja rodzina i domaga się tylko tego. Bravo Janda!💯
322677,5,👍️🚀💯❤️
322679,5,Polecony przez kosmetyczkę moja kolejna butelka super działa i ma dobrą cenę
322679,5,"dobra cena jak na ten produkt, droższy nie wzbudziłby mojego zainteresowania"
322679,5,"Bardzo fajny, duża butelka."
322679,5,Świetny. Kupiłam przez przypadek i to jest moja z 6 butelka...
322679,5,Bardzo fajnie nawilża i tonuje twarz. Używam już bardzo długo. Wydajny.
322679,5,"Bardzo dobrze nawilża, stosuję od kilku lat"
322679,5,💯❤️👍️
322679,5,👍️👍️
322679,5,"Bardzo dobry produkt, używam już od dawna. Cera jest nawilżona. Polecam"
323214,5,"Fajny, lekki produkt. Wrzucam sobie do torby i w ciągu dnia mogę go użyć...❤️"
323214,5,Zauważyłam znaczące nawilżenie skóry od pierwszego użycia.
323214,5,Супер продукт за свою цену!!
323214,5,👍️ super
323214,5,"Fantastyczny olejek, szyja, dekolt, brwi, twarz, pięknie ujedrnia"
323214,3,Jak na razie nie odczułam żadnej poprawy . Zbyt krótko go używam.
323214,5,"firma sprawdzona, kosmetyki nie uczulają zakup udany"
323214,5,Mam suchą cerę. Olejek bardzo dobrze się wchłania. Skura jest delikatna i elastyczna.Jestem bardzo zadowolona z zakupu.
323214,5,dobry👍️
323214,5,Bardzo fajny olejek do twarzy i ciała. Szybko się wchłania i nie pozostawia tłustej warstwy.
323504,5,Usta są miękkie i nawilżone przez długi czas.
323504,5,Pięciolatka zadowolona :)
323504,5,zgodnie z oczekiwaniem
323504,5,"Córka uwielbia tą pomadkę, zapach piękny"
323504,5,Najlepsza pomadka ochronna do ust. Polecam!
323504,5,Mega:)
323504,5,🔥🔥🔥🔥
323504,5,Córka zadowolona
323504,5,❤️❤️❤️❤️❤️❤️❤️❤️❤️❤️❤️
323504,5,Córka szczęśliwa
323511,5,Jest ok.
323511,5,"Drogi, ale fajny"
323511,5,"Dobra jakośc, mily zapach"
323511,5,Ok super
323511,5,"Bardzo fajny balsam, kupiłam dla siostry na prezent, ale okazało się, że jest truskawkowa, czego wcześniej nie zauważyłam, a ona ma uczulenie na truskawki, więc zostawiłam ją dla siebie, ale pojechałam do rodziców na obiad i dałam ostatecznie mamie ☺️☺️"
323511,5,Ładny zapach
323511,5,"Jest różowy i jest kotkiem, dla 4latki nie liczy sie nic więcej 😅Dobrze nawilża usta, nie jest tłusty."
323511,5,Super 🔥
323511,5,"Bardzo urocza pomadka, jednym ruchem smaruje całe usta."
323511,5,Bardzo dobrze nawilża usta i ma przyjemny zapach
325237,5,Bardzo dobra
325237,5,"bardzo dobra, to już moje kolejne opakowanie"
325237,5,Faktycznie działa!
325237,5,Super maseczka 💯
325237,5,"świetna maska, to już moje któreś z kolei opakowanie. nie uczula, mam cerę trądzikową i nigdy nie zrobiła mi krzywdy. delikatny zapach, miła konsystencja, wydajna"
325237,4,👍️pozostawia skórę gładką
325237,1,"Kupiłam i niestety dopiero w domu przeczytałam skład. Jest tam alkohol denat, więc niestety maseczka poszła do kosza. Mam sporo produktów Mia i nie wiem dlaczego pomyślałam że ta firma ma tylko produkty z dobrym składem . No moja nieuwaga niestety"
325237,3,Niestety nie dla mnie
325237,5,"Świetnie odświeża, ale jest na tyle łagodna w swoim działaniu, że nie podrażnia. Bardzo wydajna. Bardzo miła, leciutka, kremowa tekstura. Po wchłonięciu jest praktycznie niewidoczna, co idealnie wyznacza porę zmycia maski."
325237,5,"Jedna z lepszych masek, zawsze robię sobie jej zapas. Polecam."
325303,5,"Wosk idealnie rozkłada się na powierzchni plastra. Idealnie przylegają, co gwarantuje pełną skuteczność depilacji. Zabieg przyniósł pożądany efekt już za pierwszym razem."
325303,5,Po użyciu skóra była gładka. 👍️
325303,2,Nie działa
325303,5,Jestem w pełni zadowolona z zakupionego produktu. Zastosowałam go po raz pierwszy. Suuper.
325303,5,skuteczne
325303,5,"Nie wymaga rozgrzania w dłoniach, delikatny dla skóry twarzy."
325303,5,🔥 świetnie sprawdza się
325303,5,"Klasyczne plastry, działają tak jak powinny"
325303,5,Bardzo ladnie lapia kosmyki.
325303,2,"To nie jest coś dla mnie po prostu , spodziewałam się czegoś innego 🙂"
325591,5,"Krem jest bardzo delikatny,nawilżający dobrze wchłania się w skórę Polecam wszystkim,którzy chcą zadbać o swoją skórę 👍"
325591,5,"lekki, dobrze się wchłania, widać efekt"
325591,4,"Wygodna aplikacja, dobra konsystencja."
325591,5,Dobry krem
325591,5,💯 bardzo dobry krem
325591,5,"Bardzo dobry krem, dobrze się wchłania i nawilża"
325591,5,Nie łzawią mi oczy po nim
325591,5,Używam kolejny raz jest super
325591,5,Bardzo dobry krem i cena dobra
325591,5,Dobry i tani
325592,2,"Serdecznie nie pozdrawiam osoby z krotoszyna, która 8 kwietnia podpatrzyła mój nr telefonu na kasie samoobsługowej i użyła go później przy zwykłej, aby kupić ten krem i nie tylko:) wystarczyło się spytać po ludzku, czy dam swoją apkę zeskanować. Ludzi powaliło do reszty."
325592,4,💪💪Nawilżenie 10/10.;)
325592,5,"Konsystencja kremu idealnie współgra ze skórą ani za rzadka, ani za gęsta. Krem w sama raz dla mnie - lekki, nie zostawia tłustej warstwy. Idealny do codziennej pielęgnacji.⭐ Polecam!"
325592,4,"Bogaty, z filtrem. Spełnia oczekiwania."
325592,5,Ok👍️👍️👍️
325592,5,"👍️Aplikacja jest szybka i komfortowa. Zgrabne opakowanie, idealne do torebki czy na wyjazd."
325592,5,"Regeneruje, koi, daje mi 100% zadowolenia. Krem świetnie się rozprowadza i natychmiast wchłania. Doskonały wybór dla wymagającej skóry."
325592,1,"Bardzo słaby krem , kiepsko się wchłania i nic nie robi z twarzą , słabe działanie"
325592,5,Przyjemnie się nakłada na skórę.
325592,4,"Krem w sam arz dla mnie - lekki, nie zostawia tłustej warstwy."
325593,5,"Uwielbiam efekt miękkiej, wypoczętej skóry tuż po aplikacji."
325593,2,"Serdecznie nie pozdrawiam osoby z krotoszyna, która 8 kwietnia podpatrzyła mój nr telefonu na kasie samoobsługowej i użyła go później przy zwykłej, aby kupić ten krem i nie tylko:) wystarczyło się spytać po ludzku, czy dam swoją apkę zeskanować. Ludzi powaliło do reszty."
325593,5,"Bardzo dobrze radzi sobie z przesuszeniami i szarą cerą. Krem na idealną formułę. Rewelacja, nic tylko brać! Zdecydowanie poprawił wygląd mojej skóry – jest bardziej promienna i napięta."
325593,5,"Sprawdza się na typie mojej skóry. Ma delikatny, przyjemny zapach – dodatkowy plus przy aplikacji."
325593,5,Wspaniale współgra z innymi kosmetykami w mojej pielęgnacji. Bezproblemowa aplikacja nawet w pośpiechu. Mam ochotę kupić zapas na cały rok.
325593,5,Moja skóra jest idealnie nawilżona i wygląda zdrowiej każdego dnia.
325593,5,Daje wspaniałe efekty. Codzienne użycie to przyjemny moment.;) Zaskoczył mnie pozytywnie już po pierwszym użyciu. Napina i ujędrnia.
325593,5,"Bardzo lekki i szybko się wchłania. Produkt skutecznie chroni przed słońcem dzięki SPF 20, co jest dużym plusem. Delikatny i przyjemny zapach."
325593,4,"Wygodny w użyciu, bogaty krem."
325593,1,"Mało nawilża , nie kupię więcej"
325595,5,córka bardzo zadowolona.
325595,5,Super!
325595,5,Super produkt 💖
325595,5,Fajnie pachnie i nawilża
325595,5,Super zapach
325595,5,jest ok👍️
325595,5,"Piękny zapach , super nawilża"
327268,5,"To jeden z tych produktów, do których regularnie wracam."
327268,5,"Świetnie współgra z makijażem, nic się nie roluje. Skuteczność widoczna już po pierwszym tygodniu stosowania. Strzał w dziesiątkę, jestem na tak."
327268,5,Moja skóra jest nawilżona przez cały dzień.
327268,5,"Znakomicie sprawdza się jako część wieczornej rutyny. Opakowanie nie brudzi, idealne do precyzyjnego dozowania. Cena i skład wzbudzają zaufanie."
327268,5,"Dobrze się rozprowadza, nie trzeba mocno wcierać. Rekomenduję, sprawdził się doskonale.😍 Moja skóra jest idealnie nawilżona i wygląda zdrowiej każdego dnia. Komfort dla skory.Pozdrawiam"
327268,5,"Nadaje się do stosowania na twarz, szyję i dekolt – nic się nie marnuje. Daje efekt wypoczętej skóry."
327268,5,"Bardzo przyjemna formuła, idealny krem na co dzień."
327268,4,"Poprawia elastyczność i ogólną kondycję skóry. Wysoka jakość, w pełni spełnił moje oczekiwania."
327268,5,"Lekka formuła, idealna na co dzień. Wysoce polecam, jestem zadowolona z zakupu. Moja skóra jest teraz bardziej elastyczna."
327268,5,"Bardzo dobrze się wchłania, nie trzeba długo czekać."
327270,5,Krem jak masełko. Extra formuła.
327270,5,"Zaskoczył mnie pozytywnie już po pierwszym użyciu. Nie zostawia tłustego filmu, skóra jest od razu gotowa na makijaż."
327270,4,"bardzo lekki i fajny krem na noc, co prawda efektów jeszcze Krem w sama raz dla mnie - lekki, nie zostawia tłustej warstwy. nie widzę ale używam go dopiero 2 tygodnie, Lekka formuła, nie zapycha porów."
327270,5,"Poprawia elastyczność i ogólną kondycję skóry. Nie zostawia smug ani uczucia ściągnięcia. Jeden z tych produktów, które zostają na stałe."
327270,5,Ulubiony krem mojego Taty
327270,5,"Moja cera odżyła, boski krem. Opakowanie nie brudzi, idealne do precyzyjnego dozowania. Mój numer 1 w pielęgnacji cery. Polecam.👍 super"
327270,5,"Jeden z lepszych kosmetyków, jakie miałam. Krem jest bardzo wydajny, wystarczy niewielka ilość. Dzięki niemu zniknęły suche miejsca."
327270,5,Sprawdza się na typie mojej skóry. Bardzo łatwy i szybki w aplikacji krem.
327270,5,"To jeden z tych produktów, do których regularnie wracam. Na pewno jeszcze nie raz po niego sięgnę."
327270,5,"Bardzo dobrze się wchłania, nie trzeba długo czekać. Buzia wygląda od razu lepiej.;) Wszystko zgodne z opisem, efekty super.👌"
32800,5,Super nawilża 💪
32800,5,Dobry produkt do codziennego użytku
32800,5,🔥 polecam
32800,5,Nawilża oraz chroni jest super🤩
32800,3,"Pomadka mam wrażenie, że im więcej jej używam tym bardziej wysusza usta. Dodatkowo uwydatnia suche skórki."
32800,5,"Pomadka ochronna dobrze spełnia swoje zadanie kiedy jest stosowana regularnie. Używam ją od lat wiosną, latem, jesienią i zimą i jestem zadowolona, więc nadal będę ją kupować. Polecam."
32800,5,"chyba najlepsza pomadka odżywcza do ust, a próbowałam ich trochę"
32800,5,Jest super👍️
32800,4,najlepsza pomadka ale moim zdaniem trochę za droga
32800,5,Jest super pięknie pachnie i super nawilża jest warty każdej ceny lećie go kupować🔥👍️❤️❤️
328679,4,"Przyjemna, ładnie pachnie, koi i nawilża, aczkolwiek nie jest to ultra nawilżenie dla cery suchej"
328679,5,"Pięknie koi i nawilża, mi się podoba ,polecam"
328679,5,"bardzo dużo esencji, dobrze przylega do twarzy. ja lubie ja schlodzic w lodowce i fajnie wtedy lagodzi podrtaznienia"
328679,5,Jest świetna. Moja ulubiona
328679,4,jest ok
328679,5,"Kojąca, nawilżająca maseczka z cieniutkiego materiału. Chyba moja ulubiona❤️"
328679,5,Cudownie koi twarz
328679,5,"Dobrze łagodzi zaczerwienienia po trądziku, skóra jest miękka i troszkę wygładzona. Esencję która zostaje w saszetce można wykorzystać potem jako serum, ważne żeby trzymać w lodówce, najlepiej nie więcej niż 3 dni."
328773,5,"Nawilża pisać pozostawia skórę ukojona, esencja dość gęsta, miło się rozprowadza po twarzy już bez samej maski."
328773,5,"Przyjemna, dobry efekt, polski akcent."
328773,5,"Przyjemna, świetny efekt, akcent polski."
328773,5,Polecam ❤️
328773,5,Maska jest bardzo dobra
328773,5,Super ok
328773,5,Polecam 🔥
328773,5,Ładne wyrównanie kolorytu i ukojenie
328773,5,"fajnie nawilża, faktycznie łagodzi podrażnioną i przesuszoną skórę"
328774,5,idealnie się sprawuje 💪💪
328774,4,"Kupiona na promocji, nie wiem czy kupiłabym ponownie"
328774,5,jest oki
328774,4,jest ok
328774,5,"maska super, chociaż wodnista"
328774,5,Fajnie nawilża
328774,5,🔥👍️👍️
328774,5,Bardzo dobry produkt
328774,5,Rewelacyjnie koi i nawilża
328774,5,Bardzo dobra maseczka. Widoczne efekty.
328775,5,jest super
328775,5,Świetnie działa na skórę
329929,5,🔥 super
329929,5,Świetnie zmywa makijaż oczu
329929,5,Ok wszystko
329929,5,Używam od lat. Polecam bo fajnie czyści ale i nawilża twarz.
329929,5,"Świetny! Bardzo dobrze zmywa makijaż w pierwszym etapie. Bardzo dobrze radzi sobie z wodoodpornym tuszem. Nie szczypie w oczy i nie powoduje mgły, nie podrażnia skóry. Bardzo wydajny. Kolejne moje opakowanie. Na pewno nie raz do niego wrócę.❤️"
329929,5,Często do niego wracam- sprawdza się do makijażu oczu
329929,4,Dobry dla osób które mają wrażliwa skórę.
329929,5,Bardzo lubię ten płyn micelarny. Wystarczy wstrząsnąć i zmywa nawet najbardziej oporny makijaż przyjemnie nawilżając przy tym skórę.
329929,5,Super produkt
331788,5,Polecam
331788,5,"Dobrze się wchłania i ładnie pachnie 💞Ma aksamitną teksturę, która pięknie się rozprowadza."
331788,5,Super się nakłada – codzienna pielęgnacja to przyjemność. 👍️
331788,5,Daje wspaniałe efekty. Nie zostawia smug ani uczucia ściągnięcia.
331788,5,Przyjemnie się nakłada na skórę. 💯
331788,5,Sprawdza się na typie mojej skóry.
331788,5,Mama jest zadowolona z kremu .👍
331788,4,"Lekka formuła, idealna na co dzień. Nie zapycha porów, a skóra staje się gładsza i bardziej rozświetlona. Bardzo dobra jakość w rozsądnej cenie."
331788,5,"Po nałożeniu skóra jest pełna blasku.👌 Nie klei się, nie zostawia żadnych śladów. Warto mieć go w swojej kosmetyczce."
331788,5,Daje szybko zauważalne efekty;).
331790,5,Bardzo lekka i szybko się wchłania.
331790,5,"Zdecydowanie poprawił wygląd mojej skóry – jest bardziej promienna i napięta. Zgrabne opakowanie, idealne do torebki czy na wyjazd. Ten produkt to skarb, nie zamienię na żaden inny."
331790,5,Ulubiony krem👍️
331790,5,"Najlepszy, moja cera jest teraz promienna i nawilżona."
331790,5,"Po nałożeniu skóra jest pełna blasku.👌 Opakowanie nie brudzi, idealne do precyzyjnego dozowania. Na pewno do niego wrócę."
331790,5,"Dosyć gęsty, ale dobrze rozprowadza się po skórze."
331790,5,Po kilku dniach cera stała się wyraźnie gładsza i bardziej elastyczna.
331790,5,Krem na idealną formułę. Mój numer 1 w pielęgnacji cery. Polecam.👍
331790,5,"Super krem, polecam"
331790,4,Cera wygląda na wypoczętą i bardziej jędrną.
331792,5,"Jestem zadowolona z naturalnych składników, które odżywiła moją skórę."
331792,5,"👍️produkt uzywany, znany, bardzo dobry Bogaty skład, czuć, że to coś dobrego. Lekka i szybko się wchłania. Po kilku tygodniach stosowania skóra jest gładsza."
331792,5,Bardzo dobre
331792,5,👍️ dobry krem
331792,4,"Dopiero sprawdzam, wydaje się ok"
331792,5,"Lekki,bardzo wydajny krem pod oczy.Polecam👍️"
331792,5,"Świetnie się wchłania, bardzo dobrze nawilża skórę."
331792,5,Dobry krem często go kupuję
331792,4,"Dość lekki, liczyłam na bogatszy gęstszy, ale jest przyjemny, lekki, nawilżający, jest w porządku pod makijaż jesli ktos nie ma suchej skory."
336096,4,Jestem zadowolona z jego lekkiej formuła.
336096,5,"Fantastyczna, lekka formuła. To jeden z tych produktów, do których regularnie wracam."
336096,5,"Znakomicie sprawdza się jako część wieczornej rutyny. Lubię go za to, że tak lekko się rozprowadza. Bardzo dobra jakość w rozsądnej cenie. 🔥"
336096,5,"Kosztuje śmieszne pieniądze, a działa na mnie lepiej niż dużo droższa konkurencja."
336096,5,"Krem w sam arz dla mnie - lekki, nie zostawia tłustej warstwy. Buzia wygląda od razu lepiej.;) Mój absolutny hit w codziennej pielęgnacji."
336096,5,Daje super efekt nawilżenia. Super się nakłada – codzienna pielęgnacja to przyjemność. Cena i skład wzbudzają zaufanie. ❤️Skóra po nim wygląda innaczej mniej trądziku dziękuję
336096,4,"Wydaje mi sie ze rzeczywiście pomaga z niedoskonałościami, po użyciu go czuje fajne spięcie na twarzy i moja skóra jest dobrze nawilozna"
336096,5,"Nie zostawia tłustego filmu, skóra jest od razu gotowa na makijaż. Krem w sam raz dla mnie - lekki, nie zostawia tłustej warstwy."
336096,5,Krem na idealną formułę.
336096,5,Sklep Rossmam Super!
336320,4,Fajna pomadka
336322,5,Spoko pomadka ochronna. Odcień nienachalny
336322,2,"Pomadka sucha, koloru to prawie nie ma ale chociaż tania"
336322,5,Bardzo przyjemny balsam. Nie jest mocno na pigmentowany więc delikatnie podkreśla kolor ust
336343,5,"Łagodny dla oczu, nie podrażnia 👍️"
336343,5,"Super zmywa makijaż, również z oczu, nie podrażnia, ma świetny skład bez zbędnej chemii"
336343,5,Bardzo fajny płyn micelarny
337211,5,"profesjonalny produkt do domowego spa, polecam"
337211,5,"Super maseczka, sprawdzona od lat. Zawsze się sprawdza przy potrzebie natychmiastowego naailżenia skóry."
337211,5,Bardzo dobrze nawilża.
337211,5,🔥super
337211,5,Zgodnie z oczekiwaniami.
337211,5,Spełnia swoją rolę
337211,5,Maseczka fajna.
337211,5,"Kocham te maseczki. Szczególnie na regenerację po wysuszeniu, dobrze koi skórę."
337211,5,Świetnie się sprawdza do dojrzałej cery.
337211,5,lubię tą maseczkę
337214,5,"Dobrze, że skład jest taki naturalny. Nawilżenie skóry jest natychmiastowe. Maska jest bardzo dobrej jakości. Kupuje ją 4raz i jest świetna polecam"
337214,5,🔥👍️🤩
337214,5,💪super
337214,4,"Ok, nawilża ale wolę inne z serii Garnier."
337214,5,Super maska :)
337214,3,Wszystko ok ale bez szału
337214,5,🔥🔥🔥
337214,5,Łatwa w użyciu daję oczekiwany efekt.🥰
337214,5,Po użyciu skóra miękka i promienna. Polecam serdecznie
337214,5,Mega fajnie nawilża
338190,5,Super s
338190,5,Delikatny. Nie podrażnia skóry.
338190,5,Bardzo Polecam
338190,5,"Doskonały produkt,marka jest bardzo zadawalajaca"
338190,4,"Za tą cenę jest w miarę ok, śmierdzi trochę alkoholem"
338190,5,Dobry produkt w dobrej cenie 🔥
338190,5,💯 super
338190,3,Dobrze oczyszcza twarz i ładnie pachnie👍️
338190,5,Od lat ten sam tonik
338190,5,💯💯💯
338507,5,"Pewnie jak cała seria spoko, ale jeszcze nie stosowalam"
340578,5,"Dobrze radzi sobie z usuwaniem makijażu. Delikatna formuła, nie podrażnia oczu. Wygodne opakowanie, łatwe do otwarcia."
340578,2,Niestety nie pasuje mi zapach
340578,5,"Bardzo je lubię. Mają przyjemny zapach, dobrze zmywają makijaż, a pudełeczko jest bardzo praktyczne."
340578,4,Chusteczki długo są nawilżone i nie wysychają. Odjęłam jedną gwiazdkę ponieważ są trochę za małe.
340578,4,"Fajne opakowanie, ale chusteczki trochę małe"
340578,5,Super👍️
340578,5,dla mnie super
340578,5,"Bardzo przydatne chusteczki do zmywania makijażu. Dobrze nawilżone, skutecznie usuwają z twarzy podklad i tusz. Bardzo przyjemne w użyciu, ukryte w estetycznym opakowaniu."
340578,3,Chusteczki są za małe do demakijażu twarzy.
340578,2,"słaby.. chusteczki są mikroskopijne i bardzo cieniutkie by zmyć makijaż (bb, tusz do rzęs) trzeba użyć przynajmniej 5-7 chusteczek. Liczyłam że będzie to dobry substytut płatków i płynu micelarnego ale niestety nie jest."
340617,5,"Jest ok, przypomina serum hialuronowe. Jednak jest to dodatek do pielęgnacji, a nie samodzielny produkt."
340617,5,Muska moją twarz szyję i dekolt ❤️
340617,2,"Nie zauważyłam efektów, plus że szybko wysycha i nie zostawia uczucia lepkości"
340617,5,👍️ efektywne
340617,4,👍️👍️
340617,5,Dobre nawilżenie i szybko się wchłania
340617,5,"Bardzo dobry, szybko się wchłania, nie pozostawia żadnych śladów na twarzy. Można od razu nakładać krem. Już wiem, że kupię go kolejny raz"
340617,5,"Polecam każdemu co ma jakieś wypryski, (nie chodzi mi o trądzik). Ja mam pryszcze podskórne i wągry niestety na całej twarzy i postanowiłam się ich pozbyć. Polecam jakiś dobry płyn do mycia twarzy potem paste peeling złuszczającą, a po tym kwas glikolowy na wacik odczekac 2min i potem posmarować tym boosterem hialuronowym. Jak sie wchlonie to na to jakis krem na wypryski😊 i robic to co 2/3 dni nie codziennie. A pomiedzy tymi dniami juz bez peelingu sam booster i krem🚀💪💯
...Więcej"
340618,5,Mam alergię na większość kremów ale ten mnie nie uczula. Na noc nakładam grubszą warstwę a na dzień jako podkład pod krem nawilżający. Jestem bardzo zadowolona. Używam go już od koło trzech lat.
340618,4,Fajny.
340618,4,"Pierwsze wrażenie podczas nakładania niezbyt przyjemne, jakby się smarowało oliwką dla niemowląt. Na szczęście szybko się wchłania i nie wpływa na podkład. Po dłuższym stosowaniu cera wydaje się lepiej nawilżona."
340618,5,"Świetny skład, świetny produkt"
340618,5,Super 👍️
340618,5,"Już drugi raz kupiłam to serum witaminowe - działa odżywczo i wyciszająco na cerę, stosuję na noc ze względu na lekko olejkowa konsystencję. Naturalny skład i niska cena."
340618,5,Cera wydaje się być świeża i dobrze odżywiona. Miła w dotyku.
340618,5,🔥👍️💯
342650,4,Jest ok
342650,5,Profesjonalny produkt w domowym użyciu .
342650,5,"Kram bardzo dobry, kupie kolejny"
342650,5,"Bardzo dobra konsystencja i skuteczny ,super"
342650,5,Widzę dużą różnicę przy stosowanie tego kremu pod oczy.Sińce pod oczamistały się mnoej widoczne i opuchnięcia pod oczami również!
342650,3,Krem po nałozeniu ma w swojej strukturze drobne ziarenka oraz pozostawia widoczne smugi pokazujące droge nakladania
342650,5,"Wygodna aplikacja, Krem w tubce, dobrze i szybko się wchłania, delikatny."
342650,5,"wygładza zmarszczki, lekko rozsmarowuje się"
342650,5,Dobry i działa :)👍️
342650,5,👍️👍️
342651,5,Gitara gra
342651,4,To moje drugie opakowanie tego żelu. Naprawdę super oczyszcza skórę jedynie czasem mam wrażenie jej ściągnięcia. Polecam.
342651,5,"Dobrze myje, nie uczula"
342651,5,👍️👍️
342651,3,Po umyciu mam jednak uczucie ściągniętej skóry. Wracam do płynów z wyższej półki cenowej. Cera mieszana.
342651,4,Jest ok.
342651,5,"Codziennie myta twarz tym żelem stała się gładka, pory skóry się zmniejszyły. Ładny, świeży zapach."
342651,5,od lat córki
342651,5,"Nie przesusza, delikatnie pachnie, dobrze myje"
342651,4,"Сильно жидкий, из-за чего большой расход средства"
342654,5,👍️super
342654,5,Skora dobrze nawilżona
342654,5,Super nawilża
342654,5,Dobrze nawilża
342654,5,Twarz po zastosowaniu delikatna i nawilżona będę stosować 👍️
342654,5,"Bardzo skuteczna, przywraca nawilżenie skóry"
342654,5,"wygodne w użyciu, ładny zapach"
342654,5,ok polecam
342654,5,Nie podrażnia skóry i jest idealna dla nastolatek polecam💪
342654,5,Jest super
342710,5,Naprawdę dobra jakość w tej cenie. Świetnie się sprawdza do codziennego użytku.
342710,5,"Bardzo dobra pianka, ładnie pachnie. Polecam :)"
342710,5,💪🚀🚀
342710,5,"Fajna pianka , lekka , delikatna ! Polecam 💯"
342710,5,Super jest ok
342710,5,"delikatna, nie podrażnia, ładnie oczyszcza❤️"
342710,5,dobre❤️
342710,5,"Najlepsza, używam codziennie. To już chyba moje 15 opakowanie"
342710,5,"Idealna do mojej cery, ładnie się pieni i ładnie pachnie, wydajna"
342710,5,Super pianka
343337,5,"Używam od 9 lat, poleciła mi moja kosmetyczka. Polecam."
343337,5,"Moje ulubione serum, zużyłam już kilka buteleczek"
343337,5,👍️🔥💞
343337,5,"Cera z problemami +40, a serum sprawdziło się świetnie, jest bardzo lekkie i nie podrażnia, nie wysusza i nic po nim nie wyskakuje."
343337,5,"Używam od lat, wraz z innymi produktami dzięki serum cera zrobiła się znacznie ładniejsza"
343337,5,Szybko działa na niedoskonałości skóry. Pozwala zmniejszyć przetłuszczanie się skóry oraz przepięknie pachnie 😍
343337,5,"👍️ Jest OK, stosuję kolejne opakowanie."
343337,5,polecam 👍️🔥🔥
343337,5,💪🚀fantastyczne serum
343337,5,"doskonały skład ,dobra cena"
343366,4,"Fajny produkt, ale zdziwiłam się drobinkami"
343366,5,"Faktycznie jest po nim gładka skóra na twarzy szkoda, że nie na długo… ale jest całkiem spoko."
343366,5,"Doskonały produkt. Lekka konsystencja, odświeża naskórek."
343366,5,Super peeling
343366,5,Polecam
343366,4,👍️👍️
343366,5,"Trochę zaskoczenie, że peeling enzymatyczny ma drobinki (dość grube) o których nic nie jest napisane na opakowaniu jednak produkt i tak spełnił moje oczekiwania pozostawiając cerę gładką i odświeżoną. Polecam"
343366,4,"Pierwsze partie były najlepsze, sprawdza się całkiem fajnie."
343366,5,Jestem bardzo zadowolona. I ten zapach
343366,5,Polecenie przez córkę. Po pierwszym użyciu rewelacyjny efekt
343767,5,👍️polecam
343767,5,"Produkt jest bardzo wydajny, wystarczy niewielka ilość. Skóra po peelingu jest delikatna i nawilżona. Zapach jest subtelny i przyjemny, nie drażni."
343767,5,Moja wrażliwa skóra twarzy dobrze toleruje ten peeling w formie łatwo rozporowadzaąacego się żelu. Mój podkradający mi go nastolatek też jest zadowolony z jego działania :)
343767,4,"intensywnie pachnie - trochę za mocno
szybko usuwa makijaż"
343767,5,Najlepsze produkty.❤️
343767,5,"Bardzo fajnie oczyszcza skórę 
❤️"
343767,5,"Świetny produkt, używam codziennie, już nie mogę bez niego się obejść. Delikatnie oczyszcza i sprawia, ze demakijaż jest o wiele szybszy i przyjemniejszy."
343767,5,Mam problem z miejscami gdzie mi szybko skóra się wysusza i tu tak fajnie zpilingowalo że ta skóra fajnie wytrzymała do wieczora pod podkładem.
343767,5,bardzo fajny żel z lekkim peelingiem
343767,5,"👍️polecam, skóra po żelu jest taka świeża."
343774,5,Nie uczula i bardzo wydajny.
343774,5,Daje wspaniałe efekty.
343774,5,"💯Praktyczne opakowanie, które zapewnia higieniczne dozowanie."
343774,5,"Konsystencja kremu jest miękka i łatwa w rozprowadzeniu. Nawilża i regeneruje skórę. Dobry kosmetyk, polecam serdecznie.👍"
343774,4,Jest spoko
343774,5,"Nie zostawia żadnych tłustych plam. Po jego użyciu, skóra wydaje się niesamowicie gładka i odżywiona.👌 Naprawdę wart uwagi, polecam z całego serducha.❤️"
343774,5,Skóra wygląda o wiele lepiej już w krótkim czasie.
343774,5,Efekty są naprawdę świetne.
343774,2,"Nie mogłam używać tego kremu, ponieważ ma bardzo intensywny zapach. Ten zapach nie znika ze skóry, jest ostry i nienaturalny."
343774,4,👍️Poprawia elastyczność i ogólną kondycję skóry.
343791,5,To serum używam regularnie. Dobrze się wchłania.
343791,5,Poprawia owal twarzy uwielbiam go 🔥
343791,5,Super nawilża
343791,4,Jest jednym z moich kosmetyków
343791,5,Kolejny z serii bardzo dobrych produktów
343791,5,👍️super polecam
343791,5,"czysty skład ,dobra promocja"
343791,4,"Przyjemna aplikacja, skóra jest nawilżona, ale bez spektakularnego efektu. Jak na tę cenę, to bardzo polecam."
343791,4,Jest super bo tygodniu używania zauważyłam zmiany. Była mniej czerwona i mam mniej trądziku
343791,5,mega jest 🚀🚀🚀🚀
344710,5,"Po nałożeniu czuć nawilżenie, a drobinki delikatnie złuszczają 👍️"
344710,5,Dobra jakość.
344710,5,❤️❤️💯
344710,5,💪 czuć peeling na ustach
344710,5,Bardzo dobrze nawilża❤️❤️❤️❤️
344710,5,Cudowny
344710,4,Super peeling usta mięciutkie i wypielęgnowane .Używam w ciągu dnia jak balsam do ust.Mega👍
344710,5,"Faktycznie: na początku czuć drobinki, które po chwili on się rozpuszczają. Usta są nawilżone, bez skórek i mają lekki połysk. Polecam 👍️"
344710,5,"Bardzo smaczna pomadka, chroni przed mrozem. Polecam każdemu"
344710,5,"Piling do ust, świetnie sprawdza się w codziennej pielęgnacji, delikatne złuszczenie naskórka wraz z nawilżeniem. Usta są miękkie."
345021,3,"Po przeczytaniu opisu na produkcie zdecydowałam się na zakup ze względu na filtr i długotrwałe nawilżenie.
Niestety pomadka utrzymuje się na ustach bardzo krótko , w związku z czym nie spełnia moich oczekiwań."
345021,5,Dla mnie najlepszy blistic
345021,5,Skuteczna ładnie pachnie
345021,5,💪💪💪
345021,5,"świetna pomadka, nawilża moje usta. polecam"
345021,5,"Uwielbiam- świetnie nawilża, nie klei się, jest słodka"
345021,5,Pomadka ochronna bardzo dobrze nawilża i chroni usta 🥰
345021,5,"Przyzwoita pomadka , czuć nawilżenie, dobrze się rozprowadza, nie zostawia białej warstwy i nie jest tępa ."
345021,5,"Przystępna cena , wspomaga usta przed spierzchnięciem."
345021,5,👍️👍️👍️
348648,5,🔥👍️ dobra maska
348648,5,bardzo nawilża 💪🚀
348648,5,"Polecam ,fajnie nawilża i koi"
348648,5,🔥🔥🔥
348650,5,"Maseczka spełnia moje oczekiwania, skóra po jest wypoczęta a ja mogę się odprężyć"
348650,2,"nie pogorszyła stanu cery, ale też nie pomogła. nie kupię ponownie"
348650,5,🔥🔥🔥
348650,5,Jak zawsze dobry wybór.
348666,4,"Ładnie nawilża, spodziewałam się ładniejszego zapachu, ale jest ok"
348666,5,Mam skórę naczyńkową więc zawsze szukam kosmetyków z róży. Hydrolat szybko się wchłania i pieknie pachnie.
348668,5,Pachnie cudownie 🤩
348668,5,Polecam
348669,5,"Piękny zapach, świetnie sprawdza się jako tonik do twarzy"
348669,5,Mój ulubieniec
348669,5,"Kupiony pierwszy raz jako tonik w podróży, sprawdził się rewelacyjnie. Będę do niego wracać"
348669,5,działa świetnie na trądzik🔥💪❤️ odkąd używam zauważyłam bardzo dużą zmianę💯
348670,5,Mgiełka idealna gdy potrzebujesz dodać skórze nawilżenia przed nałożeniem lekkiego kremu. Brak zapachu jest dodatkowym atutem. Efekt? Nawilżona skóra bez uczucia ściągnięcia.
348670,5,👍️spoko
348670,4,Produkt dobrej jakości.
348670,4,jedynym minusem tego produktu jest plastikowy zapach.
348670,5,"Testuję, jest ok, ale chyba bardziej do gustu przypadł mi hydrolat lawendowy tej samej firmy"
348670,4,💪👍️👍️👍️👍️
348670,5,"Polecam produkt, zmniejsza widoczność naczynek i fajnie oczyszcza."
348671,5,Uwielbiam. Pielęgnuje moją wrażliwą skórę. Nigdy nie zawiodło!
348671,5,"Najlepsze serum dla cery suchej. Twarz jest zdrowsza, nawilżona i pełna blasku."
348671,5,"Użyłam już z 8 butelek tego serum, i powiem szczerze z ręką na sercu, że przy mojej mega suchej skórze nic nie sprawdza się tak dobrze jak ten olejek. Jest mega wydajny, pachnie obłędnie a przede wszystkim nawilża skórę twarzy przez co nie czuć że jest spięta. Idealny olejek pod masaż. Polecam !"
348674,5,bardzo dobry pod każdym względem
348693,5,👍️👍️
348694,5,"Prosty, naturalny skład, skuteczne działanie."
349136,5,"Świetne składniki, moja skóra to pokochała. Działa bardzo skutecznie i przy tym tak delikatnie."
349136,5,"Maska jest bardzo mocno nasączona esencją, dzięki czemu skóra od razu staje się miękka, nawilżona i taka „napita”."
349136,5,❤️👍️👍️
349136,5,wspaniale nawilza
349136,5,Bardzo dobra.
349136,5,Cudo ♥️♥️♥️♥️
349136,5,Widocznie nawilża skórę.
349136,5,❤️❤️❤️
349136,5,Jedna z lepszych żelowych masek jakie miałam! Efekt juz po pierwszym użyciu. Jest super polecam!
349136,5,"Goated, łatwo się nakłada, nie zsuwa się, trochę łagodzi zaczerwienienia od trądziku. I love it, ale polecam czekać na promocje"
349141,5,🚀🚀🚀
349141,5,"Bardzo fajna maska żelowa, jak wszystkie z mediheal - polecam!"
349141,5,💯💯💯
349141,5,Super!
349141,5,Polecam
349141,5,żelowe maski uwielbiam je
349141,5,Super fajną polecam💯💯
349141,5,"Maska daje super nawilżenie, produkt super wchłania się w skórę i zapewnia niesamowitą gładkość"
349369,5,"Zaskoczyła mnie wysoka jakość tej maski, bardzo dobra."
349369,4,Moja skóra bardzo polubiła to działanie.
349369,5,Produkt świetnie nawilża i odświeża cerę.
349369,5,"Skóra stała się bardzo elastyczna po użyciu. Płachta jest solidnie nasączona, nic nie wycieka. Składniki są bardzo dobrze skomponowane ze sobą."
349369,5,Dostarcza zastrzyk wygładzenia i odżywienia.
349369,5,Ta maseczka jest chyba najlepsza z całej linii
349369,4,"Normalnie, 😉"
349369,5,Uwielbiam je
349369,5,skora bardzo dobrze sie potem czuje
349369,5,"Płachta jest dobrze nasączona, jakość odpowiednia. Zawiera cenne składniki nawilżające i kojące. Maska działa nawilżająco i kojąco."
349372,5,Dobra maseczka oczyszczajaca twarz.
349372,5,❤️❤️👍️👍️
349372,5,"Maseczka naprawde działa na cere z zanieczys\czeia, przyspiesza gojenie"
349372,5,💪💪💪
349372,5,"Fajne działanie, widać poprawę cery po kilku minutach."
349372,5,Świetnie wygładza i nawilża
349372,5,"Działa, fajnie mieć część wulkanu na twarzy."
349372,5,Polecam
349372,5,Super 🔥
349372,4,"Bardzo przyjemna, efekty widać kilka dni po stosowaniu. Ma też bardzo dużo esencji w sobie, którą można używać nawet jeszcze przez dwa dni."
349386,5,"Za ta cene bardzo dobra nawilza i odzywia👍️Czuję, że moja cera jest solidnie odżywiona od środka."
349386,5,"Miód sprawia, że cera wygląda na bardziej odżywioną."
349386,5,Po użyciu skóra jest miękka i promienna. Dobra jakość w tej cenie. Zestawienie składników jest proste i bardzo skuteczne. 👍️
349386,5,"Formuła jest łagodna dla skóry, nie powoduje podrażnień."
349386,5,Świetnie odzywia skórę twarzy
349386,5,"Daje błogie nawilżenie przy jednorazowym użyciu, dobrze przylega."
349386,5,Kocham ją 🔥
349386,5,Bardzo fajnie odzywia twarz
349386,5,"Dobra jakość, maseczka nie podrażnia skóry."
349386,5,👏💞💞💞💞
349388,5,Polecam
349388,5,Od zawsze mi się sprawdza
349388,4,"Czułam, jak moja skóra chłonie nawilżenie. Jestem zadowolona z ogólnej jakości produktu, świetnie się sprawdził."
349388,4,"Czuć, że twarz jest dobrze nawodniona po użyciu."
349388,4,"Jest git, dobra jak na tą cenę ale nic szczególnego."
349388,5,"Czułam się bardzo zrelaksowany podczas jej noszenia, a efekt odmłodzenia był widoczny."
349388,5,"Trochę mocny zapach, ale spoko, nic złego z tego nie wynika. Już po pierwszym użyciu skóra fajnie wygładzona i odżywiona."
349388,5,💯🔥❤️
349388,5,"Maski w płachcie to moja ulubiona opcja relaksu na wyjazdach , ale też w domu . Wygodna w użyciu i nieabsorbująca . Dzięki ułożeniu jej na twarzy wspomaga odchudzanie , bo nie można podjadać !"
349391,4,Skuteczne połączenie substancji nawilżających w jednym opakowaniu.
349391,4,Fajna maseczka
349391,5,"Przyjemny profil składników, nie powoduje żadnych podrażnień. Odczuwam przyjemne ukojenie i nawilżenie przez długi czas. Płachta jest solidna, nie rwie się łatwo podczas aplikacji."
349391,5,Top jak za ta cene polecam🙌
349391,5,Dobre wsparcie dla naskórka zawarte w tej formule.
349391,5,Dobrze nawilża twarz
349391,5,Polecam!!! Dobra maseczka do twarzy!!!
349391,5,Efektywność przewyższa wartość detaliczną.
349391,5,Ta też kocham 🔥
349391,5,tanie maseczki
349398,5,Dobrze nawilżający skład. Płachta jest dobrze nasączona esencją. Bardzo dobrze niweluje uczucie ściągnięcia po myciu twarzy.
349398,5,🔥💯❤️💪🔥🔥
349398,5,"Wyciąg z zielonej herbaty działa kojąco. Produkt pozostawia uczucie świeżości i komfortu na długo po aplikacji. Jestem zadowolony z ogólnej jakości kosmetyku, zdecydowanie wart swojej cena."
349398,5,❤️❤️❤️
349398,4,"Całkiem przyjemna, mocno nasączona, ale nie widzę spektakularnych efektów po użyciu. Lekko nawilża i tyle"
349398,3,Zwykła ale dobra cena
349398,5,🚀💯❤️
349398,4,"Patrząc na cenę, produkt bardzo dobry. Wycisza oraz delikatnie nawilża, idealnie się sprawdza zamiast serum na noc, na drugi dzień skóra jest miękka oraz wyciszona.🔥"
349398,5,dobrze nawilża
349398,5,poprawna
349408,4,Świetny wybór substancji odżywczych w tej formule.
349408,5,"Warto sprawdzić ten skład, jest całkiem obiecujący. Po zdjęciu płachty cera jest bardzo gładka i miękka. Płachta dobrze przylega do twarzy."
349408,5,Składniki w tej masce działają bardzo kojąco.
349408,5,Łagodzi równomiernie dzięki trafionej aplikacji.
349408,5,fajne tanie maseczki koreanskie
349408,5,Dobrze nawilża twarz
349408,5,Dobrze nawilża i nie podrażnia skóry
349408,5,Fajna orzeźwiająca maska
349408,5,Jestem bardzo zadowolona z jakości całego tego produktu. 🔥🔥🔥🔥🔥👍️
349408,5,"Po nałożeniu czułam przyjemne chłodzenie i ukojenie skóry. Jestem zadowolona z jakości wykonania maski, dobrze nasączona. Zaciekawił mnie skład tej maski, zwłaszcza obecność aloesu."
349580,5,"mój ulubiony olejek do demakjażu- usuwa wodoodporne kosmetyki, nie uczula, nie szczypie👍️"
349580,5,"To jest naprawdę mój ulubiony produkt do demakijażu. Zwykle lubię ciągle testować nowe rzeczy i nie kupuję tych samych produktów, ale tutaj robię wyjątek, bo serio go uwielbiam. Praktycznie codziennie używam ciemnej szminki do ust, więc zmywanie jej jest moim prywatnym wyznacznikiem skuteczności - pod tym olejkiem mój makijaż się dosłownie rozpływa, a przy tym łatwo go zmyć z twarzy i nie szczypią mnie oczy. Oby nigdy się nie zmienił skład ❤️
...Więcej"
349580,4,Jest w porządku. Spełnia swoje zadanie. Dobrze radzi sobie z makijażem wodoodpornym.
349580,5,"Bardzo fajnie radzi sobie z usuwaniem podkładu, cieni do powiek i tuszu. Jedyne co mi nie do końca pasuje to pompka która ""pryska"" - ale może trafił mi się jakiś felerny egzemplarz. Skóra po użyciu nie jest ściągniętą ani tłusta."
349580,1,Produkt nie spełnia swojej funkcji. Nawet po dłuższym masażu olejkiem makijaż jedynie się rozciera a zmycie go ciepłą wodą jest niemożliwe.
349580,5,"Świetny! Zmywa wszystko dokładnie, również tusz do rzęs. Nie szczypie w oczy. Jedyne minusy to mała pojemność i rzadka konsystencja."
349580,5,"Bardzo szybko rozpuszcza makijaż, a w szczególności tusz wodoodporny na czym mi zależało. Również bardzo dobrze doczyszcza z pozostałości."
349580,5,"Świetny produkt, domywa nawet wodoodporny makijaż. Przyjemny w użyciu, polecam."
349580,5,Przyjemnie i skutecznie usuwa makijaż.
349580,5,"Niezastąpiony podczas demakijażu nawet ciężkiego i wodoodpornego makijażu ❤️ Pozostawia skórę doczyszczoną, gładką i nawilżoną ❤️ Delikatny dla oczu ❤️"
349584,5,"Fajny olejek. Kupuję go już po raz kolejny. Dobrze zmywa nawet wodoodporny tusz. Nie jest perfumowany, ale nie ma nieprzyjemnego zapachu oleju spożywczego."
349584,5,"Olejek idealnie zmywa makijaż, nie szczypie w oczy."
349584,5,Wszystko w porządku z jego działaniem.
349584,5,"ulubiony, tani olejek do demakijażu"
349584,4,Pieknie domywa makijaz przystepny cenowo delikatny
349629,5,"Naprawdę jest błogo po zastosowaniu, skóra nawilżona"
349629,1,"Produkt stacjonarnie sprzedawany jest w szklanej brązowej butelce z atomizerem. Nie wiem, czy akurat ten atomizer czy też cała seria jest zepsuta, jednak atomizer zamiast rozpylać mgiełkę serwuje prysznic, gdzie woda nie tylko kapie z twarzy, ale leje się strumieniem po ręce. Stacjonarnie lepiej sprawdzić przed zakupem, bo można się niemile zaskoczyć podczas używania. Sama woda jak woda...
...Więcej"
349629,5,Polecam. Naturalne składniki tylko butelkę mam inną niż na zdjęciu.
349629,5,Idealna do odświeżenia w upalne dni
349629,3,Nic specjalnego. Bezsensu wydane pieniądze.
349629,5,"Bardzo fajny produkt, niestraszna mi klima wysuszająca lica, chodzę jak głupi i się psikam, generalnie wszystko z tej firmy jest bardzo dobre i ma naturalny skład."
349916,5,Super sprawa wnuczka zadowolona 💯
349916,5,Super👍️
349916,4,Dziecko szczesliwe
349916,5,❤️👍️🔥
349916,5,Jest ok
349916,5,"Wygodna, dziecku podoba👍️"
349916,5,Super balsam moja wnuczka szczęśliwa i bardzo zadowona 💋
349916,5,okey wszystko gra
349916,5,"Fajna pomadka, nie daje koloru, mimo że jest niebieska. Może delikatny :)"
349916,5,Super zapach
349924,5,🔥🔥🔥
349924,5,"Świetnie działa na buziaka ,polecam działa cuda"
349924,5,Bardzo fajna maska
349924,5,"Calkiem ok, chociaż szału nie ma"
349924,5,❤️polecam.
349924,5,Najlepsza maska jaką robiłam
349924,5,Polecam 👍️
349924,5,"slimak zawsze dobrze dziala, nawilza i koi"
349924,5,jestem zadowolona z efektów.
349924,5,Super nawilżenie. Polecam
349926,5,Robi dobrą robotę
349926,5,"Mocno skoncentrowana, super nawilżenie i ukojenie dla mojej bardzo suchej skóry."
349926,5,Bardzo dobry produkt w jeszcze lepszej cenie
349926,5,👍️👍️👍️
349926,5,🔥🔥🔥
349926,5,Świetna
349926,5,"Super nawilża i ogarnia buziaka ,polecam"
349926,5,👍️nie wiem czy liftinguje ale cera po niej jest bardzo przyjemna w dotyku
349926,5,Materiał maseczki jest cieniutki co pozwala na dokladne przylgnięcie do skory. Dobry produkt
349926,4,"Dobrze nawilża i wygładza
👍️"
350016,5,Wszystko ok
350019,1,Beznadzieja.tłusta .nie dalej koloru.usta białe jak po kremie.zero smaku
354084,5,"Uwielbiam maseczki od Garniera, są różnorodne i łatwe w użyciu."
354084,5,🔥👍️🤩
354084,5,"Świetna maseczka! Delikatny, kremowo-kokosowy zapach, mleczna konsystencja. Świetnie nawilża, zostawia glow na twarzy."
354084,5,Jeszcze nie używałam ale z tego co wiem to super 👍
354084,5,Polecam
354084,5,Rewelacja
354084,5,"Mocno nawilża, koi skórę."
354084,5,Bardzo przyjemna maseczka. Moja twarz czuje sie po niej ukojona
354084,5,Rewelacja❤️
354084,5,Super odżywia i nawilża skórę nawet podrażnioną.
356080,5,Supper zmiekcza i nawilza usta
356392,5,Działa nawilżająco
356392,4,👍️👍️
356392,5,Usta są miękkie i nawilżone.
356392,5,Bardzo dobrze nawilża usta.
356392,3,Przypomina klej nakładany na usta
356392,4,"Pomadka jest twarda ,daje nawilżenie na długo ma bardzo przyjemny zapach"
356392,5,💪 Super 💪
356392,3,💪 pomadka spoko choć mało ochronna.
356392,5,Idealna jak dla mnie czy córki
356392,5,"Bardzo dobra codzienna pomadka ochronna do ust. Zapach delikatny, neutralny. Nie ma ohydnego smaku jak niektóre pomadki jak się przypadkiem dostanie do ust. Bardzo wydajna. Cena do jakości jest SUPER. Szkoda, że nie ma chociaż lekkiego filtra SPF."
356855,4,Jeszcze nie wiem ale myślę że będzie ok.💪
356855,5,Fantastyczne
356855,5,"Dobra jakość, nie uczula.👍️"
356855,5,Polecam
356958,5,Bardzo delikatne i ładnie pavhną
356958,5,Bardzo przydatne w podrozy
356958,5,kocham
356958,5,Czasami tylko one - ulubione - pomagają mi w oczyszceniu twarzy.
356958,5,👍️👍️👍️
356958,5,"Polecam 
Dokładnie zmywają makijaż"
356958,5,"Ok,dobrze zmywa makijaż"
356958,3,słabo wilgotne
357133,5,Fajnie utrzymuje nawilżenie i lekko chłodzi.👍️
357133,4,"Nawilża, ale nie na długo"
357133,5,"Cudowny balsam do ust. Najlepszy na rynku. Nie wysusza, nawilża i chroni. Polecam🔥"
357133,5,"🔥polecam dobrze nawilża, cena na promocji super 💪"
357133,5,Ulubiony balsam do ust mojej córki. Nigdzie się bez niego nie rusza. Od kiedy go stosuje skończył się jej problem z popękanymi ustami.
357133,5,Piękny zapach
357133,5,Bardzo fajny produkt w niskiej cenie.
357133,5,Mój ulubiony
357133,4,👍️👍️👍️
357133,5,"Super nawilżenie, bardzo lubię ten produkt."
357181,4,Składniki wydają się być naturalne i delikatne. Po użyciu skóra jest wyraźnie nawilżona i odświeżona.
357181,5,👍️👍️
357181,5,"najlepsza maseczka w płachcie, jeżeli musiałabym wybrać tylko jedną której będę używać do końca życia to bez wahania wybrałabym właśnie tą 🔥"
357181,5,"jeśli do końca życia miałabym używać tylko jednej maseczki to właśnie tej
ulubiona ❤️"
357181,5,Buzia delikatna 💪
357181,5,Super nawilżenie
357181,3,zapach zbyt intensywny
357181,5,💯💯💯
357181,5,Super nawilzenie
357181,4,🔥🔥Okej byla
357182,5,Dla dziewczynki same to
357182,1,Nie widziałam żadnej różnicy
357182,2,Nie widziałam różnicy po użyciu. Maska też szybko wyschła po użyciu i nie mogłam jej użyć np. jeszcze na szyję.
357182,5,jedna z najlepszych maseczek
357182,5,Nawet fakna
357182,5,najlepsze maseczki ❤️
357182,5,Fajne działanie
357182,3,zapach zbyt intensywny
357182,5,B.dobry skład. Cera po maseczce jest odżywiona i rozswietlona. Polecam
357182,5,"Bardzo dobra maska, plus za świetny skład ;)"
357711,5,🔥🔥🔥
357711,5,Zapach jest bardzo delikatny i przyjemny. Doskonale przygotowuje skórę do dalszej pielęgnacji.
357711,3,"Bardzo fajny,ake moją koleżankę uczulił"
357711,5,"Dobry, to kolejne opakowanie. Jest przyjemny. Można go aplikować jak komu pasuje."
357711,5,Jest super
357711,5,Moja 5 butelka kocham szczególnie ten zapach cudooo❤️❤️
357711,5,"ochłoda i odświeżenie, przyjemny zapach"
357711,4,Może być ale nie pasuje do płatków kosmetycznych
357711,5,Dałam pięć gwiazdek ponieważ cena bardzo niska a produkt bardzo dobrze oczyszcza skórę i spełnia wszystko co powinno👍️
357711,4,Fajny tonik polecam
357712,5,💪🔥🔥
357712,5,"Cudny dla młodej skóry ale i tej dojrzałej. Bardzo przyjemnie,nie agresywnie oczyszcza skórę,nawilża,odświeża! Aplikacja jest łatwa. Cena bardzo niska,więc naprawdę warto spróbować. Ja z córkami używamy go regularnie."
357712,5,skutecznie usuwa zaskórniki
357712,5,"Fantastyczny produkt, który kupujemy od dawna.
Święta się sprawdza u nastolatki z problemami skórnymi.
Delikatne oczyszcza skórę i nie podrażnia 🙏🏼
Super produkt za niewielką cenę:)
...Więcej"
357712,5,Jest super mega mi się sprawdza napewno kupię ponownie🔥
357712,5,"Używają jej moje nastolatki ale i ja czasem jej używam bo jest wspaniała. Delikatnie oczyszcza,skóra jest odżywiona,naprawdę czuć skuteczność tego produktu. Zapach nienachalny,subtelny. Nie podrażnia mojej skóry naczynkowej,więc polecam bardzo! Świetny kosmetyk."
357712,5,"Nie wysusza, dokładnie czyści skórę"
357712,5,"Polecam, dobry produkt w rewelacyjnej cenie."
357712,4,Fajny nie mam czerwonej twarzy
357712,5,Ok 👍️
357713,3,nie pomogło ani nie zaszkodziło mojej skórze jednak po użyciu skóra byla dziwna w dotyku
357713,5,Dobrze się pieni i łatwo spłukuje. Skutecznie oczyszcza skórę z sebum. Przyjemnie odświeża skórę podczas mycia.
357713,5,💪🔥🔥
357713,5,"Super mydełko, oczyszcza skórę z sebum. Piękny zapach. Polecam"
357713,5,Mój stały Kosmetik
357713,5,"Świetne, delikatne mydło do twarzy, mój mąż podbiera je synowi, bo tak mu pasuje. Polecam. 👍️"
357713,5,Do codziennego stosowania jak najbardziej polecam :)
357713,5,"Świetny produkt. Piękny zapach, fajnie oczyszcza. Polecam."
357713,5,"Kolejne opakowanie, solidnie domywa, nie stosuje codziennie, jest tańszym odpowiednikiem diora mousse on off, zostaje ze mną na dłużej"
357713,5,"To najlepszy produkt do mycia twarzy. Zmywa całkowicie do zera makijaż. Od bardzo dawna nie używam juz mleczka, płynów micelarnych czy innych wynalazków. Mydełko z ziaja zostawia skórę całkowicie czystą. Wystarczy tonik i krem i gotowe💯🚀🔥"
357718,5,"To jeden z tych produktów, do których regularnie wracam. Super się nakłada – codzienna pielęgnacja to przyjemność. Jeden z tych produktów, które zostają na stałe."
357718,5,"Skóra jest miękka, dobrze nawilżona. 👍️"
357718,5,"Nie klei się, nie zostawia żadnych śladów. Daje szybko zauważalne efekty;). Bardzo dobrze radzi sobie z przesuszeniami i szarą cerą."
357718,5,Świetna konsystencja i przyjemny zapach
357718,5,Daje super efekt nawilżenia. Super opcja do porannego rytuału pielęgnacyjnego. Produkt godny zaufania.
357718,5,Wygodna i szybka aplikacja.
357718,5,Stosuję pół na pół z serum z tej samej serii. Jestem zadowolona z efektów.
357718,5,"Znakomicie sprawdza się jako część wieczornej rutyny. Każde użycie to czysta przyjemność. Ma wszystko, czego szukam w dobrym kremie."
357718,5,"🔥Po jego użyciu, skóra wydaje się niesamowicie gładka i odżywiona.👌 Można polecać, jest najlepszy."
357718,5,Uwielbiam ten krem .
357719,5,"Kosmetyki Ziaja - moje ulubione od lat! naprawdę działaja, pięknie❤️ pachną i są polskie!"
357719,5,Super nawilża- bardzo mi odpowiada zapach👍️
357719,5,🚀 używam od 2 lat. Pięknie pachnie i super się wchłania.
357719,5,Świetnie nawilża i ładnie pachnie
357719,5,👍️💪jest super
357719,5,"dobrze sie wchłania, nie jest tłusty, ale czuć nawilżenie"
357719,5,"Bardzo lubię produkty firmy ZIAJA, są niedrogie i w dobrej jakości. Tym razem również nie zawiodłam się. Serum bardzo dobrze rozprowadza się i błyskawicznie wchłania się. Czy działa? Na to potrzeba czasu :-)"
357719,5,Produkty Ziaja są najlepsze dla mojej skóry
357719,5,Bardzo zadowolona z efektu nawilzania. Polecam.
357719,5,Super w dobrej cenie
357720,5,"Nie zapycha porów, a skóra staje się gładsza i bardziej rozświetlona."
357720,5,Przyjemnie się nakłada na skórę. Daje super efekt nawilżenia. Zaskoczył mnie pozytywnie już po pierwszym użyciu.
357720,5,"Świetnie współgra z makijażem, nic się nie roluje. Sprawdza się na typie mojej skóry. Nie wyobrażam sobie teraz pielęgnacji bez niego.😍"
357720,5,👍️Wygodne opakowanie ułatwia codzienne stosowanie.
357720,5,"Cudowni zapach, miła konsystencja"
357720,5,Fajny ładnie pachnie świeżo i daje uczucie nawilżenia. Skład też ma dobry
357720,5,"Po nałożeniu skóra jest pełna blasku.👌 Super się nakłada – codzienna pielęgnacja to przyjemność. Jeden z lepszych kosmetyków, jakie miałam."
357720,5,Krem świetnie się rozprowadza i natychmiast wchłania. Po kilku dniach cera stała się wyraźnie gładsza i bardziej elastyczna.
357720,5,"Wygodna tubka sprawia, że łatwo dobrać odpowiednią ilość produktu. Krem w sam raz dla mnie - lekki, nie zostawia tłustej warstwy. Warto mieć go w swojej kosmetyczce. Poprawia jędrność mojej cery i nawilża. Bezproblemowa aplikacja nawet w pośpiechu. Świetny wybór, bardzo się u mnie sprawdził. Polecam."
357720,5,". Rewelacja – zdecydowanie go polecam. Nie zostawia tłustego efektu, dobrze sie wchłania"
357730,5,"Daje efekt wypoczętej skóry. Krem świetnie się rozprowadza i natychmiast wchłania. Strzał w dziesiątkę, jestem na tak."
357730,5,"Przyjemnie się nakłada na skórę. Poprawia elastyczność i ogólną kondycję skóry. Totalnie mnie zauroczył, konsystencją, działaniem, zapachem. Jestem zdecydowanie na tak."
357730,5,"Super wydajny, mogę go stosować także na noc. Na pewno do niego wrócę."
357730,5,"Jest doskonały, nawet dla cery naczynkowej. Błyskawiczna aplikacja, świetna dla zabieganych. Doskonały wybór dla wymagającej skóry."
357730,4,👍️Moja skóra jest nawilżona przez cały dzień. Bardzo łatwy i szybki w aplikacji krem. Idealny do codziennej pielęgnacji.⭐
357730,5,"Bardzo przyjemna formuła, idealny krem na co dzień. Błyskawicznie poprawia nawilżenie, nawet w trudnych warunkach pogodowych. Rewelacja – zdecydowanie go polecam."
357730,5,Codzienne użycie to przyjemny moment.;)
357730,5,"Bardzo dobrze się wchłania, nie trzeba długo czekać. Nadaje cerze naturalny blask i poprawia jej strukturę. Kupiłabym ponownie.;) Polecam serdecznie."
357730,5,"Praktyczne opakowanie, które zapewnia higieniczne dozowanie. Regeneruje, koi, daje mi 100% zadowolenia. Zaskoczył mnie pozytywnie już po pierwszym użyciu."
357730,5,"Moja skóra jest idealnie nawilżona i wygląda zdrowiej każdego dnia. Ma delikatny, przyjemny zapach – dodatkowy plus przy aplikacji. Naprawdę wart uwagi, polecam z całego serca."
357731,5,"Stały produktTo jeden z tych produktów, do których regularnie wracam. Codzienne użycie to przyjemny moment.;) Totalnie mnie zauroczył, konsystencją, działaniem, zapachem."
357731,5,Bardzo dobrze radzi sobie z przesuszeniami i szarą cerą.
357731,5,Poprawia jędrność mojej cery i nawilża. Można bez obaw stosować także na szyję i dekolt.
357731,5,"Widać, że naprawdę działa. Bardzo dobra jakość w rozsądnej cenie. Lubię go za to, że tak lekko się rozprowadza."
357731,5,Cera wygląda zdrowiej.
357731,5,"Nie uczula, nie drażni, a efekty są zauważalne już po kilku dniach."
357731,5,Daje wspaniałe efekty. Na pewno wrócę do tego produktu.❤️
357731,5,"Nie zapycha porów, a skóra staje się gładsza i bardziej rozświetlona."
357731,5,"Bardzo przyjemna formuła, idealny krem na co dzień. Skóra jest miękka, dobrze nawilżona. Wreszcie coś, co naprawdę działa!"
357731,5,"Super, odrobina luksusu o poranku :)."
357732,5,"Krem ma przyjemną, bogatą konsystencję, która dobrze się rozprowadza. Zauważyłam pozytywne zmiany w wyglądzie skóry, jest bardziej jędrna. Zapach jest delikatny i subtelny, nie drażni."
357732,4,Delikatnie koi i dobrze sprawdza się także przy skórze wrażliwej.
357732,5,"Nie zostawia tłustego filmu, skóra jest od razu gotowa na makijaż. Nawilżenie 10/10.;) Totalnie mnie zauroczył, konsystencją, działaniem, zapachem."
357732,5,"Nie zatyka porów, koi moją cerę. Idealny do szybkiej pielęgnacji – zero problemów z aplikacją."
357732,5,Dzięki niemu zniknęły suche miejsca.
357732,5,"Bardzo przyjemna formuła, idealny krem na co dzień."
357732,5,Używam kremów tej marki od lat. Świetnie się wchłania .skóra jest nawilżona i błyszcząca.
357732,4,Wygodne opakowanie ułatwia codzienne stosowanie. Daje szybko zauważalne efekty;). Na pewno jeszcze nie raz po niego sięgnę.
357732,4,"Lekka formuła, nie zapycha porów. Widocznie zmniejsza zaczerwienienia i wyrównuje koloryt skóry. Nie wiem, jak wcześniej mogłam go nie znać. Uwielbiam efekt miękkiej, wypoczętej skóry tuż po aplikacji."
357736,5,"I really like this product, my skin is very sensitive, but with this product all is good."
357736,5,Cera jest jedwabiu wyczuwalny komfort miły zapach. Jest porostu super. Dziękuję i polecam 👍️
357736,5,To mój drugi zakup i jest bardzo dobry dla mojej dojrzalej skóry. Widać efekty po aplikacji w połączeniu z pozostałymi produktami z tej serii
357736,5,Od jakiegoś czasu kupuje Revitalift Filler jest to serum godne polecenia dla Pań. A dokonywanie zakupów w Rossmanie w Człuchowie to czysta przyjemność.
357736,1,Pomyłkowo wcisnęłam jedną gwiazdkę. Moja ocena produktu to 5 gwiazdek na 5.
357736,5,Polecam 🔥
357736,5,👍️💪🚀🚀💯❤️
357736,5,Super polecam
357736,5,"Wygładza skórę, nie klei się"
357736,5,"Chłodzi , rozciąga odejmuje lat .🔥🔥🔥"
357753,5,"Bardzo przyjemna formuła, idealny krem na co dzień."
357753,5,"Nie klei się, nie zostawia żadnych śladów."
357753,5,"Lekki krem, skutecznie nawilża, w wygodnym opakowaniu, stosuję parę lat."
357753,5,Super Cudownie kremowa formuła – łatwo się go używa.
357753,5,"Krem świetnie się rozprowadza i natychmiast wchłania. Regeneruje, koi, daje mi 100% zadowolenia. Kosmetyk, do którego chce się wracać."
357753,5,super produkt
357753,5,Cera wygląda zdrowiej.
357753,5,"ŁADNY ZAPACH, DOBRA CENA, POCZUCIE NAWILŻENIA. Krem w sam razMoja skóra jest teraz bardziej elastyczna. dla mnie - lekki, nie zostawia tłustej warstwy.DOBRY PRODUKT."
357753,5,"Nie roluje się pod podkładem, świetny jako baza. Skóra jest miękka, dobrze nawilżona. Nie wyobrażam sobie teraz pielęgnacji bez niego.😍"
357754,4,"Ma aksamitną teksturę, która pięknie się rozprowadza."
357754,5,Cudownie kremowa formuła – łatwo się go używa.
357754,5,"Krem w sama arz dla mnie - lekki, nie zostawia tłustej warstwy. Znakomicie sprawdza się jako część wieczornej rutyny."
357754,5,"Cera wygląda zdrowiej. Lekka formuła, idealna na co dzień. Zaskoczył mnie pozytywnie już po pierwszym użyciu."
357754,5,"Bardzo dobrze się wchłania, nie trzeba długo czekać. Odczuwalnie wygładza i zmiękcza skórę. Rekomenduję, sprawdził się doskonale.😍"
357754,5,Nawilżenie 10/10.;) 🔥
357754,5,idealny do delikatnej cery
357754,4,"Błyskawiczna aplikacja, świetna dla zabieganych. Kompatybilny z innymi kosmetykami do twarzy.;) To był dobry wybór."
357754,5,"Nawilżenie jest na najwyższym poziomie i długotrwałe.❤️ Aplikacja jest szybka i komfortowa. Bardzo przyjemna formuła, idealny krem na co dzień."
357910,5,"Skóra jest teraz o wiele bardziej nawilżona. Ma lekką konsystencję, która szybko się wchłania. Moja cera jest po nim gładsza i bardziej promienna."
357910,4,Super 🎀🌸 polecam
357910,5,Kolejna buteleczka:)
357910,2,Strasznie mnie uczulił. Nie polecam
357910,5,Bardzo fajnie nawilża twarz jest delikatny i starcza 2 kropelki na całą twarz
357910,5,Rewelacja! Super nawilża
357910,5,❤️❤️🔥
357910,5,"Mleczko spełnia moje oczekiwania pięknie pachnie ,super nawilżają rewelacja .Bardzo ładne opakowanie 🔥"
357910,5,"To jest tak piękny zapach, że chyba najlepszy z mleczek. Moja skóra naprawdę się z nim polubiła i zmniejszyła mi się po tym mleczku kaszka na czole"
357910,5,Przetestowałam ! I zakochałam się w tym mleczku i w całej tej serii ! Polecam z czystym sumieniem jak dla mnie produkt 100/10 😍💎
357915,5,"uwielbiam! zapach wspaniały, swietnie domywa makijaż."
357915,5,Balsam pięknie pachnie. Do tego łatwo się rozprowadza i bardzo dobrze rozpuszcza makijaż. Jest delikatny dla oczu (a mam bardzo wrażliwe). Ma konsystencję delikatnej pasty.
357915,5,"Bardzo dobrzy balsam do demakijażu, Wszystko w nim jest super począwszy od składu, doskonale zmywa makijaż, pięknie pachnie jest po prostu di ze zeżarcia. Ma jedną wadę za jest go trochę za mało za tę cenę.❤️"
357915,5,"Poleciła mi to znajoma po chemii. Sprawdziłam i jest super. świetnie się dogaduje z moją skórą, co nie jest proste."
357915,5,❤️❤️❤️❤️❤️
357915,5,"Super, przepięknie pachnie, super działa :)"
357915,3,Średnio domyka tusz do rzęs i okolice oka
357915,4,"działa dobrze, ale miał jakieś grudki"
357915,5,Mega🔥
357915,5,Super po prostu wow
363115,5,"świetnie zmywa sebum i pozostałości makijażu, po użyciu skóra jest nawilżona, mega gładka i nie napięta"
363115,5,Produkt bardzo dobrze nawilża twarz
363115,5,🔥🔥🔥❤️
363115,5,Świetny efekt po użyciu
363115,5,👍️🔥👍️🔥
363115,3,"Płyn ogólnie myje i oczyszcza dobrze, ale jednak do końca nie jest to czego oczekuje"
363115,5,Używam od roku i jestem bardzo zadowolona. Super produkt do mycia i pielęgnacji twarzy
363115,3,"Żel mocno się pieni, ale mam wrażenie niedomytej cery. Pomimo tłustej skóry, mam poczucie ściągania. Może po prostu nie współgra z moim ph"
363115,5,Super fajny delikatny żel do mycia twarzy
363115,5,najlepszy od lat💯💯
363117,5,Super 🚀
363117,5,🔥💯💯💯💯💯💯💯❤️❤️💯❤️💯💯❤️❤️ok💯💯💯❤️❤️ok❤️💯❤️❤️ok🔥🔥🔥🔥🔥🔥🔥
363117,5,"bardzo dobry, delikatny"
363117,5,❤️👍️ Bardzo fajny
363117,5,"Lekki, nieklejący, bardzo mi się podoba. To już druga butelka."
363117,5,"Ten tonic musze najpierw wypróbować, bo niektóre art. Loreal uczulają mnie. Ale jak dotąd wygląda ok"
363117,5,🔥👍️👍️
363117,5,"Delikatny, pięknie pachnie...super"
363117,5,"Delikatny o fajnym zapachu. Super, że nie trzeba spłukiwać."
363117,5,"Dobrze nawilża, czysto twarz, dobrze pachnie"
364348,5,Fajna maska
364348,4,Nie zmazuje się zbyt szybko i dobrze nawilża
364348,4,"Maska dobrze chroni usta przed utratą wilgoci, ale jej zapach jest mało przyjemny i w ogóle nie przypomina truskawki."
364348,5,Dobra chociaż jak dla mnie miodowa wersja jest lepsza.
364348,5,Super skład .Polecam.
364348,5,Faja sprawa
364350,5,Super produkt.
364350,5,"💯 extra skład, super nawilżenie, przyjemna na ustach, mega ""smaczna"""
364350,1,"Nie pielęgnuje, nie regeneruje i na pewno nie zawiera naturalnego miodu. Nie polecam."
364350,5,Cudownie odżywia usta
366188,5,"Niezmiennie ulubiona, przetestowałam już różne z Nam, ale ta jest najlepsza. Nie klei się, dobrze nawilża i pozostawia odżywione usta. Zużyłam już kilka opakowań i zawsze do niej wracam."
366188,5,"super produkt! nawilża i pozostawia na ustach film, zapewniający długotrwały komfort"
366188,5,najlepsza!
366188,5,"Szukałam zamiennika carmexa, który nie będzie wysuszał ust a dawał podobny komfort po nałożeniu. Ta maska do ust jest jeszcze lepsza. Stała się moim ulubieńcem i jest ze mną zawsze. Mogłaby być dostępna mniejsza wersja bo jest to dość duży słoiczek ale za efekt wybaczam wszystko. Jeśli jak ja mierzyliście się z uzależnieniem od carmexa i nic nie przynosiło ulgi to spróbujcie tej maski.
...Więcej"
366188,5,Najlepsza maska do ustv
366188,5,To już kolejne pudełeczko 😀 maska błyszczyk jest świetna
366188,5,"NAJLEPSZY ze wszystkich produktów do ust. Nie zliczę, które to już moje opakowanie. Idealna nie tylko na noc jako maska, ale też w ciągu dnia dla nawilżenia, nakładając mniejsza porcję. Nawilża, bez uczucia tłustych ust, na wiele godzin. 🔥"
366188,5,"Świetna maska. Po nałożeniu na noc, rano usta są bardzo mięciutkie i nawilżone."
366260,5,"Działa faktycznie kojąco i delikatnie niezaostrzając trądziku. Dzięki temu że jest to pianka a nie żel moja skóra się uspokoiła i nie jest już tak zaczerwieniona.
Bardzo polecam z całego serca. 
Plusem jest też cena i zapach 😊
...Więcej"
366260,5,Pianka jest bardzo delikatna dla skóry.
366260,5,Jest mega mam niebieską a ta jest dla siostry
366260,5,Super 👍️
366260,5,"Nastolatki polecają, pianka kupiona kolejny raz."
366260,4,Córka zadowolona💪
366260,5,"Stosuję pierwszy raz, więc trudno mówić o efektach ale dotychczasowe kosmetyki z firmy Ziaja nigdy nie zawiodły."
366260,5,❤️❤️❤️❤️
366260,5,💪👍️👍️
366260,5,Polecam produkt
366261,5,"Kocham tą piankę, używam jej od około 5 lat"
366261,5,"Dobrze oczyszcza skórę od makijażu i brudu, nie przesusza ją"
366261,5,"Łatwa w użyciu, subtelny zapach i nie uczula mnie."
366261,4,Dobrze nawilża skórę.
366261,5,"Dobrze oczyszcza, domywa resztki makijażu i jest bez zapachu, moja najlepsza pianka do tej pory"
366261,5,Dla córki bardzo dobra
366261,5,Kupiłam już wiele opakowań. Skóra jest po niej mięciutka. Mam cere mieszaną i myje nią twarz tylko rano a na wieczór czymś mocniejszym. Mój chłopak ze skórą wrażliwą sobie bardzo chwali.
366261,5,"Przyjemna konsystencja pianki, dobrze się rozprowadza. Dobrze oczyszcza, nie podrażniając wrażliwej cery. Zapach jest neutralny, nie przeszkadza w codziennym stosowaniu."
366261,5,"Bardzo dobra jakość produktu. Skóra po umyciu jest czysta i odświeżona. Zapach jest neutralny, nie przeszkadza w codziennym stosowaniu."
366261,5,"Pianka spoko. Zmywa makijaż, nawet tusz. Nie wysusza skóry. Polecam"
366262,5,"Dobry produkt, dobry skład."
366262,5,Moje drugie opakowanie. Dobrze oczyszcza i nie wysusza skóry.
366262,5,👍️💯❤️
366262,5,Używam od lat🔥
366262,5,"Polecam, dobrze i łagodnie myje twarz"
366262,5,🔥❤️🥰
366262,5,Delikatna ale skuteczna pianka 😊
366262,5,Rewelacja skład i efekt 🔥🔥🔥
366262,5,"Łagodna,nie uczula"
366262,5,Polecam o
366263,5,"Efekty są naprawdę świetne. Skóra po aplikacji jest gładka i przyjemna w dotyku. Fantastyczny krem, polecam każdemu."
366263,5,"leciutki krem, bardzo ładnie pachnie, jest dość tłusty wiec nie nadaje się pod makijaż ale działa kojąco na noc"
366263,5,"Ma aksamitną teksturę, która pięknie się rozprowadza."
366263,5,Moja skóra jest idealnie nawilżona i wygląda zdrowiej każdego dnia.
366263,5,"KreŚwietny krem Pięknie pachnie i lekko się ozprowadzaEfekty przerosły moje oczekiwania, skóra wygląda świeżo i młodziej. m świetnie się rozprowadza i natychmiast wchłania. Jeden z tych produktów, które zostają na stałe."
366263,5,"Krem w sam raz dla mnie - lekki, nie zostawia tłustej warstwy."
366263,4,It’s ok
366263,5,"Lekki i delikatnym zapachu.Nawilża i regeneruje skórę. Fantastyczna, lekka formuła."
366263,5,"Cera wygląda na wypoczętą i bardziej jędrną. Krem w sam raz dla mnie - lekki, nie zostawia tłustej warstwy. Nie zapycha porów co jest dla mnie ważne. Ma przyjemy delikatny zapach.Bardzo dobra jakość w rozsądnej cenie."
366263,5,Bardzo lekki i delikatny
366264,5,"Krem jest lekki, ładnie się wchłania, wygładza cerę."
366264,5,"Bardzo fajne serum, które używam na noc. Fajnie pachnie, skóra po nim jest gładka."
366264,5,"Łatwy w użyciu, ❤️Rewelacja! Polecam"
366264,5,"lekka formuła, dobra wchłanialność, korzystne efekty"
366264,5,"Bardzo lubię to serum, ładnie pachnie, używam często 👍️"
366264,5,Fajny dobrze się rozprowadza. Nawilża skórę nie jest tłusty
366264,5,Bardzo dobry serum do twarzy. Dobrze się wchłania
366264,5,Dobrze działa na moją skórę i ma miły zapach.
366264,5,Jest super fajnie się wchłania. Polecam
366264,5,To już moja piąta butelka tego produktu!🔥
366268,5,"Ma aksamitną teksturę, która pięknie się rozprowadza."
366268,5,🔥super pod makijaż i na noc zamiast kremu. ladny zapach
366268,5,"Regeneruje, koi, daje mi 100% zadowolenia. Nie klei się, nie zostawia żadnych śladów. Jeden z lepszych kosmetyków, jakie miałam."
366268,5,"Nie zatyka porów, koi moją cerę. Krem w sam arz dla mnie - lekki, nie zostawia tłustej warstwy."
366268,5,"Krem szybko się wtapia w skórę, bez rolowania. Ma wszystko, czego szukam w dobrym kremie. Ten krem to prawdziwy game-changer w mojej codziennej pielęgnacji."
366268,4,Zostawia lekko tłustą warstwę na twarzy
366268,5,Nawilżenie jest na najwyższym poziomie i długotrwałe.❤️ Przyjemnie się nakłada na skórę. Zdecydowanie mój numer 1 – i zostaje nim na długo.
366268,5,Nawilża i regeneruje skórę.
366268,5,Krem świetnie się rozprowadza i natychmiast wchłania. Nadaje cerze naturalny blask i poprawia jej strukturę. Nie żałuję zakupu i polecam.
366268,5,Ulubiony produkt mojej 17letniej córki. Aksamitny
366277,4,Zostawia skórę gładką i bez uczucia ściągnięcia. Opakowanie jest praktyczne i dobrze zabezpiecza zawartość.
366277,5,"idealnie zmywa makijaż, fajna konsystencja, bardzo sie polubilismy!"
366277,1,"Beznadziejne, mało co rozpuszcza makijaż, użycie wody nie pomaga."
366277,5,"bardzo dobry produkt, ma przyjemny zapach"
366277,5,"Rewelacyjne masełko do zmycia makijażu. Domywa wszystko perfekcyjnie, jest bardzo przyjemne w użyciu i ma świetny zapach."
366277,4,"Fajnie domywa, ale z wodootpornym tuszem ma lekki problem (jak dłużej sie to maselko przytrzyma na rzesach to wszystko schodzi)"
366277,3,Zmywa lepiej niż żel ale słabiej niż inne masełka. Pachnie spoko.
366277,1,"Żle się rozprowadza, nie robi się oleiste, to nie takie fajne masełko tylko twarda masa."
366277,5,Dobrze i delikatnie oczyszcza
366277,5,Polecam
366327,5,"👍️Super zmywa makijaż, skóra jest fajnie nawilżona"
366327,5,"Dobrze, że ma w składzie aloes. Dobrze oczyszcza skórę. Opakowanie jest wygodne."
366327,5,Zmywa makijaż jak trzeba i pięknie pachnie :)
366327,5,"Używam, jestem bardzo zadowolona. Nawilża, a skóra twarzy jest gładka w dotyku 👍️"
366327,5,👍️Dokładnie zmywa makijaż
366327,5,Przepiękny zapach❤️
366327,5,jest prześwietny idealnie domuwa makijaż i odrazu nawilża skóre warte swojej ceny
366327,4,👍️ super
366327,5,🔥🔥🔥
366327,5,Polecam👍️
366328,5,Produkt bardzo dobry. Stosuję niedługo ale jak dotąd jestem bardzo zadowolona
366328,4,"Lo mejor que 
use jamás excelente"
366328,4,Skóra czuje się nawilżona przez cały dzień.
366328,5,👍️🔥polecam
366328,5,Delikatny zapach skóra pełniejsza gladka👍️
366328,5,🚀👍️👍️
366328,3,"Produkt dopiero zaczęłam stosowac ,nie mogę wyrazić opini"
366328,5,Super profukt.pieknie się wchłania i widać rezultaty
366328,5,Świetnie wygładza. W połączeniu z kremem na noc idealny. Uwielbiam tą gładką skórę rano po takiej kuracji.
366328,5,Działa wygładzająco i kojąco .
366394,2,"Niestety, tym razem nie jestem zadowolona z zakupu, po otwarciu okazało się że chusteczki są suche.
Do tej pory zawsze byłam zadowolona z zakupu tego produktu."
366394,5,"Delikatne, nie podrażniają skóry 😊"
366394,5,Delikatny i skuteczny
366394,5,"Ładny zapach, delikatne dla skóry."
366394,5,🔥🔥🔥
366394,5,"Daję awansem, bo jeszcze nie użyłam"
366394,5,Fajna alternatywa na wyjazdy
366394,5,Super Cousteau do usuwania makijazu
366394,5,❤️❤️❤️
366394,5,"Bardzo lubię zabierać je w podróż - usuwają makijaż, nie zajmują miejsca i zwykle podczas jednej podróży schodzą"
366544,5,Doskonały produkt
366544,3,Nie do końca domywa turze do rzęs
366544,1,"Zbyt gęsty,źle zmywa makijaż"
366544,5,Skusiłam się na ten olejek ze względu na cenę. Teraz jest to mój pierwszy krok w wieczornej pielęgnacji. Dobrze usuwa makijaż 👍️. Póki co nie mam zamiaru zmienić go na inny.
366544,5,"To już moja druga buteleczka i będę kupować więcej, świetnie zmywa wodoodporny makijaż."
366544,5,"Jak dla mnie to świetny produk, gesty, bardzo dobrze zmywa makijaż."
366544,5,Bardzo dobrze się rozprowadza i myje.
366544,4,"Na początku myślałam, że to tylko olejek, ale zawiera również formułę myjącą, przez co delikatnie się pieni przy rozprowadzaniu na twarzy. Nie tego oczekiwałam, ale pachnie dobrze i oczyszcza w miarę ok. Zauważyłam, że przy stosowaniu samego olejku moja twarz nie pozostaje całkowicie oczyszczona, więc stosuję dodatkowo piankę, która zbiera resztki makijażu. Jest ok.
...Więcej"
366544,3,"Jest w porządku, ale wolę inne, których juz nie ma w sklepie R."
366544,4,"Dość gęsty olejek, na twarzy wytwarza jakby lekkie ciepło podczas masażu myjącego, jednak poziom zmywalności makijażu raczej na 4 - na pewno nie nadaje się do demakijażu oczu!"
366546,5,"Jestem zadowolona z jakości tego produktu. Cieszę się, że skład jest naturalny. Produkt działa zgodnie z opisem."
366546,5,stosunek jakości do ceny. ISANA to świetna marka.
366546,5,"Naprawdę nadaje się do wrażliwej, atopowej i alergicznej cery."
366546,4,Bardzo dobry produkt
366546,5,"Świetnie zmywa makijaż, nie podrażnia twarzy, delikatne"
366546,5,❤️❤️❤️
366546,4,jest fajny dobrze domywa makijaż
366546,5,Tonik do twarzy
366546,5,"Przyjemne, nie tłuste mleczko. Fajnie się tm myje buzię na codzień. Kupiłam dla testów bo szukałam czegoś po czym nie przesuszy mi twarzy (po wielu produktach, mimo iż łagodne, mam przesusz). Nie zmywam tym makijażu, ale z jakimiś pozostałościami po zmywaniu dobrze sobie radzi. Można utrafić na promce za 3 zł, polecam. Nie przesusza twarzy. Dodatkowo zauważyłam że po dokładnym (ale łagodnym) masażu tym produktem wyciągam zaskórniki z porów i mam gładszą buzię.
...Więcej"
366550,3,"Strasznie wyczuwalny przy aplikacji zapach alkoholu, aż dziwne, że to produkt do cery wrażliwej, daje po nozdrzach ostro. Oddałam mężowi."
366550,5,Uwielbiam
366550,5,"Polecam , dość płynny , trzeba się przyzwyczaić żeby nie wycisnąć za dużo ale dobrze się rozprowadza , w sumie bezzapachowy , super"
366550,5,"Najbardziej nawilżający krem. Jedyny pomocny przy trądziku różowatym. Najwyższa jakość. 
Niestety obecny w zaledwie kilku sklepach w mieście z dziesiątkami Rossmannów. To dość smutne. Prośby o zwiększenie dostępności nie skutkują."
366550,5,"Dobry, wielozadaniowy krem do wrażliwej cery,stosunek jakości do ceny bardzo zadowalający:)"
366550,5,"Praktyczne opakowanie, które zapewnia higieniczne dozowanie. Cera wygląda zdrowiej."
366551,5,Naprawdę super! Gęsta pianka
366551,5,Really good!!!❤️
366551,5,Super pianka do zmywania twarzy
366551,5,"Dobrze sie rozprowadza i spienia na twarzy, przyjemnie pachnie"
366551,5,Wydajna i pachnaca
366551,5,Bardzo delikatna i nie powoduje żadnych uczuleń.
366551,5,"Fajny produkt. Dobrze myje , buzia się nie ciągnie"
366551,5,❤️❤️❤️
366551,1,"Niestety, ale mocno wyczuwalny alkohol po aplikacji na twarz. Skóra po umyciu tępa w dotyku, pojawiło się uczucie ściągnięcia."
366551,5,Najlepsza !
366555,4,"Przyjemny zapach, średnio zmywa makijaż."
366555,5,To mleczko nigdy mnie nie zawodzi. Jest delikatne i dobrze oczyszcza skórę twarzy. Polecam
366555,5,"Bardzo dobry, robi co ma robić. Porządny skład"
366555,5,Dobra jakość polecam
366555,5,jest bardzo delikatnye
366558,1,"Słabo zmywają makijaż, po użyciu skóra była podrażniona"
366558,2,Uczulają mnie
366558,2,Chusteczki dośc słabo zbywaja makijaz zwłaszcza tusz do rzęs. Mogłby być bardziej nawilżone
366558,5,"Świetnie zmywa makijaż, także wodoodporną maskarę"
366558,4,Trochę za drogie ale dobre
366558,5,Bardzo skuteczny produkt
366559,5,I like it!
366559,4,"Są bardzo dobre. Często je kupuję, zawsze czekam na przeceny bo są drogie.
Ampułka mogłaby być trochę większą ponieważ do uzycia na jeden raz- to trochę za mało."
366559,5,Świetnie nawilżają
366559,5,Jestem bardzo zadowolona z tego produktu
366559,5,Bardzo fajnie się wchłaniają💪.
366559,3,nie nawilża
366562,5,WOW. 👍️
366563,5,Bardzo dobre chusteczki do demakijażu. Zmywają nawet wodoodporny tusz.💪👍️❤️
366670,5,Polecam👍️
366670,5,"Bardzo dobrze zmywają makijaż, są wygodne w użyciu."
366670,5,"dobrze oczyszcza z makijażu, w tym z tuszu wodoodpornego. Pachnie ładnie, nie wysusza skóry.👍️"
366670,5,Dobrze zmywają makijaż
366670,5,"Dobrze nasączone, lekko zmywają makijaż i mają odpowiedni dla mnie zapach… tak więc 🆗"
366670,1,"Serdecznie odradzam! Chusteczki nie zmywają nawet zwykłego makijażu oczu ani twarzy, są baaardzo słabo nasączone substancją, która niby to służy do demakijażu.Szkoda kasy! Lepiej za te pieniądze kupić 3 - 4 paczki tańszego i lepszego produktu innej firmy, który DZIAŁA! Raczej nie kupię już nic więcej marki Nivea."
366860,5,Ma dobrą konsystencję jest delikatny
366860,5,Dobrze nawilza
369828,5,"spełnia swoją rolę, oczyszcza"
369828,5,Jest po prostu świetny. Mój ulubiony i jedyny jego używam obecnie.
369828,5,Super produkt.
369828,2,"Na konsystencję jakby był rozwodniony, przez to nie czuję nawet że myję twarz."
369828,5,👍️🔥Super
369828,4,"Super, ale lekko wysusza"
369828,5,Świetny żel dla wrażliwej skóry ❤️
369828,5,Dla mnie jest najlepszy
369828,5,"Żel używam od roku, jest delikatny i skuteczny."
369828,5,Dobrze zmywa i jest delikatny
369829,5,"Ten tonik jest bardzo lekki i przyjemny, pomaga oczyszczać skórę i uniknąć podrażnień oraz pryszczy"
369829,3,Nie było innego np z płatkami róży.
369829,4,"Bardzo polubiłam ten tonik. To moja druga butelka. Wydaje mi się, że cera jest rozjaśniona i wygładzona. Polecam 🙂"
369829,5,"Lubię robić zakupy w Reo i są korzystne.
ssman. Oferty zawsze przyciągają"
369829,5,Będziemy próbować dopiero :)
369829,5,"Mnie pasuje do mojej skóry, dobrze się rozprowadza i wchłania"
369829,5,👍️🔥Super
369829,5,"Używam od kilku lat, polecam w 💯 procentach"
369829,5,To pierwszy tonik który wyspokoil.moja skórę i bardzo mi podpasował. Polecam dla cery tłustej .
369829,5,💪 łagodny
370191,5,świetnie nawilża cerę już po kilku dniach.❤️
370191,5,"Dobry produkt, dodaję go do kremów, ale i solo stosuję."
370191,5,Takie same serum używać am juz od dawno w Anglii w Polsce jestem od września I jestem bardzo szczesliwa że mogę go kupowac w waszym sklep dziękuje że go macie
370191,5,💯💪🔥
370191,5,Polecam spróbować
370191,5,Produkt spełnił moje oczekiwania dobrze regeneruje
370191,3,"👍️
Roluje się pod makijażem"
370191,4,"Dodany do kremu jest dobrym kosmetykiem, bardzo gesty"
370197,5,Działa obkurczająco na rozszerzone pory.
370197,5,"fajny, nie uczula, dobry skład"
370197,1,"Pipeta się psuje 
Przekręca się co utrudnia aplikację"
370197,5,"Świetny produkt. Niweluje wypryski, zaczerwienienia.

💯"
370197,5,"Wspaniale regeneruje, super serum na noc"
370199,5,Bardzo dobry produkt 👍
370199,5,"Super produkt na przebarwienia, dobrze się wchłania, nie pozostawia tłustego filmu na twarzy"
370335,1,"Słabo nawilża, daje efekt ściagniecia, roluje się. Nie widzę żadnych efektów"
370335,5,krem świetnie się rozprowadza po skórze na efekt poczekam
370335,5,"Jestem b.zadowolona z tego kremu pod oczy , super wygładza i nie uczula . Uzywałam rózne z innych firm az znalazlam ten. Jestem bardzo,bardzo zadowolona."
370335,5,Używam krem od dłuższego czasu i na razie nie sięgam po inny. Mam wrażliwe oczy i nie powoduje uczulenia.
370335,4,jest dość gęsty i średnio się wchłania
370335,5,Bardzo przyjemna konsystencja. Doskonale się aplikuje. Co do efektów- skóra wokół oczu wygładzona i nawilżona.
370335,4,"Przyjemny, lekki krem."
370335,5,Dobrze nawilża skórę
370335,5,"Krem bardzo dobrze się rozprowadza i nie pozostawia tłustego filmu. Oczy wyglądają na bardziej wypoczęte, faktycznie zmniejsza opuchnięcia. Jestem zadowolona."
370335,4,"lekki krem, nie roluje się jedyny minus dla mnie to że nie w tubce tylko w słoiczku"
370336,5,"Doceniam delikatny skład, idealny dla wrażliwej cery."
370336,2,Nie jesteśmy zadowolona. Trze oczy i nie domywa.
370336,5,Jest ok
370336,5,Super produkt . Polecam świetnie zmywa makijaż
370336,5,Super woda micelarna nie szczypie w oczy i daje fajny efekt na twarzy.
370336,5,Świetnie zmywa makijaż oczu. Oczyszcza tusz bez pocierania oczu. Oczyszcza tusz wodoodporny. Bardzo dobry.
370336,5,"Bardzo dobry produkt, domywa każdy makijaż, wydajne opakowanie, nie podrażnia skóry ani oczu. Polecam!"
370336,5,Świetnie się sprawdza i jest przyjemny w używaniu
370336,5,"Bardzo fajna emulsja, piękny zapach, super myje. To już moje kolejne opakowanie. Stosuję po zastosowaniu olejku Miya do demakijażu . Rewelacja"
370337,5,"Bardzo przyjemne serum, fajna konsystencja, nie ściąga twarzy"
370337,5,"Zauważyłam znaczną poprawę poziomu nawilżenia mojej skóry. Bardzo lekka, szybko się wchłania. Poprawił ogólny wygląd mojej cery, dodając jej blasku."
370337,5,Świetne. Jedno z najlepszych jakich używałam. Polecam 👍️
370337,5,Już się zakochałam
370337,4,Moww że w być ale relwelavji brak
370337,3,Ten płyn coś bbb lepki cieknący nie powtórzę zakupu do pielęgnacji twarzy .
370337,3,Strasznie się klei. Używam tylko na noc. Nie nadaje się pod makijaż. Więcej nie kupię.
370337,5,🔥🔥🔥
370337,4,"Dobrze się wchłania, dzięki piętce można nałożyć odpowiednią ilość produktu. Działa nawilżająco."
370337,5,❤️❤️❤️
370538,4,"Trudno mi dokładnie ocenić, ponieważ użyłam jej pierwszy raz. Muszę ją wypróbować chociaż kilka razy"
370538,5,Najlepsze maseczki na przebarwienia 💯
370538,5,Super!
370538,5,❤️❤️❤️❤️❤️
370538,5,Super maska trochę drogo
370538,5,"polecam do domowego spa , regularnie używam, cera odżywa i nabiera blasku"
370538,4,Rewelacyjna
370538,5,Świetnie rozświetla skórę. Po prostu jest najlepsza i nie uczula 🌸🎀
370538,5,🔥👍️💪 Nadaje blask i pozostaje bardzo przyjemna skora.
370538,5,bardzo fajnie nawilżyła👍️
370575,5,"Dobry krem, używam go po to aby zmniejszyć choć trochę moje zatkane pory skóry i nawet w tym pomaga. Ładnie pachnie i jest łatwy w aplikacji a do tego wydajny nie musimy szpachlować nim ryja tylko trochę nałożyć i rozmasować po skórze. Polecam."
370575,5,"Nie uczula, nie drażni, a efekty są zauważalne już po kilku dniach."
370575,5,"Wspaniale współgra z innymi kosmetykami w mojej pielęgnacji. Krem świetnie się rozprowadza i natychmiast wchłania. Świetny wybór, bardzo się u mnie sprawdził. Polecam."
370575,5,"Znakomicie sprawdza się jako część wieczornej rutyny. Bardzo łatwy i szybki w aplikacji krem. Strzał w dziesiątkę, jestem na tak."
370575,5,Poprawia elastyczność i ogólną kondycję skóry. Aplikacja jest szybka i komfortowa. Na pewno do niego wrócę.
370575,5,polecamNie zostawia żadnych tłustych plam.
370575,5,Kocham jego formułe
370575,5,Delikatnie koi i dobrze sprawdza się także przy skórze wrażliwej.
370575,5,💯Zauważyłam znaczną poprawę w wyglądzie mojej cery.
370575,5,"Widać, że naprawdę działa. Ma delikatny, przyjemny zapach – dodatkowy plus przy aplikacji. To był dobry wybór. 🔥"
371314,5,Buzia wygląda od razu lepiej.;)
371314,5,"To jeden z tych produktów, do których regularnie wracam. Dobrze się rozprowadza, nie trzeba mocno wcierać. Cena i skład wzbudzają zaufanie."
371314,5,Krem świetnie się rozprowadza i natychmiast wchłania.
371314,5,"prezent dla kuzynki Ma idealną, żelową konsystencję, która nie pozostawia tłustego filmu."
371314,5,Poprawia elastyczność i ogólną kondycję skóry.
371314,5,Nawilżenie jest na najwyższym poziomie i długotrwałe.❤️
371314,5,"🔥Bardzo dobrze się wchłania, nie trzeba długo czekać. Używam codziennie i za każdym razem cera wygląda na zdrowszą. Zaskoczył mnie pozytywnie już po pierwszym użyciu."
371314,4,Każde użycie to czysta przyjemność.
371314,4,Nie żałuję zakupu i polecam.
371314,5,Konsystencja kremu jest miękka i łatwa w rozprowadzeniu.
372411,5,"Najładniejsze naklejki :D efekt też ok, to moje kolejne już opakowanie"
372411,5,Kształt gwiazdek jest bardzo oryginalny i zabawny. Młodzież uwielbia stosować te plasterki
372411,5,Najlepsze plasterki na wypryski ❤️
372411,5,Najchętniej stosowane przez moje dzieci
372411,5,Dobrze wyciągają niedoskonałości.
372411,5,Fajne ale nie zawsze wyciągają wszystkie pryszcze
372411,1,Mi nie dzialają🤝
372411,5,Najlepsze polecam
372411,5,"Wyglądają świetnie, nie przypominają nudnych plastrów leczniczych. Działają punktowo i bardzo szybko na każdy wyprysk. Aplikacja jest szybka i bezproblemowa."
372411,5,To kosmetyk który używa mój wnusio
373334,5,👍️świetnie depiluje
373334,5,"Skuteczny, nie uczula."
373334,4,Jeszcze nie sprawdzone. Oby sprawdziły się lepiej niż te do ciała
373334,5,"Super, nie drażni skóry"
373497,5,Jak zawsze nie zawodna
373497,4,"Jest w porządku, chociaż wolę ziarnistą, pilingującą konsystencję."
373497,5,"Zostawia delikatny, subtelny połysk. ❤️"
373497,5,najlepsza
373497,5,"Działa bardzo kojąco na moją wrażliwą skórę ust. Ma lekką, przyjemną konsystencję. Bardzo sprawnie wysuwa się z opakowania."
373497,5,Dzięki niemu moje usta zawsze wyglądają na nawilżone.
373497,5,"Usta są miękkie i nawilżone. Pomadka daje naturalne wykończenie bez uczucia ciężkości. Dobrze się aplikuje, nie wymaga poprawek."
373497,3,"ujdzie. Wolę klasyczną isanę do ust, a lepiej Nivea i Bielenda"
373497,4,👍️👍️❤️
373497,5,ааааа❤️
3735,5,odpowiada mi konsystencja
3735,5,Nawilżenie jest odczuwalne od razu po nałożeniu. Wykończenie jest subtelne i nie klei się. Łatwo się rozprowadza.
3735,5,Najlepsza na moje uzależnione od pomadek usta.
3735,3,"10/10. Najdroższy preparat do ust ale jedyny, który przynosi mi ulgę :)"
3735,5,👍️jest 🙌
3735,5,🔥🔥👍️
3735,5,"Po prostu najlepsza, a przetestowałam wiele."
3735,5,Najlepsza pomadka ochronno - lecznicza. 🔥
3735,5,uzywam niezmiennie od dwoch lat. zawsze najszybciej pomaga mi na suche badz popekane usta. nie ma smaku ani mocniejszego zapachu.
373905,2,Nie zauważyłam żadnego efektu
373905,5,Płatki pozostawiają skórę przyjemnie wilgotną i odświeżoną.
373905,5,Nawilżenie utrzymuje się przez długi czas po użyciu.
373905,5,Ulga dla okolic oka :)
373905,5,👍️👍️👍️
373905,5,Super platki
373905,4,Myślałam że inaczej wyglądają ale spoko💞
373905,3,"3 to nie negatywna opinia, to 3/5"
373905,5,Super!
373940,5,Cera wygląda zdrowiej.
373940,5,Po nałożeniu cera jest widocznie bardziej promienna.
373940,4,"Jest dobry, dobrze się wchłania i chętnie wracam do tego kremu po 3-4 słoiczkach."
373940,5,Daje szybko zauważalne efekty;).
373940,5,Moja skóra jest nawilżona przez cały dzień.
373940,5,"Krem jest bardzo wydajny, wystarczy niewielka ilość."
373940,5,"Nie roluje się pod podkładem, świetny jako baza. Rewelacja – zdecydowanie go polecam. Poprawia elastyczność i ogólną kondycję skóry. ❤️"
373940,5,Super się nakłada – codzienna pielęgnacja to przyjemność.
373940,5,Kupiony na prezent🔥💯
373940,5,"Cera wygląda na wypoczętą i bardziej jędrną. Ma aksamitną teksturę, która pięknie się rozprowadza. Jeden z tych produktów, które zostają na stałe."
373941,5,"Uwielbiam ten krem. Pięknie sie wchłania, dla cery w moim wieku idealny. Komfort używania."
373941,5,Jest odpowiedni dla każdego typu skóry.❤️
373941,5,"Zgrabne opakowanie, idealne do torebki czy na wyjazd. Sprawdza się na typie mojej skóry. Nie żałuję zakupu i polecam."
373941,5,"Nie zostawia tłustego filmu, skóra jest od razu gotowa na makijaż."
373941,5,"Po jego użyciu, skóra wydaje się niesamowicie gładka i odżywiona.👌 👍️"
373941,5,"Błyskawicznie poprawia nawilżenie, nawet w trudnych warunkach pogodowych. Aplikacja jest szybka i komfortowa. Nie roluje się pod podkładem, świetny jako baza. Cera wygląda na wypoczętą i bardziej jędrną. Zostaje ze mną na dłużej."
373941,5,"Krem świetnie się rozprowadza i natychmiast wchłania. Krem w sama raz dla mnie - lekki, nie zostawia tłustej warstwy. Na pewno wrócę do tego produktu.❤️ ❤️❤️"
373941,4,"Nawilża i regeneruje skórę. Dobrze się rozprowadza, nie trzeba mocno wcierać."
373941,5,"Uwielbiam ten krem za to, jak lekko się aplikuje."
373941,5,Zauważyłam znaczną poprawę w wyglądzie mojej cery.
377632,4,Radzi sobie z codziennym makijażem bez problemu.
377632,5,Mój nr 1
377632,5,"Świetne do demakijażu, w niskiej cenie"
377632,5,"Bardzo lubię tą linię chusteczek, są dobrze nawilżone, duże, można ich bezpiecznie używać."
377632,5,👍️👍️👍️👍️ 👍️ 👍️
377632,4,"Dobra cena, jakość pogorszyła sie wprawdzie w ostatnim czasie, ale i tak najlepsze , nie tylko w tej grupie cenowej."
377632,5,Polecam
377632,5,super👍️
377632,5,Dobra jakość i cena
377632,5,bardzo dobrze usuwa makijaż
377724,5,"Świetny produkt , kupię ponownie"
377724,5,Bardzo dobry podyktuję
377724,3,"Użyłam kilka razy, ciężko opisać pełny efekt. Natomiast trzy gwiazdki za ampułki, ciężko otworzyć tak, by nie było opiłków szklanych. Jedną całą musiałam wyrzucić do śmieci, tyle drobinek po otwarciu było. Poza tym same ampułki mają nieprzemyślany rozmiar. Na twarz, szyję i dekolt spokojnie wystarczyłaby połowa tej ampułki. Jednak by nie zwierzała, trzeba użyć na raz, a na skórze już się ""nie mieści"", tak tłusto, więc ostatecznie część produktu ląduje w śmieciach. Zauważyłam efekt nawilżenia, odżywienia, ale nic poza tym.
...Więcej"
377724,5,Stosuję te ampułki po ściągnięciu maseczki z wit. C. Skóra po ich zastosowaniu jest przyjemna w dotyku. Zawartość jednej ampułki spokojnie wystarcza na pokrycie całej twarzy.
377724,5,Przelomowa technologia
377724,5,💪🚀🔥👍️❤️
377724,5,Bardzo dobry produkt z dobrym składem.
377724,5,"Świetne ampułki, fajnie nawilżają i napinają skórę."
377724,5,Rewelacyjny
377724,3,"Konsystencja serum nie czuje liftingu specjalnie, bardziej jako nawilżenie stosuje."
377734,5,"Widzę, że skóra wokół oczu jest delikatnie rozjaśniona i świeższa."
377734,5,Bardzo lubię ten efekt nawilżenia pod oczami.
377734,4,"nie najlepsze, ale spoko"
377734,5,💪💯💪🔥👍️🚀
377734,5,Jak zawsze super produkty ISANA
377734,5,Zauważyłam lekkie rozjaśnienie okolic oczu.
377734,5,Polecam
377734,5,Skóra pod oczami jest teraz widocznie bardziej nawilżona.
377734,5,Dobrze nawilżają skórę pod oczami.
377734,5,Dobrze nawilżają okolice oczu.
377739,5,"Czuć, że producent zadbał o wysoką jakość zawartości."
377739,5,Formuła maseczki jest bogata w cenne substancje.
377739,5,uwielbiam ją bo się łatwo wchłania
377739,5,Jest super i cena bardzo przystępna...polecam
377739,5,Super! Jak wszystkie maski z Isany (z tej serii) tani produkt (szczególnie jak na przecenie). Zgodnie z napisem świetnie nawilża. Dobry sposób na tzw. korean skin bez wydawania fortuny.
377739,5,"Bardzo fajna maseczka, dobrze się aplikuje jest jej całkiem sporo 👍️"
377739,5,Super produkt 😃
377739,5,Bardzo wydajna i nawilża także bardzo dobrze👍️
377739,5,Bardzo dobrze nawilża twarz
377739,4,Okej 👍️
377741,5,❤️❤️❤️
377741,5,Bogactwo składników aktywnych widocznie poprawia kondycję skóry.
377741,5,🥰🤩🥳
377741,5,Świetnie nawilża skórę twarzy.
377741,5,Siostra zadowolona
377741,5,Bardzo ładnie ie pachnie i świetnie się rozprowadza :)❤️
377741,5,spoko :):)
377741,5,Dobrze nawilża
377741,5,👍️👍️👍️👍️
377741,5,Ponownie kupiłam tę maseczkę. Dobrze się sprawdza zimą na podrażnioną od zima cerę.
377743,5,Maseczka jest megaaaa polecam❤️🔥
377743,5,Ok🔥👍️
377743,5,Nawilża ładnie pachnie
377743,5,👍️ polecam
377743,5,Córka zachwycona;) ma 10 lat. Jest to jedna z nielicznych maseczek jednorazowach która jej nie podrażnia i niejdnocześnie nie zapycha. Skóra wygląda na świeżą i nawilżoną
377743,4,"Maseczka jest ok, bez większych efektów."
377743,5,Lubię ją
377743,5,Bardzo fajna maseczka
377743,4,bardzo ok
377743,4,Ta również też nie dała
378766,5,"Konsystencja kremu idealnie współgra ze skórą ani za rzadka, ani za gęsta."
378766,5,"Zauważyłam znaczną poprawę w wyglądzie mojej cery. Bardzo łatwy i szybki w aplikacji krem. Fantastyczny krem, polecam każdemu. ❤️❤️❤️"
378766,5,"Daje efekt wypoczętej skóry. Wygodna tubka sprawia, że łatwo dobrać odpowiednią ilość produktu. Na pewno do niego wrócę."
378766,5,"Jestem zadowolona z bogatej, ale nie tłustej konsystencji."
378766,4,"Nie uczula, nie drażni, a efekty są zauważalne już po kilku dniach. Konsystencja kremu jest miękka i łatwa w rozprowadzeniu."
378766,5,Bardzo szybko się wchłania. Stosuje go na dzień i na noc. Kupiłam też ten pod oczy. Przede wszystkim nie uczula a miewam z tym częsty problem.
378766,5,Daje wspaniałe efekty.
378766,5,Bardzo fajny krem również dla młodszej skóry ❤️
378766,5,"Bardzo przyjemna formuła, idealny krem na co dzień. 👍️"
378766,5,"👍️Po jego użyciu, skóra wydaje się niesamowicie gładka i odżywiona.👌"
378767,5,"Dobrze się rozprowadza, nie zostawia tłustego filmu. Nawilża i sprawia, że skóra jest gładsza."
378767,5,"Bezproblemowa aplikacja nawet w pośpiechu. Bardzo dobrze radzi sobie z przesuszeniami i szarą cerą. Totalnie mnie zauroczył, konsystencją, działaniem, zapachem."
378767,5,"Po jego użyciu, skóra wydaje się niesamowicie gładka i odżywiona.👌 Błyskawiczna aplikacja, świetna dla zabieganych. Zostaje ze mną na dłużej."
378767,5,"Zakup dla osoby o wrażliwej skórze , sprawdza się , wszystko ok"
378767,5,Skóra po aplikacji jest gładka i przyjemna w dotyku. 👍️
378767,5,Tak jestem zadowolona z kremu bielenda👍️👍️
378767,5,Moja skóra jest nawilżona przez cały dzień.
378767,5,"Bardzo przyjemna formuła, idealny krem na co dzień."
378767,4,"Nie zatyka porów, koi moją cerę. Przyjemnie się nakłada na skórę."
378767,5,"Dzięki niemu zniknęły suche miejsca. Dobrze się rozprowadza, nie trzeba mocno wcierać. Na pewno wrócę do tego produktu.❤️ 👍️"
378779,4,Kompatybilny z innymi kosmetykami do twarzy.;)
378779,5,"Wygodna tubka sprawia, że łatwo dobrać odpowiednią ilość produktu. Cera wygląda na wypoczętą i bardziej jędrną. Kosmetyk, do którego chce się wracać. 💯"
378779,5,"Nie uczula, nie drażni, mąż zadowolony"
378779,5,"Świetny pomysł na prezent, narzeczony jest zadowolony i ja również,na pewno będzie stałym produktem na liście zakupowej w Rosku."
378779,4,Wygodne opakowanie ułatwia codzienne stosowanie.
378779,5,"Bardzo przyjemna formuła, idealny krem na co dzień. Wszystko super, tylko kupować."
378779,5,"Każde użycie to czysta przyjemność. Moja skóra jest idealnie nawilżona i wygląda zdrowiej każdego dnia. Świetny wybór, bardzo się u mnie sprawdził. Polecam."
378779,4,Cera wygląda zdrowiej. Bardzo dobra jakość w rozsądnej cenie.
378779,4,Moja skóra jest nawilżona przez cały dzień. Super się nakłada – codzienna pielęgnacja to przyjemność.
378779,5,super produkt:) wart polecenia:)
378833,5,Daje super efekt nawilżenia.
378833,5,Konsystencja kremu jest miękka i łatwa w rozprowadzeniu.
378833,5,"Nawilża i regeneruje skórę. Nie zostawia smug ani uczucia ściągnięcia. Wszystko zgodne z opisem, efekty super.👌"
378833,5,"Opakowanie bardzo praktyczne, nic się nie marnuje. Moja cera odżyła, boski krem. Ten krem to absolutny hit!👌 
Polecam , szczególnie dla kobiet po 50 tce"
378833,5,Super produkt
378833,5,"Najlepszy, moja cera jest teraz promienna i nawilżona. Aplikacja jest szybka i komfortowa. Mój numer 1 w pielęgnacji cery. Polecam.👍"
378833,5,"Daje wspaniałe efekty. Nadaje się do stosowania na twarz, szyję i dekolt – nic się nie marnuje."
378833,5,"Po kilku dniach cera stała się wyraźnie gładsza i bardziej elastyczna. Krem szybko się wtapia w skórę, bez rolowania."
378833,5,"To jeden z tych produktów, do których regularnie wracam. Codzienne użycie to przyjemny moment.;) Moja skóra jest nawilżona przez cały dzień. Fantastyczny krem, polecam każdemu."
378833,5,Poprawia elastyczność i ogólną kondycję skóry.
378834,4,"Świetnie działa, przyjemne odczucie po nałożeniu
lepsze byłoby opakowanie z pompką"
378834,5,Skóra wygląda o wiele lepiej już w krótkim czasie.
378834,5,"Bardzo przyjemna formuła, idealny krem na co dzień. Nawilża i regeneruje skórę. Warto mieć go w swojej kosmetyczce."
378834,5,"Fantastyczna, lekka formuła. Cera wygląda na wypoczętą i bardziej jędrną. Na pewno wrócę do tego produktu.❤️"
378834,5,"Lubię ten krem za komfort stosowania. Strzał w dziesiątkę, jestem na tak. Delikatnie koi i dobrze sprawdza się także przy skórze wrażliwej."
378834,5,kjbkjhcbcvbn vhjm
378834,5,"Uwielbiam efekt miękkiej, wypoczętej skóry tuż po aplikacji."
378834,5,"Po kilku dniach cera stała się wyraźnie gładsza i bardziej elastyczna. Można bez obaw stosować także na szyję i dekolt. Jeden z tych produktów, które zostają na stałe."
378834,5,"To jeden z najwygodniejszych kremów, jakie miałam."
378834,5,Świetna opcja na poranną pielęgnację – ekspresowe użycie.
378838,5,"Regeneruje, koi, daje mi 100% zadowolenia. Dobrze się rozprowadza, nie trzeba mocno wcierać. Jeden z tych produktów, które zostają na stałe."
378838,5,Codzienne użycie to przyjemny moment.;) Używam codziennie i za każdym razem cera wygląda na zdrowszą.
378838,5,"Fantastyczna, lekka formuła."
378838,5,"Jest odpowiedni dla każdego typu skóry.❤️ To jeden z najwygodniejszych kremów, jakie miałam."
378838,5,"Nie zapycha porów, a skóra staje się gładsza i bardziej rozświetlona."
378838,4,Moja skóra jest idealnie nawilżona i wygląda zdrowiej każdego dnia. Wygodna i szybka aplikacja.
378838,5,"Skóra jest miękka, dobrze nawilżona."
378838,5,Nie spływa i nie pozostawia uczucia lepkości. Wygładza drobne linie i zmarszczki. To był dobry wybór.
378838,5,"Praktyczne opakowanie, które zapewnia higieniczne dozowanie. Efekty przerosły moje oczekiwania, skóra wygląda świeżo i młodziej. Na pewno do niego wrócę."
378838,5,"Moja skóra jest teraz bardziej elastyczna. Super się nakłada – codzienna pielęgnacja to przyjemność. Nie wiem, jak wcześniej mogłam go nie znać."
379014,5,Dobrze radzą sobie z usuwaniem makijażu. Są delikatne dla skóry. Opakowanie jest praktyczne i łatwe do otwarcia.
379014,5,Jak na cos na szybko to fajne
379014,5,"Bardzo ładnie pachną, są delikatne, nawilżają skórę. Są super do demakijażu."
379014,5,dobrze służą
379070,5,"Używam od dawna cały zestaw Miya, polecam. Bardzo poprawiło mi cerę!"
379070,5,Super skład ładny zapach
379070,5,"Dobrze nawilża, ale moim zdaniem niczym szczególnym się nie wyróżnia"
379070,5,Super.
379070,5,"💯👍️👍️super produkt spełnienia moje oczekiwania,"
379070,4,"Ok, delikatnie nawilża ale bez efektu wow"
379070,5,Działa odświeżająco i kojąco na skórę. Ma subtelny zapach. Zużyłam już kilka opakowań i kupię ponownie. Polecam.
379070,5,Super tonizuje
379070,5,"Idealny do delikatnej cery, polecam!🔥"
379070,5,"Tonik jest fantastyczny! Natychmiast uspokaja, odpręża i cudownie nawilża skórę! Uwielbiam go 😍"
379120,5,Plastry świetnie radzą sobie z wypryskami.
379120,2,Ciężko odkleić tak żeby się brzeg nie zrulował :p nie polecam
379120,5,Polecam
379120,5,Faktycznie działają. Zmniejszają wypryski i łagodzą zaczerwienienia.
379120,5,"Są naprawdę świetne. Może nie czynią cudów, ale tworzą dobrą ""atmosferę"" do naprawy skóry. Po gigantycznym pryszczu została tylko czerwona plama, tzn że nie będzie blizny a makijaż wszystko ładnie przykryje na imprezie rodzinnej - gdybym nie używała plasterków mogłoby być różnie, a na łuszczącej się skórze makijaż nie wygląda dobrze.
...Więcej"
379120,5,Polecam ❤️
379120,5,Super opcja na niechcianego gościa
379120,3,"Trzy gwiazdki to nie jest negatywna opinia - te plasterki tylko wyglądają ale nie mają żadnego realnego wpływu na wypryski pod nimi, nie wysuszają, nie zmniejszają zaczerwienienia. Ot, dobry kamuflaż i tyle, na plecy czy dekolt."
379120,5,Super produkt polecam 💯🔥
379120,5,Córka jest zadowolona 💯
379182,4,Jest super
379182,5,Bardzo dobry
379182,5,Polecam
379182,4,"Produkt informuje że nie trzeba pocierać ale to nie prawda, a poza tym git"
379182,4,Średni ale nie podrażnia mi oczu
379182,1,"mi sie nie sprawdził, nie usuwa maskary"
379182,5,Super preparat. Polecam
379182,3,Pozostawia na twarzy tłustą powłokę
379182,5,Dobrze usuwa tusz nie szczypie w oczy super👍️
379182,5,Niezawodny
379184,5,wspaniałe serum
379184,5,"Za wcześnie aby coś powiedzieć. Od kilku dni używam - chyba będzie spełniał moje oczekiwania. Jeżeli tak to ponownie kupię. Cena odpowiednia, łatwy w użyciu. 
Nic więcej nie napiszę - po ponownym zakupie napiszę więcej."
379184,5,Nie mam na na to alergii
379184,5,"Czuję, że moja cera jest gładsza i bardziej miękka. Bardzo szybko znika w skórze, co bardzo lubię. Dzięki niemu moja skóra prezentuje się o wiele lepiej."
379184,5,"Skóra jest nawodniona przez cały dzień. 
Nie pozostawia tłustej warstwy na skórze. 
Moja skóra jest bardziej elastyczna i jędrna."
379184,5,"Aktualnie użyłam produktu 2 razy, ale wydaje się fajnie nawilżać, nie lepi się, nie powoduje napięcia skóry twarzy, super nadaje się pod krem i nie roluje się. Rano po pierwszym zastosowaniu miałam mięciutką i zdrowo błyszczącą skórę 💞"
379184,5,Dobrze nawilża i wygladza skórę.
379184,5,Dobrze się wchłania i nawilża skórę.
379184,5,"Uwielbiam ten produkt, za każdym razem do niego wracam. Skóra nawilżona, szybko się wchłania. Nie pozostawia twarzy lepkiej, ani nie roluje się. Idealny pod krem i pod makijaż.❤️"
379184,5,super produkt bardzo dobrze sprawdza się na cienkiej skórze z problemami.🤩
379435,5,"Skóra twarzy po zastosowaniu tej maski jest rozświetlona, miła w dotyku i uczucie odświeżenia i nawilżenia"
379435,5,Polecam
379435,4,"Kupione na promocji, tyle że nie kupiłabym sama z siebie"
379435,5,jest oki
379435,5,"super maska, wchłania się całkowicie"
379435,4,"fajna, ale w promocji. wtedy jest dobry stosunek ceny do jakości"
379435,5,🔥🔥🔥
379435,5,Bardzo lubię maski tej firmy - nawilża i rozjaśnia cerę. Wygląda na wypoczętą
379435,5,Uwielbiam za piękny zapach i cudowne nawilżenie 💯
379435,4,zwyczajne
379436,5,Sprawdzę
379436,5,Maska pięknie odświeża i intensywnie odżywia twarz 😍😍😍
379436,5,"Super maseczka, wygodne użycie, bardzo dobrze nawilża."
379437,5,"Maska miło nawilżyła twarz, nie wywołała żadnych podrażnień, skóra zostaje napięta i rozjaśniona."
379437,4,"Великий плюс , що після - не липке обличчя. Але коли повністю вбереться, то може скатуватися …"
379437,4,"Ok, ale bez rewelacji."
379437,5,"Uważam, że jest w porządku - skóra jest po niej super miękka!"
379437,2,"Bardzo słaba do cery suchej, po zdjęciu płachty wchłania się w chwilę pozostawiając suchą skórę. Nie wygładza, jedynie koi"
379437,5,polecam
379437,5,"Świetna maseczka, świetnie koi skórę"
379437,5,Bardzo przyjemna
379437,3,maska nie robi efektu wow- nie robi nic. Po masce miałam lekko zaczerwienioną skórę.
379437,5,"Efekt wygładzenia natychmiastowy, przydałaby się reklama ""już po pierwszym użyciu! . Jestem bardzo z niej zadowolona i poleciłam i kupiłam dla przyjaciółek ♥️♥️"
379788,5,"super kosmetyk 👍️


💯
...Więcej"
379788,5,nie podrażnia oczu❤️
379788,4,Zapach jest bardzo intensywny dla mnie
379788,1,Jeden z najlepszych dla mnie płynów do demakijażu oczy.Szybko i skutecznie zmywa cały makijaż.
379788,5,Bardzo dobrze domowa resztki makijażu
379788,5,Jest odlotowy🚀
379788,5,dla mnie idealna nie daje uczucia ściągnięcia pieknie usuwa makijaż
379788,5,Jest super
379788,5,Mega.*****
379788,5,Rewelacja
380426,5,👍️👍️
380426,4,Polecam 👍️👍️
380426,4,"Ja je kupiłam do depilacji wąsika. Paski dość cienkie, ale spełniają swoją funkcję."
380426,1,"Tymi plastrami zerwałam sobie barierę hydrolipidową wokół brwi i miałam takie czerwone pola nad brwiami i nie mogła tego niczym zakryć i trochę minęło zanim to się zagoiło i czerwone plamy zniknęły, nie polecam"
380426,5,Bardzo dobre plastry. Ładnie chwytają włoski. 💯
380426,1,Zle.sie klei i slabo wyrywq wloski
380426,5,Spełniają swoją funkcję
380426,1,słabo wyrywa
380426,5,Dobra cena.
380426,5,Super w końcu depilacja brwi nie jest mi straszna.polecam
381008,5,"Jeszcze nie używałam, ale myślę, że bedzie ok"
381008,5,Odmladza💪
381008,5,👍️👍️
381008,5,wygładza nawilża polecam👍️
381008,5,Super maseczka 👍
381008,4,Bardzo przyjemny zapach. Skóra jest gładka.
381008,5,Uwielbiam 🔥
381008,5,Super 🔥🔥
381008,5,O SKORZYSTAŁAM EFEKT SUPER GŁADKA I JĘDRNA SKÓRA JAK PO WIZYCIE W SALONIE KOSMETYCZNYM POLECAM.👍️❤️
381008,5,Dobrze się wchłania akceptowana przez skórę
381009,5,Wydaje mi się że jest najlepsza
381009,5,"Jedna z lepszych z tej firmy, naprawdę nawilża"
381009,5,świetna
381009,4,"Średni i dość intensywny zapach, ale fajnie nawilża."
381009,5,Poprostu idealne di mojej skury
381009,5,Bardzo lubię tą maskę i często kupuję pięknie pachnie lekko natłuszcza i pięknie nawilża . Szczególnie ie lubią ją na noc.
381009,5,Przyjemności. Fajnie nawilża skórę.
381009,5,"Super maseczka ,polecam.❤️❤️👍️"
381009,5,👍️👍️👍️👍️
381009,5,Polecam 🤩
381011,5,Fajna maseczka na prezent
381011,4,"Dobrze dobrany skład, czuję, że moja skóra go polubiła. Efekt nawilżenia jest natychmiastowy i długotrwały."
381011,5,Sakura nie swędzi i nie piecze jest lepsza. Wracam już jakiś czas do niej
381011,5,"Idealna na poprawę cery,polecam"
381011,4,fajnie nawilza ale przy tradziku moze zapchac wiec uwaga
381011,5,"Dziś nałożyłam tą maseczkę na noc, tyle że w dzień. Mam nadzieję, że tego nikt nie sprawdza, bo już po mnie…"
381011,5,Maseczka rewelacyjna! Super się wchłania. Rano nawilżona twarz i brak sińców pod oczami ! Polecam wszystkim kolezankom .....po sześciesiątce 🚀
381011,5,stosuje od dawna. zgodnie z opisem otula skórę. serdecznie polecam
381011,5,Skóra jest nawilżona i elastyczna po użyciu maseczki.
381011,5,Polecam
381174,5,Polecam
381174,3,"w porządku, bez szału"
381174,5,wycisza niedoskonałości
381174,5,bardzo dobra maska
381174,5,👍️💪👍️
381196,5,💯👍️👍️
381196,5,super ❤️
381202,5,Super 🔥🔥
381202,5,Świetna maseczka nie uczula super nawilża i odświeża skórę- polecam
381202,5,Polecam
381202,4,💪💪💪
381202,5,Dobrze działa i odżywia skórę twarzy👍️
381202,5,Fajnie nawilża i jest mocno nasączona
381202,5,Bardzo fajna maseczka .POLECAM!!!👍️
381203,4,"Zależało mi na naturalnym składzie, i tutaj jest. Po jej użyciu skóra jest miękka, gładka i promienna. Płachta jest dobrej jakości, dobrze przylega do twarzy."
381203,5,Polecam
381203,5,"Super, polecam"
381203,5,🔥🔥🔥🔥
381203,4,"Pierwszy raz kupiłam ten produkt, więc niespecjalnie mogę się wypowiedzieć, ale chyba kupię jeszcze raz 🤔🙂"
381203,5,super polecam
381203,4,"bardzo fajna maska, inne z linii bardziej mi się podobały"
381203,5,kocham Aloe co by to nie było jestem zachwycona
381203,5,❤️❤️❤️❤️❤️❤️
381207,5,🔥❤️❤️❤️❤️
381207,5,dobra polecam
381207,5,CUD MIÓD
381207,5,najlepsza jaką do te pory użyłam
381207,5,Ekstra
381207,5,My fav 🚀
381207,4,Fajnie nawilża
381230,5,Usta są teraz o wiele bardziej nawilżone.
381230,5,Świetnie nawilża suche usta.
381230,5,raczej nie ma super efektów ale fajny kosmetyk
381230,5,Fajnie nawilża
381230,5,dobrze nawilża usta👍️
381230,4,Nie do końca ok
381230,4,Spoko ale nie zobaczyłam większych efektów.👍️
381230,5,zawsze trzeba mieć pod ręką
381230,5,Mega nawilżenie
381230,5,Super efekt
381351,5,"Praktyczne opakowanie, które zapewnia higieniczne dozowanie. Efekty przerosły moje oczekiwania, skóra wygląda świeżo i młodziej. Cena i skład wzbudzają zaufanie."
381351,5,"❤️Super wydajny, mogę go stosować także na noc."
381351,5,"Krem świetnie się rozprowadza i natychmiast wchłania. Moja skóra jest teraz bardziej elastyczna. Świetny wybór, bardzo się u mnie sprawdził. Polecam."
381351,5,"Nie zapycha porów, a skóra staje się gładsza i bardziej rozświetlona. Nie zawiódł mnie ani razu.😍 Nie zostawia tłustego filmu, skóra jest od razu gotowa na makijaż."
381351,5,"Świetna konsystencja, która pozostawia cerę gładką i odżywioną pasuje do mojej cery daje wspaniałe efekty"
381351,5,"Jest bardzo plastyczny, dzięki czemu łatwo go równomiernie rozprowadzić. Zauważyłam wyraźną poprawę nawilżenia i ogólnego wyglądu cery. 👍️"
381351,5,"Krem jest bardzo bogaty, świetnie się rozprowadza. Ten krem aktywnie regeneruje, czuję, że moja skóra jest odżywiona."
381351,5,Poprawia jędrność mojej cery i nawilża.
381351,4,"Cudownie kremowa formuła – łatwo się go używa. Zdecydowanie poprawił wygląd mojej skóry – jest bardziej promienna i napięta. Znakomity krem, polecam.👌"
381351,5,"To jeden z tych produktów, do których regularnie wracam."
381352,5,Wygodne opakowanie i szybka aplikacja.
381352,5,"Krem w sama arz dla mnie - lekki, nie zostawia tłustej warstwy. Zdecydowanie poprawił wygląd mojej skóry – jest bardziej promienna i napięta. Doskonały wybór dla wymagającej skóry."
381352,1,Pomyłka z mojej strony. Chciałam dać 5. Myślałam że że trzeba naciskać po kolei.
381352,5,"Aksamitny w dotyku, rozprowadza się jak marzenie. Czuję, że twarz jest dobrze przygotowana na cały dzień. Delikatny, subtelny zapach, który nie drażni."
381352,5,"To bardzo przyjemna, klasyczna nuta zapachowa."
381352,4,"Krem ma bogatą, aksamitną konsystencję. Podoba mi się, że zapach jest taki łagodny. Zauważyłam, że moja skóra odzyskała utracony blask."
381352,5,Dobrze się rozprowadza na skórze.
381352,5,"Pozostawia skórę nawilżoną, ale nie tłustą."
381352,5,"Ten krem to prawdziwy game-changer w mojej codziennej pielęgnacji. Nie klei się, nie zostawia żadnych śladów. Na pewno jeszcze nie raz po niego sięgnę. Uwielbiam efekt miękkiej, wypoczętej skóry tuż po aplikacji. Krem świetnie się rozprowadza i natychmiast wchłania. Strzał w dziesiątkę – udany zakup."
381352,4,"Lekka formuła, nie zapycha porów."
381360,5,"Aplikacja jest czysta i bezproblemowa. Zauważyłam znaczną poprawę w wyglądzie mojej cery. Cieszę się, że na niego trafiłam."
381360,5,"To jeden z tych produktów, do których regularnie wracam."
381360,5,"Krem ma idealną konsystencję, nie jest ani za gęsty, ani za rzadki."
381360,5,Cera wygląda na wypoczętą i bardziej jędrną.
381360,5,"Lubię go za to, że tak lekko się rozprowadza. Nie bieli. Jednak trzeba uważać bo wyświeca. Ja troszkę go pudruję. Nie wiem czy usuwa przebarwienia ale nowe mi sie nie pojawily"
381360,5,"Używam regularnie. Super krem z spf 50. Matowe wykończenie, wyrównany koloryt, fajny zapach. Krem idealny na dzień."
381360,5,"Wygodne opakowanie i szybka aplikacja. Nie uczula, nie drażni, a efekty są zauważalne już po kilku dniach. Fantastyczny krem, polecam każdemu."
381360,4,"Nie lepi się, nie zostawia śladów na ubraniach. Kompatybilny z innymi kosmetykami do twarzy.;)
Jednak zmienił się dozownik na gorszy."
381360,5,"Najlepszy krem z filtrem spf50. Nie bieli, nie roluje się, szybko i łatwo się aplikuje, pięknie wygląda pod makijażem. Zużyłam już z 6 opakowań, a kolejne 3 mam w zapasie."
381360,5,"Lekka formuła, idealna na co dzień."
381361,5,Zaskoczona jestem ... szybkością działania. Pierwszy efekt już w pierwszym tygodniu.
381361,4,czekam na efekty póki co nie mogę ocenić obiektywnie
381361,5,Ok. Jest super.
381361,5,Wydajność zapach. I jakość cery. Super
381361,5,👍️💪 polecam.
381361,5,Po dłuższym zastosowaniu widać naprawę wielkie efekty 🔥
381361,5,"Zakup na prośbę i użytek koleżanki, napisała mi tylko ""kup go dla mnie bo to mój ulubiony"". Zatem w jej imieniu dodałam 5 gwiazdek :) ❤️"
381361,5,🔥🔥💯
381361,5,"dobrze się wchłania, redukuje przebarwienia"
381392,5,Efekty są naprawdę świetne.
381392,5,Wygodna i szybka aplikacja.
381392,5,Jest super
381392,5,Można bez obaw stosować także na szyję i dekolt.
381392,5,Skóra wygląda o wiele lepiej już w krótkim czasie.
381392,5,"Lekka formuła, nie zapycha porów. Nie uczula, nie drażni, a efekty są zauważalne już po kilku dniach. Na pewno wrócę do tego produktu.❤️"
381392,5,Cudownie kremowa formuła – łatwo się go używa.
381392,5,"Nie lepi się, nie zostawia śladów na ubraniach. Nawilżenie jest na najwyższym poziomie i długotrwałe.❤️ Wysoka jakość, w pełni spełnił moje oczekiwania."
381392,4,Nie żałuję zakupu i polecam.
381392,5,"Zauważyłam znaczną poprawę w wyglądzie mojej cery. Fantastyczna, lekka formuła. Jeden z tych produktów, które zostają na stałe."
381393,5,"Bardzo przyjemna, lekka formuła."
381393,5,"Zauważyłam, że makijaż wygląda na nim lepiej i dłużej się utrzymuje. To jeden z najwygodniejszych kremów, jakie miałam."
381393,5,Daje wspaniałe efekty.
381393,5,"Dobrze się rozprowadza, nie trzeba mocno wcierać. Moja skóra jest teraz bardziej elastyczna. Bardzo dobra jakość w rozsądnej cenie."
381393,5,"Jest doskonały, nawet dla cery naczynkowej. Mój absolutny hit w codziennej pielęgnacji. Przyjemnie się nakłada na skórę."
381393,5,Buzia wygląda od razu lepiej.;)
381393,5,"Konsystencja kremu jest miękka i łatwa w rozprowadzeniu. Używam codziennie i za każdym razem cera wygląda na zdrowszą. Kupiłabym ponownie.;) Polecam serdecznie. Sprawdza się na typie mojej skóry. Cudownie kremowa formuła – łatwo się go używa. Totalnie mnie zauroczył, konsystencją, działaniem, zapachem.
...Więcej"
381393,5,"Po nałożeniu skóra jest pełna blasku.👌 Nie zostawia tłustego filmu, skóra jest od razu gotowa na makijaż. Wszystko zgodne z opisem, efekty super.👌"
381393,4,Skóra po aplikacji jest gładka i przyjemna w dotyku.
381393,5,Krem na idealną formułę.
381436,4,Moja skóra jest nawilżona przez cały dzień.
381436,5,"Super opcja do porannego rytuału pielęgnacyjnego. Najlepszy, moja cera jest teraz promienna i nawilżona. Nie żałuję zakupu i polecam."
381436,5,Konsystencja kremu jest miękka i łatwa w rozprowadzeniu. Efekty są naprawdę świetne. Zdecydowanie mój numer 1 – i zostaje nim na długo.
381436,5,"To jeden z tych produktów, do których regularnie wracam."
381436,5,Buzia wygląda od razu lepiej.;)
381436,5,"Efekty przerosły moje oczekiwania, skóra wygląda świeżo i młodziej. ❤️"
381436,5,"Wcześniej używałam kilku kremów teraz wystarcza tylko ten. Najważniejszy jest super skład, który nie zapycha porów. Poza tym krem jest lekki, bardzo dobrze nawilża, szybko się wchłania, ładnie pachnie i łatwo się rozprowadza. Opakowanie mogłoby być trochę większe. Przy nakładaniu trzeba uważać na usta - potrafi je podrażnić. Dzięki niemu pozbyłam się suchej skóry przy oku, którą miałam od kiedy pamiętam mimo używania przeróżnych kremów przez lata. Szczerze polecam!
...Więcej"
381436,5,Każde użycie to czysta przyjemność.
381436,5,Nawilża i regeneruje skórę.
381436,5,👍️Aplikacja tego kremu to miły początek dnia.
381437,5,5/5 👍️
381437,5,Świetnie się wchłania
381437,5,"Po pierwszym użyciu pomyślałam ale wtopa, nie pasuje mi ale dałam mu drugą szansę i okazało się że jest całkiem nieźle. Bardzo fajny, delikatny zapach, konsystencja olejku, bardzo fajnie się rozprowadza ale dosyć szybko wchłania. Czy zmienia coś na skórze to za wcześnie na werdykt, czas pokaże :)"
381437,5,"Przyjemny, rozświetla twarz"
381437,5,🔥🔥🔥🔥🔥🔥🔥🔥🔥🔥
381437,4,Narazie efektów nie widzę ale konsystencja fajna zapach pomarańczowy jest ok
381437,5,Rewelacja wreszcie moja skóra odżyła nie jest sucha fajnie się wchlania👍️
381437,5,"Bardzo lubię to serum,za jego działanie i nie uczula mojej cery."
381437,5,Jak dla mnie super
381437,5,"świetnie napina skórę i wygładza, to już druga sztuka którą używam. Jestem alergiczką a ten produkt jest świetny bo nie uczula. Konsystencja miła bo żelowa, więc lekko wklepuje się w skórę, zapach przyjemny. Polecam, bo wiekowa ze mnie kobieta, ale zadbał o moje samopoczucie."
381476,5,"Świetnie działa, przyjemne odczucie po nałożeniu, nie uczula"
381476,5,Wygładza
381476,5,świetnie się wchłania
381476,5,"Jest delikatny , szybko się wchłania"
381476,5,"Pierwszy raz mam ten krem, aczkolwiek używam inne produkty z tej serii. Póki co, to jak pozostałe - REWELACJA:-)"
381476,5,Super uzupełnienie do serum do twarzy z tej samej serii
381476,5,"Wspaniałe się wchłania, rozświetla i przede wszystkim nie uczula."
381476,5,Świetny krem. Polecam na opuchnięte powieki
381476,5,Super konsystencja.. wygładzenie 😊
381476,5,spełnia swoje zadanie🔥
381949,4,"Ma aksamitną teksturę, która pięknie się rozprowadza. Nawilżenie 10/10.;) Rewelacja, nic tylko brać!"
381949,5,"Ma idealną gęstość, ani za rzadki, ani za gęsty. Skóra po jego użyciu jest wyraźnie bardziej zregenerowana. Urzekający, relaksujący zapach, który umila wieczorną pielęgnację."
381949,5,"Po jego użyciu, skóra wydaje się niesamowicie gładka i odżywiona.👌 Bardzo łatwy i szybki w aplikacji krem. Naprawdę wart uwagi, polecam z całego serducha.❤️"
381949,5,Znakomicie sprawdza się jako część wieczornej rutyny.
381949,5,"Skóra jest miękka, dobrze nawilżona."
381949,5,Ten krem to prawdziwy game-changer w mojej codziennej pielęgnacji. Można bez obaw stosować także na szyję i dekolt.
381949,5,"Wygodna i szybka aplikacja. Błyskawicznie poprawia nawilżenie, nawet w trudnych warunkach pogodowych."
381949,2,"No taki średni, czuć po konsystencji, że jest treściwy, ale za mocny jak na moją skórę, po nałożeniu lekko mnie piekło"
381949,4,Skóra po aplikacji jest gładka i przyjemna w dotyku. Moja skóra jest idealnie nawilżona i wygląda zdrowiej każdego dnia.
381949,5,"Super krem. Idealna konsystencja - nie jest wodnisty, ani za gęsty.
Skóra wydaje się ""wypoczęta"" i daje miły efekt w dotyku."
381952,2,"Nędza, zamiast fajnej paniki jakieś rozwodnione coś. Kupiłam dwie na próbę AA i alterre zawiodłam się na AA"
381952,4,"Mało wydajna ale ładnie pachnie,"
381952,5,Delikatnie myje i nie podrażnia
381952,5,"Super pianka, nie uczula, dobrze zmywa cerę, bardzo wydajna"
381952,2,"Trzeba użyć kilka pompek, żeby umyć twarz. Słabo radzi sobie z przetłuszczoną skórą."
381952,1,"Oprócz tego, że się pieni nie robi absolutnie nic. Nie domywa makijażu, po naniesieniu pianki na twarz pianka po prostu znika. Byłam zaskoczona kiepską jakością, bo wcześniej miałam inny produkt do mycia twarzy z AA i był rewelacyjny. Ten nie jest wart kupowania."
381952,5,super polecam do twarzy oraz do mycia sztucznych rzęs.
381952,5,"Przyjemna dla skóry, nie podrażnia oczu, dobrze zmywa makijaż."
381952,4,Delikatny ❤️
381952,5,"Kosmetyk świetnie czyści twarz , przy tym odświerza i ładnie pachnie. Polecam."
382392,5,super działanie
382392,5,Super olej
382392,5,"Olejek rycynowy używam do włosow ,nakładając przed każdym myciem.Zapobiega wypadaniu włosow.Jest bardzo dobry.Polecam."
382392,5,🔥👍️💪🚀💯❤️
382392,4,Niska cena
382392,5,"Używam do brwi, dobrze wzmacnia i odżywia ❤️"
382392,5,Polecam!
382392,5,Stosuje do rzęs
382392,5,Jest Ok
382809,5,"zmywa makijaż nawet bardzo trwały, przyjemny dla skóry, oczy nie szczypią, ale muszę domyć żelem"
382809,2,Olejek niestety nie emulguje. Już po jednym użyciu cera jest zanieczyszczona. Olejek pozbawił mnie gładkiej cery i zafundował wypryski
382809,3,To jest olejek z małą ilością emulgatora co mi akurat niezbyt pasuje.
382809,5,Bardzo dobry olejek do demakijażu. Wszystko zmywa bez problemu
382809,5,Najlepiej domywa make up ever!
382809,5,Łatwo oczyszcza skórę i doskonały do masażu twarzy 👍️
382809,5,"Polecam, super produkt"
382809,5,"tani, dobry, mój ulubiony❤️"
382809,5,cudownie domywa twarz i nie podraznia
382809,5,"Olejek wydajny, bardzo przyjemny zapach, skutecznie i szybko zmywa makijaż"
383002,5,"Skóra pod oczami jest teraz o wiele bardziej nawilżona. Efekt rozjaśnienia sprawia, że wyglądam na wyspanego. Trzeba sie postarać zeby sie zsunely"
383002,5,Moje oczy czują się odświeżone i nawilżone przez cały dzień.
383002,5,Jak narazie użyłam tylko jednych Płatków pod oczy i bardzo fajnie się sprawdziły. Nawilżyły mi skórę pod oczami i o nią zadbały. Po tym jednym użyciu mogę je polecić.
383002,5,👍️ polecam
383002,5,super❤️
383002,5,🔥👍️👍️👍️
383002,5,"Świetna cena do ilości i jakości. Dobrze rozświetlają i napinają skórę, jest wręcz zmrożona po nich."
383002,4,"👍️ troszkę grube.
Ale poza tym ok"
383002,5,Pomagają spuchnięty oczom
383002,5,Za krótko używam żeby był efekt łał. Ale najważniejsze że nie uczulają i nie podrażniają skóry
383003,5,Zauważyłam znaczące nawilżenie skóry pod oczami. Skóra pod oczami jest jaśniejsza i wygląda na bardziej wypoczętą. Dobrze przylegają i nie zsuwają się z twarzy.
383003,5,Moje ulubione
383003,5,❤️❤️❤️
383003,5,Świetny produkt i przelicznik ceny do ilości. Rozświetlenie widać od razu.
383003,5,Jest super
383003,5,Uwielbiam żelowe płatki pod oczy. A te są wyjątkowe.
383003,5,Bardzo dobre płatki pod oczy tylko u was kupuje
383003,5,"najlepsze płatki pod oczy, kupuje zawsze 2 opakowania że i czekam na kolejne promocje👍️"
383003,3,Platki za bardzo nasaczone rozrywaja sie przy nakladaniu pod oczy
383003,5,🔥🔥🔥🔥
383006,5,Moje ulubione
383006,4,Super produkt 💪💪
383006,3,Po jednorazowym użyciu nie widziałam żadnej różnicy.
383006,5,Polecam serdecznie
383006,5,Super produkt. Fajnie nawilża.
383006,5,Dobrze przylega i nawilża usta
383006,5,Super zestaw i fajne usta po tych maskaxh
383006,5,Fajnie nawilża
383006,3,"Nie działa tak, jak napisano w opisie na opakowaniu produktu. (("
383006,4,Bardzo lubię te płatki do ust
383621,4,"BEZ REWELACJI, ALE STOSOWANIE JAKO ZAMIENNIK KREMU SPRAWDZA SIĘ."
383621,5,Formuła wydaje się być przemyślana pod kątem działania.
383621,4,"Niezła, ale za mało nawilża."
383621,5,Polecam
383621,5,Skuteczna dobrze się wchłania.
383621,4,wystarcza na 2 aplikacje
383621,5,"Produkt idealnie poprawił moją skórę stała się odżywiona ,miękka i gładka efekt po 30 minutach. Polecam ."
383621,5,Rzeczywiście wygładza
383621,5,"Bardzo dobre maseczki, polecam"
383621,4,Bo lubię tą firmę👍️
385727,5,Dobrze usuwa makijaż
385727,5,Dobrze zmywa makijaż i jest w fajnej cenie
385727,1,Niestety nie mogę polecić tego płynu micelarnego ponieważ szczypie w oczy.
385727,2,"nieprzyjemny, piecze jak sie zmywa rzesy i mam wrazenie ze malo zmywa ogolnie"
385727,5,🙂 ok działa
385727,5,❤️jest ok
385727,5,Poprostu polecam👍️
385727,5,Ładnie oczyszcza twarz
385727,2,"Masakrycznie piecze w twarz po kilku sekundach. Nie wiem - na pewno nie jest do skóry wrażliwej.
 Bardzo, ale to bardzo słabo też zmywa makijaż. 
Właściwie w ogóle nie zmywa. 

Nie wiem teraz co w ogóle mam z tym produktem zrobić.
...Więcej"
385727,5,Bardzo dobry produkt w dostępnej cenie. Spełnia moje oczekiwania. Oczyszcza twarz z makijażu bardzo dobrze. Polecam.
385728,3,Krem słabo zmywa makijaż
385728,5,Bardzo fajny zmywa dokładnie makijaż polecam
385728,5,Świetny produkt
385728,5,"Używam go latami,jest doskonały do cery wrazliwej, myje doskonale makijaż"
385728,5,Polecam
385728,5,Delikatny skład ❤️
385728,5,Super delikatny nie podrażnia
385728,5,"lekki, przyjemny"
385728,5,"Bardzo fajnie zmywa makijaż i jest delikatny. Nie uczula, ani nie podrażnia. Polecam!"
385729,5,"Całkiem fajny i dość delikatny peeling z malutkimi drobinkami, sprawdza się przy mojej wrażliwej cerze, nie zauważyłam podrażnień, a używam go regularnie raz na tydzień. Jak na tak niską cenę to bardzo dobry produkt."
385729,5,🚀 Polecam
385729,5,Spokojnie
385729,5,"świetne działanie, delikatne"
385729,5,🔥🔥polecam
385729,4,Zostawia przyjemna twarz w dotyku moja cera mieszana go lubi aczkolwiek trzeba przed użyciem wstrząsnąć żeby drobinki się ładnie wymieszały
385729,3,Jest troszkę za rzadki
385729,5,Świetny produkt za niewygórowaną cenę
385729,5,to już kolejne opakowanie jestem zadowolona
385729,5,DOBRY 👍️
385730,4,Użyte składniki wydają się być dobrej jakości. Dobrze oczyszcza skórę. Nie drażni podczas aplikacji.
385730,5,❤️❤️ ྀིྀི 🔥
385730,5,Córce pomaga👍️
385730,5,Polecam👍️
385730,5,Polecam💯
385730,5,Dobrze wygładza
385730,5,"Efekt widoczny po dwukrotnym zastosowaniu, polecam"
385730,4,"Fajnie oczyszcza, delikatny dla skóry, nie powoduje podrażnień"
385730,5,Rewelacyjny
385730,4,Dobrze działa
385731,5,Jest super
385731,5,"Składniki są łagodne dla skóry. Po użyciu skóra jest nawilżona i miękka, bez uczucia ściągnięcia."
385731,4,Zmywa wszystko z oczu tylko trzeba uważać żeby nie wpadło do oka bo masz mgłę.....
385731,5,Bardzo skuteczny!
385731,4,👍️👍️👍️
385731,5,"dobrze zmywa makijaż, nie ma pozostałści"
385731,4,Sprawdzony płyn. Dobra cena👍️
385731,5,świetny!
385731,5,🔥🔥🔥🔥
385731,4,Ok choć pozostawia tłusty ślad na powiekach
385732,5,"Skóra jest miękka, dobrze nawilżona."
385732,4,Lubię ten krem za komfort stosowania.
385732,5,"Po jego użyciu, skóra wydaje się niesamowicie gładka i odżywiona.👌"
385732,4,Dobrze nawilża.
385732,5,"Uwielbiam ten krem za to, jak lekko się aplikuje."
385732,5,Idealny na wiosne
385733,5,"Bardzo dobrze się wchłania, nie trzeba długo czekać."
385733,2,"Krem bardzo źle się wchłania, pozostawia białe ślady na skórze. Na plus łagodny zapach."
385733,5,"Super wydajny, mogę go stosować także na noc. Daje super efekt nawilżenia. Cena i skład wzbudzają zaufanie. Może konkurować z innymi znanymi markami."
385733,5,"Skóra jest miękka, dobrze nawilżona."
385733,5,Krem na noc. Nawilża i odżywia. Dobrze się rozprowadza. Skóra miękka.
385733,5,Krem ok.
385733,5,"Ma delikatny, przyjemny zapach – dodatkowy plus przy aplikacji."
385733,5,Super się nakłada – codzienna pielęgnacja to przyjemność.
385734,5,za tę cenę rewelacja
385734,5,Krem pod oczy bardzo dobry
385734,4,Jest ok
385734,4,B. Dobrze działa dozownik. Krem wchłania się i daje efekt wygładzenia zmarszczek. Przyjemny dla skóry.
385734,5,Ok. Polecam! Dobry skład!
385737,5,Polecam dobrze się rozprowadza
385737,4,Dobrze się wchłania ale średnio pachnie. . Za krótko używam żeby bardziej ocenić jak działa.
385737,5,Umożliwia ochronę i zmniejsza głębokość zmarszczek pod oczami. No i oczywiście b.przystępna cena.
385737,5,Fajne kremowy dobrze się wchłania niedrogi
385737,5,Dobrze nawilża skórę wokół oczu. 👍️
385737,5,❤️❤️❤️
385737,2,"Podobnie jak krem na noc źle się wchłania, pozostawiając białe ślady. Brak odczucia nawilżenia."
385737,5,Wszystko w porządku
385737,5,Dobrze się sprawdza i nie jest drogi.
385737,5,Super produkt za niską cenę
385738,5,Nie wyobrażam sobie teraz pielęgnacji bez niego.😍
385738,5,Jest odpowiedni dla każdego typu skóry.❤️
385738,5,"Lubię go za to, że tak lekko się rozprowadza. Dzięki niemu zniknęły suche miejsca."
385738,5,Każde użycie to czysta przyjemność.
385738,5,"Wspaniale współgra z innymi kosmetykami w mojej pielęgnacji. Naprawdę wart uwagi, polecam z całego serducha.❤️ Wygodne opakowanie i szybka aplikacja."
385738,5,"Uwielbiam ten krem za to, jak lekko się aplikuje. Bardzo dobrze radzi sobie z przesuszeniami i szarą cerą. Idealny do codziennej pielęgnacji.⭐ 👍️"
385738,5,Produkt świetnie nawilża skórę. Dobrze się rozprowadza. Nie powoduje podrażnień.❤️
385739,5,Nie zostawia smug ani uczucia ściągnięcia.
385739,4,"Regeneruje, koi, daje mi 100% zadowolenia."
385739,5,Idealny do szybkiej pielęgnacji – zero problemów z aplikacją. Na pewno wrócę do tego produktu.❤️ Bardzo dobrze radzi sobie z przesuszeniami i szarą cerą. 💪
385739,5,"To jeden z najwygodniejszych kremów, jakie miałam. Używam codziennie i za każdym razem cera wygląda na zdrowszą."
385739,5,"Krem dobrze nawilża skórę. W połączeniu z serum skóra jest nawilżona przez całą noc, nie powoduje podrażnień. Mam skórę mieszaną więc jak najbardziej polecam. Dla kobiet od 45 roku."
385742,5,"UWIEBIAM TO SERUM JEST REWELACYJNE , SUPER ROZPROWADZA SIĘ NA TWARZY , PIĘKNIE ROZŚWIETLA TWARZ ORAZ NAWILŻA"
385742,5,Lepsze dla mnie od renomowanych kilku kremów.
385742,5,Wspaniałe serum nadaje glow.Niska cena również zaskakuje przy takiej jakości
385742,5,polecam
385742,5,👍️👍️
385742,5,Super produkt niska cena polecam
385742,5,"Bardzo dobrze nawilża, natłuszcza i co ciekawe szybko się wchłania; nie napina skóry a buzia gładka"
385742,4,Nadaje lekki blysk skorze
385743,5,"Widocznie poprawia poziom nawilżenia skóry. Bardzo lekka, szybko się wchłania. Skóra wygląda na bardziej gładką i jednolitą."
385743,5,Polecam
385743,5,Skóra jest po nim wyraźnie bardziej nawilżona. 👍️
385743,5,Świetne 🔥
385743,5,Bardzo fajne serum
385743,5,Bardzo dobre
385743,5,Rozświetla ujednolica koloryt
385743,5,"To bomba witaminowa, super👍"
385743,5,Dobra cena do jakości.
385743,5,"Super shoty, po których widać efekty po jednym użyciu"
385744,5,"Bardzo łatwy i szybki w aplikacji krem. Używam codziennie i za każdym razem cera wygląda na zdrowszą. Cieszę się, że na niego trafiłam."
385744,5,Skóra jest wyraźnie nawilżona i odżywiona.
385744,5,"Cera wygląda zdrowiej. Lekka formuła, idealna na co dzień. Idealny do codziennej pielęgnacji.⭐"
385744,4,"Nie uczula, nie drażni, a efekty są zauważalne już po kilku dniach. 💪"
385744,5,"Krem w sam raz dla mnie - lekki, nie zostawia tłustej warstwy."
385744,5,Zdecydowanie poprawił wygląd mojej skóry – jest bardziej promienna i napięta. Wygodne opakowanie i szybka aplikacja.
385744,5,"Można bez obaw stosować także na szyję i dekolt. Cera wygląda świetnie, nawet bez makijażu."
385744,5,"To jeden z tych produktów, do których regularnie wracam. Wygodna tubka sprawia, że łatwo dobrać odpowiednią ilość produktu. Można polecać, jest najlepszy."
385744,5,Nawilżenie jest na najwyższym poziomie i długotrwałe.❤️
385745,5,👍️💪💯🚀🔥👍️💪
385745,5,"Serum zasługuje na 5 pięknie rozświetla 
skórę ,super rozjaśnia przebarwienia co było dla mnie najważniejsze.Dobrze się aplikuje.Używam też na dłonie ,efekt widoczny. Na pewno zostanie ze mną na długo.👌"
385745,5,Przyjazny dla twarzy.
385745,5,polecam
385745,5,Super produkt
385745,1,"Uwaga na to serum! Potwornie mnie uczuliło. Masakra!!! Spuchnięta twarz, oczu prawie nie widać. Jedyne co pozostaje to odbudowa zniszczonej bariery hydrolipidowej. Nigdy więcej nie kupię tego kosmetyku i przestrzegam innych przed zakupem..."
385745,4,"+ 
poprawia wygląd skóry 
zmarszczki mimiczne pod oczami dobrze wygładza
lekka konsystencja szybko się wchłaniająca 
przed nałożeniem kremu warto odczekać z 5 minut żeby składniki z serum mogły zacząć działać 

- 
mam wrażenie że to nie jest wydajny produkt
...Więcej"
385745,5,🔥🔥🔥
385745,4,"Ogólnie fajne serum, choć lekko klejące. 
Nie wiem czy kupię ponownie."
385745,5,"Bogata konsystencja, która zostawia na skórze przyjemna warstewke i piekny glow. Bardzo subtelny zapach. Juz po pierwszym uzyciu (razem z kremem Isana z tej samej serii) widzę roznice w kondycji mojej cery."
385746,4,👍️💯❤️
385746,5,"Świetny krem, bardzo dobra wchłanialność, Skóra po użyciu dobrze nawilżona i odżywiona."
385746,4,Produkt dobry jak za taką cenę. Może nie działa cudów ale dobrze nawilża skórę pod oczami. Minus że nie zmiejsza cieni pod oczami.
385746,4,Trochę za tłusty pod makijaż
385746,5,🔥🔥🔥
385746,5,❤️❤️❤️
385746,2,"Krem słabo się rozprowadza i źle wchłania
Plus za to że jest bezzapachowy co jest dla mnie ważne w kremach pod oczy"
385746,5,"Używam widzę efekty 
Polecam"
385746,5,Dobry i tani krem pod oczy 💪
385746,5,"Bardzo dobrze nawilża, stosuję go jako uzupełnienie innego bardziej odżywczego kremu nakładając jako kolejną warstwę. Świetnie nawilża."
385761,4,👍️💯💯
385761,5,Świetnie nawilża skóre...
385761,5,Działa
385761,4,"Jest ok, mam wrażenie że zmniejsza drobne zmarszczki, ale tak jak podobne produkty - tylko w trakcie regilularnego stosowania. Wadą jest to, że się klei. Zaletą natomiast - cena."
385761,5,Super nawilżenie
385761,5,"lubię to serum, stosuję od dawna"
385761,5,Polecam
385761,5,"Dobre i niedrogie serum. Używam zawsze po myciu twarzy na wilgotną skórę, super się wchłania, skóra nawodniona. Można jeszcze na serum nałożyć krem albo olej."
385761,4,Też dobrze się sprawdza
385761,5,👍️👍️👍️👍️👍️👍️👍️👍️
385762,5,"Jak dla mnie,super krem.Dobrze się wchłania, nie pozostawia tłustej warstwy."
385762,5,"Dobrze się rozprowadza, szybko się wchłania"
385762,5,"Krem w sama arz dla mnie - lekki, nie zostawia tłustej warstwy."
385762,5,Wygodna i szybka aplikacja.
385762,5,"Skóra wygląda o wiele lepiej już w krótkim czasie. Praktyczne opakowanie, które zapewnia higieniczne dozowanie. Naprawdę wart uwagi, polecam z całego serducha.❤️"
385762,5,"Nie roluje się pod podkładem, świetny jako baza."
385762,5,"Lubię go za to, że tak lekko się rozprowadza. Po nałożeniu skóra jest pełna blasku.👌 Zostaje ze mną na dłużej."
385762,4,"Widać, że naprawdę działa. Skóra jest po nim dobrze nawilżona i ładnie zdrowo błyszczy. Nie uczulił mnie mimo że mam wrażliwą skórę. Ładny, ciężki słoiczek 👍️"
385762,5,Mam skórę wrażliwą ale ten akurat nie robi mi nic złego na twarzy więc polecam
385762,5,"Sprawdzony krem, który kupuję zawsze na okres jesienno-zimowy."
385764,3,Bardzo trze skórę twarzy. Ale doceniam za naturalny skład.
385764,5,❤️❤️❤️
385764,5,"💪gęsty, delikatny zapach💪"
385764,4,💯💯💯💯💯💯💯
385765,5,Bardzo delikatne dla skóry.
385765,5,"Nie uczula, gęste, nawilża.👍️"
385765,5,"Super oczyszczające mleczko, polecam"
385765,5,❤️❤️❤️
385766,3,"słabe, bez efektu opisanego"
385766,5,Żel jest delikatny ale skuteczny. Polecam go.
385766,4,dobry budżetowy sposób mycia
385766,5,Piękny zapach i super produkt
385766,5,Polecam do cery wrażliwej.
385767,5,"Mój ulubiony peeling. Jest delikatny, nie podrażnia skóry"
385767,4,"Narazie użyłam raz, jest w porządku."
385767,5,"nie wiedziałam czego się spodziewać, ale jakość extra za dobrą cenę, trafia do mnie na stałe i bardzo fajnie pachnie ❤️"
385767,5,Szczerze polecam. Zarówno krem jak i cena są rewelacyjne.
385767,5,Delikatny peeling
385767,5,Lekka formuła z przyjemnym mietowym zapachem a granulki nie podrażniają stanów zapalnych.
385767,5,Jeszcze testuje ale raczej jest ok!
385767,5,💪Spełnienia oczekiwania.
385770,5,"Moja córka używa tylko tego produktu do demakijażu.
Rewelacyjny produkt w przystepnej cenie"
385770,5,"Super , polecam ."
385770,3,"Niestety nie najlepiej radzi sobie z wodooodpornym tuszem, ale reszte domywa okej"
385770,3,Taki sobie.
385770,5,"Świetny, nie podrażnia delikatnej cery i wszystko się elegancko zmywa"
385770,5,Fajny olejek
385770,5,Ten olejek jest rewelacyjny. Zmywa makijaż jak nic innego. Polecam
385770,3,"Olejek jest bardzo rzadki, przez co mało wydajny. Pierwsze wrażenie zrobił słabe🥲"
385770,5,🔥🔥🔥
385770,5,Super produkt
385779,5,Bardzo przyjemny. Moja skóra jest nawilżona przez cały dzień.
385779,1,Mam wrażenie że moja skóra po tym produkcie jest bardziej wysuszona. Uczucie klejącej konsystencji. Niestety szczerze nie polecam tego kremu.
385779,5,"Bardzo dobrze radzi sobie z przesuszeniami i szarą cerą. Można bez obaw stosować także na szyję i dekolt. Ma wszystko, czego szukam w dobrym kremie."
385779,5,Skóra wygląda o wiele lepiej już w krótkim czasie. Na pewno jeszcze nie raz po niego sięgnę.
385779,5,"Nie lepi się, nie zostawia śladów na ubraniach."
385783,5,"Bardzo łatwy i szybki w aplikacji krem. Nawilżenie jest na najwyższym poziomie i długotrwałe.❤️ Dobry kosmetyk, polecam serdecznie.👍"
385783,5,"Bardzo dobrze się wchłania, nie trzeba długo czekać."
385784,5,🔥❤️❤️
385784,5,"Wygładza skórę i liftinguje, delikatny, lekko krem."
385784,5,"Dobra cena, jakosc produktu wysoka."
385784,5,"Dopiero zaczęłam używać, na efekty przyjdzie jeszcze poczekać"
385784,5,Fajny jest
385784,5,"Jest to mój pierwszy krem liftingujący Isana, więc nie mogę jeszcze potwierdzić efektów, ale na pewno dobrze wygląda po nim skóra pod oczami."
385784,3,Mam wrażenie że tylko wysusza mi skórę. Nie widzę różnicy.
385784,5,Przyjemnie napina skórę. Odpowiada mi.
385784,5,"Mała ilość produktu starcza na duży obszar, konsystencja lekka i przyjmna."
385785,5,Super nawilżenie dla mojej odwodnionej skóry. Polecam ;)
385785,5,"Serum doskonale nawilża i sprawdza się jako kosmetyk, na który można nałożyć krem nawilżający, tym samym wzmacnia efekt nawilżenia."
385785,5,bardzo fajny
385785,5,"Wygładza i lekko napina skórę, fajne serum."
385785,5,"Dobra cena, jakosc produktu wysoka."
385785,5,Bardzo przystępna cena
385785,5,"Fajny, cera pozostaje gładka👍️"
385785,5,Jak dla mnie 💯
385785,5,Fajny jest
385790,5,❤️cena super na efekty czekam 🤩
385790,5,dla mnie rewelacja
385790,5,Bardzo tani i dobry krem 👍️
385790,3,Używam dopiero od kilku dni i jak na razie nie widzę efektów
385790,3,Mam wrażenie że nic po prostu nie robi
385790,5,Mój ulubiony krem pod oczy.
385790,5,"Dobra cena, łatwo się rozprowadza pod oczami"
385790,5,🚀💯💪
385790,5,"Przyjemny krem, dobry aplikator, wydajny.👍️"
385790,5,Jestem zadowolona
385791,5,"Lekki krem pod oczy w rozsądnej cenie. Najważniejsze, że po jego aplikacji nic nie szczypie."
385791,5,"Lekki krem, szybko się wchłania i co najważniejsze nic nie szczypie. Liftingu, póki co, nie zauważyłam, ale na to nie liczyłam."
385791,5,"Poprawia wygląd skóry, zwłaszcza gdy korzysta się z kosmetyków kolorowych"
385791,5,Bardzo dobry produkt i wygodne dozowanie. Polecam
385791,5,"lekki krem, nie uczula dla wrażliwej cery, szybko się wchłania , pozostawia przyjemnie nawilżoną skórę"
385791,5,"Nawet mała ilość starcza na bardzo duży obszar (wręcz na całą twarz😂), także trzeba uważać. Ale krem bardzo fajny i lekki."
385792,5,🔥 jest świetny.
385792,5,Czysty skład. Piękny zapach
385792,5,💪👍️🔥
385792,5,👍️👍️
385792,5,"bardzo dobra jakość produktu, delikatny, ale bdb się wchłania"
385792,5,"szybko się wchłania, przyjemny w aplikacji, nie uczula wrażliwej cery"
385793,5,💪Nawilżenie jest na najwyższym poziomie i długotrwałe.❤️
385793,5,Skóra na twarzy napięta Codzienne użycie to przyjemny moment.;)
385793,5,"Konsystencja kremu idealnie współgra ze skórą ani za rzadka, ani za gęsta. Moja skóra jest nawilżona przez cały dzień. Nie wiem, jak wcześniej mogłam go nie znać."
385793,5,"Opakowanie nie brudzi, idealne do precyzyjnego dozowania. Zdecydowanie poprawił wygląd mojej skóry – jest bardziej promienna i napięta. To był dobry wybór."
385794,5,"Opakowanie bardzo praktyczne, nic się nie marnuje. Regeneruje, koi, daje mi 100% zadowolenia. To jest po prostu magia, polecam."
385794,4,Może być.
385794,4,Cera wygląda na wypoczętą i bardziej jędrną.
390155,5,Cera wygląda na wypoczętą i bardziej jędrną.
390155,5,"Konsystencja kremu idealnie współgra ze skórą ani za rzadka, ani za gęsta."
390155,5,"Ma aksamitną teksturę, która pięknie się rozprowadza. Używam codziennie i za każdym razem cera wygląda na zdrowszą. Fantastyczny krem, polecam każdemu."
390155,5,Super opcja do porannego rytuału pielęgnacyjnego.
390155,5,Jestem bardzo zadowolona polecam
390155,5,"Ma delikatny, przyjemny zapach – dodatkowy plus przy aplikacji."
390155,5,Świetny krem do mojej cery naczynkowej polecam
390155,5,Lekka konsystencja. Nie zapycha.... Polecam!!!🤩Nadaje cerze naturalny blask i poprawia jej strukturę.
390185,5,"Mój ulubiony krem, trochę szkoda tylko, że w słoiczku bo zostaje za paznokciami 😅"
390185,5,Polecam 💞
390185,5,"skóra jak otulona przez chmurkę, więc design opakowania zgodny z działaniem :)"
390185,5,Mega super krem.Polecam
390185,5,"Lekka formuła, nie zapycha porów. Uwielbiam efekt miękkiej, wypoczętej skóry tuż po aplikacji."
390185,5,"Po próbach w wieloma innymi kremami stwierdzam: to mój ulubieniec. Dla mojej tłustej cery jest jak złoto, bo bardzo dobrze nawilża, a jednocześnie jest leciutki."
390185,4,Na razie testuję ale wydaje się fajny
390185,5,👍️💯🔥
390185,5,"Skóra po aplikacji jest gładka i przyjemna w dotyku. Skóra jest miękka, dobrze nawilżona. Dobry kosmetyk, polecam serdecznie.👍"
390185,5,Dobrze mi się sprawdza przy cerze mieszanej.
390186,4,Skóra po aplikacji jest gładka i przyjemna w dotyku. Jednak mam tendencje do zapychania i niestety ten krem mnie delikatnie zapycha.
390186,5,"Daje szybko zauważalne efekty;). Ma delikatny, przyjemny zapach – dodatkowy plus przy aplikacji. Uwielbiam wszystkie rzeczy z tej serii i gorąco polecam 🔥"
390186,5,"Skóra wygląda o wiele lepiej już w krótkim czasie. Lubię go za to, że tak lekko się rozprowadza. Produkt godny zaufania."
390186,5,💯🚀❤️
390186,5,"Mój ulubiony krem, jest lekki i świetnie sprawdza się pod makijaż"
390186,5,Krem jak i całą pielęgnacje z tej serii kupiłam dla nastoletniego syna. Idealnie sprawdza się przy trądzikowej cerze.Ma bardzo lekką formułę która spełnia się idealnie jako okluzja młodej cery. Syn używa go jako ostatni punkt w pielęgnacji. Polecam też z tej serii piankę oraz tonik.
390186,5,"super kremik, wystarczy naprawdę bardzo mała ilość i świetnie sie rozprowadza oraz wchłania. osobiście używam go na noc"
390186,5,Krem dla wrażliwej cery
390186,5,"Ma aksamitną teksturę, która pięknie się rozprowadza."
390186,5,"Dobrze nawilża, szybko się wchłania. Idealny dla skóry mieszanej."
390187,5,Super uwielbiam wszystko z tej serii gorąco polecam 🔥💋
390187,4,"Jest okej, ale szału nie ma. Efektu wow raczej też nie. Dość specyficzny sposób nakładania"
390187,5,"Nie zostawia żadnych tłustych plam. Dobry kosmetyk, polecam serdecznie.👍"
390187,4,"Nadaje cerze naturalny blask i poprawia jej strukturę. Nie zostawia tłustego filmu, skóra jest od razu gotowa na makijaż. Nie wyobrażam sobie teraz pielęgnacji bez niego.😍"
390187,5,Po kilku dniach cera stała się wyraźnie gładsza i bardziej elastyczna. Aż chce się go używać codziennie! Wygodne opakowanie i szybka aplikacja. 🔥🔥🔥🔥🔥
390187,5,Ten Tonik jest wspaniały używam już 2 lata pięknie rozświetla i nawilża twarz
390187,5,Dzięki niemu zniknęły suche miejsca. Bardzo dobra jakość w rozsądnej cenie.
390187,5,Syn ma nadprodukcję sebum i ten tonik fajnie koi i normalizuje.
390187,5,"Zgrabne opakowanie, idealne do torebki czy na wyjazd. Moja skóra jest idealnie nawilżona i wygląda zdrowiej każdego dnia. Genialny! Polecam."
390187,4,"👍️Nie uczula, nie drażni, a efekty są zauważalne już po kilku dniach."
390188,5,🔥👍️👍️
390188,5,Uwielbiam wszystko z tej serii super te kosmetyki nawilżają gorąco polecam 🔥💋
390188,2,Strasznie się klei na twarzy. Gęste krople
390188,5,Fajny produkt. U mnie się sprawdza. Ładnie pachnie.
390188,5,Używam już kilka miesięcy i ciągle świetne.
390188,5,🔥🔥🔥🔥
390188,5,Super pod podkład🙂
390188,5,"Zwęża pory, działa tak jak jest w opisie."
390442,4,"Nie klei się, nie zostawia żadnych śladów."
390442,5,Cudownie kremowa formuła – łatwo się go używa. To był dobry wybór.
390442,5,Sprawdza się na typie mojej skóry.
390442,4,Daje super efekt nawilżenia.
390442,5,"Bardzo dobrze się wchłania, nie trzeba długo czekać. Idealny do codziennej pielęgnacji.⭐ Moja skóra jest teraz bardziej elastyczna."
390442,5,"Krem jest bardzo wydajny, wystarczy niewielka ilość. Na pewno do niego wrócę. Bardzo przyjemna formuła, idealny krem na co dzień."
390442,4,"Konsystencja kremu idealnie współgra ze skórą ani za rzadka, ani za gęsta."
390442,4,"Jest skuteczna 
na cerę naczynkową"
390442,5,"Najlepszy, moja cera jest teraz promienna i nawilżona. Nadaje się do stosowania na twarz, szyję i dekolt – nic się nie marnuje. Mój numer 1 w pielęgnacji cery. Polecam.👍"
390442,4,"Spoko krem. Nic specjalnego, ale jest wydajny, pachnie ładnie i nawet dobrze się wchłania. Szkoda, że taki niski SPF."
390472,5,Super uwielbiam wszystko z tej serii gorąco polecam 🔥💋
390472,4,Przyjemna
390621,5,"Wygładza, nie podrażnia. Polecam!"
390621,5,Dobre nawilzenie
390621,2,Bardzo dobry produkt
390621,5,"Chłodzi perfekcyjnie skórę .
Rozciąga zmarszczki .
Boskie ."
390621,5,👍️skóra jest miękka w dotyku i gładka
390621,5,Wygodne nakładanie produktu. Bardzo delikatna skóra pod oczami. Na efekty jeszcze czekam bo zbyt krótko go stosuje.
390627,5,super złuszcza
390627,5,Stosuje na miejsca gdzie czasami wrastają włoski i jest super skuteczny. Skóra jest mega gładka.
390627,5,Najlepszy tonik! 🔥
390627,5,Rewelacja
390627,5,Pięknie wyrównuje i wygładza
390627,5,Świetny polecam 🚀💯
390627,4,"Mam mieszane uczucia - nie zapycha, ale również nie widzę po 2 tygodniach efektów szczególnych. 
Poczekam:)"
390627,5,Produkt rewelacyjny. Napewno go jeszcze kupię.
390627,5,❤️👏👏
390627,5,"Bardzo dobry, polecam"
390628,5,"Super produkt, cera odżywiona"
390628,5,Produkt godny polecenia
390628,2,"Serum jest bardzo gęste! Pipeta nie nabiera go, bo jest tak gęste, a poza tym ma słabe działanie przeciwzmarszczkowe. W tej serii są o wiele lepsze!"
390628,5,Lekka konsystencja. Daje nawilżenie i komfort.
390628,5,Jestem mega zadowolona . Skóra już po jednym użyciu robił sie miła w dotyku
390628,5,"Super produkt, skór jest gładka i elastyczna w dotyku"
390628,5,"Bardzo dobre serum.
Cera po nocy jest exstra wygładzona wypoczęta.
Najlepsze jakie dotychczas używałam.
Polecam, mam cerę dojrzałą i wrażliwą.
Pięknie pachnie, szybko się wchłania, z kremem z tej serii zdaje działa rewelacyjnie.
...Więcej"
390628,5,"To serum używam od dłuższego czasu i jestem zadowolona , a teraz była dobra cena z promocji."
390628,5,Super wygładzanie i fajna nie lepiąca konsystencja
390628,5,❤️💪💪👍️🚀💯💯
390632,5,Zauważyłam znaczną poprawę w wyglądzie mojej cery.
390632,5,"Konsystencja kremu idealnie współgra ze skórą ani za rzadka, ani za gęsta. Nawilżenie jest na najwyższym poziomie i długotrwałe.❤️ Zaskoczył mnie pozytywnie już po pierwszym użyciu."
390632,5,"Wygładza drobne linie i zmarszczki. Wysoka jakość, w pełni spełnił moje oczekiwania. Krem jest bardzo wydajny, wystarczy niewielka ilość."
390632,5,"Cudownie kremowa formuła – łatwo się go używa. Moja skóra jest teraz bardziej elastyczna. Naprawdę wart uwagi, polecam z całego serducha.❤️"
390632,5,"👍️produkty tej firmy,są dobreSkóra po aplikacji jest gładka i przyjemna w dotyku."
390632,5,"Lubię go za to, że tak lekko się rozprowadza. Sprawdza się na typie mojej skóry. Cieszę się, że na niego trafiłam."
390632,5,na moje 50+ - idealne. Daje wspaniałe efekty.
390632,5,"Najlepszy, moja cera jest teraz promienna i nawilżona."
390632,5,"Bogaty krem nawilżający. Trochę za ciężki pod makijaż. 🚀Dobry kosmetyk, polecam serdecznie.👍 Znakomicie sprawdza się jako część wieczornej rutyny."
390632,5,"Bardzo przyjemna formuła, idealny krem na co dzień."
390737,5,Sprawdzony płyn micelarny. Skutecznie usuwa makijaż. Ładnie pachnie. Polecam
390737,5,"Od lat stosuję ten produkt...
Jestem b.zadowolona z tego produktu..."
390737,5,Bardzo dobrze zmywa makijaż.
390737,5,"ładny zapach i skutecznie usuwa makijaż, kupiłam w promocji, więc i cena była atrakcyjna👍️"
390737,5,Хорошая мицеллярная вода
390737,5,Spełnia moje oczekiwania
390737,5,This is also recommended for my friend together with serum and was great to used.
390737,5,Ten płyn micelarny jest świetny
390737,4,El agua micelar 10 de 10 la ame me deja el rostro luminoso
390737,5,Zmywa fajnie jak każdy Garnier plus za szapach
390739,5,Super!
390739,4,"Cera wygląda zdrowiej. Nie klei się, nie zostawia żadnych śladów. Rewelacja – zdecydowanie go polecam."
390739,5,Daje super efekt nawilżenia.
390739,5,"Krem jak masełko. Extra formuła. Nie zapycha porów, a skóra staje się gładsza i bardziej rozświetlona."
390739,5,"Nie uczula, nie drażni, a efekty są zauważalne już po kilku dniach. Bardzo łatwy i szybki w aplikacji krem."
390739,5,Like it very much it keep the skin moisture very well
390739,5,Bezproblemowe dozowanie – nie trzeba się martwić nadmiarem.
390739,5,🔥👍️❤️
390739,5,"To jeden z tych produktów, do których regularnie wracam. Krem w sam arz dla mnie - lekki, nie zostawia tłustej warstwy. Kupiłabym ponownie.;) Polecam serdecznie."
390739,5,"super, w połączeniu z serum działa cuda"
390740,5,"Bardzo dobrze nawilża skórę twarzy. Nie lepi się, doskonale pod makijaż. Do skóry odwodnionej, mocno suchej będzie za słabe."
390740,5,"Wygładza mniejsze zmarszczki poprzez nawilżenie, polecam!👍️"
390741,3,Wysusza
390741,5,Super💪
390741,5,Świetny produkt
390741,5,"This product was recommended to my friend which she was used it couple years and sounds great when I was used.
Thanks"
390741,5,"Fajnie się wchłania, delikatny, polecam."
390741,5,Bardzo dobry i praktyczny oraz wydajny.
390741,5,"Łatwo się wchłania, miły zapach, dobra konsystencja"
390741,3,Słaby efekt po 30 dniach
390741,5,Kolejny must-have w mojej łazience. Przebarwienia widocznie mniejsze i skóra nabrała blasku. A w połączeniu z żelem myjącym i hydro-zelem to już w ogóle kosmos. Polecam
390749,5,"Maska jest super. Cudownie nawilża, nie jest tłusta. Przy retinolu używałam też jako bazę pod makijaż. Polecam"
390749,5,"Bardzo dobrze i szybko się wchłania, przy czym mocno nawilża. Używam go jako kremu na dzień, a nie maski właśnie dlatego, że nie miałam nigdy żadnego problemu z rolowaniem się podkładu czy innym problemem z makijażem. Mam cerę mieszaną, która bardzo łatwo zapchać czy podrażnić, ale przy tym produkcie nie zaobserwowałam ani jednego negatywnego efektu, dlatego serdecznie polecam! To nie jest moje pierwsze opakowanie i na pewno nie ostatnie
...Więcej"
390749,5,💯❤️❤️
390749,5,Fantastycznie nawilża. Zostaje ze mną na zawsze 💯
390749,5,Wygodna w użyciu jako zastępstwo kremu na noc. Szybko się wchłania
390749,5,Polecam
390749,5,Miły zapach. Faktycznie nawilża.
390749,5,"Ten krem to cud !!! Cud, ktory stanął na mojej drodze i juz się nie rozstaniemy !"
390749,4,"jestem na epiduo (masc na tradzik) ktora bardzo wysusza i podraznia,i maseczka fajnie łagodzi😊"
390749,1,"Produkt przyszedł otwarty, nie wiem czy jest coś gorszego niż dostać używany i dotykany w środku przez kogoś produkt."
393402,5,"Lekka konsystencja, dobrze nawilża twarz"
393402,5,Ma delikatną strukturę sprawia ze skórą jest nawilżona i delikatna spłyca zmarszczki
393402,4,Ładnie się wchłania
393402,5,"Moja kolejna już maseczka,jest super,polecam"
393504,3,Całkiem ciekawy produkt . I nie drogi . Za intensywny zapach .
393504,5,"Super produkt, zważywszy na cenę. Efekt nawilżenia nie odbiega produktów kilkanaście razy droższych"
393504,5,"Totalnie mnie zauroczył, konsystencją, działaniem, zapachem. Daje super efekt nawilżenia."
393504,5,"Skóra jest miękka, dobrze nawilżona."
393504,5,Polecam
393504,5,"Nawilżenie 10/10.;) Krem w sam arz dla mnie - lekki, nie zostawia tłustej warstwy. Fantastyczny krem, polecam każdemu."
393504,5,Wygodna i szybka aplikacja.
393504,5,Po kilku dniach cera stała się wyraźnie gładsza i bardziej elastyczna.
393504,5,Daje szybko zauważalne efekty;).
393506,5,"doskonały krem do zniszczonych dłoni, szybko się wchłania, odczuwalnie wygładza i zmiękcza skórę."
393506,5,Efekty są naprawdę świetne.
393506,1,"Dziwna konsystencja i zapycha. Kupiłam, bo lubię krem pod oczy z tej firmy, ale ten krem mi nie pasuje."
393506,5,Poprawia elastyczność i ogólną kondycję skóry.
393506,5,"Ma aksamitną teksturę, która pięknie się rozprowadza. Delikatnie koi i dobrze sprawdza się także przy skórze wrażliwej."
393506,5,"Fajna cena, krem nie uczula, co dla mnie bardzo ważne."
393509,3,Mogłoby się lepiej wchłaniać
393509,5,świetny produkt!! super nawilżenie!!
393509,5,"Fajny produkt, szybko się wchłania"
393509,5,"to już kolejne opakowanie wit E Skin Care ( dla mnie); doskonale sprawdza się w kącikach warg , policzkach a także pod oczami , czuję nawilżenie po zastosowaniu i jestem zadowolona ze stosowania tego preparatu"
393509,5,bardzo delikatny produkt
393509,5,Nie uczula sprawia ze skóra jest nawilżona i delikatna dobrze sie wchłania
393509,5,Bardzo dobrze się wchłania . Cera po serum wygląda super naprawdę strzał w dziesiątkę 💯
393511,5,Używam do masażu twarzy. Bardzo dobry 👍️
393511,5,Ładnie nawilża skórę. Polecam ❤️
393511,5,"Stosuję od niedawna ,świetnie się wchłania ja stosuję do masażu twarzy"
393511,5,Bardzo wygodny w codziennej pielęgnacji!
393514,5,"Dobrze, że zawiera witaminę E. Konsystencja jest idealna, ani za rzadka, ani za gęsta. Skóra pod oczami jest nawilżona."
393514,5,"Super krem, fajnie wnika w skórę."
393514,5,Dobrze nawilża.
393514,3,Roluje się
393514,5,Dobrze nawilża ❤️
393514,5,"Mały, niepodróżny i tani. Nie uczula, czy pomaga - nie wiem, bo za krótko się znamy. W każdym razie nie szkodzi, spróbować warto!"
393514,5,Dobrze się wchłania i jest bardzo wydajny - wystarczy niewielka ilość.
393514,5,Dobrze się wchłania
393514,5,Хороший недорогой крем
393514,5,Jeden zlepszych kremów pod oczy
393642,5,Super skuteczny produkt.Miżna się od niego uzależnić.Bardzo mi odpowiada jego konsystencja i działanie.
393642,5,💪🔥👍️
393642,5,świetne
393642,5,"super serum, otula jak mgiełka i dobrze nawilża"
393642,5,Dobre jest
393642,4,"Ładny zapach, skóra wydaje się bardziej świecąca i świeża"
393642,1,nie fajne
393642,5,"Fajny zapach, relaksuje"
393642,4,Nie jest złe robi co ma robić na plus jest cena
393643,5,Bardzo fajne serum pod masaż twarzy
393643,5,"Pielęgnuje i nawilża, cera gładka."
393643,5,To już kolejna moja buteleczka serum. Jestem bardzo zadowolona. Moja skóra je bardzo lubi. Polecam👍️
393643,5,Polecam
393643,5,"Bardzo fajny produkt , po nim twarz jest super nawilżona , pięknie pachnie . Serdecznie polecam ❤️"
393643,5,"Super serum miła w dotyku skura i zeszła mi dzięki niemu i wersji marakuja taka kasza z twarzy🔥👍️
Cena bajka 👍️"
393643,5,Super 🔥
393643,5,❤️❤️❤️
393643,5,nie uczula skóra miła w dotyku po zastosowaniu❤️
393644,5,"super serum, wyraźnie nawadnia, nie tłuste, nie klejące, lepsze niż tonik❤️❤️❤️"
393644,5,🔥💪💪💪
393644,5,Fajne.
393644,5,"🤩 super, lekkie serum,nie zostawia tłustej cery, pięknie pachnie"
393644,5,"dobry skład, bezpieczne dla skóry konserwanty"
393644,5,Ślicznie pachnie
393644,5,Dobre jest
393644,5,Przepięknie pachnie szybko sie wchłania
393647,1,Nie używałam jeszcze.
393647,5,"super produkt , to już mój kolejny zakup , polecam"
393647,5,"Bardzo lekka formuła, przypomina delikatny olejek."
393647,5,Idealnie wygasiło uczucie ściągnięcia skóry. Formuła łatwo się rozprowadza na skórze. Widzę drobne wygładzenie zmarszczek.
393647,4,"lubie te kapsulki, gładka cera po nich"
393647,5,Super jestem zadowolona z tego produktu zawsze go kupuje i używam polecam serdecznie 🤗❤️🥰
393647,5,"Jestem zadowolona, co prawda zużyłam dopiero 3 kapsułki, ale widzę, że dobrze wybrałam."
393647,5,🔥🔥🔥
393647,5,Używam już długi czas są doskonałe poprawiaja jakość skóry
393647,5,Gorąco polecam😀
393650,5,Bardzo esencjonalne. Idealnie na noc. Kupilam kolejne opakowanie
393650,4,Jestem w fazie testowania zapach ma jak viks.
393650,2,Weird texture
393650,5,Uwielbiam ten olejek. Ma wspaniały zapach i używam go na koniec pielęgnacji przy wykorzystaniu kamienia Gua Sha.
393650,5,"Ekstra, ten produkt pomaga na moją szarą zmęczona skórę twarzy. Używam go też za dnia. Skóra jest jędrniejsza i wyrównany jest koloryt"
393650,5,Całkiem dający radę zamiennik serum Khiel’s Midnight Recovery Concentrate.
393650,5,"Rewelacyjne serum na noc,skóra rano jak pupcia niemowlaka🔥"
393650,5,👍️już drugie opakowanie
393650,5,Polecam
393650,5,Bardzo wydajny
394743,5,Moja skóra jest teraz bardziej elastyczna.
394743,5,"Mój ukochany krem! Mam skórę wrażliwą i problematyczną. Po tym kremie jest ona wyciszona i miękka w dotyku. Nadaje się pod makijaż. Krem szybko się wtapia w skórę, bez rolowania. Nie uczula i nie drażni."
394743,5,"bardzo dobry krem, moja cera jest wysuszona po tygodniu używania widzę równicęDaje super efekt nawilżenia. na plusBardzo łatwy i szybki w aplikacji krem. Dobry kosmetyk, polecam serdecznie.👍"
394743,5,Lekki krem o delikatnym niedrażniącym zapachu.
394744,5,"Regeneruje, koi, daje mi 100% zadowolenia. Praktyczne opakowanie, które zapewnia higieniczne dozowanie. Wspaniały zakup, polecam.👍"
394744,5,Super Każde użycie to czysta przyjemność.
394744,4,"Dobry krem! Skóra rano po nim jest przyjemnie miękka i nawilżona. Konsystencja nie jest za ciężka ani za tłusta ale do najlżejszych kremów też nie należy. Ma przyjemny zapach. Nie podrażnia i nie wysypuje po nim. 
Używam go po serum, a czasami nawet po kwasie - daje radę!"
394744,5,"Nawilżenie 10/10.;) Krem szybko się wtapia w skórę, bez rolowania. Rekomenduję, sprawdził się doskonale.😍"
394745,4,Cudownie kremowa formuła – łatwo się go używa.
394745,5,Polecam
394745,4,"Bardzo dobry krem, choć odrobinę za tłusty"
394832,5,"Ma aksamitną teksturę, która pięknie się rozprowadza."
394832,5,Nawilża i regeneruje skórę.
394832,5,"Krem w sam raz dla mnie - lekki, nie zostawia tłustej warstwy. Nadaje się do stosowania na twarz, szyję i dekolt – nic się nie marnuje."
394832,5,Znakomicie sprawdza się jako część wieczornej rutyny. Nie zostawia smug ani uczucia ściągnięcia. Produkt godny zaufania.
394832,5,"Krem świetnie się rozprowadza i natychmiast wchłania. Nie zapycha porów, a skóra staje się gładsza i bardziej rozświetlona. Rewelacja – zdecydowanie go polecam."
394832,5,Po nałożeniu kojące uczucie odprężonej i gładkiej skóry.
394832,5,"Nie zostawia tłustego filmu, skóra jest od razu gotowa na makijaż."
394832,5,"Świetny wybór, bardzo się u mnie sprawdził. Polecam."
394832,5,"Po kilku dniach cera stała się wyraźnie gładsza i bardziej elastyczna. Idealny do szybkiej pielęgnacji – zero problemów z aplikacją. Rekomenduję, sprawdził się doskonale.😍 Krem dobry, efekty trudno stwierdzić bo mam dożo lat,79.ale jestem zadowolone z tego kremu ,cera gładsza i mniej zmarszczek..Włąśnie wybieram się teras do Rosmana po następne kremy bo mi się skończyły.Skorzystałam ze zniżki co bardzo mi pomogło w zakupie.Obsługa super,doradzą,poszukają, wskażą.. Fantastyczny krem, polecam każdemu. Nadaje cerze naturalny blask i poprawia jej strukturę.
...Więcej"
394832,5,Sprawdza się na typie mojej skóry. Codzienne użycie to przyjemny moment.;) Zostaje ze mną na dłużej.
39518,5,Jestem bardzo zadowolona. Idealnie zmywa makijaż.
39518,5,"Bardzo dobrze zmywa makijaż, delikatny dla skóry i nie piecze w oczy"
39518,5,Spełnia moje oczekiewanie
39518,5,"Często kupuję to mleczko, jest BARDZO dobre ❤️"
39518,5,👍️pierwszy raz mleczko...
39518,5,Dobre 👍️
39518,5,"Super mleczko do zmywania makijażu. Kupuję od lat, ponieważ jedyne, które nie podrażnia mi skóry, ani oczu. Bardzo trudno mi znaleźć kosmetyki z uwagi na wrażliwość na chemię."
39518,5,Bardzo pozytywnie działa na skóre
39518,5,"świetny dla cery wrażliwej, dobrze zmywa i nawilża"
39518,5,🔥 kosmetyki AA
39520,5,"Jestem zadowolona z jakości składników, nie podrażniają skóry. Łagodzi podrażnienia. Zapach jest neutralny."
39520,5,Moja wrażliwa skóra go lubi.
39520,5,"Świetny żel do skóry atopowej, dobra cena."
39520,4,👍️👍️
39520,5,genialny
39520,5,Żel jest super na mój typ skóry. Kremowa konsystencja jest idealna do mycia.
39520,5,"Używam tego żelu od wielu lat, działa delikatnie, ale skutecznie i jest hypoalergiczny👍️"
39520,5,"Bezzapachowy, nie uczula."
39520,5,"Super żel, ma fajną konsystencję, dobrze się rozprowadza, skóra nie jest po nim ściągnięta. Kupiłam go, gdy dostałam uczulenia od kremów przepisanych przez dermatologa. Pomogło odstawienie w/w kremów oraz mycie tym żelem plus krem do cery atopowej od 1 dnia życia. Z przyjemnością zużyje ten żel do końca, bo jest na prawdę dobry. Do tej pory używałam pachnących pianek, żeli i płynów bo mycie sprawiało mi większą przyjemność ale przy tym produkcie brak zapachu wcale
mi nie przeszkadza.
...Więcej"
39520,4,Formuła żelu jest łatwa w aplikacji i spłukiwaniu wodą.
395579,4,W porzadku
395579,5,"Bardzo przyjemna formuła, idealny krem na co dzień."
395579,4,"Nawilża i regeneruje skórę. Nadaje się do stosowania na twarz, szyję i dekolt – nic się nie marnuje. 👍️"
396111,5,Formuła wydaje się być bardzo łagodna dla skóry.
396111,5,"Esencji jest wystarczająco dużo, ale nie za dużo. Widzę tu sporo wartościowych substancji odżywczych dla cery. Bardzo lubię to uczucie ukojenia tuż po nałożeniu."
396111,5,"Bardzo solidna płachta, która nie rozrywa się łatwo."
396111,5,Moja skóra dobrze toleruje te wszystkie składniki.
396111,5,Polecam
396111,5,Bardzo dobra.
396111,5,Płachtowa bomba witaminowa z natychmiastowym efektem.
396111,5,"Jest w porządku, w dobrej cenie"
396111,5,Dobra cena dla znakomitej maseczki
396111,5,"Świetna maseczka, super wygładza"
396112,5,Dobra maseczka w świetnej cenie.
396112,5,Doskonale nawilża i łagodzi skórę
396112,5,Ulubiona z tej marki
396112,5,Polecam
396112,5,Jak wszystkie maseczki z tej serii-fajne nawilżenie za rozsądną cenę.
396112,5,❤️💪❤️
396112,5,Dobrze nawilża skórę. 🔥
396112,4,Skóra po niej jest przyjemna
396112,5,Bardzo dobrze nawilża i zostawia skórę ukojoną 😊
396112,5,pomaga
396113,5,Skład jest bardzo przejrzysty i w pełni zrozumiały. Idealnie wycisza zaczerwienienia po całym dniu pracy. Ilość esencji w opakowaniu jest w sama raz.
396113,5,Dobrze nawilża
396113,5,"Wysoka jakość produktu, jestem mile zaskoczona."
396113,5,❤️Doceniam bogactwo składników aktywnych w tej masce.
396113,5,Bardzo dobra.
396113,5,"Tanio, szybko, efektownie i przyjemnie, nic dodać, nic ująć."
396113,5,Te maseczki są rewelacyjne
396113,5,Ulubiona maseczka dobrze nawilzajaca twarz .W dobrej cenie.
396113,5,Przekozak maska
396113,5,Bardzo Fajna maska. Nawilża i fajnie zmiękcza skórę. Po ściągnięciu Maseczki skóra jest Gładka i ładnie rozświetlona. Polecam.
396114,5,"Ciekawa kombinacja składników, która wyraźnie poprawia kondycję twarzy."
396114,5,Świetna
396114,5,Widać efekt
396114,5,Polecam.
396114,5,Polecam !!!
396114,5,"Uwielbiam maseczki Kimono, wszystkie!"
396114,5,Przekozak maska
396114,5,Rewelacja
396114,5,Kocham jak wszystkie
396114,5,Wszystko ok
396115,5,👍️👍️
396115,5,Polecam
396115,5,"Przyjemny, delikatny zapach, który nie drażni."
396115,5,Nie ma lepszej firmy z maseczkami w płacie
396115,5,Przekozak maska
396115,5,Bardzo dobrze nawilża
396115,5,Uwielbiam te maseczki
396115,5,Najlepsza
396115,5,"Maseczka bardzo fajna, cera po zastosowaniu maseczki gładka, nawilżona, ładnie pachnie, delikatnie. Na pewno jeszcze kupię"
396115,5,Najlepsze maseczki z tej serii
396247,5,Maseczka świetnie nawilża i odświeża cerę.
396247,4,👍️Osobie której ją kupiłam sprawdza się
396247,5,Idealne nawilżenie
396247,2,👍️👍️
396247,4,Jest w porządku
396247,5,Super polecam
396247,5,Super maska. Cera jest odżywiona i gładka.
396247,5,"bardzo dobry produkt, mam w stałym użyciu jako poranny krem pod makijaż"
396247,5,Cera jest aksamitnie gładka
396247,5,"10/10 Bardzo polecam! To już moje 3 opakowanie. Używam jako zwykłego kremu do twarzy i starcza na długo. Bardzo fajnie nawilża i odżywia. Mimo że w składzie jest dużo olei to nie jest bardzo tłusty na twarzy, jedynie może trochę zapychać"
396269,5,"Błyskawicznie poprawia nawilżenie, nawet w trudnych warunkach pogodowych."
396269,5,"Konsystencja kremu idealnie współgra ze skórą ani za rzadka, ani za gęsta. Skóra wygląda o wiele lepiej już w krótkim czasie. Rekomenduję, sprawdził się doskonale.😍"
396276,5,💯 super
396276,5,Moja ulubiona maseczka!🔥
396276,5,Jedna z moich ulubionych!
396276,4,"Myślałam,że będzie lepsza"
396276,5,Przyjemnie nawilża skórę.
396276,5,Polecam
396276,5,"dobra, wydajna, odpowiednia do mojej cery."
396276,5,Bardzo dobra maseczka.
396276,5,"Tę akurat mogę polecić wszystkim, którzy lubią czuć świeżość skóry"
396276,5,"Wspaniale nawilża, przy mojej mieszanej cerze sprawdziła się doskonale , delikatnie pachnie . Zostanie ze mną na dłużej 🔥"
396277,5,👍️ super
396277,5,🔥🔥🔥
396277,5,ś👍️wietna maseczka
396277,5,"Uwielbiam wszystkie maski Dermiki! Twarz po nich jest tak mocno nawilżona, odzywiona i odprężona!"
396277,2,nie do końca spełniła moje oczekiwania
396277,5,"bardzo dobra nawilżająca maseczka ,polecam👍️"
396277,5,Jedna z moich ulubionych!
396277,5,Pięknie pachnie jest przyjemne na skórze🔥🔥🔥
396277,5,Polecam
396277,3,"dobra ale szkoda, że nie w płachcie, bo taką łatwiej nałożyć. Dla mnie zbyt świecąca twarz po jej użyciu."
396279,5,Jestem zadowolona z formuła produktu.
396279,5,Woda micelarna idealna dla mojej wrażliwej cery. Makijaż zmywa dokładnie. Polecam do skóry twarzy delikatnej i wrażliwej. l!!!
396279,5,"Widoczna dla Klienta promocja, Świetny produkt za super cenę. 
Brawo!👌"
396279,5,"Jest delikatny , zmywa makijaż oczu dobrze , używam pierwszy raz"
396279,5,"Od dawna moja ulubiona woda :-) nic dodać, nic ująć - REWELACJA:-)"
396279,5,Zawsze to kupuję i polecam. Dobra cena - wspaniała👍️ jakość.
396279,5,Polecam 💯
396279,5,Delikatny i bardzo dobrze zmywa makijaż
396279,5,jeden ❤️z moich ulubionych kosmetyków do twarzy
396280,5,Naprawdę luksusowy
396280,5,❤️💯💪
396280,4,"Zawiera kawior, co brzmi luksusowo."
396280,5,Dobry produkt do codziennego użytku
396280,5,Służy mi
396280,5,"Czysty skład, bez zbędnych dodatków. Dobrze oczyszcza skórę, nie pozostawiając uczucia ściągnięcia. Duża pojemność, starczy na długo."
396280,5,Delikatna i skuteczna
396280,5,"Dobrze domywa makijaż, nie szczypie w oczy, nie przesusza skóry"
396280,5,"Bardzo miły delikatny zapach, konsystencja dobra. Nie wysusza i nie podrażnia. 
Ni szczypie w oczy...bardzo polecam."
396280,5,Super woda mineralna do zmywania makijażu dla osób starszych tym bardziej że była w promocji Pozdrawiam
396283,5,Świetna i niezawodna
396283,5,Polecam 🔥
396283,5,"Przyjemny zapach, dokładnie zmywa makijaż i nie uczula"
396283,5,Łagodny i ładnie pachnie
396283,5,"godna polecenia do
💯"
396283,5,"Bardzo fajny, elegancko zmywa zwykły makijaż ❤️"
396283,5,SWIETNY
396283,5,💪👍️👍️👍️👍️
396283,5,Pianka jest bardzo delikatna i dla miłośników malin to super opcją. Odrazu nakreślę że z makijażem słabo sobie radzi. Pianka też mocno pachnie więc jeżeli macie wrażliwe nosy to ten produkt nie jest dla was. Produkt jest też bardzo podobny do malinowej pianki z bielendy więc może być to zamiennik.
396283,5,"Działa 👍️zmywa, pielęgnuje , pieni się swietnie , zostawia delikatny zapach na skórze 🤩"
396285,4,"Opakowanie bardzo praktyczne, nic się nie marnuje. Jest odpowiedni dla każdego typu skóry.❤️ Cena i skład wzbudzają zaufanie."
396285,5,"Bardzo przyjemna, aksamitna konsystencja, która łatwo się rozprowadza."
396285,5,"Bardzo przyjemna formuła, idealny krem na co dzień. Moja skóra jest teraz bardziej elastyczna."
396285,5,"Bardzo przyjemny krem, ma drobinki brokatu i to daje fajny efekt na skórze :)"
396285,5,"Uwielbiam efekt miękkiej, wypoczętej skóry tuż po aplikacji."
396285,5,Super się nakłada – codzienna pielęgnacja to przyjemność.
396285,5,Good 💯
396285,2,"Dla mnie rozczarowujący.Po przeczytaniu wielu opinii spodziewałam się efektu wow .Dla mnie jest zbyt tłusty,zapach taki sobie,bez oczekiwanego efektu."
396285,5,"Nadaje się do stosowania na twarz, szyję i dekolt – nic się nie marnuje. Efekty przerosły moje oczekiwania, skóra wygląda świeżo i młodziej."
396285,5,"Najlepszy, moja cera jest teraz promienna i nawilżona."
396286,5,"Delikatny, nie ściąga, nie drażni. ❤️"
396286,5,"Jeden z najbardziej ulubionych żeli do mycia twarzy, bardzo delikatny, nie przesusza, barak uczucia ściągnięcia po myciu."
396286,5,"Fantastyczny produkt który pozytywnie mnie zaskoczył, jeden z niewielu żeli po którym po umyciu twarzy nie czuję się jakby mi ściągało skórę z całej głowy, bardzo przyjemnie myje i nie wysusza."
396286,5,"Kolejne opakowanie, już nie zliczę które. Polecam ten produkt dla skór problematycznych. Pomaga uporać się z nadmiarem sebum."
396286,4,Żel jest jakby trochę rozcieńczony a cena rośnie.
396286,5,Rewelacyjny.
396286,5,"Jestem bardzo zadowolona z żelu do mycia twarzy Tołpa. Twarz jest gładka bez podrażnień. 
JT."
396286,5,piękny zapach
396286,4,"Dobrze myje twarz, skóra się staje nawilżona i gładka."
396286,5,Nie przesusza i dobrze oczyszcza twarz.
396447,3,"Jak za tą cenę,to może być,ale uzywalam lepszych"
396447,4,"Serum od Eveline Cosmetics również bardzo mi się podoba. Ma lekką, przyjemną konsystencję i świetnie sprawdza się jako baza pod krem — dokładnie to, czego potrzeba w codziennej pielęgnacji."
396447,5,👍️SUPER
396447,5,👍️ dobrze się wchłania
396447,5,Bardzo fajny produkt polecam
396447,5,Bardzo dobry produkt
396447,5,🔥💪👍️🤩👏🥳
396447,5,"Super konsystencja, bardzo ładnie się wchłania. Polecam!"
396447,5,"Bardzo dobrze nawilża skórę i łagodzi niedoskonałości. Polecam, zwłaszcza do skóry dojrzałej"
396447,5,"Bardzo fajne, wodniste serum do twarzy. Mozna używać i rano, i wieczorem. Lekka konsystencja, jednak wyczuwalna przez pierwsze minuty na twarzy, ale nie w sposób negatywny. Nie roluje się z innymi kosmetykami"
396448,3,Zbyt krótko używam. Ale szukam środka na wygładzenie zmarszczek przy trądziku rożowatym. Nie wiem co było by dobre.
396448,5,"Serum od Eveline Cosmetics również bardzo mi się podoba. Ma lekką, przyjemną konsystencję i świetnie sprawdza się jako baza pod krem. Dodatkowo ma bardzo przyjemny, delikatny zapach, który szybko się ulatnia, pozostawiając na skórze uczucie świeżości i lekkości."
396448,5,"Idealne składniki do pielęgnacji cery wrażliwej, skłonnej do podrażnień. Super nawilża i wygładza skórę"
396448,5,"Serum Shot to zdecydowanie jeden z lepszych produktów, jakie ostatnio miałam okazję testować. Już po kilku użyciach zauważyłam, że skóra jest wyraźnie bardziej nawilżona i miękka.
Konsystencja jest lekka, szybko się wchłania i nie pozostawia tłustej warstwy.
Na duży plus zasługuje też wydajność oraz wygodne opakowanie z pipetą, które ułatwia aplikację. 👍️👍️👍️
...Więcej"
396448,5,"Nie wiem, ktora to juz moja butelka,ale to serum to jakies mistrzostwo swiata!"
396448,5,Jest bardzo wydajny i super się wchłania. Świetny dla zmęczonej skóry.
396448,5,"Dobry kosmetyk cena dobra zakupy robię w rosmanie 
Duży wybór dużo promek
Jestem zadowolona"
396448,5,Dobre serum.
396448,5,"Super się wchłania, nie podrażnia."
396448,5,"Serum fajnie się wchłania, używam pod podkład rano, lubię je bo jest takie delikatne i nietłuste."
396450,4,"Fajne, ale chyba za słabe na moje zaskórniki"
396450,5,Jak na pierwsze testowanie bardzo dobrze sie sprawdza.🔥
396450,5,"Działa jak należy, również nie zapycha i nie wyskakują żadne problemy skórne po jego zastosowaniu🚀💯"
396450,5,"Bardzo dobry produkt. Córka stosuje,to jej kolejne już opakowanie."
396450,5,badzo mi pomógł na moje przebarwienia
396450,5,idealnie sie sprawdza🔥🔥
396450,5,🔥👍️ Świetne serum
396450,5,Idealny dla wrażliwej skóry
396450,5,Super podkład!
396450,5,"Serum posiada lekką, przyjemną konsystencję, szybko się wchłania i nie pozostawia tłustej warstwy. Dzięki regularnemu stosowaniu można zaobserwować ukojenie skóry i zmniejszenie ilości wyprysków. Niacynamid reguluje wydzielanie sebum, cynk działa łagodząco, natomiast kwas salicylowy przeciwdziała powstawaniu nowych niedoskonałości i oczyszcza pory. Jest to dobre serum dla cery problematycznej, w niewysokiej cenie. ❤️
...Więcej"
396593,5,Fajne proste w aplikacji
396593,5,Wygodna aplikacja
396593,4,"Filtr jest łatwy i przyjemny w użyciu. Nie powoduje u mnie reakcji alergicznej, zapychania porów ani żadnego szczypania czy podrażnienia (a innym tego typu filtrom to się zdarzało). Ja używam tego typu produktów jako dodatkową warstwę ochronną na makijaż, jeśli muszę dołożyć filtr w ciągu dnia. W moim przypadku (cera mieszana) filtr dość mocno wybłyszcza makijaż i zmniejsza jego trwałość. Nałożony ze zbyt bliskiej odległości lub zbyt hojnie pozostawia taki jakby biały osad, który po jakimś czasie się wchłania. Ale to samo robią podobne filtry innych marek, więc nie jest to dla mnie jakaś wada. Taki urok tego typu produktów
...Więcej"
396593,4,poręczne i podręczne ;) - to już moje 3 opakowanie.
396593,5,"wygodny, bez smug, bez brudnych rąk 🔥"
396593,5,Spf w spray do nałożenia nawet na makijaż.
396593,5,Nie pozostawia tłustej warstwy dobrze się wchłania .
396593,5,Spelnia swoje zadanie
396593,5,👍️❤️ Jest to udany prezent.
396593,5,Jest spoko! Faktycznie nie psuje makijażu ❤️
396853,2,"Serdecznie nie pozdrawiam osoby z krotoszyna, która 8 kwietnia podpatrzyła mój nr telefonu na kasie samoobsługowej i użyła go później przy zwykłej, aby kupić ten krem i nie tylko:) wystarczyło się spytać po ludzku, czy dam swoją apkę zeskanować. Ludzi powaliło do reszty."
396853,5,"Przyjemnie nawilża bez uczucia lepkości. Dobrze łagodzi podrażnienia i zaczerwienienia. Minimalny zapach, idealny dla wrażliwcwej cery."
396853,5,"Cudownie kremowa formuła – łatwo się go używa. Moja skóra jest teraz bardziej elastyczna. Wszystko super, tylko kupować."
396853,5,Cudownie kremowa formuła – łatwo się go używa. Wspaniale współgra z innymi kosmetykami w mojej pielęgnacji. Produkt godny zaufania.
396853,5,Skuteczność widoczna już po pierwszym tygodniu stosowania.
396853,4,"Krem faktycznie nawilża i regeneruje skórę. Ma przyjemną konsystencję, która się nie roluje, dobrze sprawdza się pod makijaż, jednak odejmuję jedną gwiazdkę za to, że ma w sobie drobinki brokatu? Nie mam pojęcia czy to mi trafiła się jakaś ""wadliwa"" partia, ale w opisie kremu nie ma żadnej wzmianki o tym żeby zawierał on jakieś drobiny. Dla mnie to spory minus.
...Więcej"
396853,4,"Dzięki niemu zniknęły suche miejsca. Idealny do szybkiej pielęgnacji – zero problemów z aplikacją. Naprawdę wart uwagi, polecam z całego serducha.❤️"
396853,5,"Bardzo dobrze się wchłania, nie trzeba długo czekać. Cera wygląda na wypoczętą i bardziej jędrną. 🔥"
396853,5,Buzia wygląda od razu lepiej.;)
396853,4,Świetna opcja na poranną pielęgnację – ekspresowe użycie.
396859,5,Daje wspaniałe efekty.
396859,5,"Działa dokładnie tak, jak obiecuje producent.⭐"
396859,5,Cudownie kremowa formuła – łatwo się go używa.
396859,5,"Krem jest bardzo wydajny, wystarczy niewielka ilość."
396859,5,Moja skóra jest nawilżona przez cały dzień.
396859,5,😄🙂🙂
396859,5,używam go w swojej codziennej pielęgnacji. fajnie się sprawdza również jako baza pod makijaż
396859,5,"Lekka formuła, idealna na co dzień. 🔥👍️"
396859,5,"Wygodna tubka sprawia, że łatwo dobrać odpowiednią ilość produktu. ,suoer."
396859,5,💯❤️🤩
400540,5,"Każde użycie to czysta przyjemność. Naprawdę wart uwagi, polecam z całego serducha.❤️ Nawilża i regeneruje skórę."
400588,5,Przyjemnie się nakłada na skórę. Zdecydowanie poprawił wygląd mojej skóry – jest bardziej promienna i napięta.
400588,5,Moja skóra jest nawilżona przez cały dzień.
400588,5,"Efekty przerosły moje oczekiwania, skóra wygląda świeżo i młodziej."
400588,5,"Lubię go za to, że tak lekko się rozprowadza."
400588,5,"Nie klei się, nie zostawia żadnych śladów."
400589,5,"super skład,lekki, idealny na lato"
400589,5,Przyjemnie się nakłada na skórę. Moja skóra jest nawilżona przez cały dzień. Na pewno jeszcze nie raz po niego sięgnę.
400589,5,Aplikacja jest szybka i komfortowa. Produkt godny zaufania.
400589,5,Jest bardzo lekki i szybko się wchłania. Dobrze nawilża skórę. Zapach jest subtelny i przyjemny.
400589,5,Godny polecenia
400589,5,"Krem w sama raz dla mnie - lekki, nie zostawia tłustej warstwy. ❤️"
400589,5,"Bardzo dobrze się wchłania, nie trzeba długo czekać."
400589,5,Moja skóra jest teraz bardziej elastyczna.
400589,5,"Zdecydowanie poprawił wygląd mojej skóry – jest bardziej promienna i napięta. Rekomenduję, sprawdził się doskonale.😍 ❤️"
400589,4,"Błyskawicznie poprawia nawilżenie, nawet w trudnych warunkach pogodowych. Konsystencja kremu jest miękka i łatwa w rozprowadzeniu."
400621,5,"Krem szybko się wtapia w skórę, bez rolowania."
400621,5,"Krem jest bardzo wydajny, wystarczy niewielka ilość. Moja skóra jest idealnie nawilżona i wygląda zdrowiej każdego dnia."
400621,5,"Uwielbiam efekt miękkiej, wypoczętej skóry tuż po aplikacji."
400622,4,"Moja cera odżyła, boski krem. Można bez obaw stosować także na szyję i dekolt. Na pewno do niego wrócę."
401036,5,🔥🔥🔥
401040,5,"Świetny krem, stosuję nie tylko na noc. Sprawdza mi się również pod makijaż. Treściwy, skóra jest nawilżona i satynowa w dotyku po nałożeniu."
401042,5,Aplikacja tego kremu to miły początek dnia.
401053,5,"Krem w sam arz dla mnie - lekki, nie zostawia tłustej warstwy."
402174,5,Bardzo fajne serum o szybko schnącej formule. Efekty nie są widoczne od razu; ale łatwo stosować każdego dnia
402174,4,"przyjemny w stosowaniu, przyjazny dla skóry"
402175,5,Moja skóra co noc dostaje dawkę nawilżenia 🔥
402175,4,Małe stężenie vit.C
402178,4,Sprawdza się na typie mojej skóry.
402179,5,"Krem w sama raz dla mnie - lekki, nie zostawia tłustej warstwy."
402179,4,Skóra po aplikacji jest gładka i przyjemna w dotyku.
402180,5,"Bardzo dobrze się wchłania, nie podrażnia wrażliwych oczu."
402180,5,Używam od niedawna ale wydaje się dobrze nawilżać skórę pod oczami.
402180,5,efektywne
402181,5,"Uwielbiam olejki do twarzy, szynko sie wchlaniaja, a skora jest dlugo nawilżona"
402181,5,Olejek kupuje do masażu twarzy więc idealnie się sprawdza. Intensywny zapach mi nie przeszkadza ponieważ uwielbiam lawendę.
402181,5,💪👍️🔥
402181,5,"Niesamowity aromat olejku, do tego łatwo i szybko się wchłania. Skóra jest odżywiona i zregenerowana."
402181,3,Całkiem przyjemny ale trochę tłusty- może zapychać
402181,1,"Cala Wasza akcja z wocherami i prezentami to sciema ,nie ma ich w dregeriach
Wstyd"
402181,5,"To mój drugi olejek. Używam do masażu twarzy i czasem na noc, gdy mam mocno wysuszoną skórę Odpowiada mi konsystencja i zapach. 
Będę do niego wracać 😘"
402181,4,"Przyjemnie kojący, mam cerę mieszaną i mnie nie zapycha. Idealny do masażu guasha przed snem."
402182,1,Tonik bardzo mocny jest i nie sprawdzi się przy delikatnej skórze bo będzie piec.
402182,5,"Dobrze oczyszcza, nie podrażnia"
402182,5,"Ten tonik jest świetny, mój ulubiony.
Doskonale nawilża, odświeża i kosztuje niewiele."
402182,5,"Łagodny, sprawdza się na nastoletniej skórze. Zapach też łagodny.💪"
402182,5,Тоник очень прекрасно очищает лицо утром и кожа гладкая и приятная на ощупь!!!!
402182,5,Piekny zapach
402182,5,"Podoba mi się, zwłaszcza za to że nie jest ""w psikaczu"""
402182,5,Ten tonik używa już kilka lat. Polecam.
402182,5,"Delikatny tonik,idealny do mojej wrażliwej i dojrzałej cery. Koi i nawilża."
402182,5,"Bardzo lubię ten tonik, ładnie pachnie i dobrze tonizuje."
402504,4,Fajny produkt na okłady na oczy
402504,5,Jest to jedyny produkt do rozgrzewania brzegów powiek na gorąco. Sprawdza się doskonale👍
402504,4,Nie używałam. Miałam podobnie działający produkt ale się popsuł.
402884,5,Moje ulubione płatki! 🌸
402884,5,Doskonale nawilżają suchą skórę pod oczami.
402884,5,Skóra pod oczami stała się wyraźnie bardziej nawilżona. Płatki pomogły rozjaśnić delikatną skórę pod oczami.
402884,5,❤️❤️❤️❤️
402884,4,"Nie ma fajerwerków. Mam wrażenie, że płatki nic nie robią oprócz delikatnego nawilżenia."
402884,4,Są droższe niż reszta płatków ale są fajne
402884,3,najdroższe ze wszystkich płatków isana
402884,4,Nawet spoko
402884,5,Bardzo dobry produkt
402884,5,Super do codziennego stosowania.
402885,4,"Konsystencja serum nie czuje liftingu specjalnie, bardziej jako nawilżenie stosuje."
402885,5,👍️❤️👍️
402886,5,Bardzo. dobry tonik w dobrej cenie
402886,3,"Jest ok, ale szukam płynu micelarnego o podobnym składzie i działaniu jak Soraya Plante który niestety został wycofany :("
402886,4,Początek testów.
402886,4,"Dobra cena, apełnia swoją rolę"
402886,5,"Bardzo lubię ten tonik, kupuję go cały czas"
402886,5,"Mój ulubiony tonik z Isany. Ładnie pachnie, doskonale nawilża i tonizuje cerę. Skład jest również warty polecenia."
402886,5,Dobrze oczyszczający tonik w bardzo dobrej cenie polecam
402886,5,Jak za taką cenę naprawde jest super
402886,5,"Bardzo dobrze się wchłania, skóra jest dobrze nawilżona. Polecam"
402886,5,Bardzo dobry tonik
402888,5,"Ulubiony, działa na wypryski na udach i pośladkach, szkoda że nie ma dostępnej większej pojemności"
402888,5,Robi robotę
402888,5,"super produkt, odblokowywuje pory, ale trzeba uważać z nim i wprowadzać go stopniowo żeby nie podrażnił"
402888,5,Od dawna używam kwasu salicylowego na wągry. Ten jest równie dobry jak inne z wyższej półki cenowej. Polecam
402888,5,👍️🚀👍️
402888,5,genialny peeling 10/10
402888,5,🔥🔥🔥
402888,5,"Nie podrażnia, łagodzi, miła konsystencja, skuteczny przede wszystkim 🔥"
402888,5,"Uwielbiam, to już moje kolejne opakowanie ❤️"
402888,5,Polecam. Dobry produkt
40421,5,"💯Wspaniały krem, polecam, goi podrażnienia, nawilża skórę.Jest odpowiedni dla każdego typu skóry.❤️"
40421,4,"👍️Bezproblemowe dozowanie – nie trzeba się martwić nadmiarem. Nie uczula, nie drażni, a efekty są zauważalne już po kilku dniach. Wysoce polecam, jestem zadowolona z zakupu."
40421,4,Wygodne opakowanie i szybka aplikacja. Nawilża i regeneruje skórę. Na pewno jeszcze nie raz po niego sięgnę.
40421,5,"kupuję od lat, okKonsystencja kremu idealnie współgra ze skórą ani za rzadka, ani za gęsta."
40421,5,Bardzo fajny krem.
40421,5,Moja skóra jest teraz bardziej elastyczna.
40421,5,"Bardzo dobrze się wchłania, nie trzeba długo czekać."
40421,5,"Bardzo przyjemna formuła, idealny krem na co dzień. Najlepszy, moja cera jest teraz promienna i nawilżona."
40421,5,"Krem bardzo dobrze się wchłania,cera jest dopieszczona"
40421,5,Nawilżenie jest na najwyższym poziomie i długotrwałe.❤️
404272,3,Trochę klejacy
404272,5,🔥❤️Jest super
404272,5,"Super nawilżający produkt i do tego ten blysk 
Polecam"
404328,5,Uwielbiam
404328,4,"serum poleciła mi pracownica Rossmana i od kilku dniu je używam, na razie jestem bardzo zadowolona;"
404328,5,Uzależniona
404328,5,"Jedno z lepszych serum na przebarwienia słoneczne. Myślałam, że juz tylko laser jest w stanie je usunąć. 💯💪🔥"
404328,5,Jest bardzo dobrym kosmetykiem
404328,5,Serum jest pomocne w uzkaniu rownego koloryytu skory z przebarwieniami
404328,5,Moje kolejne opakowanie serum z witaminą C od Miya - bardzo mi odpowiada konsystencja i efekty: drobne uszkodzenia naskórka szybciej się goją i nie zostają po nich przebarwienia.
404328,5,Suoer jest💯
404328,5,"Wspaniale rozświetla skórę, zostawiając ją miękką i odżywioną w dotyku. Konsystencja nie jest lepka, wspaniale sprawdza się pod makijaż. Serum posiada delikatny zapach, co również jest atutem. To już moja 3. buteleczka i jestem pewna, że nie ostatnia❤️"
404328,5,"Serum kupuję od dwóch lat, jest super"
404436,5,Serum super się wchłania likwiduje zasinienia opuchliznę nawilza
404487,5,Moja skóra jest bardzo gładka i nawilżona 🙂
404487,1,Po naniesieniu twarz zostaje lepka i ciężka. Odradzam ten serum
404487,5,"bardzo dobry produkt, nawet przy skórze trądzikowej."
404487,5,Polecam 👍️
404487,5,Fajnie nawilża❤️
404487,5,"Używam poraz pierwszy, jest całkiem ok. Konieczne jest nałożenie kremu po użyciu serum"
404487,4,"Dobrze nawilża, ale nie robi efektu wow. Rzeczywiście jest bez zapachu. Minus za lepkość na twarzy"
404487,4,Dopiero zaczęłam używać
404487,1,"Zachęcona pozytywnymi opiniami i promocją, skusiłam się na to serum. Niestety, pomimo bardzo niewielkiej ilości, produkt bardzo kleił się na mojej twarzy. Próbowałam przez 2-3 dni dać mu szansę, niestety uczucie lepkości było nie do zniesienia. Szkoda. Ogólnie produkty z Isany na ogół są niezłe. Z tym serum się nie polubiłam.
...Więcej"
404487,4,Kupiłam dla córki i jest zadowolona
404488,5,Bardzo dobry krem. Nie powoduje pieczenia oczu ☺️
404488,5,Jestem jeszcze w fazie testowej tego kremu pod oczy ale za tą cenę nie jest zły.
404488,5,Krem jak krem tani
404488,4,Jest on
404488,5,Na razie jest ok.
404488,5,Super krem. deliakatny dobrze się wchłania
404488,5,Polecam👍️
404488,4,Dla mnie to nowy produkt ale narazie jestem zadowolona
404488,4,"Widać efekty, super cena❤️"
404488,5,Bardzo dobry krem ☺️
404489,3,"To moja pierwsza pianka jaką stosuję, więc nie mam za bardzo porównania, ale wydaje się być w porządku. Nie podrażnia, domywa pozostałości makijażu, jest delikatna no i najważniejsze nie szczypie mnie w oczy."
404489,5,"Jestem bardzo zadowolona, idealna dla mojej wrażliwej cery."
404489,5,🔥🔥👍️
404489,3,"Ma dobry skład, ale zbyt krótko używam, aby móc ocenić."
404489,5,Super💪
404489,5,"Fajna, delikatna pianka do mycia twarzy"
404489,5,polecam
404489,5,Bardzo fajna pianka do mycia twarzy. 🚀
404489,5,"Budżetowa, delikatnie myjąca pianka - mega ją lubię"
404490,5,Cera wygląda na wypoczętą i bardziej jędrną.
404490,5,"Lekki, Nie zatyka porów, koi moją cerę."
404490,5,Każde użycie to czysta przyjemność.
404490,5,"Nie zapycha porów, a skóra staje się gładsza i bardziej rozświetlona. Dobrze się rozprowadza, nie trzeba mocno wcierać. Bardzo dobra jakość w rozsądnej cenie."
404490,5,OK. Nawilża
404490,4,Nie zostawia smug ani uczucia ściągnięcia.
404490,5,"Aplikacja jest szybka i komfortowa. Nawilżenie 10/10.;) Wszystko super, tylko kupować."
404490,5,Ten krem to prawdziwy game-changer w mojej codziennej pielęgnacji.
404490,4,"Cera wygląda zdrowiej. Krem szybko się wtapia w skórę, bez rolowania."
404490,5,"Nie uczula, nie drażni, a efekty są zauważalne już po kilku dniach. Fantastyczny krem, polecam każdemu. Bardzo przyjemna formuła, idealny krem na co dzień."
40528,4,"Dobrze, że zawiera kozie mleko. Jest lekka i łatwo się wchłania. Moje oczy wyglądają na bardziej wypoczęte i promienne."
40528,5,"Krem pod oczy super. Maskuje zmarszczki i totalnie wygładza skórę pod oczami. Przed makijażem nie ma problemu aby go nałożyć ponieważ super wygląda pod nim, nic się nie ciastkuje ani nic innego się z nim nie robi. Serdecznie polecam bo to jeden z najlepszych kremów pod oczy jakich kiedykolwiek używałam."
40528,5,"Nie wiem jeszcze czy działa, za krótko używam 🙂"
40528,5,Produkty wysokiej jakości👍️
40528,5,Mój ulubiony krem pod oczy :)
40528,5,sprawdzony
40528,5,Kozie mleko nigdy nie zawodzi
406411,5,"używam dopiero kilka dni ale na plus, że jest gęsty, nie uczula, dobrze się wchłania, delikatny zapach."
406411,3,"Krem ciężko się rozprowadza, nie przypadła mi do gustu jego konsystencja. Do tego nie podoba mi się zapach. Kupiłam go w promocji, ale w regularnej cenie nie dałabym tyle za niego."
406411,5,Napina fajnie się wchłania pozostawia filtr lekko roziasnnajacy.
406411,5,Obszar pod oczami wydaje się bardziej napięty. Oczy nie łzawią. Dobry wyrób.
406412,5,"Błyskawiczna aplikacja, świetna dla zabieganych. Bardzo dobrze radzi sobie z przesuszeniami i szarą cerą. Kupiłabym ponownie.;) Polecam serdecznie."
406412,5,Poprawia jędrność mojej cery i nawilża.
406412,5,Używam do rąk. Jest świetny.
406412,1,"Krem nie wchłania się, za to wiesza się na twarzy tworząc lepki i śmierdzący film. Kupiłam bo w tubce a to wygodne w podróż, ale zamiast do walizki trafi do kosza. Nie polecam."
406412,5,"Skóra jest miękka, dobrze nawilżona. Zostaje ze mną na dłużej."
406412,4,fajny efekt napięcia skóry
406413,5,"Nie zatyka porów, koi moją cerę. Bardzo łatwy i szybki w aplikacji krem. Nie żałuję zakupu i polecam."
406413,5,"Konsystencja kremu idealnie współgra ze skórą ani za rzadka, ani za gęsta. Świetny wybór, bardzo się u mnie sprawdził. Polecam. Delikatnie koi i dobrze sprawdza się także przy skórze wrażliwej."
406413,5,"Bardzo dobrze się wchłania, nie trzeba długo czekać."
406414,5,"Skóra jest miękka, dobrze nawilżona. Kupiłabym ponownie.;) Polecam serdecznie."
406414,5,"podobnie jak cała seria, SUPER, mi suży choć powinam dermatologiczne kremy używać, delikatny, szybko sieę wchłania 👍️Widać, że naprawdę działa."
406414,5,"Dopiero zaczęłam używać, czekam na rezultaty"
406414,5,Bardzo łatwy i szybki w aplikacji krem.
406414,5,"Regeneruje, koi, daje mi 100% zadowolenia."
406414,5,"Opakowanie bardzo praktyczne, nic się nie marnuje. Nadaje cerze naturalny blask i poprawia jej strukturę. Idealny do codziennej pielęgnacji.⭐ 
Uwielbiam go za zapach wanilii♥️"
406414,5,Wygodne opakowanie i szybka aplikacja.
406452,5,"Pachnie bardzo subtelnie, bardzo lubię ten aromat. Efekt nawilżenia jest bardzo kojący dla mnie. Działa bardzo kompleksowo, co bardzo mi odpowiada. 
Tonik jest w 99% ze skladnikow pochodzenia naturalnego, co jest dla mnie bardzo wazne. Dodatkowym plusem jest to, ze akurat byl w promocji/przecenie.
...Więcej"
406452,5,"Delikatny, przyjemny zapach, który nie jest zbyt intensywny. Skóra po użyciu toniku jest przyjemnie nawilżona. Tonik świetnie odświeża cerę i przygotowuje ją na dalsze kroki pielęgnacji."
406452,5,Dla mnie super 🚀
406452,5,💪💪💪
406452,5,Uwielbiam ten tonik. Jest świetnie tolerowany przez skórę. No i ta rewelacyjna cena. 👍️Polecam.
406452,4,Za taką cene jest okay
406452,5,Doskonały tonik do cery suchej w dobrej cenie
406452,5,Fajnie odświeża twarz
406452,4,Ani super ani zły
406452,5,jakość i cena super
406454,5,"Fajnie, że dwupak"
406454,5,"Nie wiem czy cudownie działa długofalowo, ale po pierwszej skóra dobrze odżywiona, miękka, bez podrażnień"
406454,4,"Jako maseczka kiepski,ale jako krem co pare dni daje rade"
406454,5,Miękka i odżywiona skóra .
406454,5,Super efekt
406454,5,"Przyjemnie pachnie, ekonomiczne opakowanie."
406454,5,bardzo łatwo się wchłania
406454,5,Bardzo d9bra.
406454,4,Fajnie nawilża
406454,5,🔥🔥🔥
407363,5,"Składniki odżywcze są dobrze dobrane. Zauważyłam poprawę elastyczności cery po regularnym stosowaniu. Maska jest świetnie wykonana, płachta nie rwie się łatwo."
407363,5,👍️❤️💯
407363,5,🤩🤩🤩
407363,5,Cera jest odżywiona.
407363,4,Fajne maski ale strasznie wielkie i lekko szorstkie
407363,5,💯❤️💯💯
407363,5,Kochammm
407363,5,Polecam❤️
407363,5,🔥🔥🔥🔥🔥
407363,5,"Super, polecam"
407364,5,"Świetny skład, czuć dobre składniki. To prawdziwa bomba nawilżająca dla zmęczonej cery. Jakość esencji jest świetna, czuć, że to dobre składniki."
407364,5,"Bardzo mi się podobał skład tej maski, czuć nawilżenie. Skóra jest po niej gładka."
407364,5,❤️❤️❤️
407364,5,💞💞💞
407364,5,Super maska
407364,5,Polecam
407364,5,Cera nawilżona i odżywiona.
407364,5,Kochammm
407364,5,Polecam❤️
407364,5,"Super, polecam"
407381,5,Bardzo dobrze nawilża spierzchnięte usta.
407381,4,przyjemnie rozkłada się na usta
407381,5,Zawsze mam w torebce kilka sztuk
407381,5,"Sprawdza się bardzo dobrze, najlepsza opcja jako balsam do ust"
407381,5,Uwielbiam!! Nie umiem pójść bez niej spać 😍
407381,5,Najtańsza a najlepiej nawilża i odżywia moje usta
407381,5,Wszystko ok👍️
407381,5,Używam lanolinę na usta i jestem zadowolona ponieważ mam teraz usta miękkie.
407381,5,Świetnie nawilza usta
407381,5,Najlepsza na nawilżenie moich suchych ust. Nie wiem które to już moje denko. Zawsze mam ją przy sobie. 🔥💪
408266,5,"Tego żelu używam od dłuższego czasu, bardzo odpowiada mojej skórze, jestem zadowolona, mogę polecić Produkt jest bardzo wydajny. Skóra po umyciu jest gładka. Ma przyjemny zapach."
408266,4,"Dobrze oczyszcza, ale nic więcej"
408266,3,"Żel dobry ale raczej do mycia pędzli ewentualnie raz w tygodniu buzię. Zaburzył mi barierę, wysuszył twarz po prostu zbyt mocny a mam cerę mieszaną/ tłustą."
408266,4,Z tym produktem nie trafiłam nie mówię że jest niedobry ale to nie dla mnie
408266,5,Konsystencja zapach
408266,5,🔥🔥🔥
408266,5,💪💯❤️
408266,5,👍️ jest super
408266,5,💯💯💯💯💯
408266,5,Ładnie pachnie
408267,5,Dobry produkt
408267,4,Bardzo fajne serum świetne pod makijaż
408267,5,Amazing product.
408267,5,Świetne serum na co dzien
408267,5,Wspaniałe serum
408268,5,"Cera wygląda na wypoczętą i bardziej jędrną. Opakowanie nie brudzi, idealne do precyzyjnego dozowania."
408268,5,Używam codziennie i za każdym razem cera wygląda na zdrowszą.
408268,5,"Konsystencja kremu jest miękka i łatwa w rozprowadzeniu. Po nałożeniu skóra jest pełna blasku.👌 Ten krem to absolutny hit!👌 Dobrze się rozprowadza, nie trzeba mocno wcierać. Zdecydowanie poprawił wygląd mojej skóry – jest bardziej promienna i napięta."
408268,5,"Idealnie nadaje się pod makijaż - nie roluje się, nie bieli i nie przetłuszcza skóry. To już moje kolejne opakowanie. Przebarwienia się rozjaśniły i dobrze chroni przed słońcem. Polecam<3"
408268,5,"Konsystencja półpłynna, ja narazie jestem zadowolona, skusiła mnieopinia że nie zatyka porów- zobaczymy po kilku tygodniach 😊"
408268,4,"Krem ma lekką, szybko wchłaniającą się formułę. 
SPF 50+ to świetna ochrona, szczególnie latem."
408268,5,"Świetnie współgra z makijażem, nic się nie roluje."
408268,5,Skóra po aplikacji jest gładka i przyjemna w dotyku.
408268,5,"Super spf pod podkład, to moje 5 opakowanie! Moim zdaniem znacznie lepszy niż jego zielona wersja"
408268,5,"Krem w sama raz dla mnie - lekki, nie zostawia tłustej warstwy. Przyjemnie się nakłada na skórę. Rekomenduję, sprawdził się doskonale.😍"
408269,5,Polecam produkt. Dokładnie oczyszcza twarz
408269,5,"Doskonały do ceru tłustej z rozszerzonymi porami, jak moja."
408269,5,"Lekki, delikatnie myje, przepięknie pachnie"
408269,5,Mam wrażliwą cerę i większość tego typu produktów powoduje u mnie podrażnienia skóry. Żel do mycia Loreal Revitalift Clinical jest łagodny dl👍️a skóry i spełnia moje oczekiwania.
408269,4,Jast fajny
408269,5,Uwielbiam
408269,5,"Delikatny dla skóry, bezlitosny dla brudu"
408269,5,Super rozświetla skórę
408269,5,Dla mnie super
40836,4,"Za tę cenę ok, ale bez szału. Trzeba trzeć żeby zmyć maskarę."
40836,5,Polecam :)
40836,5,"👍️Produkt , który ciągle kupuję- jest dostosowana do mojej cery."
40836,5,dobrze zmywa makijaż
40836,4,"Chyba najlepszy stosunek jakości do ceny wśród produktu do demakijażu. Używam do zmywania całej twarzy, nie tylko oczu. Nie wysuszaa skóry, usuwa cały makijaż i nie podrażnia oczu ani skóry. Po zastowosaniu tego płynu nie muszę nawet używać masełka oczyszczającego, wystarczy żel do twarzy."
40836,5,Jest okej :)
40836,5,Wszystko ok
40836,5,super płyn 🚀💯
40836,4,Usuwa dobrze tusz.
40836,5,"Bardzo delikatny, czyści idealnie."
408368,5,"Fajna maseczka, efekt trzyma się przez cały dzien i nawet po myciu twaz jest dalej miekka i nawilzona."
408368,5,Fajna maseczka
408503,5,Bardzo delikatna formuła dla skóry.
408503,5,Dobry żel.
408503,5,Świetny produkt
408503,5,"Pianka jest bardzo dobra, polecam"
408503,5,Super w użytkowaniu. Idealnie zmywa skórę twarzy. Polecam.
408503,5,Delikatny fajnie nawilżający
408503,5,Dobry produkt w dobrej cenie.
408503,5,Dobry żel do mycia twarzy.
408503,5,Produkt ok cena też
408503,5,"UŻYWAM OD DŁUŻSZEGO CZASU BARDZO PASUJE MOJEJ SKÓRZE, KTORA PO UŻYCIU JEST GŁADKA , I NAWILŻONA"
408504,4,Użyta formuła jest łagodna i nie podrażnia. Skutecznie oczyszcza pory.
408504,4,Dobry 👍️
408504,4,Użyła dwa razy jak narazie spełnia moje oczekiwania
408504,3,Nie robi nic szczególnego
408504,5,"Użyłam go na razie dwa razy. Nie podrażnia i pięknie, delikatnie oczyszcza skórę twarzy"
408504,5,Super produkt
408504,5,"Piękny zapach i delikatne, ale skuteczne działanie"
408504,5,Świetny peeling!
408504,4,"Delikatnie oczyszcza skórę,ładnie pachnie."
408504,5,wegański
408552,5,Super i ma piękny zapac
408552,3,Mało się pieni
408552,4,Ułatwia zmywanie makijazu
408552,5,Bardzo dobry żel👍️
408552,5,Po zastosowaniu odczucie mocno oczyszczonej skóry. To już kolejne opakowanie. Polecam!
408552,5,Zmywa makijaż i nie wysusza skóry
408552,5,"Pianka jest naprawdę super, polecam"
408552,5,Łagodny żel. Mojej wrażliwej skórze bardzo odpowiada.
408552,5,Extra🔥
408552,5,Świetny produkt do mycia twarzy. Ładnie oczyszcza.
408553,5,"Lubię gęstą konsystencję, która nie wycieka z dłoni podczas nakłądania produktu na twarz."
408553,5,Super zmywa wszystko co jest na twarzy w tym makijaż super uczucie czystości i lekkości
408553,5,💪polecam
408553,3,"Dziwnie pachnie, poza tym dobrze doczyszcza"
408553,5,"Produkt jest ok, nie wysusza skóry, łatwo sie spłukuje."
408553,5,"Pieknie pachnie, super myje"
408553,3,"Żel niby dobry, fajnie oczyszcza i odświeża cerę, ale mam wrażenie, że po jego użyciu piecze mnie skóra twarzy. Nie wiem, czy to zbieg okoliczności czy wina żelu, dlatego trzy gwiazdki. Zobaczę za jakiś czas, jeśli to tylko zbieg okoliczności, dam ich więcej"
408553,5,Jestem bardzo zadowolona. Płyn pięknie oczyszcza skórę twarzy i zmywa makijaż. Ma delikatny zapach. Nie mam po nim podrażnień co w przypadku mojej skóry jest wyjątkiem.
408553,5,"Najlepszy, działa na wodoodporny makijaż."
408553,5,"Pianka jest bardzo dobra, polecam"
408569,5,💯💯💯💯❤️
408569,4,💪💪👍️👍️👍️👍️
408569,4,Dobra maseczka .
408569,5,Polecammm
408569,5,💯💯💯💯
408569,5,Najlepsza maseczka
408569,5,Piękny zapach
408569,5,"Maski Kimoco są przeze mnie wielokrotnie przetestowane. Maska jest dobre nasączona esencją, dobrze przylega do twarzy. Ekstrakt z ziaren kawy jest naturalnym antyoksydantem, który wygładza, napina i przywraca skórze jędrność. Adenozyna redukuje widoczność zmarszczek. Trehaloza daje nawilżenie, alantoina ukojenie. Polecam.❤️
...Więcej"
408573,5,Pomocne
408573,5,dobry produkt
408573,5,Skóra pod oczami jest teraz bardziej nawilżona.
408573,2,Wcalen nie zadziałało. Suche
408573,5,Super !
408573,3,"W sumie to nic nie robią, zjeżdżają, trzeba cały czas poprawiać.
Przyjemne uczucie chłodu - płatki trzymam w lodówce."
408573,5,"Super, wygładzona skóra pod oczami, nawilżona. Po użyciu płatków polecam nałożyć krem i jeszcze raz użyć płatki."
408573,5,Bardzo dobry produkt
408573,5,"Czesto korzystam z tych platkow,sa efekty"
408573,4,Bardzo dobry produkt super są wypoczęte oczy polecam!!!!
408779,5,"Krem jest bardzo wydajny, wystarczy niewielka ilość."
408779,5,"Idealny do szybkiej pielęgnacji – zero problemów z aplikacją. Skóra jest miękka, dobrze nawilżona. Na pewno wrócę do tego produktu.❤️"
408779,5,"Wchłania szybko, zapach"
408779,5,"Daje szybko zauważalne efekty;). Dobrze się rozprowadza, nie trzeba mocno wcierać. Można polecać, jest najlepszy."
408779,5,"Krem w sam arz dla mnie - lekki, nie zostawia tłustej warstwy."
408779,5,"Lubię go za to, że tak lekko się rozprowadza. Poprawia jędrność mojej cery i nawilża."
408779,5,Nie spływa i nie pozostawia uczucia lepkości. Na pewno jeszcze nie raz po niego sięgnę.
408779,5,Ten krem to prawdziwy game-changer w mojej codziennej pielęgnacji.
409802,5,Super się pieni. Jest bardzo delikatna. Po paru tygodniach zauważyłam że skóra twarzy ma mniej widocznych przebarwień.
409802,4,Dobrze się pieni i jest wydajna.
409802,5,❤️ super
409802,3,Jest ok ale ciężko zmywa makijaż
409802,5,"Dobrze usuwa makijaż i inne zanieczyszczenia. Pozostawia twarz świeżą, bez uczucia podrażnienia czy ściągania. Polecam."
409802,3,słabo się pieni
409802,5,Pianka idealna do każdej cery. Subtelnie pachnie.
409802,5,👍️ dobrze się pieni
409802,5,Super👍️
409802,5,"Bardzo dobry produkt, zwłaszcza dla alergików.👍️"
409849,5,Maska rewelacyjna moja cera promienieje a chwila relaksu bezcenna
409849,5,Bardzo jestem zadowolona z efektu który widoczny po pierwszym zabiegu. Polecam
409849,5,Lubię ten rodzaj pielęgnacji. Super nawilżenie.
409849,5,🔥👍️💯
409849,5,"Idealnie nawilża, efekt wow."
409849,5,Wspaniała
409849,5,"dobrze nawilżą, odświeża cere❤️"
409849,4,"Dobra maska, Bardzo ją lubię i używam od dłuższego czasu."
409849,5,"super, polecam serdecznie"
409849,5,Dobry produkt.
409858,4,"Świetnie działa, przyjemne odczucie po nałożeniu
lepsze byłoby opakowanie z pompką"
409858,5,SUPER!
409858,5,Jestem bardzo zadowolona ❤️
409858,5,Świetne serum....wygładza bardzo cerę i jest przyjemny w rozprowadzaniu... polecam zdecydowanie....
409858,5,👍️bardzo mi odpowiada
409858,5,"Cudowne serum dla kobiet ,ja uwielbiam działanie tego serum na mojej twarzy. Polecam gorąco."
409858,5,Bardzo dobre produkty w przystepnej cenie
409858,4,Krem bardzo przyjemny dla skóry
409858,5,"doskonały produkt, jestem bardzo zadowolona. świetnie się wchłania. Efekt estetyczny i formuła produktu też mnie zachwyca"
409858,2,"Nie podoba mi zapach ,kupiłam ze względu na promocję termin przydatności zużycia byl do. 09–2025"
409908,4,"troszkę piecze przy nakładaniu wiec osoby wrażliwe muszą uważać, ale jest przyjemna i lekka"
409908,5,Dobrze nawilżająca maseczka do twarzy. Kupię ponownie
409908,5,Super ok
409908,5,Okej pozdrawiam
409908,5,"Świetny produkt,bardzo dobre nawilżenie 💪"
409908,5,Nice product!
409908,5,spełnia moje oczekiwania
409908,5,🔥👍️👍️
409908,5,"Користуюсь регулярно, пасує до моєї чутливої шкіри обличчя, результат при постійному використанні також влаштовує"
409908,5,"Fajna, dobrze nawilża."
409909,4,"Po użyciu maseczki widać niewielką, ale jednak, poprawę stanu skóry, zwłaszcza gdy mam krostki trądzikowe."
409909,5,Super ok
409909,5,Wspaniała maseczka 👍️
409909,5,Najlepsze serum jakie uzywalam
409909,5,Polecam
409909,5,Uwielbiam maseczki z tej serii
409909,5,🩷🩷🩷🩷
409909,5,Może być
409909,5,fantastyczna maseczka która w widoczny sposób poprawia jakość cery
409909,5,dobrze się zmywa
409926,5,Najlepsza maseczka jaką miałam
409926,5,💯🔥super
409926,5,Cudowna
409926,5,To mój kolejny raz gdy kupuję te maseczki na płacicie.Jesttem bardzo zadowolona i będę je używać. Moja cera dojrzałej kobiety jest super nawilżona ima więcej blasku.
409926,5,Uwielbiam markę HADA LABO TOKYO
409926,5,Bardzo mi się spodobała
409926,5,Świetna!!!! Bardzo luksusowa maseczka bogato nasączona serum. Skóra długo utrzymuje stan nawilżenia po aplikacji. Mogłaby być nieco większa
409926,5,"Te maseczki są super. Używam od dawna. Lubię tę markę. Cudnie nawilżają i nadają twarzy świeżego, wypoczętego wyglądu."
409927,5,❤️❤️❤️❤️
409927,5,"Skóra po zdjęciu jest wyraźnie bardziej nawilżona, gładka i promienna."
409927,5,Świetnie nawilża
409927,5,"Bardzo fajna maska w płachcie. Substancja, którą jest nasączona robi wrażenie bogatej i dobrze nawilżającej. To na pewno nie tylko woda z dodatkami. Polecam."
409927,5,Jak wyżej
409966,5,Przyjemna maska
409966,5,Suoer!
409966,5,Super!
409966,5,❤️❤️❤️
409966,5,"Fajna maseczka, już po 5 minutach czuć nawilżenie. Ładny motyw jednorożca. Dosyć duże wycięcia na oczy i usta."
409966,5,urocza maseczka ❤️
409966,5,Super sprawdza się cera jest milutka
409981,5,Przyjemna maska
409981,5,Super!
409981,5,🔥❤️🚀
409981,5,Polecam
409981,5,🔥super
409999,5,Bardzo dobra maska
409999,5,DOSKONAŁA REGENERACJA ZMĘCZONEJ CERY.
409999,5,"Super, używam kolejną saszetkę."
409999,5,Po użyciu wyraźnie bardziej wypoczęta i rozjaśniona cera. Przed imprezą konieczność👍🤗
409999,5,Maseczka do twarzy jest super polecam👍️
409999,5,👍️👍️🔥❤️
409999,5,Polecam
409999,5,👍️👍️👍️👍️👍️
409999,5,"Maseczka Rewelacja. 
Jestem bardxo zadowolona 💯💯💯💯💯"
409999,5,🔥💯❤️
410001,2,"łatwo się rozprowadza, ale bez szału, efektów nie widzę"
410001,3,"Czarna maska na płachcie po ściągnięciu zostawia na skórze czarne „niteczki” - pozostałości po masce, co było bardzo uciążliwe"
410001,5,Super💪
410001,2,"nie bardzo ""oczyszczająca"""
410001,3,jeszcze nie próbowałam
410001,5,Bardzo dobra
410001,5,👍️💯❤️
410001,5,"Świetnie oczyszcza moją dkóre ,polecam"
410001,5,"Maseczka delikatna, super relaksująca.❤️"
410001,5,Maseczka jest mega 🚀
410002,5,świetny produkt
410002,5,"Dobre składniki, które odżywiły moją skórę."
410002,5,polecam:)
410002,4,Są lepsze no ale nie jest najgorsza
410002,5,Jest super
410002,5,Maseczka dla męża. Efekt bardzo dobry.
410002,1,"Maseczka nie przylega do twarzy, odkleja się cały czas, źle wycięta, efekt żaden po. Zdecydowanie nie polecam."
410002,5,"Bardzo lubię maski w płachcie Biotaniqe. Przyjemnie chłodzą i cera po nich jest widocznie wygładzona, miękka w dotyku i odprężona"
410002,5,"Daje efekt wygładzenia i nawilżenia, nie podrażnia,polecam!"
410002,3,Za mało personelu jest w sklepie nie ma kogo się zapytać o produkty jedna Pani na cały sklep .
410080,5,extra!!
410080,4,Średnia
410080,5,Polecam
410080,4,Maseczka ok ta mnie nie uczuliła cudów nie zdziałała ale za tą cenę też nie należało się spodziewać może być
410080,5,Super oczyszcza skórę
410080,5,Bardzo dobra maseczka.
410080,5,Twarz jest nawilżona
410080,5,Luksus za niewielką cenę. Skóra wygląda lepiej po użyciu i jest nawilżona 👍️
410080,5,Super .
410080,5,Wszystko oki
410091,5,Świetny produkt
410091,5,Super produkt!🔥
410091,4,Widzę ogromną różnicę na swojej twarzy
410091,5,"Bardzo dobrze myje twarz a dzięki temu że ma w składzie olejek to skóra nie jest po nim przesuszona. Ładnie pachnie i łatwo się go używa, jest łatwy w aplikacji i w spłukiwaniu nie pozostawia tłustego filmu na twarzy pomimo zawartości olejku w składzie. Dobra cena za produkt."
410091,5,Rewelacja
410091,5,Mój ulubiony do codziennego stosowania.
410091,5,"świetny żel do mycia twarzy, przyjemna konsystencja super"
410091,5,"Ulubiony- świetne działanie, zapach i konsystencja"
410091,5,uwielbiam od lat❤️
410091,5,❤️dobrze oczyszcz i nawilża skórę
410743,5,"Bardzo delikatny dla skóry, nie podrażnia. Skutecznie usuwa makijaż."
410743,5,"Płyn zmywa makijaż doskonale, jest przyjemny i wydsjny."
410743,5,"Dobrze zmywa mój makijaż z oczu, nie szczypie, nie wysusza."
410743,5,"Dobry płyn micelarny, dla moich wrażliwych oczy."
410743,4,Płyn dobrze usuwa makijaż. Zapach nie do końca mój
410743,5,polecam
410743,5,Dobrze spełnia swoją funkcję.
410743,5,Spełnia moje oczekiwania👍️
410743,5,Jestem z niego bardzo zadowolona. Przyjemny zapach. Skóra naprawdę jest nawilżona. Dla mnie super.❤️
410743,5,"Kupiłam tylko bo był na promocji, ALE WOW ZOSTANIE ZE MNĄ, pięknie oczyszcza i jeszcze piękniej pachnie jagodami. Po nich buzia jest świeża i miękka POLECAMMM💗💗"
410744,5,:)💯 super produkt
410744,5,"Bardzo podoba mi się ta kremowa, ale lekka konsystencja. Po kilku użyciach skóra pod oczami jest bardziej elastyczna. Składniki są łagodne dla skóry pod oczami."
410744,5,"Chyba ok, szczerze zapominam używać więc nie wiem."
410744,5,"Bardzo skuteczny, w dobrej cenie"
410744,4,"lekka formuła kremu sprawia, że ładnie się rozprowadza i wchłania. Spektakularnych efektów nie widzę, ale używam, bo nie uczula."
410744,5,Bardzo lubię ten krem
410744,5,Lekka konstrukcja wchłania się szybko.
410744,2,"Krem zamiast nawilżać, to wysusza skórę wokół oczu."
410744,4,"Kremik ma dobry skład, dobrą cenę w promocji, jakichś wielkich cudów nie robi, jest ok. Dla mnie mógłby być jeszcze bardziej treściwy i otulający i zostawiać warstewkę. Ma bardzo delikatny zapach, nie podrażnia."
410744,5,"Spełnia swoje zadanie, ale wolę żele. Plusem jest aplikacja na powieki. Ważne, że działa."
411033,5,Mega dobre serum. Regularne stosowanie pod oczy poprawiło moje „wory” jak i sprężystość.
411033,5,"Świetny produkt, to moje kolejne opakowanie. Super sprawdza się na poranną opuchliznę, bardzo dobrze nawilża."
411033,5,"Uwielbiam serię tych serum! Mają lekką konsystencję, nie zostawia na twarzy efektu maski, i pachnie obłędnie."
411033,4,To serum pięknie nawilża moją bardzo suchą skórę pod oczami. Eveline...wielkie dzięki❣️
411033,5,"Kolejna buteleczkę serum kupiłam, polecam."
411033,5,Polecam 👍️
411033,4,"Przyjemne serum. Nawilża, lekko pobudza."
411033,5,"dobry skład ,moja skóra to lubi"
411033,3,"Dobrze się rozprowadza, konsystencja gęstszego „mleka”, fajne uczucie po nałożeniu na skórę. Nie uczuliło. Jest problem z pobraniem serum w pipetę, po kilku użyciach bardzo trudno się nabiera. Domyślam się, że jest problem ze względu na gęstszą konsystencję produktu, trochę mnie to zniechęciło do systematycznego używania produktu
...Więcej"
411033,5,Wszystkie sera sa super z Eveline👍️bardzo dobra jakość i super efek przy regularnym stosowaniu jakość zamknięcie pielęgnacji
411034,5,Bardzo dobry produkt.
411034,5,SUPER 👍️
411034,5,"Super, polecam"
411034,5,Skóra po nic jest 👍️
411034,5,Jest ok
411034,5,"Bardzo dobrze się aplikuje, ma przyjemny cytrusowy zapach. Skóra jest delikatna w dotyku, a przebarwienia znikają🤩"
411034,5,"Bardzo dobry produkt, już po kilku uzyciach skóra wyraźnie napięta i rozświetlona"
411034,5,"Super olejek, jestem zadowolona z produktu"
411034,4,"💪 dobra konstancja , przyjemny zapach"
411034,4,póki co nie widzę efektów
411038,5,💯💯💯
411038,5,💪wszystko ok
411038,5,💪💪💪ok
411038,5,❤️💪👍️
411038,5,Fajny produkt
411038,5,Bardzo dobry produkt
411038,5,Dobry produkt bo Polski
411038,5,Super peeling
411038,5,❤️❤️❤️
411038,1,Nie polecam produktów tej firmy
411268,5,Najlepsze
411268,5,"pięknie rozświetlają, dobry skład"
411268,5,👍️❤️👍️
411268,5,🔥 super nawilza
411268,5,Cudownie wygląda skórę pod oczami i pięknie pachnie
411268,5,Polecam
411268,5,Super płatki
411268,5,👍️Polecam
411268,4,Przyjemne
411268,1,"Są bardzo sztywne przez co nie trzymają się pod okiem, szybko spadają."
411639,5,"Sprawdza się na typie mojej skóry. Kosmetyk, do którego chce się wracać. Krem świetnie się rozprowadza i natychmiast wchłania. jestem zadowolona z zakupu"
411639,4,"używam codziennie i nie widzę żadnego efektu, szybko i łatwo się nakłada"
411639,5,💯💯💪💯
411639,5,"Błyskawicznie poprawia nawilżenie, nawet w trudnych warunkach pogodowych."
411639,5,Świetna opcja na poranną pielęgnację – ekspresowe użycie. Widocznie zmniejsza zaczerwienienia i wyrównuje koloryt skóry. Zdecydowanie mój numer 1 – i zostaje nim na długo.
411644,5,Daje efekt wypoczętej skóry.
411644,5,"Nawilża i regeneruje skórę. Krem jest bardzo wydajny, wystarczy niewielka ilość. Bardzo dobra jakość w rozsądnej cenie."
411644,5,"Można bez obaw stosować także na szyję i dekolt. Po kilku dniach cera stała się wyraźnie gładsza i bardziej elastyczna. Jeden z lepszych kosmetyków, jakie miałam."
411644,5,"Nie zapycha porów, a skóra staje się gładsza i bardziej rozświetlona."
411644,5,"Efekty przerosły moje oczekiwania, skóra wygląda świeżo i młodziej."
411644,5,Po nałożeniu skóra jest pełna blasku.👌 Konsystencja kremu jest miękka i łatwa w rozprowadzeniu. Zdecydowanie mój numer 1 – i zostaje nim na długo.
411644,4,Nie spodziewałam się takich rezultatów.
411644,5,"Błyskawicznie poprawia nawilżenie, nawet w trudnych warunkach pogodowych."
411644,5,"Konsystencja kremu idealnie współgra ze skórą ani za rzadka, ani za gęsta. Regeneruje, koi, daje mi 100% zadowolenia."
411644,5,Daje wspaniałe efekty. Super się nakłada – codzienna pielęgnacja to przyjemność. Idealny do codziennej pielęgnacji.⭐
411645,5,"Ma idealną konsystencję, łatwo się rozprowadza. Produkty z ceramidami działają cuda na moją cerę."
411645,5,Daje wspaniałe efekty. ❤️
411645,5,"Plus za higieniczną pompkę. Nie cierpię grzebać palcem w słoiczku. Naprawdę bogaty skład, nawet największy papier ścierny na twarzy potrafi szybko doprowadzić do porządku. Nie zapycha. Dobrze współpracuje z makijażem mimo bogatej konsystencji, a mam cerę przetłuszczającą się po pewnym czasie. Wygaja ranki, przesuszenia, doprowadza do równowagi. Bardzo dobry zamiennik kremu lipidowego Cetaphil. Powiedziałabym, że ma więcej składników aktywnych w składzie. Warto mieć w łazience, używać na codzień albo aplikować na noc, żeby dać skórze zastrzyk troski i trochę oddechu. Przy kwasach, retinolu must have krem naprawczy.
...Więcej"
411645,5,Wygodna i szybka aplikacja. Nadaje cerze naturalny blask i poprawia jej strukturę.
411645,5,"Konsystencja kremu idealnie współgra ze skórą ani za rzadka, ani za gęsta. Dzięki niemu zniknęły suche miejsca. Na pewno jeszcze nie raz po niego sięgnę."
411645,5,"Skóra jest miękka, dobrze nawilżona. Cudownie kremowa formuła – łatwo się go używa. Kupiłabym ponownie.;) Polecam serdecznie."
411645,5,"Daje efekt napiętej, dobrze odżywionej skóry."
411645,5,"To jeden z najwygodniejszych kremów, jakie miałam."
411645,5,Idealny do szybkiej pielęgnacji – zero problemów z aplikacją.
411645,4,Sprawdza się na typie mojej skóry.
411646,5,"❤️❤️❤️ Bardzo delikatny, nawilzajacy tonik o lekkim zapachu. Dobry do przesuszonecj skory. Nie pozostawia lepkiej warstwy."
411646,5,Polecam do nawilżania twarzy
411646,5,🔥🔥🔥🔥
411646,5,❤️❤️❤️
411646,5,"Bardzo dobry kosmetyk, łagodzi wszystkie zmiany zapalne na twarzy, szczerze polecam💪❤️"
411646,5,🔥🔥 cena\ jakość
411646,5,Przyjemny tonik!
411646,5,"Dobry skład, można łączyć z różnymi kosmetykami. Dobrze nawilża skórę ."
411648,5,"Bielenda - krem pod oczy znacznie zmniejsza siniaki pod oczami a krem do skóry twarzy poprawia wygląd i koloryt twar,y .Dzięki mojej córce, która podarowała mi pierwszą turę tych kosmetyków, kontynuję ich zakup i używanie .W Rossmanie znajduję zawsze coś ciekawego Dziękuję ."
411648,4,"jest ok, delikatna emulsja, ale zdecydowanie wolę krem z ceramidami z tej serii"
411649,5,"Wspaniały, dobrze odżywiający i nawilżający krem pod oczy."
411649,5,mój ulubieniec
411649,5,"Mój ulubieniec! ❤️ Zawsze mnie ratuje, kiedy w okresie jesienno-zimowym moje oczy mają rany w kącikach od wiatru i łez 💪"
411649,4,Dobry krem pod oczy . Nie uczula . Nie roluje . Dobra cena.
411649,5,"🔥🔥🔥🔥🔥🔥To moje kolejne opakowanie, bardzo dobrze się sprawdza, nawilża, wygładza"
411649,5,❤️❤️❤️
411649,5,"Bardzo dobrze wybrałam, odpowiada , no i jest aplikator"
411649,5,Kupiłam na promocji bez większych oczekiwań. Teraz zostaje ze mną na stałe! Już po kilku dniach moja cera wygląda o niebo lepiej niż po jakimkolwiek kremie do tej pory
411649,5,Bardzo łatwa aplikacja
411651,5,"Lekka formuła, nie zapycha porów. Skóra jest miękka, dobrze nawilżona. Na pewno wrócę do tego produktu.❤️"
411651,5,"Nie zostawia tłustego filmu, skóra jest od razu gotowa na makijaż. Daje szybko zauważalne efekty;). Mój absolutny hit w codziennej pielęgnacji."
411651,5,"Bardzo łatwy i szybki w aplikacji krem. Regeneruje, koi, daje mi 100% zadowolenia. Zdecydowanie mój numer 1 – i zostaje nim na długo."
411651,5,"Używam codziennie i za każdym razem cera wygląda na zdrowszą. Ma delikatny, przyjemny zapach – dodatkowy plus przy aplikacji. Wspaniały zakup, polecam.👍"
411651,5,"Cera wygląda świetnie, nawet bez makijażu. Lubię go za to, że tak lekko się rozprowadza. Krem w sam arz dla mnie - lekki, nie zostawia tłustej warstwy."
411651,5,"Super wydajny, mogę go stosować także na noc. Moja cera odżyła, boski krem. Kupiłabym ponownie.;) Polecam serdecznie."
411651,5,"Uwielbiam, to już moje 10 opakowanie"
411651,5,"Nie spodziewałam się takich rezultatów. Krem jest bardzo wydajny, wystarczy niewielka ilość."
411651,5,"Najlepszy, moja cera jest teraz promienna i nawilżona."
413294,5,"Zapewnia optymalną wilgotność, której brakowało mi wcześniej. Widzę, że moja skóra jest bardziej wygładzona. Produkt jest łatwy w aplikacji dzięki swojej odpowiedniej konsystencji."
413294,5,❤️ najlepsze
413294,5,Genialny tani produkt. Aplikuje go na wilgotną od serum z kwasem hialuronowym skórę i pozwalam by działa się magia. Zużyłam już nie przyzwoicie dużo opakowań.
413294,5,SUPER na noc
413294,5,Daje bardzo przyjemne odczucie nawilżenia po aplikacji.
413294,5,Cudowne ampułki od Isany.
413294,5,"Czuję, że moja cera jest dobrze nawodniona przez cały dzień. Konsystencja jest idealna, nie za gęsta ani za rzadka. Po kilku użyciach zauważyłam, że skóra jest bardziej elastyczna."
413294,5,Polecam
413294,5,Bardzo dobry produkt za małe pieniądze. Napina i nawilża twarz.
413294,5,"Wspaniały produkt, poprawia wygląd cery znacząco."
413473,4,"ŁAGODNY , NIESTETY NIE NADAJE SIĘ DO CERY DOJRZAŁEJ"
413473,2,"Zbyt mało skondensowany, potrzebna duża ilość żeby zmyć makijaż."
413473,5,Bardzo go lubię 😊
413473,5,Rewelacyjny
413473,4,"Bardzo dobrze oczyszcza i zmywa makijaż, nie jest tłusty i łatwo go zmyć. Gwiazdka mniej za to, że trochę robi mgłę na oczach. Nie zawsze, ale zdarza się. Mimo tego jest fajny i zostanę z nim na dłużej, bo cena jest atrakcyjna."
413473,5,Dobrze domywa
413473,5,Nie podrażnia oczu
413473,3,Zapycha pory u cery tlustej niepolecam bez wiekszego skincaru
413473,2,U mnie się nie sprawdził.
413473,3,Dobrze oczyszcza twarz jednak nie emulguje z wodą trudno sie go spłukuje
414273,5,"Serum jest bardzo dobre, kupiłam je drugi raz"
416032,5,"bardzo przyjemny w stosowaniu, leciutki, jak pianka"
416032,1,"Pieką mnie po nim powieki. Wyskoczyła mi bardzo bolesna ropna krosta przy oku. Żadnego nowego produktu w pielęgnacji nie dodawałam więc winię ten krem. Jeżeli ktoś ma tendencję do uczuleń to niech tego kremu unika. 
Poza tym słabo nawilża, wygładzania też po nim nie zauważyłam. Mam wrażenie, że „dodaje worków pod oczami”. Może przez to pieczenie skóra wokół oczu puchnie?
...Więcej"
416032,5,"Skora 40+, mieszana. Nawilża i wyrównuję koloryt. Super działa. To moje kolejne opakowanie."
416032,5,Jestem zadowolona. Mam skórę suchą i wrażliwą a ten produkt jest bardzo przyjazny.
416032,2,A taki se
416033,4,"Wygodna tubka sprawia, że łatwo dobrać odpowiednią ilość produktu."
416033,3,"Ciężka konsystencja,.działanie ok."
416034,4,Bardzo łatwy i szybki w aplikacji krem.
416207,3,"Klejące, brak efektu poprawy na ustach.😢"
416208,2,"Błyszczyk mimo ze zakręcony wylewa sie z opakowania, jestem jakością rozczarowana."
416209,3,"Klejące, brak poprawy stanu skóry 😪"
416294,5,Ok można kupować
416295,4,Jest ok
416295,5,Extra produkt za dobrą cenę
416295,5,Jest mega
416295,5,Polecam tę serum długo się utrzymuje 💯💪🚀
416295,5,Świetne przyjemny kupię ponownie polecam 👍️
416295,5,Jest doskonałą dla mojej dojrzałej skóry
416295,5,Śliczny połysk na ustach. 🩷
416295,4,"Dobrze nawilża, na początku trochę piecze, nie utrzymuje się długo"
416296,5,błyszczące usta
416296,5,"Długo się utrzymuje na ustach, ładnie się prezentuje"
416296,5,To jest super produkt. Pokecam
416296,5,Zonie się podoba i mnie też. ❤️
416296,5,Fajnie się nakłada na usta i ma bardzo przyjemny zapach
416296,5,Super kolor
416434,5,Skóra jest po nim promienna
416434,2,Ok. 👍
416434,5,bardzo szybko się wchłania i pozostawia przyjemnie nawilżoną i gładką skórę
417198,5,Dzięki niemu zniknęły suche miejsca.
417198,4,Krem jak masełko. Extra formuła.
417198,4,Nie zostawia smug ani uczucia ściągnięcia.
417198,5,"Błyskawicznie poprawia nawilżenie, nawet w trudnych warunkach pogodowych."
417198,5,Super opcja do porannego rytuału pielęgnacyjnego.
417198,5,"Krem jest bardzo wydajny, wystarczy niewielka ilość."
417198,5,Skóra po aplikacji jest gładka i przyjemna w dotyku.
417198,5,"Daje efekt wypoczętej skóry. Krem szybko się wtapia w skórę, bez rolowania. Naprawdę wart uwagi, polecam z całego serducha.❤️"
417198,2,Mega tłusty i się źle zachowuje na skórze
417199,1,"Krem w dobrej konsystencji ale mimo to tworzy na twarzy ścìągającą maskę
Lepszy niż ten pod oczy ale jeszcze nie to 
Nie kupię drugi raz"
417199,5,Idealny do szybkiej pielęgnacji – zero problemów z aplikacją.
417199,5,"Błyskawicznie poprawia nawilżenie, nawet w trudnych warunkach pogodowych."
417199,3,"Jestem zadowolona. Stosuję zgodnie z zaleceniem 
Spełnia moje oczekiwania.👍️
💪🔥"
417199,4,"Bardzo dobrze się wchłania, nie trzeba długo czekać."
417199,5,"Moja skóra jest teraz bardziej elastyczna. Lekka formuła, nie zapycha porów. Jeden z tych produktów, które zostają na stałe."
417199,5,Świetny krem do skóry dojrzałej
417199,5,"Co prawda mało jeszcze używałam, ale pierwsze wrażenie super"
417199,5,"Delikatnie koi i dobrze sprawdza się także przy skórze wrażliwej. Bardzo przyjemna formuła, idealny krem na co dzień. Kupiłabym ponownie.;) Polecam serdecznie."
417199,4,"Lekka formuła, idealna na co dzień."
417200,5,"Ma delikatny, przyjemny zapach – dodatkowy plus przy aplikacji. Uwielbiam efekt miękkiej, wypoczętej skóry tuż po aplikacji."
417200,5,Odczuwalnie wygładza i zmiękcza skórę. Cudo! Spełnił wszystkie moje oczekiwania – a nawet więcej.
417200,5,Daje super efekt nawilżenia.
417200,5,"Daje efekt wypoczętej skóry. Konsystencja kremu idealnie współgra ze skórą ani za rzadka, ani za gęsta. Strzał w dziesiątkę – udany zakup."
417200,5,Buzia wygląda od razu lepiej.;) Przyjemnie się nakłada na skórę.
417200,5,"Nawilżenie 10/10.;) Błyskawiczna aplikacja, świetna dla zabieganych. Na pewno wrócę do tego produktu.❤️ 💯 Poprawia elastyczność i ogólną kondycję skóry. Cudownie kremowa formuła – łatwo się go używa. Genialny! Polecam. 👍️"
417200,5,Super się nakłada – codzienna pielęgnacja to przyjemność. To był dobry wybór. Cera wygląda zdrowiej.
417200,5,Krem świetnie się rozprowadza i natychmiast wchłania. Skóra wygląda o wiele lepiej już w krótkim czasie. 👍️
417200,5,"Poprawia jędrność mojej cery i nawilża. Cena i skład wzbudzają zaufanie. Krem szybko się wtapia w skórę, bez rolowania. 💪"
417200,5,"Cera wygląda na wypoczętą i bardziej jędrną. Cieszę się, że na niego trafiłam. Krem jest bardzo wydajny, wystarczy niewielka ilość."
417201,5,Skóra jest wyraźnie bardziej nawilżona i miękka w dotyku. Nie pozostawia tłustego filmu na skórze.
417201,5,polecam👍️
417201,5,Bardzo lubię kosmetyki z tej firmy.
417201,4,"dobrze się wchłania,"
417201,5,Dla mnie super produkt
417201,5,Bogaty krem. Działa.💪
417201,5,"Szybko się wchłania. Czy prasuje, to za wcześnie. Dopiero od paru dni aplikuję"
417201,5,🔥bardzo dobre serum
417201,5,💯💯💪
417202,5,Bardzo dobry krem. UZDROVISKO to super firma!👍️
417202,5,"Dobry krem pielęgnujący jak wszystkie produkty Uzdrovisco , zapach delikatny"
417202,5,"Cudowny krem , cudowny skład."
417202,5,Znakomity produkt.
417202,5,"skuteczny,dobrze dziala"
417202,5,Wszystkie kremy UZDROVISCA są rewelacyjne!👍️
417202,5,SUPER 💯%
417202,4,dobrze się wchłania
417202,5,Dobrze się rozprowadza i mie waży ani nie roluje
417202,5,👍️poprawia jakość skóry
417985,4,Dość dobry
417985,5,Lekki krem ktory dobrze nawilza bez obciazania I zapychania . To juz kolejne opakowanie .
417985,5,"Uwielbiam ten krem za to, jak lekko się aplikuje. Daje super efekt nawilżenia. Naprawdę wart uwagi, polecam z całego serducha.❤️"
417985,5,"Używam za krótko, by móc cokolwiek powiedzieć o efektach, ale konsystencja jest ok, ładnie się wchłania."
417985,5,"Krem jest bardzo lekki i łatwo się rozprowadza. Regularne stosowanie poprawia ogólny wygląd i kondycję cery. Delikatny, subtelny zapach, który nie drażni."
417985,5,"Po jego użyciu, skóra wydaje się niesamowicie gładka i odżywiona.👌 Aplikacja jest czysta i bezproblemowa. Ten krem to absolutny hit!👌"
417985,5,Lekki z super składem. Zostanie ze mną na dłużej. 🔥
417985,5,"Bardzo przyjemna formuła, idealny krem na co dzień. Skóra jest miękka, dobrze nawilżona. Na pewno wrócę do tego produktu.❤️"
417985,5,"Używam od ponad dwóch lat i zużyłam na pewno kilkanaście opakowań :)
Mogę go śmiało polecić, bo przy regularnym stosowaniu może realnie pomagać z niedoskonałościami, a dodatkowo jest bardzo leciutki i szybko się wchłania🚀
Jest to zdecydowanie mój ulubiony krem i zaufany produkt ❤️
...Więcej"
417985,5,Znakomicie sprawdza się jako część wieczornej rutyny. Codzienne użycie to przyjemny moment.;)
417988,4,"-ma taki duszący zapach, że za każdym razem jak psikam na twarz to wywołuje u mnie kaszel.
Nie klei się i nadaje się zarówno pod jakim na makijaż"
417988,5,"🚀pięknie nawilża, lekka mgielka, fresh👍️"
417988,5,Super mgiełka cudownie odświeża skóra po niej jest miękka
417988,4,"Przyjemny zapach, bardzo delikatny. 👍️"
417988,5,Świetny produkt
417988,5,"Świeży zapach, który utrzymuje się przez chwilę. Zapewnia dobre nawilżenie bez uczucia lepkości. Skóra staje się gładsza i bardziej miękka."
417988,1,"Bardzo mnie uczulił ten produkt, cała twarz czerwona, uczucie napięcia na skórze oraz pieczenie. Nie kupię więcej. Raz użyłam i nie tknę tej serii."
417988,5,"Bardzo polecam ten produkt. Swietnie tonizuje skore przed nalozeniem serum, a dodatkowo jeszcze rozswietla twarz."
417988,5,Super tonik dla młodej skóry.
417988,5,Polecam całym sercem
417989,5,"Bardzo dobre serum do tlustej cery.
Skora odswiezona, ukojona ,wygladzona.
Serum jest lekkie I nie obciazajace .
Polecam
...Więcej"
417989,4,"Ok, ale nie wiem czy kupię ponownie"
417989,5,"Skóra wygląda promiennie, jakby była nawilżona od wewnątrz."
417989,5,Widać poprawę skóry już po pierwszych dniach używania - rewelacja! 🔥
417989,5,Produkt lekki i przyjemny dla skóry. Pozostawia delikatne uczucie ściągnięcia.
417989,4,"Za krotko uzywam, zeby widziec realne skutki, ale ma przyjemna konsystencje i moja skora reaguje dobrze na to serum"
417989,5,Super serum na dzien. To juz moje kolejne opakowanie
417989,5,"Moje ulubione serum na dzień. Przeciwdziała niedoskonałościom. Szybko się wchłania, nie jest tłuste."
417989,5,Super produkt
417989,5,"dobry skład , dobrze mi się sprawdził do mojej cery trądzikowej"
417990,4,Dosyć wodnista konsystencja więc mało wydajne a tak po za tym to ok.
417990,4,"Ok, kilka razy użyłam, na razie bez rewelacji."
417990,5,Bardzo fajny źel
417990,5,zgodny z opisem- działa- polecam
417990,5,"Piękny zapach, naturalny. Dobrze myje🔥🔥🔥🔥"
417990,5,"Produkt Nie pieni się bardzo, za to zmywa nieczystości ze skóry bardzo dobrze. Skóra po użyciu żelu widocznie delikatnie napięta, ale nie przesuszona."
417990,5,Pocelam produkt. Mam tendencje do rozszerzonych porow i dla takich cer jak moja ten zel jest najlepszy.
417990,5,Idealnie oczyszcza twarz.
417990,3,"Do używania sporadycznie, na pewno nie na co dzień, bo szybko przesusza skórę. Jeśli ktoś ma suchą skórę lub wrażliwą, to się z tym żelem nie polubi. Mało się pieni. Oczyszczanie na zadowalającym poziomie, z tuszem do rzęs (nie wodoodpornym) sobie nie radzi, ale reszte makijażu domywa ;)"
417990,5,"👍️świetny żel do mycia twarzy ,po myciu orzeźwienie i jakby powiew wiatru na twarzy.Polecam."
418082,4,"ok, bez minusow"
418082,5,"Bardzo przyjemny w nakładaniu! Można nakładać po prostu jako olejki na twarz, albo miksować z czymś (np zmieloną kawą) by zrobić sobie peeling. Jestem jedną z tych osób, co nie lubiły robić sobie makijażu, bo właśnei nei lubułam demakujażu - a tutaj nakłądanie tego to sama przyjemność! Nie orbię bardoz grubej tapety, wiec cieżko mi sie wypowiedzieć jeśłi ktoś robi full on makeup; ale używam tuszu, różu, highlighera, i całkiem daje rade; zcasem zmywam samą wodą, czasem ejscze płynem do mucia twarzy,ale i tak niebo a zmienia, że nie muszę pocierać twarzy wacikami itp. Fajne po prostu jako miłe olejki do skóry i jako masełko do demakijażu!
...Więcej"
418082,5,"To masełko działa cuda , zmywa dokładnie makijaż zwłaszcza oczy , polecam !!!"
418082,5,"Cudowne masełko , zmywa makijaż do zera❤️"
418082,5,"Świetny produkt, bez problemu usunęłam makijaż."
418082,5,"Świetnie i bardzo wydajne. Chciałam kupić innej firmy, ale zaczęłam czytać opinie i postanowiłam wypróbować jednak to. Teraz wiem, że TO jest rewelacyjne i przy nim zostanę. Mały słoiczek, ale nie trzeba wiele produktu by wymasować twarz. Nie szczypie w oczy! ❤️"
418082,5,"Świetnie rozpuszcza pierwsze warstwy makijażu, doskonale się zmywa wodą nie pozostawiając tłustej warstwy. Skora jest odświeżona, miękka i gładka. Bardzo dobry skład."
418082,5,Polecam i uwielbiam ❤️
418082,5,Świetny sklad I bardzo dobra skuteczność w usuwaniu makijażu. Znakomita proporcja ceny do jakości (zwłaszcza promocji) :)
418082,5,"Super domywa makijaż, nie szczypie, nie zapycha"
418084,5,"Ulubione serum z witaminą C, nie podrażnia, idealnie układa się pod SPF i makijażem."
418084,5,"POLECAM
jest rewelacyjne, na pewno kupię następne opakowanie,"
418084,5,"Super , 👍 skóra jest aksamitna i miła w dotyku.Polecam"
418084,5,Skuteczny iświetny produkt.
418084,2,Przebarwienia jak były tak są
418084,5,"Serum do twarzy bardzo dobre,szybko się wchłania i nie pozostawia tłustej warstwy.Na efekty trzeba jednak trochę poczekać.Na pewno kupię ponownie."
418084,5,Jest świetny
418084,5,Super wybór
418084,5,Ładnie się rozprowadza i wchłania. Nie podrażnia. Spoko cena (w promocji).🚀
418084,5,Spełnia wszystkie moje oczekiwania
418085,4,"Bardzo fajnie myje się nią twarz i widzę że stan mojej skóry sie polepszył, jest nawilżona. Nie zapycha. Mały minus za zapach bo przebija się coś mdłego a w sklepie nie można było powąchać bo było zafoliowane otwarcie. Ale ogólnie polecam!"
418085,5,Bardzo dobra pianka. Po umyciu twarzy jest ona odświeżona i ujędrniona
418085,5,Super.
418085,5,"Bardzo dobrze zmywa makijaż, odświeża, nie podrażnia, skóra jest miękka i delikatna po umyciu 👍️🙂"
418085,5,"Super pianka, bardzo wydajna, delikatna dla skóry, ale super myje"
418085,5,"Bardzo przyjemny produkt, pięknie pachnie. Po jego użyciu skóra jest gładka i miękka. Polecam"
418085,4,👍️ bardzo dobrze oczyszcza twarz
418086,5,"Super wydajny, mogę go stosować także na noc. Strzał w dziesiątkę – udany zakup. Po kilku dniach cera stała się wyraźnie gładsza i bardziej elastyczna."
418086,5,"Bardzo dobrze się wchłania, nie trzeba długo czekać. Najlepszy, moja cera jest teraz promienna i nawilżona. Aż chce się go używać codziennie!"
418086,5,Każde użycie to czysta przyjemność.
418086,5,"Bardzo fajnie nawilża, nie pozostawia tłustej warstwy na skórze, delikatny przyjemny zapach. Wygodne opakowanie jest dodatkowo plusem."
418086,5,Zauważyłam znaczną poprawę w wyglądzie mojej cery.
418086,5,"Jestem zaskoczona tym kremem, zawsze szukam kremów, które dobrze się wchłaniają. Na noc akceptuję gęstsze kremy, ale i tak nie lubię uczycia, kiedy rano zmywam tłusty film i tak naprawdę nie wiem czy ten krem się wchłonął. Ten krem wchłania się od razu początkowo skóra troche się klei ale po chwili wciąga ten krem i pozostaje uczucie nawilżenia. Po jego użyciu, skóra wydaje się niesamowicie gładka i odżywiona.👌
...Więcej"
418086,5,"Super pod makijaż. Moja cera mniej się przetłuszcza. Nie podrażnia, nie szczypie."
418086,5,"Daje super efekt nawilżenia. Aplikacja jest szybka i komfortowa. Kosmetyk, do którego chce się wracać."
418086,5,"Nie szczypie w oczy jak większość kremów Krem w sam arz dla mnie - lekki, nie zostawia tłustej warstwy. Ten krem to absolutny hit!👌 Nie zostawia tłustego filmu, skóra jest od razu gotowa na makijaż."
418086,5,"Krem delikatny o lekkiej konsystencji,aktualnie w mojej codziennej pielęgnacji,a efekty pewnie dopiero za jakiś czas, póki co,jestem zadowolona.Skóra jest miękka, dobrze nawilżona. 👍️"
418092,5,Bardzo dobrze zmywa makijaż 👍️
418092,5,Mam cerę trądzikową i produkt nie podrażnia mojej skóry i nie zapycha porów.
418092,5,"Po prostu lubię ten olejek. Rzeczywiście czuję, że moja skóra jest po nim nawilżona."
418092,5,"Ma neutralny zapach, pomka ma idealnie odmierzoną ilość, jest tani czego chcieć więcej? To już moje drugie opakowanie! 😍"
418092,5,Polecam i Uwielbiam 🎉👍️
418092,5,🔥🔥🔥
418092,5,"Nie podrażnia skóry, dobrze usuwa makijaż, pozostawiając skórę nawilżoną."
418092,4,"Bardzo dobrze domywa makijaż, ale w porównaniu z innymi olejkami pozostawia lekki tłusty film, trzeba domyć potem żelem. Za tę cenę bardzo fajny."
418092,5,💯🤩💞👏mega super zmywa👍️
418092,5,"Nie używam go długo, ale myślę że dobrze zmywa makijaż i nie zapycha bo juz bym miała wysyp. Zmywam nim takie dlugotrwale, zastygające podklady. Nie zmywa sie samą wodą, ja zawsze myje twarz żelem i zostaje taka miekka skora z lekka warstewką - przyjemne w dotyku ale caly czas zastanawiam sie jak będzie ma dłuższą mete. Nie testowałam do zmywania oczu.
...Więcej"
418421,5,🔥❤️ świetne nawilżenie 💪
418421,1,not anatomic size
418422,5,super nawilżajace płatki👍️
418422,5,"bardzo dobre nawilżenie pod oczami ,super👍️"
418422,5,Bardzo dobre płatki nawilżające👍️ polecam
418422,5,🔥👍️💪
418422,5,Rewelacja.
418422,5,❤️💯🔥
418422,5,Uwielbiam
418422,4,👍️ bardzo dobry produkt sprawdzony
418422,5,Polecam
418422,4,Okej ale bez szału nie widzę narazie dużej różnicy
418513,5,Dobry peeling w dobrej cenie. Ma przyjemny delikatny zapach
418513,5,Bardzo dobry produkt. Widać i czuć efekty jego stosowania.
418513,5,Peeling super oczyszcza
418513,5,Dobrze nawilża
418513,5,"Używam codziennie, super czysta i gładka skóra twarzy."
418513,5,❤️❤️❤️
418513,3,produkt jest na etapie stosowania. pelna ocena potem.
418513,3,"Przeciętne, oczekiwałam czegoś lepszego. Drugi raz nie kupię"
418513,4,super🔥💯
418572,5,Piękny zapach i super nawilżenie
418573,4,"Skóra po użyciu jest wygładzona i odświeżona. Płachta dobrze przylega do twarzy, nie zsuwa się."
418573,4,"Bałam się ekstraktu wysoko w składzie, ale skóra ładnie nawilżona, żadnego wysuszenia ani swędzenia, a mam zwykle suche policzki i tłustą strefe T. Ale w normalnej cenie raczej nie kupie. Wzięłam bo jest śliczna xD"
418573,5,Piękny zapach i super nawilżenie
418580,5,"Lubię go za to, że tak lekko się rozprowadza. Uwielbiam efekt miękkiej, wypoczętej skóry tuż po aplikacji. Naprawdę wart uwagi, polecam z całego serducha.❤️"
418580,5,"Krem ma idealną konsystencję, nie jest ani za gęsty, ani za rzadki."
418580,5,"Bardzo lekki, szybko się wchłania. Skóra jest nawilżona i promienna. Delikatny, cytrusowy zapach."
418580,5,Super zapach
418580,5,"Dobrze się rozprowadza, nie trzeba mocno wcierać."
418580,4,Delikatnie koi i dobrze sprawdza się także przy skórze wrażliwej.
418580,5,"Fajny, lekki krem na co dzień, ładnie pachnie"
418580,5,Najlepsza witamina C dla mojej twarzy. Zapach obłędny🔥
418580,5,Fajny produkt
418580,5,Nawilżenie jest na najwyższym poziomie i długotrwałe.❤️
418581,5,"Jest konkretny, co lubię przy nocnych produktach."
418581,5,"Dobrze się rozprowadza, nie zostawia żadnych grudek. Moja skóra stała się bardziej promienna i gładka. Urzekł mnie subtelny, cytrusowy zapach."
418581,5,"Krem ma bardzo przyjemną, lekką konsystencję. Skóra po jego użyciu jest nawilżona. Zapach jest delikatny i przyjemny."
418581,5,Nawilża i regeneruje skórę.
418581,5,"Ładnie pachnie, domyka całą pielęgnację, jest bardzo przyjemny"
418581,5,"Dobrze się rozprowadza, nie trzeba mocno wcierać. Zauważyłam znaczną poprawę w wyglądzie mojej cery."
418581,5,"Lubię ten zapach, skóra po ciężkim dniu dostaje zastrzyk energii. Używam od kilku lat regularnie. Na plus - nie jest cięzki i zbyt tłusty."
418581,5,Super produkt
418581,5,"Uwielbiam efekt miękkiej, wypoczętej skóry tuż po aplikacji. Aplikacja jest czysta i bezproblemowa. Idealny do codziennej pielęgnacji.⭐"
418581,5,"To jeden z tych produktów, do których regularnie wracam."
418582,5,"super na lato,rozbudzające"
418582,5,"Po aplikacji serum skóra twarzy jest aksamitna i pięknie naciągnięta, idealna do nałożenia podkładu. Szczerze polecam."
418582,5,"Jestem zadowolona, lekkie serum."
418582,5,Rewelacja
418582,5,Super produkt!🚀
418582,5,Super odżywienie
418582,5,"Świeży zakup, testujemy."
418582,5,"Delikatna konsystencja, świetnie się rozprowadza po skórze. Idealny jako część i porannej i wieczornej rutyny. Dodaje blasku i nawilża. 🔥"
418582,4,"Po prostu spoko produkt z Ziaja w bardzo dobrej cenie :) 
(W kategorii “produkt Ziaja” - 5/5)"
418584,3,Jest w porządku
418584,5,"Pachnie czystością i świeżością każdego poranka. Nawilżenie jest wystarczające, ale nie powalające. Działa bardzo kojąco i odświeżająco jednocześnie."
418584,5,Jest świetny.
418584,5,Zapach jest subtelny i nie drażni. Po użyciu skóra jest nawilżona i odświeżona. Tonik działa bardzo dobrze.
418584,5,Łagodny dla skóry wrażliwej
418584,5,"Super 👍 produkt szczególnie dla cery z problemami, polecam!"
418584,5,Bardzo podoba mi się ta żółta koelkcja.
418584,5,Jest ok
418584,5,Świetny tonik
418584,4,"przyjemny zapach, skóra jest odświeżona i wydaje mi sie że wygląda na bardziej wypoczetą. Wolałabym większe opakowanie"
418585,5,"Łagodny dla skóry, delikatnie myje i trochę się pieni. Działa bez zarzutu, kupuję już trzecie opakowanie. Na dodatek bardzo atrakcyjna cena."
418585,5,Super do oczyszczania twarzy.
418585,5,💯 doskonałe odświeżenie
418585,5,"Opakowanie prezentuje się estetycznie na mojej półce. Świetnie sprawdza się w łagodzeniu drobnych niedoskonałości. Pachnie bardzo lekko, jak po wieczornej kąpieli.
Jeden z moich lepszych żeli do mycia twarzy, twarzy. Polecam 👍️"
418585,5,"Sprawdza się w mojej rutynie pielęgnacyjnej bez zarzutu. Nie podrażnia mojej skóry. Zapach jest naturalny i nie drażni, idealny do porannej pielęgnacji. Przystępna cena i wygodna aplikacja pompką."
418585,5,"Przyjazny dla skóry, delikatny,nie podrażnia,nie uczula, bardzo ładnie nawilża.polecam."
418585,3,Jest ok
418585,5,Produkt jest bardzo wydajny. Skóra po użyciu jest odświeżona.
418585,2,Po myciu skóra na twarzy jest napięta i bardzo wysuszona.
418585,5,Powracam do tego żelu regularnie
418586,4,"Skóra staje się świeża, oraz wygładzona."
418586,5,"Produkt jest bardzo dobry, ma fajną konsystencję."
418586,5,Fajny peeling.
418586,5,👍️👍️
418586,5,"Polecam, zastosować na twarz na 8 minut i zmyć. Świetnie nawilża i rozświetla skórę. Polecam:)🔥"
418586,5,Polecam
418586,5,Dobry produkt
418586,5,💪💪 super
418586,3,Не відчувається ефекту пілінгу
418586,5,"Sprawdza się u mnie jako krem. skóra jest gładka, nie zapycha i świetnie nawilża. Ma świetny skład. 💪💪💪"
418791,5,Bardzo dokładnie rozprowadza się pod oczami. I pięknie odżywia skórę
418791,5,👍️👍️👍️
418791,5,Ok jeszcze nie mogę się dobrze wypowiedzieć bo za krótko używam
418791,4,👍️👍️
418791,5,Dopiero drugi dzień uzywam póki co ładtwo się aplikuje
418791,5,świetnie
418791,5,Bardzo dobrze się wchłania i spełnia swoją funkcje
418791,4,Produkt dobry choć z tubki krem z tej samej serii uważam za jeszcze lepszy.
418791,5,Lekka konsystencja świetnie się rozprowadza daje uczucie świeżości rulon masuje skórę w okół oczu
418795,5,"Pozostawia skórę nawilżoną, ale nie lepką. Dobrze nawilża i koi podrażnienia. Urzekający, świeży aromat."
418795,5,Bardzo dobry krem. Polecam
418795,5,Skuteczność widoczna już po pierwszym tygodniu stosowania. 👍️
418795,5,"Po jego użyciu, skóra wydaje się niesamowicie gładka i odżywiona.👌 Bezproblemowa aplikacja nawet w pośpiechu. Wszystko zgodne z opisem, efekty super.👌"
418795,5,"Regeneruje, koi, daje mi 100% zadowolenia."
418795,5,Wygładza drobne linie i zmarszczki.Idealny do codziennej pielęgnacji.⭐
418795,5,"Lekka formuła, nie zapycha porów. Nawilżenie jest na najwyższym poziomie i długotrwałe.❤️ Nie zawiódł mnie ani razu.😍"
418795,5,Bardzo dobra jakość w rozsądnej cenie.
418795,5,"Nadaje się do stosowania na twarz, szyję i dekolt – nic się nie marnuje. Moja skóra jest nawilżona przez cały dzień. Wysoce polecam, jestem zadowolona z zakupu."
418795,4,Odczuwalnie wygładza i zmiękcza skórę.
418796,5,Krem na idealną formułę.
418796,5,"Przyjemnie się nakłada na skórę. Najlepszy, moja cera jest teraz promienna i nawilżona. Wspaniały zakup, polecam.👍"
418796,5,Zauważyłam znaczną poprawę w wyglądzie mojej cery. Super się nakłada – codzienna pielęgnacja to przyjemność. Idealny do codziennej pielęgnacji.⭐
418796,5,"Odczuwalnie wygładza i zmiękcza skórę. Błyskawiczna aplikacja, świetna dla zabieganych. Delikatnie poprawia koloryt skóry Cieszę się, że na niego trafiłam."
418796,4,"Dobrze się rozprowadza, nie trzeba mocno wcierać. Sprawdza się na typie mojej skóry. Dobry kosmetyk, polecam serdecznie.👍"
418796,5,"Bardzo przyjemna formuła, idealny krem na co dzień. Skóra jest miękka, dobrze nawilżona. Cudo! Spełnił wszystkie moje oczekiwania – a nawet więcej."
418796,5,"Nie uczula, nie drażni, a efekty są zauważalne już po kilku dniach. Idealny do szybkiej pielęgnacji – zero problemów z aplikacją."
418796,5,Cudownie kremowa formuła – łatwo się go używa.
418796,5,Konsystencja kremu jest miękka i łatwa w rozprowadzeniu.
418796,5,"Ma delikatny, przyjemny zapach – dodatkowy plus przy aplikacji."
418848,5,"Świetnie zmywa makijaż, nie wysusza i jest mega wydajny. Mam nadzieję, że nie wycofają go tak jak innych żeli tej firmy."
418848,5,"Delikatna, skuteczna alternatywa dla zmywaczy do twarzy"
418848,5,Dla mnie super. Kolejny juz zakup.
418848,2,"bardzo srednio produkt nie robi kompletnie nic na mojej twarzy, w tej polce cenowej są o wiele lepsze produkty"
418848,5,Bardzo lubię ten energetyczny zapach ( mój chłopak tak samo!)🔥. Żel daje uczucie świeżości i odświeżenia.
418848,5,"Super skutecznie i szybko usuwa makijaż, nie wysusza. Przyjemny zapach👍️❤️"
418848,5,Super myje i odświeża cerę
418848,5,"Dobrze myje i oczyszcza cerę, radzi sobie z makijażem."
418848,5,🚀🚀❤️❤️❤️❤️❤️❤️❤️
418872,1,Kompletnie nie trzymały się skóry więc wylądowały w koszu
418872,5,Aplikacja jest prosta i szybka.
418872,1,Słabe. Wzorki są wulgarne i wielkie a plaster nie trzyma się na skórze.
418872,5,Dobra cena 👍️Jak narazie jeszcze nie stosowałam.
418872,5,🔥💯🔥💯
418872,5,Plastry bardzo dobrze spełniają swoją funkcję. Polecam :)
418872,4,"Testowałam lepsze. W podobnej cenie, ale są OK"
418872,5,Skuteczne i dobrze się trzymają
418872,5,duża ilość i fajna jakość w niskiej cenie
418872,1,Nic nie robią
419343,4,"Dobrze się pieni i łatwo spłukuje. Uczucie komfortu towarzyszy mi przez cały dzień. Bardzo minimalistyczny zapach, który mi odpowiada."
419343,5,"Produkt jest bardzo wydajny, wystarczy niewielka ilość. Idealnie oczyszcza skórę, nie podrażniając jej."
419343,5,"Najlepszy żel do mycia twarzy, świetnie oczyszcza 💪"
419343,4,nie wysusza
419343,5,Idealny produkt po tym żelu skóra wygląda na zadbaną i rozświetloną
419343,5,Najlepszy!
419343,4,"Przyjemny , nie uczula👍️ Mógł by być w aplikacji z pompką"
419343,5,Myję twarz tylko tym!!! Do codziennego użytku 🔥idealne
419343,5,"💯Ten żel do mycia twarzy to absolutny hit w mojej codziennej pielęgnacji.💪 Już po pierwszym użyciu zauważyłam, że skóra jest nie tylko dokładnie oczyszczona, ale przede wszystkim przyjemnie nawilżona i odświeżona. Nie ma mowy o uczuciu ściągnięcia czy przesuszenia, które często towarzyszy innym produktom tego typu. Konsystencja żelu jest bardzo przyjemna, a po kontakcie z wodą tworzy delikatną, miękką pianę, która łatwo rozprowadza się po twarzy. Dzięki temu mycie jest szybkie, komfortowe i naprawdę skuteczne. Świetnie sprawdza się także przy skórze podrażnionej – koi ją i nie powoduje dodatkowego dyskomfortu. Po użyciu twarz jest gładka, świeża i wygląda zdrowiej. To idealny wybór dla osób, które szukają łagodnego, ale efektywnego oczyszczania bez kompromisów.
...Więcej"
419343,5,Jest to mój ulubiony żel do mycia twarzy
419350,5,Polecam
419350,5,"Moje ulubione płatki, bo nie zsuwają sie spod oczu i naprawde robia swoja robote"
419350,5,Lubię je.
419350,5,Super działa
419350,4,Super!
419350,5,Dobre płatki. Skuteczne
419350,5,Niweluje cienie pod oczami
419350,5,Produkt spelnił moke oczekiwania.
419350,5,Dla mnie najlepsze płatki pod oczy.
419350,5,perfekcyjne
419386,5,"Spoko krem, delikatnie niweluje niebieskie cienie pod oczami. Co najważniejsze nie podrażnia moich oczu, bardzo dobrze odżywia i nawilża skórę."
419386,5,Wspaniały lekki krem pod oczy.
419386,5,Moje odkrycie. Testowałam już wiele kremów pod oczy. Ten jest dla mnie najlepszy
419386,5,Jestem zadowolona. Pompka świetnie dozuje.👍️
419386,5,"Delikatny,nie podrażnia, nawilża, przyjemny zapach"
419386,5,Nie powoduje uczucia sciagania skóry
419386,3,"Nie podoba mi się aerozol i dawkowanie tego 
Sam krem jest dobry i skuteczny."
419386,4,zakupy udane 👍️
419386,5,Co dla mnie najważniejsze - nie uczula.
419386,5,"Super produkt, polecam.👍️"
419387,5,"Świetnie zmywa makijaż, nie podrażnia oczu"
419387,5,Uwielbiam to mleczko. Mam sucha cerę 8 dla mnie sprawdza się idealnie. Jest delikatne i dobrze oczyszcza. Polecam. Starcza na długo.
419387,5,"Świetny bezzapachowy produkt, dobrze usuwa makijaż i nie podrażnia oczu. Wracam do niego z przyjemnością. Odkąd zaczęłam używać masełek i balsamów do demakijażu, całkowicie zrezygnowałam z płynów micelarnych."
419387,5,"Idealnie zmywa makijaż, pięknie delikatnie pachnie,nawilza skórę,polecam"
419387,5,"Balsam dobrze domywa maskarę, nie szczypie i bardzo przyjemnie się go używa"
419387,5,"Świetnie zmywa makijaż, jest delikatny, no i super zmywa tusze, nie podrażnia i nie szczypie w oczy.
Produkt warty swojej ceny."
419387,5,"Bardzo dobrze radzi sobie z makijażem, nie przesusza i nie pozostawia uczucia ściągnięcia.💪"
419387,1,"Nie domywa makijażu. Gdy zaczełam używać produkt, pojawiła mi się dziwna wysypka. Jeżeli komuś zależy na zapachu, to ten ma zapach plasteliny.
NIE POLECAM"
419387,5,"świetny produkt, wydajny, ładnie rozpuszcza makijaż, nie szczypie w oczy. Oczywiście domywam żelem, ale na pierwszy etap bardzo fajny, myślę, że do każdej cery."
419387,5,💪bardzo dobry skladowo balsam do demakijażu. Polecam. Naturalny sklad
419420,5,"To jeden z tych produktów, do których regularnie wracam. Rewelacja, nic tylko brać!"
419420,5,"Jestem zaskoczona, jak delikatna jest ta formuła."
419420,5,"Cera wygląda świetnie, nawet bez makijażu. Nie spływa i nie pozostawia uczucia lepkości. Warto mieć go w swojej kosmetyczce."
419420,5,"Dobrze się wchlania, nie uczula. Dla mnie ok"
419420,4,"Przyjemnie się nakłada na skórę. Nie uczula, nie drażni, a efekty są zauważalne już po kilku dniach. Wysoce polecam, jestem zadowolona z zakupu."
419420,5,"Nie zatyka porów, koi moją cerę. Skóra po aplikacji jest gładka i przyjemna w dotyku. Jeden z lepszych kosmetyków, jakie miałam."
419420,5,"Bardzo przyjemna formuła, idealny krem na co dzień."
419420,5,"Konsystencja kremu idealnie współgra ze skórą ani za rzadka, ani za gęsta."
419420,5,"Fantastyczna, lekka formuła. Cera wygląda zdrowiej. Kupiłabym ponownie.;) Polecam serdecznie."
419420,5,Aplikacja jest czysta i bezproblemowa.
419421,5,"Moja skóra jest nawilżona przez cały dzień. Fantastyczny krem, polecam każdemu."
419421,5,"Konsystencja kremu idealnie współgra ze skórą ani za rzadka, ani za gęsta. Skuteczność widoczna już po pierwszym tygodniu stosowania."
419421,5,"Widać, że naprawdę działa. Bardzo przyjemna formuła, idealny krem na co dzień. Wysoce polecam, jestem zadowolona z zakupu."
419421,4,Delikatnie koi i dobrze sprawdza się także przy skórze wrażliwej.
419421,1,"Wcale ,zle nie oceniam wręcz przeciwnie ."
419421,5,"Nawilżenie 10/10.;) Bardzo dobrze się wchłania, nie trzeba długo czekać. Świetny wybór, bardzo się u mnie sprawdził. Polecam. 👍️❤️"
419421,5,Odmładza i redukuje zmarszczki jest najlepszy
419421,5,👍️Cera wygląda zdrowiej.
419421,5,"Cudownie kremowa formuła – łatwo się go używa. Odczuwalnie wygładza i zmiękcza skórę. To był dobry wybór. 
Znów wpadnę :) miłego roku"
419421,5,"Super się nakłada – codzienna pielęgnacja to przyjemność. Najlepszy, moja cera jest teraz promienna i nawilżona. Mam ochotę mówić o nim każdemu, kogo znam."
419422,5,Bardzo dobry krem.
419422,5,Jestem bardzo zadowolona z zakupu kremu pod oczy 👍️
419422,4,"Trudno ocenić kremy pod oczy pod kątem liftingu. Pesel robi swoje. 
Na pewno delikatny, nie uczula, wygładza skórę i dobrze się wchłania.
Ogólnie jako krem jest super👍️"
419422,5,Krem spełnia moje oczekiwania. To już mój kolejny zakup
419422,5,Za krótko używam żeby ocenić efekty ale już widzę że skóra jest bardziej nawilżona i krem nie podrażnia oczu co dla mnie jest bardzo ważne
419422,5,"Ładnie się rozprowadza, daje uczucie komfortu. Ale dopiero zaczęłam go używać więc więcej nie mogę napisać."
419422,4,"Niezły krem. Dobrze nawilża skórę, ale zmarszczek raczej nie zniweluje."
419422,5,"Dobrze się wchłania, zwiększa elastyczność skóry wokół oczu , polecam"
419422,5,"wydajny, stosuję codziennie rano i wieczorem i na moje oko 😄 faktycznie jest poprawa kondycji skóry, nie szczypie"
419422,4,"Co do efektów trudno mi powiedzieć, nie zauważyłam, ale starcza na długo"
419475,4,"Jest okej, ale nie zauważyłam żadnej różnicy podczas stosowania"
419475,5,"Dobrze nawilża, łatwa aplikacja bezpośrednio pod oczy punktowo. Polecam serdecznie, to mój ulubiony krem pod oczy."
419475,2,Powoduję u mnie reakcjie alergiczno-łzawienie oraz pieczenie oczu.
419475,4,"Me encanta me la aplico por la noche la saco en la mañana y en muy pocos días he visto resulta
dos extraordinario 💯"
419475,4,"Uważam, że dobrze się rozprowadza, rozświetla skórę wokół oczu. Niweluje sińce pod oczami"
419475,5,bardzo dobry produkt
419475,1,"Niestety ten krem oprócz tego, że sie mocno roluje i nie nadaje pod makijaz to nie robi zupełnie nic. Zmarnowane pieniądze :/"
419475,3,🚀🤩🤩💞
419475,5,Bardzo fajny krem pod oczy.!
419475,5,"Przyjemna konsystencja,zapach.
Ja mogę szczerze polecić. Nie działa cudów,ale w moim przypadku robi to,co powinien. Rozświetla i nawilża."
419476,5,"Skóra po zastosowaniu jest nawilżona. Serum dobrze się rozprowadza. Zbyt krótko stosuję, żeby zauważyć inne walory."
419476,4,"Yea i like it, i will keep using this"
419477,5,👍️super
419477,5,Super nawilża i ma fajny chłodzący efekt🔥
419477,3,Za mało personelu w sklepie
419477,5,Serdecznie polecam!
419477,5,"Moja ulubiona maska garnier, daje przyjemne uczucie chłodzenia, wypróbowałam też inne, ale moim zdaniem ta jest najlepsza"
419478,4,Fajne.
419478,5,Fajnie chłodzi. Poprawia krążenie.
419478,5,Rewelacja wspaniałe w krótkim czasie po nałożeniu nawilżają zmęczoną skórę pod oczami szczególnie od powietrza z Celina
419478,5,🔥uwielbiam
419478,4,jest super
419478,5,Extra polecam
419479,5,Skóra po aplikacji jest gładka i przyjemna w dotyku.
419479,5,Super się nakłada – codzienna pielęgnacja to przyjemność.
419479,5,Każde użycie to czysta przyjemność.
419479,5,polecam
419479,5,"Krem w sama arz dla mnie - lekki, nie zostawia tłustej warstwy."
419479,1,"Jestem zadowolona 
Krem jest super"
419479,5,"Cudownie kremowa formuła – łatwo się go używa. Poprawia jędrność mojej cery i nawilża. Jeden z tych produktów, które zostają na stałe."
419479,5,Taki delikatny ❤️
419479,5,Super 👍
419480,5,"Przyjemnie się nakłada na skórę. Błyskawicznie poprawia nawilżenie, nawet w trudnych warunkach pogodowych."
419480,4,"Nie lepi się, nie zostawia śladów na ubraniach. Skóra wygląda o wiele lepiej już w krótkim czasie."
419480,5,"Moja skóra jest teraz bardziej elastyczna. Opakowanie nie brudzi, idealne do precyzyjnego dozowania. Cena i skład wzbudzają zaufanie."
419480,5,"Nawilżenie jest na najwyższym poziomie i długotrwałe.❤️ Krem szybko się wtapia w skórę, bez rolowania. Kupiłabym ponownie.;) Polecam serdecznie."
419480,5,"Zdecydowanie poprawił wygląd mojej skóry – jest bardziej promienna i napięta. Ma aksamitną teksturę, która pięknie się rozprowadza. Nie żałuję zakupu i polecam."
419480,4,"Wygodne opakowanie ułatwia codzienne stosowanie. Poprawia jędrność mojej cery i nawilża. Kosmetyk, do którego chce się wracać."
419480,5,Ładny zapach. Dobra konsystencja
419480,5,"Lekka formuła, nie zapycha porów. Bardzo dobra jakość w rozsądnej cenie. Odczuwalnie wygładza i zmiękcza skórę."
419480,5,👍️Daje super efekt nawilżenia.
419480,5,Wspaniale współgra z innymi kosmetykami w mojej pielęgnacji. Codzienne użycie to przyjemny moment.;)
419482,5,Bardzo dobre serum
419482,3,Szału nie ma
419482,5,Super produkt 👍️
419482,5,Dobry produkt
419482,5,Działa 🙂
419482,5,jest super
419482,5,👍️fiskonaly
419482,5,🔥👍️💯
419482,5,🔥🔥🔥👍️❤️
419482,5,"jestem w trakcie użytkowania, ale już po kilku użyciach widać lepsza kondycję cery"
419711,5,"Wit c tetra w olejowej formie, dzięki czemu powleka skórę kokonem ochronnym"
419711,5,Takie same serum używać am juz od dawno w Anglii w Polsce jestem od września I jestem bardzo szczesliwa że mogę go kupowac w waszym sklep dziękuje że go macie
419711,5,Kupiłam dla narzeczonego po raz 4. Polecam🔥
419711,3,"Mam mieszane uczucia i jako posiadaczka cery mieszanej czuję się oszukana. Serum miało być lekkie, nienatłuszczające a niestety jest wyraźnie tłuste co przy mojej cerze powoduje efekt świecenia się skóry i na drugi dzień wychodzą wypryski."
419711,5,Doskonałe🔥
419711,5,Jak dla mnie najlepsze serum z vitamina C
419711,5,Super produkt
419711,1,"Tłuste, lepiące się dziadostwo!"
419711,3,"Zapach chemiczny, efektu nie zauważyłam"
419711,5,Bardzo dobra witamina c tetra z bardzo dobrym składem.
419784,5,"Nic dodać nic ująć, 
Jednym słowem polecam w 100%.
Stosujeol od dłuższego czasu i jest tak jak powinno być. 
Uwagi:
BRAK
...Więcej"
419784,5,Bardzo przyjemny żel do mycia twarzy z dozownikiem. Skóra mojej twarzy jest zadowolona. Polecam
420353,5,Jest okej
420353,5,fajnie nawilża
420353,5,Żona używa od dłuższego czasu i jest zadowolona.
420353,5,Super gładkie usta
420353,5,💯🚀👍️
420353,5,Spoko 👍️
420353,5,Super balsam do ust fajnie nawilża usta poleciłam mojej siostrze też zadowolona daje 10 👍️
420353,5,🚀💯💪👍️🔥
420353,5,"Dobra pomadka, nie ściera się, nie roluje na ustach, dobrze nawilża"
420353,5,"Super,bardzo dobrze nawilza usta"
420354,5,"Dobrze nawilża, polecam"
420354,5,Świetnie się rozprowadza
420354,4,"Mogłaby intensywniej pachnieć
 Poza tym wszystko ok"
420354,5,Jest cudowna
420354,5,Spełnia swoją rolę. Dobrze nawilża
420354,3,"Bardzo średnia. Nie daje długotrwałego nawilżenia, szybko ściera się z ust. Zdecydowanie nie jest to jedna z tych gęstych, mocno nawilżających pomadek, mam wrażenie, że pod wpływem ciepła ust jej konsystencja robi się jak woda i po prostu moment po nałożeniu już nie czuć żadnego nawilżenia."
420354,5,Doskonała
420354,5,Jest git
420354,4,Jest ok.
420354,5,Balsam doskonale nawilża i nadaje ustom blasku
420355,4,"Nie roluje się pod podkładem, świetny jako baza."
420355,5,"Nawilża i regeneruje skórę. Nie lepi się, nie zostawia śladów na ubraniach."
420355,4,Wygodne opakowanie ułatwia codzienne stosowanie.
420355,5,Skóra po aplikacji jest gładka i przyjemna w dotyku.
420355,5,"Jest doskonały, nawet dla cery naczynkowej. Uwielbiam ten krem za to, jak lekko się aplikuje. Na pewno jeszcze nie raz po niego sięgnę."
420355,5,Odczuwalnie wygładza i zmiękcza skórę. Idealny do codziennej pielęgnacji.⭐
420355,4,Wspaniale współgra z innymi kosmetykami w mojej pielęgnacji.
420355,5,"Świetnie współgra z makijażem, nic się nie roluje. Strzał w dziesiątkę, jestem na tak. Jest odpowiedni dla każdego typu skóry.❤️"
420355,5,Przyjemnie się nakłada na skórę. Skóra wygląda o wiele lepiej już w krótkim czasie. Cudo! Spełnił wszystkie moje oczekiwania – a nawet więcej.
420355,5,Ten krem to prawdziwy game-changer w mojej codziennej pielęgnacji.
420375,5,Super 💪
420375,4,Bardzo dobre serum. Dobrze się wchłania i nadaje skórze blask.
420375,5,Kosmetyk łatwy w aplikacji. Przyjemna konsystencja. Produkt spełnia swoją funkcję
420375,5,"dobrze nawilża, dobrze się wchłania"
420375,5,Świetny produkt.
420375,5,"Produkt naprawdę działa , redukuje zmarszczki w sposób zauważalny."
420375,5,Dobrze nawilża a z racji tego ze posiada mikroczasteczkowy kwas dziala tez na głebsze warstwy skory a nie tylko wypelnia na chwile zmarszczki.
420375,5,Dobrze się rozprowadza i szybko wchłania się
420375,5,😄 super
420518,5,Super produkt pięknie się wchłaniający.
420518,5,"👍️Skóra gładka, miękka, krem dobrze się aplikuje z pomocą precyzyjnej końcówki."
420518,5,Po serum cera jest gładka jak pupcia niemowlaka 😁
420518,5,Magiczny! Wg mnie cudo! Wyprasowane czoło! Uwielbiam 🔥
420518,5,SUPER KREMPOLECAM
420518,5,Cera jest aksamitna i gładka.
420518,5,Świetny produkt. a co najważniejsze nie uczula
420518,5,Polecam produkt spełnia moje oczekiwania 🔥🔥🔥🔥
420518,1,Szczypie mnie w oczy.
420518,4,Dobra konsystęcja
420548,2,Miały zmywać wodoodporna makijaż niestety nie zmywają
420548,5,"Chusteczki dobrze radzą sobie z usuwaniem makijażu. Formuła jest łagodna, idealna dla wrażliwej cery. Poręczne opakowanie, idealne na podróż."
420548,5,Bardzo mi się podobało.💯💯
420548,4,Wszystko super ale nie nadają się do demakijażu oczu ponieważ podrażniają moje oczy
420548,5,Dobre chusteczki
420548,5,Sa spoko
420548,5,Polecam makijaż schodzi po użyciu husteczek.
420548,4,"Nie do końca spełnią swoją funkcję.
Ale zapach👍"
420548,5,❤️❤️❤️❤️❤️
420548,5,Bardzo fajne chusteczki do odswiezania twarzy po bieganiu czy rowerze. Przyjemnie pachna i zostawiaja czysta skore.
420939,5,"Doskonale się wchłania dając przy tym uczucie lekkości, chłodzenia . Skóra na powiekach i pod oczami staje się delikatna i nawilżona. 
Jestem zadowolona z zakupu 👍"
420939,5,"Produkt zgodny z oczekiwaniami, jeszcz trudno mówić o efektach, ale ja jestem już bardzo zadowolona ."
420942,5,Polecam
421005,5,Delikatnie barwi na szaro
421005,5,Świetnie nawilża usta i efekt nawilżenia pozostaje na długo.
421005,5,"Zapewnia długotrwałe nawilżenie, usta nie są spierzchnięte."
421005,5,Robi furorę wśród dzieci :)
421005,5,"Nawilża, nie ma zapachu. Działa. Opakowanie sprawiło dziecku wiele radości."
421005,5,"Ok, spelnia swoja funkcje. Ma lekko czarny kolor, aiec syn potrafi zrobić sobie tym ""wąsy "" :D"
421005,2,"W pomadce jest czarny pigment; brudzi poza linią ust, więc mimo iż spodobała się synowi - nie sprawdza się."
421005,5,Ładny zapach.
421005,3,"Średni skład, nie nawilżają jakoś dobrze"
421005,5,"Najdziwniejsza pomadka BEZBARWNA na usta. Wprawdzie sztyft CZARNY, ale bezbarwny. Wiem, pomieszanie z poplątaniem.🚀"
44783,5,Mój ulubiony płyn do demakijażu
44783,5,"Cieszę się, że składniki są łagodne dla oczu. Efektywne działanie nawet przy bardzo trwałym makijażu. Butelka jest bardzo elegancka i prosta w formie. 
Używam wodoodporny tuszu i grubo go nakładam ,płyn świetnie sobie radzi ze zmywaniem tuszu. Polecam"
44783,5,Nie czuję żadnego drażniącego działania na moich powiekach. Dwufazowy płyn łatwo usuwa nawet wodoodporny tusz. Wygodne w użyciu.
44783,5,"Przyjemny skład, czuję, że dobrze nawilża skórę. Świetnie radzi sobie z mocnym makijażem. Solidne zamknięcie, można zabrać w podróż bez obaw."
44783,4,Szczerze lubię go to moje drugie opakowanie dobra cena to też plus
44783,5,"stosuje od lat , bardzo dobry:)👍️"
44783,5,Dobrze zmywa tusz
44783,5,"Super radzi sobie z wodoodpornym makijażem, używam go od lat i jestem zadowolona, szkoda tylko że taki mały"
44783,5,Top-stosujęod 20lat.
44783,5,"Może nie jest idealny, ale bardzo dobry stosunek jakości do ceny. Kupuję od lat."
45690,5,👍️👍️👍️
45690,1,"Poproszono mnie o ocenę produktu, którego nigdy nie kupowałam"
45690,5,Polecam!
45690,5,Świetny żel do cery trądzikowej. Próbowałam już innych tego typu produktów i zawsze od wielu lat wracam do Garniera
45690,5,Po uzycii skora niekka jedwabna🔥 🔥
45690,4,"Syn zużywa kolejną tubkę, produkt nie daje 100% skuteczności, bo trądzik nadal występuje, ale cera po zastosowaniu żelu jest dużo gładsza.
Cena moim zdaniem ciut za wysoka."
45690,5,super produkt
45690,5,"Stosuję od lat, jestem bardzo zadowolona. Próbowałam w międzyczasie zmienić produkt na inny, ale niestety zaskórniaki ponownie wracały. I choć garnier nie przekonuje mnie swoimi szamponami, o tyle w tym produkcie ta marka się broni :)❤️"
45690,5,Już lata używam i jestem bardzo zadowolona.
45690,5,"Używany raz w tygodniu, na zmianę z drugą wersją tego produktu (czarne opakowanie) działa cuda. Wykorzystuję już 3 lub 4 opakowanie i nie zamierzam z tego produktu rezygnować :)"
4641,5,"Wygodne opakowanie ułatwia codzienne stosowanie. Regeneruje, koi, daje mi 100% zadowolenia. Nie wiem, jak wcześniej mogłam go nie znać."
4641,5,Używam codziennie i za każdym razem cera wygląda na zdrowszą. Cudownie kremowa formuła – łatwo się go używa. Warto mieć go w swojej kosmetyczce.
4641,5,Skóra po aplikacji jest gładka i przyjemna w dotyku.
4641,5,"Daje super efekt nawilżenia. Zostaje ze mną na dłużej. Bardzo dobrze się wchłania, nie trzeba długo czekać."
4641,5,Poprawia jędrność mojej cery i nawilża.
4641,5,"Konsystencja kremu idealnie współgra ze skórą ani za rzadka, ani za gęsta. Skóra jest miękka, dobrze nawilżona. Kosmetyk, do którego chce się wracać."
4641,5,"To jeden z tych produktów, do których regularnie wracam. Fantastyczna, lekka formuła. Idealny do codziennej pielęgnacji.⭐"
4641,5,Delikatnie koi i dobrze sprawdza się także przy skórze wrażliwej.
4641,2,"Dla mojej cery się nie sprawdził , szczypała mnie buzia po nałożeniu"
4641,5,Cera wygląda na wypoczętą i bardziej jędrną.
61111,4,"pomadka fajna, tylko często trzeba aplikować na usta
jednak za tę cenę dobry produkt"
61111,5,"Dobrze się aplikuje, nie roluje się. 👍️"
61111,5,🔥🔥🔥
61111,5,NAJLEPSZA od kilku lat kupuje ja masowo - super do ust i swietnie sie sprawdza do rzes i brwi delikatnie nawilza i wzmacnia rzesy🥰
61111,5,Niezawodna :)
61111,5,Usta są nawilżone przez długi czas. Wykończenie jest subtelne i nie przeszkadza.
61111,5,Pomadka z idealnym składem! 🤩
61111,5,"Dobrze nawilża ,miły smak."
61111,5,Dobre składniki i na długo wystarcza.
61111,5,Bardzo polecam na przesuszone usta
61520,5,miękka i dobrze nawilżająca.💪
61520,5,"Doskonale nawilża usta, czuć ulgę od razu. Wygląda bardzo naturalnie na ustach. Sztyft sunie po ustach bardzo przyjemnie i gładko."
61520,5,"Zapewnia długotrwałe nawilżenie, idealne na suche dni."
61520,5,Ok 👍️
61520,5,Spełnia swoje zadanie
61520,5,💯🔥💯
61520,5,Mąż zadowolony
61520,5,👍️ dobrze nawilża
61520,5,Dobrze pielęgnuje usta.❤️
61520,5,Sprawdza się
62937,5,"Nadaje się do stosowania na twarz, szyję i dekolt – nic się nie marnuje. Efekty są naprawdę świetne. Warto mieć go w swojej kosmetyczce. Stosuję go od wielu lat."
62937,5,"Nawilżenie 10/10.;) Doskonały wybór dla wymagającej skóry. Skóra jest bardziej nawilżona i wygładzona. Ma subtelny, kosmetyczny zapach. Świetnie się rozprowadza, pozostawiając skórę nawilżoną."
62937,4,Bezproblemowa aplikacja nawet w pośpiechu.
62937,5,Poprawia jędrność mojej cery i nawilża. Aplikacja tego kremu to miły początek dnia.
62937,5,Uwielbiam go bo jest lekki i do cery mieszanej.Nie obciąża skóry.👏
62937,5,"To jeden z tych produktów, do których regularnie wracam."
62937,5,"Cera wygląda zdrowiej. Nie zostawia tłustego filmu, skóra jest od razu gotowa na makijaż. Znakomity krem, polecam.👌"
62937,5,"Skóra jest miękka, dobrze nawilżona. Przyjemnie się nakłada na skórę. Wspaniały zakup, polecam.👍"
62937,5,Nawilżenie jest na najwyższym poziomie i długotrwałe.❤️
62937,3,...w tym opakowaniu kryje się malutki słoiczek z kremem a w słoiczku mało kremu. Nie polecam w tej cenie.🔥
66122,5,Dobrze radzą sobie nawet z krótkimi włoskami.
66122,4,Plastry usunęły włoski skutecznie za pierwszym razem.
66122,5,Używam od dłuższego czasu i naprawdę dają radę dodatkowo nie podrażniają skóry
66122,5,Polecam!
66122,5,Stosuję już od dawna i nie zawiodłam się
66122,5,Spełniają swoją funkcję. Nie podrażniają. Są delikatne.
66122,5,mama zadowolona
66122,5,Polecam
66122,4,Wszystko ok
66122,5,Ok. Ok
7954,5,Wygładza drobne linie i zmarszczki.
7954,5,"Nadaje się do stosowania na twarz, szyję i dekolt – nic się nie marnuje. Nawilża i regeneruje skórę."
7954,5,"Promocja, krem nie powoduje łzawienia oczu"
7954,5,"Cera wygląda zdrowiej. Nie zostawia tłustego filmu, skóra jest od razu gotowa na makijaż. Dobry kosmetyk, polecam serdecznie.👍"
7954,5,Aplikacja jest szybka i komfortowa. Daje efekt wypoczętej skóry. Nie żałuję zakupu i polecam.
7954,5,"Dobrze się rozprowadza, nie trzeba mocno wcierać."
7954,4,dla mnie super Idealny do szybkiej pielęgnacji – zero problemów z aplikacją. Odczuwalnie wygładza i zmiękcza skórę.
7954,5,"Mam bardzo tłustą cerę a ten krem jej nie obciąża dodatkowo więc super, nie świecę się."
7954,5,"Można bez obaw stosować także na szyję i dekolt. Nie zatyka porów, koi moją cerę. Naprawdę wart uwagi, polecam z całego serducha.❤️"
7954,5,"Jestem zadowolona z produktu,odpowiedn do ojej cery👍️"
81646,1,Nie polecam
81646,5,Polecam!
81646,5,Skutecznie zmywa makijaż
81646,5,Zawsze kupuję gdy podróżuję samolotem z bagażem podręcznym i nie mogę wziąć bardziej pojemnych buteleczek. Super oczyszcza oczy z tuszu - polecam ❤️
81646,5,bardzo dobry
81646,4,🔥polecam
81646,5,Sprawdza się
81646,5,Polecam
81646,5,Łatwo usuwa makijaż
81646,5,👍️👍️
9399,5,"Ma bardzo unikalną nutę, którą polubiłam od razu."
9399,5,"Bardzo lubię ten typowo pielęgnacyjny, czysty aromat."
9399,5,"👍️Odczuwalnie gęsty, doskonale zabezpiecza przesuszone miejsca na ciele."
9399,5,"Solidna i zbita masa, która nie rozwarstwia się w opakowaniu. To bardzo konkretne działanie regenerujące dla całej rodziny. Delikatny, przyjemny zapach. Najlepszy krem stosuję od wielu lat
😄"
9399,4,Odpowiedni dla mojej skóry Konsystencja kremu jest miękka i łatwa w rozprowadzeniu.
9399,5,Widocznie zmniejsza zaczerwienienia i wyrównuje koloryt skóry.
9399,5,"Kremu Nivea używam od 16 go roku życia,a mam 69 lat myślę,że po tylu latach używania tego kremu bez,którego nie mogę się obyć mogłabym 
od firmy uzyskać dożywotni rabat...pozdrawiam Nawilżenie jest na najwyższym poziomie i długotrwałe.❤️"
9399,5,Delikatnie koi i dobrze sprawdza się także przy skórze wrażliwej. Wygodne opakowanie ułatwia codzienne stosowanie. Uniwersalny.Zawsze go mam w torebce.
9399,4,"Dobrze się rozprowadza, ale chwilę się wchłania."
9399,5,Skuteczność widoczna już po pierwszym tygodniu stosowania. Bezproblemowa aplikacja nawet w pośpiechu. Idealny do codziennej pielęgnacji.⭐
