id,brand,category,stars,opinions,log_opinions,weighted_rating,standardized_price_per_unit,log_standardized_price,ingredients_count,active_count,active_share,active_position_score,fragrance_count,fragrance_allergen_count,preservative_count,is_alcohol_denat,drying_alcohol_count,is_drying_alcohol,is_parfum,is_colorant,is_niacinamide,is_retinoids,is_ceramides,is_vitamin_c,is_panthenol,is_peptides,is_hyaluronic_acid,is_centella_asiatica,is_salicylic_acid,is_squalane,is_aha,reviews_analyzed,mean_observed_review_rating,mean_expected_review_rating,mean_sentiment_score,median_sentiment_score,sentiment_score_std,negative_review_share,neutral_review_share,positive_review_share
2077380,ERNE,Pielęgnacja twarzy - Preparaty punktowe,4.86,1519,7.33,4.86,0.35,0.30,16,5,31.25,11,8,7,0,0,0,0,0,0,1,0,0,0,0,0,0,0,0,0,0,10,4.90,4.67,0.83,0.91,0.21,0.00,0.00,1.00
396114,KIMOCO,Pielęgnacja twarzy - Maseczki,4.88,333,5.81,4.87,20.83,3.08,35,20,57.14,27,5,4,0,0,0,0,1,0,0,0,0,1,0,0,1,1,0,0,0,10,5.00,4.75,0.88,0.90,0.11,0.00,0.00,1.00
396113,KIMOCO,Pielęgnacja twarzy - Maseczki,4.87,519,6.25,4.87,20.83,3.08,31,16,51.61,25,3,2,1,0,0,0,1,0,0,0,0,0,1,0,0,0,0,0,0,10,5.00,4.68,0.84,0.86,0.12,0.00,0.00,1.00
396111,KIMOCO,Pielęgnacja twarzy - Maseczki,4.87,538,6.29,4.87,20.83,3.08,17,5,29.41,9,1,0,0,1,1,1,1,0,0,0,0,0,0,0,0,0,0,0,0,10,5.00,4.63,0.81,0.89,0.16,0.00,0.00,1.00
372411,SELFIE PROJECT,Pielęgnacja twarzy - Preparaty punktowe,4.82,673,6.51,4.82,0.74,0.55,15,3,20.00,6,8,7,0,0,0,0,0,0,0,0,0,0,0,0,0,0,0,0,0,10,4.60,4.40,0.70,0.81,0.40,0.10,0.00,0.90
2104552,KIMOCO,Pielęgnacja twarzy - Maseczki,4.86,314,5.75,4.86,59.34,4.10,31,17,54.84,28,0,0,0,0,0,0,0,0,1,0,0,0,0,0,1,0,0,0,0,10,4.60,4.70,0.85,0.88,0.14,0.00,0.00,1.00
2101984,KIMOCO,Pielęgnacja twarzy - Maseczki,4.81,353,5.87,4.81,41.26,3.74,34,21,61.76,30,1,0,0,0,0,0,1,0,0,0,0,0,0,0,1,1,0,1,0,10,4.90,4.73,0.87,0.91,0.19,0.00,0.10,0.90
2031141,KIMOCO,Pielęgnacja twarzy - Płatki pod oczy,4.63,284,5.65,4.64,0.48,0.39,37,24,64.86,30,1,0,2,0,0,0,1,1,0,0,0,0,0,1,1,0,0,0,0,10,4.90,4.69,0.84,0.93,0.28,0.10,0.00,0.90
2067994,ISANA,Oczyszczanie i demakijaż twarzy - Peelingi do twarzy,4.81,362,5.89,4.81,9.59,2.36,17,9,52.94,16,0,0,1,0,0,0,0,0,0,0,0,0,1,0,0,0,0,0,1,10,4.90,4.64,0.82,0.87,0.14,0.00,0.00,1.00
377734,ISANA,Pielęgnacja twarzy - Płatki pod oczy,4.83,622,6.43,4.83,2.29,1.19,18,9,50.00,20,1,0,1,0,0,0,1,1,0,0,0,0,0,0,1,0,0,0,0,10,4.90,4.69,0.85,0.87,0.11,0.00,0.00,1.00
183785,GARNIER,Oczyszczanie i demakijaż twarzy - Płyny do demakijażu,4.88,567,6.34,4.88,5.62,1.89,7,1,14.29,3,0,0,0,0,0,0,0,0,0,0,0,0,0,0,0,0,0,0,0,10,4.50,4.56,0.78,0.79,0.13,0.00,0.00,1.00
2104575,KIMOCO,Pielęgnacja twarzy - Maseczki,4.76,116,4.76,4.76,41.26,3.74,20,9,45.00,17,1,0,0,0,0,0,1,0,0,0,0,0,0,0,0,0,0,0,0,9,4.89,4.82,0.91,0.94,0.09,0.00,0.00,1.00
407364,KIMOCO,Pielęgnacja twarzy - Maseczki,4.86,178,5.19,4.85,20.83,3.08,33,18,54.55,22,2,1,0,0,0,0,1,0,0,0,0,0,1,0,1,0,0,0,0,10,5.00,4.86,0.93,0.96,0.07,0.00,0.00,1.00
2031148,KIMOCO,Pielęgnacja twarzy - Maseczki,4.87,76,4.34,4.85,20.83,3.08,22,9,40.91,14,1,0,1,1,1,1,1,0,1,0,0,0,0,0,0,0,0,0,0,10,4.90,4.50,0.75,0.76,0.15,0.00,0.10,0.90
2078518,BEAUTY OF JOSEON,Pielęgnacja twarzy - Kosmetyki z SPF,4.89,80,4.39,4.87,149.98,5.02,42,22,52.38,27,0,0,0,0,0,0,0,0,1,0,0,0,0,0,0,0,0,0,0,10,5.00,4.67,0.84,0.87,0.12,0.00,0.00,1.00
419343,AA,Oczyszczanie i demakijaż twarzy - Żele i pianki do mycia twarzy,4.92,223,5.41,4.91,12.99,2.64,18,9,50.00,13,1,0,3,0,0,0,1,0,0,0,1,0,0,0,0,1,0,0,1,10,4.70,4.50,0.75,0.89,0.38,0.10,0.00,0.90
2125380,CLOUD111,Tonizowanie twarzy - Toniki do twarzy,4.90,21,3.09,4.84,24.99,3.26,19,8,42.11,19,4,3,3,0,0,0,1,0,0,0,0,0,1,0,0,0,0,0,0,10,4.30,4.25,0.62,0.83,0.49,0.20,0.00,0.80
402888,ISANA,Oczyszczanie i demakijaż twarzy - Peelingi do twarzy,4.88,106,4.67,4.86,56.63,4.05,8,4,50.00,10,0,0,1,0,0,0,0,0,0,0,0,0,1,0,0,0,1,0,0,10,5.00,4.62,0.81,0.86,0.15,0.00,0.00,1.00
411645,BIELENDA PROFESSIONAL,Pielęgnacja twarzy - Kremy do twarzy,4.95,254,5.54,4.94,139.98,4.95,39,25,64.10,34,2,2,2,0,0,0,1,1,0,0,1,1,0,0,0,0,0,1,0,10,4.90,4.67,0.83,0.86,0.14,0.00,0.00,1.00
349391,ESFOLIO,Pielęgnacja twarzy - Maseczki,4.87,334,5.81,4.87,9.16,2.32,25,8,32.00,18,4,3,2,0,1,1,1,0,0,0,0,0,0,0,1,0,0,0,0,10,4.80,4.61,0.80,0.79,0.09,0.00,0.00,1.00
2117337,COLOSTROBAZA,Pielęgnacja twarzy - Kremy do twarzy,4.88,48,3.89,4.85,58.30,4.08,12,6,50.00,12,0,0,0,0,0,0,0,0,0,0,0,0,0,0,0,0,0,0,0,10,4.90,4.67,0.84,0.87,0.15,0.00,0.00,1.00
285271,ISANA,Pielęgnacja twarzy - Maseczki,4.88,260,5.56,4.87,3.79,1.57,23,11,47.83,24,2,1,3,0,0,0,1,0,0,0,0,0,1,0,1,0,0,0,0,9,5.00,4.65,0.82,0.91,0.20,0.00,0.11,0.89
2038055,AA,Tonizowanie twarzy - Esencje i hydrolaty do twarzy,4.91,166,5.12,4.90,12.24,2.58,12,7,58.33,15,0,0,0,0,0,0,0,0,0,0,0,0,0,0,1,1,0,0,0,10,4.90,4.66,0.83,0.89,0.18,0.00,0.00,1.00
2071400,ISANA,"Pielęgnacja twarzy - Serum, boostery i esencje",4.78,179,5.19,4.78,66.63,4.21,15,6,40.00,14,0,0,1,0,0,0,0,0,0,0,0,0,1,0,0,0,0,0,0,9,4.67,4.54,0.77,0.87,0.30,0.11,0.00,0.89
269279,MIXA,Pielęgnacja twarzy - Kremy do twarzy,4.90,253,5.54,4.89,43.98,3.81,23,11,47.83,21,1,0,1,0,0,0,1,0,0,0,0,0,0,0,1,0,0,0,0,10,4.90,4.74,0.87,0.92,0.15,0.00,0.00,1.00
390741,GARNIER,"Pielęgnacja twarzy - Serum, boostery i esencje",4.77,150,5.02,4.77,159.97,5.08,30,15,50.00,21,4,3,1,1,1,1,1,0,1,0,0,1,0,0,1,0,1,0,0,9,4.56,4.37,0.68,0.84,0.40,0.22,0.00,0.78
407363,KIMOCO,Pielęgnacja twarzy - Maseczki,4.89,146,4.99,4.88,20.83,3.08,17,5,29.41,9,1,0,0,0,1,1,1,0,0,0,0,0,0,0,0,0,0,0,0,10,4.90,4.65,0.83,0.88,0.22,0.00,0.10,0.90
357910,FLUFF,"Pielęgnacja twarzy - Serum, boostery i esencje",4.85,165,5.11,4.84,82.48,4.42,36,22,61.11,32,1,1,4,0,0,0,1,1,0,1,0,1,0,0,0,0,0,0,0,10,4.60,4.45,0.72,0.91,0.59,0.10,0.00,0.90
211856,PERFECTA,Pielęgnacja twarzy - Płatki pod oczy,4.87,301,5.71,4.86,2.50,1.25,22,13,59.09,23,0,1,1,0,1,1,0,1,0,1,0,0,0,0,1,0,0,0,0,10,4.50,4.31,0.65,0.84,0.53,0.10,0.00,0.90
2102844,BIELENDA,"Pielęgnacja twarzy - Serum, boostery i esencje",4.92,229,5.44,4.91,71.09,4.28,16,4,25.00,10,3,2,1,0,0,0,1,0,0,0,0,0,1,1,1,0,0,0,0,10,4.90,4.72,0.86,0.89,0.14,0.00,0.00,1.00
2104548,MEDIHEAL,Pielęgnacja twarzy - Maseczki,4.89,283,5.65,4.88,38.11,3.67,47,30,63.83,36,1,0,0,0,0,0,1,0,1,0,1,0,1,0,1,0,0,1,0,10,4.70,4.57,0.78,0.92,0.31,0.00,0.20,0.80
312763,EVELINE COSMETICS,Oczyszczanie i demakijaż twarzy - Płyny do demakijażu,4.85,285,5.66,4.85,3.08,1.41,32,18,56.25,22,1,0,3,0,0,0,1,0,0,1,0,0,1,0,0,0,0,0,0,10,4.90,4.76,0.88,0.89,0.07,0.00,0.00,1.00
366261,ZIAJA,Oczyszczanie i demakijaż twarzy - Żele i pianki do mycia twarzy,4.91,303,5.72,4.90,7.33,2.12,21,15,71.43,23,1,0,1,0,0,0,1,0,1,0,0,0,1,0,0,0,0,0,1,10,4.90,4.73,0.86,0.89,0.10,0.00,0.00,1.00
2031150,KIMOCO,Pielęgnacja twarzy - Maseczki,4.92,88,4.49,4.89,20.83,3.08,28,15,53.57,20,1,0,1,0,0,0,1,0,0,0,0,0,0,0,1,1,0,0,0,10,5.00,4.66,0.83,0.81,0.09,0.00,0.00,1.00
2103904,FLUFF,Tonizowanie twarzy - Toniki do twarzy,4.85,154,5.04,4.84,11.99,2.56,19,8,42.11,20,2,2,4,0,0,0,1,1,0,0,0,0,0,0,0,0,0,0,0,10,4.90,4.76,0.88,0.92,0.12,0.00,0.00,1.00
9399,NIVEA,Pielęgnacja twarzy - Kremy do twarzy,4.89,377,5.93,4.88,13.98,2.71,21,9,42.86,21,9,7,0,0,0,0,1,0,0,0,0,0,1,0,0,0,0,0,0,10,4.80,4.69,0.84,0.86,0.06,0.00,0.00,1.00
2038042,BIELENDA,Oczyszczanie i demakijaż twarzy - Mleczka i emulsje do demakijażu,4.89,328,5.80,4.88,5.83,1.92,28,17,60.71,28,0,0,1,0,0,0,0,0,0,0,1,0,1,0,1,0,0,1,0,10,4.90,4.63,0.81,0.86,0.19,0.00,0.10,0.90
2078542,COSRX,Pielęgnacja twarzy - Preparaty punktowe,4.87,84,4.44,4.85,0.75,0.56,6,2,33.33,5,0,0,0,0,0,0,0,0,0,0,0,0,0,0,0,0,0,0,0,10,4.90,4.52,0.76,0.79,0.20,0.00,0.00,1.00
13165,ZIAJA,Pielęgnacja twarzy - Kremy do twarzy,4.89,422,6.05,4.89,6.78,2.05,22,7,31.82,16,10,10,2,0,0,0,1,0,0,0,0,0,0,0,0,0,0,0,0,10,5.00,4.77,0.88,0.91,0.10,0.00,0.00,1.00
2091799,BIELENDA,"Pielęgnacja twarzy - Serum, boostery i esencje",4.76,286,5.66,4.76,21.24,3.10,49,27,55.10,34,6,5,1,0,0,0,1,0,0,0,1,1,0,0,1,0,0,1,1,10,4.60,4.57,0.78,0.92,0.45,0.10,0.00,0.90
2031149,KIMOCO,Pielęgnacja twarzy - Maseczki,4.86,69,4.25,4.84,20.83,3.08,29,13,44.83,19,1,1,2,0,0,0,1,1,0,0,1,0,0,0,1,0,0,0,0,10,4.90,4.74,0.87,0.90,0.12,0.00,0.00,1.00
122797,NIVEA,Pielęgnacja twarzy - Kremy do twarzy,4.93,308,5.73,4.92,9.00,2.30,21,8,38.10,18,9,7,0,0,0,0,1,0,0,0,0,0,1,0,0,0,0,0,0,10,5.00,4.67,0.83,0.85,0.11,0.00,0.00,1.00
2117329,NIACYNOBAZA,"Pielęgnacja twarzy - Serum, boostery i esencje",4.76,66,4.20,4.77,66.63,4.21,11,7,63.64,15,0,0,0,0,0,0,0,0,1,0,0,0,0,0,0,0,0,0,0,9,4.89,4.70,0.85,0.86,0.10,0.00,0.00,1.00
2125379,CLOUD111,Oczyszczanie i demakijaż twarzy - Żele i pianki do mycia twarzy,4.69,13,2.64,4.75,13.33,2.66,27,15,55.56,26,1,1,4,0,0,0,1,1,0,0,0,0,1,0,0,0,0,0,1,7,4.43,4.32,0.66,0.90,0.66,0.14,0.00,0.86
2124604,ERNE,Pielęgnacja twarzy - Preparaty punktowe,4.50,16,2.83,4.66,0.32,0.28,17,6,35.29,13,8,7,0,0,0,0,0,0,1,0,0,0,0,0,0,0,0,0,0,10,4.50,4.48,0.74,0.84,0.29,0.10,0.00,0.90
349136,MEDIHEAL,Pielęgnacja twarzy - Maseczki,4.85,282,5.65,4.85,44.30,3.81,42,29,69.05,35,0,1,1,0,0,0,0,0,0,0,1,0,1,0,1,0,0,0,0,10,5.00,4.75,0.87,0.90,0.10,0.00,0.00,1.00
2074278,ISANA,Pielęgnacja twarzy - Płatki pod oczy,4.83,391,5.97,4.83,2.29,1.19,14,6,42.86,14,1,0,0,0,0,0,1,1,0,0,0,0,0,0,1,0,0,0,0,10,4.90,4.71,0.86,0.84,0.08,0.00,0.00,1.00
2113783,DERMIKA,Pielęgnacja twarzy - Kremy do twarzy,4.87,128,4.86,4.86,191.98,5.26,69,32,46.38,39,16,16,3,0,0,0,1,0,0,0,0,1,0,1,1,0,0,1,0,10,4.90,4.79,0.89,0.93,0.10,0.00,0.00,1.00
2074888,ISANA,Pielęgnacja twarzy - Płatki pod oczy,4.81,300,5.71,4.81,2.29,1.19,19,10,52.63,22,1,0,0,0,0,0,1,1,0,0,0,1,0,0,1,0,0,0,0,10,4.60,4.25,0.62,0.79,0.48,0.10,0.10,0.80
2102029,KIMOCO,Pielęgnacja twarzy - Kremy do twarzy,4.87,151,5.02,4.86,135.98,4.92,55,39,70.91,50,5,4,0,0,0,0,1,0,0,0,1,0,1,0,1,1,0,0,0,10,4.90,4.80,0.90,0.90,0.06,0.00,0.00,1.00
385730,ISANA,Oczyszczanie i demakijaż twarzy - Peelingi do twarzy,4.78,68,4.23,4.78,56.63,4.05,17,10,58.82,21,0,0,2,0,0,0,0,0,0,0,0,0,1,0,0,0,0,0,1,10,4.70,4.80,0.90,0.91,0.06,0.00,0.00,1.00
2102846,BIELENDA,"Pielęgnacja twarzy - Serum, boostery i esencje",4.90,163,5.10,4.89,75.53,4.34,43,19,44.19,30,7,8,3,0,0,0,1,1,0,0,1,1,0,0,0,0,0,1,0,10,4.90,4.66,0.83,0.91,0.21,0.00,0.10,0.90
2076575,SELFIE PROJECT,Pielęgnacja twarzy - Preparaty punktowe,4.80,163,5.10,4.80,0.94,0.66,18,6,33.33,12,8,8,0,0,0,0,0,0,0,0,0,0,0,0,0,0,0,0,0,10,4.70,4.60,0.80,0.85,0.21,0.00,0.10,0.90
2125687,CLOUD111,Pielęgnacja twarzy - Kremy do twarzy,4.56,18,2.94,4.68,49.97,3.93,37,21,56.76,33,5,4,3,0,0,0,1,1,1,0,0,1,1,0,0,0,0,1,1,10,4.30,4.64,0.82,0.87,0.18,0.00,0.00,1.00
2113747,BIELENDA,Tonizowanie twarzy - Toniki do twarzy,4.90,42,3.76,4.86,12.99,2.64,36,20,55.56,29,3,2,3,0,0,0,1,1,0,0,0,0,0,1,1,0,0,0,0,10,5.00,4.55,0.78,0.88,0.27,0.00,0.10,0.90
2077382,ERNE,Pielęgnacja twarzy - Preparaty punktowe,4.70,303,5.72,4.71,0.42,0.35,27,10,37.04,16,7,7,2,0,1,1,0,0,1,0,0,0,0,0,0,0,0,0,0,9,4.56,4.30,0.65,0.84,0.45,0.11,0.11,0.78
407381,ZIAJA,Pielęgnacja ust - Balsamy i pomadki do ust,4.88,277,5.63,4.87,114.90,4.75,1,1,100.00,3,0,0,0,0,0,0,0,0,0,0,0,0,0,0,0,0,0,0,0,10,4.90,4.62,0.81,0.84,0.15,0.00,0.00,1.00
26900,NIVEA,Pielęgnacja twarzy - Kremy do twarzy,4.89,209,5.35,4.88,8.83,2.29,39,17,43.59,24,10,9,1,1,1,1,1,0,0,0,0,0,0,0,0,0,0,0,0,10,4.90,4.81,0.91,0.93,0.07,0.00,0.00,1.00
2113784,DERMIKA,Pielęgnacja twarzy - Kremy do twarzy,4.85,113,4.74,4.84,191.98,5.26,57,29,50.88,39,12,12,2,0,0,0,1,0,0,0,0,1,0,1,1,0,0,1,0,10,4.70,4.62,0.81,0.88,0.24,0.00,0.10,0.90
243209,MIXA,Pielęgnacja twarzy - Kremy do twarzy,4.87,118,4.78,4.86,43.98,3.81,19,12,63.16,24,1,0,1,0,0,0,1,0,0,0,0,0,0,0,1,0,0,1,0,10,5.00,4.71,0.86,0.90,0.12,0.00,0.00,1.00
2103201,FLUFF,"Pielęgnacja twarzy - Serum, boostery i esencje",4.81,83,4.43,4.80,82.48,4.42,41,24,58.54,32,2,1,4,0,0,0,1,0,0,0,1,0,1,0,0,0,0,1,1,10,4.60,4.65,0.83,0.93,0.23,0.00,0.10,0.90
2125688,CLOUD111,Pielęgnacja twarzy - Kremy do twarzy,4.27,11,2.48,4.60,49.97,3.93,30,16,53.33,29,5,4,3,0,0,0,1,1,0,0,0,1,1,0,1,0,0,1,0,8,4.12,4.37,0.69,0.78,0.24,0.00,0.12,0.88
258637,L'ORÉAL PARIS,Pielęgnacja twarzy - Kremy do twarzy,4.85,195,5.28,4.84,61.98,4.14,46,17,36.96,26,8,7,2,0,0,0,1,1,1,0,0,0,1,0,0,0,1,0,0,10,5.00,4.67,0.83,0.86,0.11,0.00,0.00,1.00
2091674,MIYA COSMETICS,Pielęgnacja twarzy - Kremy do twarzy,4.91,151,5.02,4.90,99.98,4.61,26,14,53.85,22,4,3,1,0,0,0,1,1,0,0,0,0,0,1,0,0,0,0,0,10,4.90,4.65,0.82,0.93,0.24,0.00,0.10,0.90
229948,BIELENDA,Oczyszczanie i demakijaż twarzy - Płyny do demakijażu,4.85,130,4.88,4.84,4.25,1.66,9,4,44.44,11,0,0,1,0,0,0,0,1,0,0,0,0,1,0,1,0,0,0,0,10,4.70,4.46,0.73,0.83,0.29,0.00,0.20,0.80
366262,ZIAJA,Oczyszczanie i demakijaż twarzy - Żele i pianki do mycia twarzy,4.91,340,5.83,4.90,7.33,2.12,21,14,66.67,21,1,0,1,0,0,0,1,0,1,0,0,0,1,0,0,0,0,0,1,10,5.00,4.75,0.87,0.88,0.09,0.00,0.00,1.00
276113,TOŁPA,Oczyszczanie i demakijaż twarzy - Peelingi do twarzy,4.85,93,4.54,4.84,82.48,4.42,17,9,52.94,20,1,0,2,0,0,0,1,0,0,0,0,0,0,0,0,0,0,0,0,10,4.70,4.59,0.79,0.86,0.25,0.00,0.10,0.90
349408,ESFOLIO,Pielęgnacja twarzy - Maseczki,4.87,254,5.54,4.86,9.16,2.32,23,9,39.13,19,1,0,2,0,1,1,1,0,0,0,0,0,0,0,1,0,0,0,0,10,4.90,4.74,0.87,0.89,0.06,0.00,0.00,1.00
167246,ISANA,Pielęgnacja twarzy - Preparaty punktowe,4.60,201,5.31,4.62,0.31,0.27,17,9,52.94,15,1,1,2,1,1,1,0,0,0,0,0,0,0,0,1,0,1,0,0,10,4.40,4.34,0.67,0.79,0.33,0.10,0.10,0.80
418580,ZIAJA,Pielęgnacja twarzy - Kremy do twarzy,4.87,222,5.41,4.86,18.98,2.99,31,19,61.29,30,8,6,1,0,0,0,1,0,1,0,0,1,0,0,0,0,0,0,0,10,4.90,4.68,0.84,0.88,0.14,0.00,0.00,1.00
331788,JANDA,Pielęgnacja twarzy - Kremy do twarzy,4.90,224,5.42,4.89,113.98,4.74,48,25,52.08,33,6,5,1,0,0,0,1,1,0,0,0,1,0,0,0,0,0,0,0,10,4.90,4.64,0.82,0.83,0.11,0.00,0.00,1.00
2101981,KIMOCO,Pielęgnacja twarzy - Kosmetyki z SPF,4.83,125,4.84,4.82,135.98,4.92,59,33,55.93,37,4,3,0,0,0,0,1,0,1,0,1,0,0,1,1,1,0,1,0,10,5.00,4.82,0.91,0.95,0.10,0.00,0.00,1.00
10999,NIVEA,Pielęgnacja ust - Balsamy i pomadki do ust,4.83,160,5.08,4.82,291.46,5.68,12,8,66.67,21,4,3,0,0,0,0,0,0,0,0,0,1,0,0,0,0,0,0,0,10,4.90,4.55,0.77,0.79,0.21,0.00,0.10,0.90
44783,ZIAJA,Oczyszczanie i demakijaż twarzy - Płyny do demakijażu,4.87,342,5.84,4.87,4.99,1.79,8,3,37.50,8,0,0,1,0,0,0,0,1,0,0,0,0,0,0,0,0,0,0,0,10,4.90,4.68,0.84,0.86,0.13,0.00,0.00,1.00
124125,NIVEA,Oczyszczanie i demakijaż twarzy - Płyny do demakijażu,4.90,275,5.62,4.89,9.59,2.36,19,7,36.84,14,0,0,2,0,0,0,0,1,0,0,0,0,0,0,0,0,0,0,0,10,5.00,4.60,0.80,0.91,0.24,0.00,0.10,0.90
390737,GARNIER,Oczyszczanie i demakijaż twarzy - Płyny do demakijażu,4.85,137,4.93,4.84,5.62,1.89,10,2,20.00,5,1,0,0,0,0,0,1,0,0,0,0,1,0,0,0,0,0,0,0,10,4.90,4.65,0.83,0.85,0.10,0.00,0.00,1.00
2104574,KIMOCO,Pielęgnacja twarzy - Maseczki,4.91,33,3.53,4.86,41.26,3.74,23,11,47.83,19,1,0,0,0,0,0,1,0,0,0,0,0,1,0,1,0,0,0,0,10,5.00,4.73,0.86,0.96,0.17,0.00,0.00,1.00
2031145,KIMOCO,Pielęgnacja twarzy - Maseczki,4.84,89,4.50,4.83,19.16,3.00,21,7,33.33,15,1,0,2,0,0,0,1,0,0,0,0,0,0,0,1,0,0,0,0,10,4.30,4.51,0.76,0.79,0.26,0.10,0.00,0.90
349369,ESFOLIO,Pielęgnacja twarzy - Maseczki,4.86,226,5.42,4.85,9.16,2.32,21,8,38.10,18,1,0,2,1,1,1,1,0,0,0,0,0,0,0,1,0,0,0,0,10,4.80,4.68,0.84,0.85,0.11,0.00,0.00,1.00
312761,EVELINE COSMETICS,Oczyszczanie i demakijaż twarzy - Płyny do demakijażu,4.90,183,5.21,4.89,3.08,1.41,19,13,68.42,20,0,0,1,0,0,0,0,0,0,0,0,0,1,0,1,0,0,0,0,10,5.00,4.53,0.77,0.81,0.13,0.00,0.00,1.00
2047005,RESIBO,Oczyszczanie i demakijaż twarzy - Żele i pianki do mycia twarzy,4.95,109,4.70,4.92,26.39,3.31,17,4,23.53,6,2,1,2,0,0,0,1,0,0,0,0,0,0,0,0,0,0,0,0,9,4.67,4.68,0.84,0.93,0.17,0.00,0.00,1.00
2103199,FLUFF,"Pielęgnacja twarzy - Serum, boostery i esencje",4.92,80,4.39,4.89,82.48,4.42,33,15,45.45,24,5,4,2,0,0,0,1,1,1,0,0,1,0,0,0,0,0,0,0,10,5.00,4.70,0.85,0.88,0.10,0.00,0.00,1.00
202218,MIXA,Pielęgnacja twarzy - Kremy do twarzy,4.92,149,5.01,4.90,43.98,3.81,23,14,60.87,26,1,0,1,1,1,1,1,0,1,0,0,0,0,0,0,0,0,0,0,10,5.00,4.84,0.92,0.91,0.05,0.00,0.00,1.00
371314,L'ORÉAL PARIS,Pielęgnacja twarzy - Kremy do twarzy,4.93,82,4.42,4.90,107.98,4.69,44,16,36.36,20,5,4,2,1,1,1,1,1,0,0,0,0,0,0,1,0,1,0,0,10,4.80,4.73,0.87,0.90,0.10,0.00,0.00,1.00
2031142,KIMOCO,Pielęgnacja twarzy - Płatki pod oczy,4.72,60,4.11,4.74,0.48,0.39,40,24,60.00,30,1,0,2,0,0,0,1,1,0,0,0,0,0,1,1,0,0,0,0,10,4.30,4.33,0.66,0.93,0.43,0.20,0.10,0.70
2110830,MEDIHEAL,Pielęgnacja twarzy - Maseczki,4.82,17,2.89,4.80,58.29,4.08,41,28,68.29,34,1,2,0,0,0,0,0,0,1,0,1,0,1,0,1,1,0,0,0,10,4.70,4.81,0.91,0.93,0.08,0.00,0.00,1.00
419479,L'ORÉAL PARIS,Pielęgnacja twarzy - Kremy do twarzy,4.87,94,4.55,4.85,199.98,5.30,27,15,55.56,25,4,2,2,1,1,1,1,0,1,0,1,0,0,0,1,0,0,0,0,9,4.56,4.77,0.89,0.91,0.10,0.00,0.00,1.00
2113816,SELFIE PROJECT,Pielęgnacja twarzy - Preparaty punktowe,4.66,71,4.28,4.69,0.94,0.66,14,6,42.86,11,0,0,2,0,0,0,0,0,1,0,0,0,0,0,0,1,0,0,0,10,4.60,4.57,0.79,0.88,0.22,0.00,0.10,0.90
2125689,CLOUD111,Oczyszczanie i demakijaż twarzy - Żele i pianki do mycia twarzy,4.89,9,2.30,4.82,13.33,2.66,23,11,47.83,22,4,3,3,0,0,0,1,1,0,0,0,0,1,0,0,0,0,0,0,7,4.86,4.70,0.85,0.87,0.13,0.00,0.00,1.00
2031146,KIMOCO,Pielęgnacja twarzy - Maseczki,4.83,88,4.49,4.82,19.16,3.00,26,12,46.15,25,1,0,2,0,0,0,1,0,0,0,0,0,0,0,1,0,0,0,0,10,4.60,4.43,0.72,0.86,0.32,0.10,0.10,0.80
233769,GARNIER,Oczyszczanie i demakijaż twarzy - Płyny do demakijażu,4.90,213,5.37,4.89,5.62,1.89,22,7,31.82,11,4,3,1,0,0,0,1,1,0,0,0,0,0,0,0,0,0,0,0,10,4.80,4.71,0.85,0.90,0.13,0.00,0.00,1.00
379120,SELFIE PROJECT,Pielęgnacja twarzy - Preparaty punktowe,4.80,135,4.91,4.80,0.74,0.55,11,6,54.55,12,0,0,0,0,0,0,0,0,1,0,0,0,0,0,0,0,0,0,0,10,4.50,4.28,0.64,0.85,0.51,0.10,0.10,0.80
258640,L'ORÉAL PARIS,Pielęgnacja twarzy - Kremy do twarzy,4.85,123,4.82,4.84,61.98,4.14,46,25,54.35,37,7,7,4,0,0,0,1,0,0,0,0,0,1,0,0,0,1,0,0,10,4.90,4.71,0.85,0.89,0.11,0.00,0.00,1.00
113233,PERFECTA,Pielęgnacja twarzy - Płatki pod oczy,4.79,159,5.08,4.79,2.50,1.25,27,15,55.56,25,3,1,1,0,0,0,1,1,0,1,0,0,0,0,0,0,0,0,0,10,4.90,4.77,0.88,0.89,0.06,0.00,0.00,1.00
2103899,MIYA COSMETICS,"Pielęgnacja twarzy - Serum, boostery i esencje",4.88,129,4.87,4.87,166.63,5.12,26,11,42.31,22,10,9,1,0,0,0,1,0,0,0,0,0,0,0,0,0,0,0,0,5,5.00,4.76,0.88,0.84,0.08,0.00,0.00,1.00
357736,L'ORÉAL PARIS,"Pielęgnacja twarzy - Serum, boostery i esencje",4.88,98,4.60,4.86,206.63,5.34,18,6,33.33,15,5,5,3,0,0,0,1,0,0,0,0,1,0,1,1,0,0,0,0,10,4.60,4.64,0.82,0.87,0.19,0.00,0.10,0.90
2031087,SELFIE PROJECT,Pielęgnacja twarzy - Preparaty punktowe,4.76,98,4.60,4.76,0.94,0.66,14,4,28.57,8,0,0,1,0,0,0,0,0,0,0,0,0,0,0,0,0,1,0,0,10,4.90,4.60,0.80,0.85,0.18,0.00,0.00,1.00
2098169,ISANA,Pielęgnacja twarzy - Płatki pod oczy,4.68,47,3.87,4.71,0.39,0.33,30,19,63.33,32,2,0,1,0,0,0,0,1,0,0,0,0,0,0,1,1,0,0,0,10,4.70,4.53,0.76,0.83,0.17,0.00,0.00,1.00
373905,PERFECTA,Pielęgnacja twarzy - Płatki pod oczy,4.79,129,4.87,4.79,2.50,1.25,30,24,80.00,37,4,3,0,0,0,0,1,0,0,1,0,0,0,0,0,0,0,0,0,9,4.33,4.19,0.59,0.78,0.44,0.22,0.00,0.78
331790,JANDA,Pielęgnacja twarzy - Kremy do twarzy,4.92,168,5.13,4.91,113.98,4.74,50,26,52.00,38,7,5,1,0,0,0,1,1,0,0,0,1,0,0,0,0,0,1,0,10,4.90,4.79,0.90,0.94,0.10,0.00,0.00,1.00
2125381,CLOUD111,Oczyszczanie i demakijaż twarzy - Żele i pianki do mycia twarzy,4.92,13,2.64,4.84,13.33,2.66,30,14,46.67,22,4,2,2,0,0,0,1,1,0,0,0,0,1,0,0,0,0,0,0,7,4.86,4.43,0.71,0.81,0.25,0.00,0.14,0.86
250875,GARNIER,Pielęgnacja twarzy - Maseczki,4.87,47,3.87,4.84,46.84,3.87,25,11,44.00,21,3,1,5,0,1,1,1,0,0,0,0,0,0,0,1,0,0,0,0,10,4.80,4.61,0.80,0.91,0.31,0.10,0.00,0.90
223574,L'ORÉAL PARIS,Pielęgnacja twarzy - Kremy do twarzy,4.83,165,5.11,4.82,61.98,4.14,39,18,46.15,29,9,7,3,0,0,0,1,0,0,0,0,0,0,0,0,0,1,0,0,10,4.50,4.62,0.81,0.86,0.27,0.10,0.00,0.90
413294,ISANA,"Pielęgnacja twarzy - Serum, boostery i esencje",4.96,295,5.69,4.95,121.50,4.81,25,12,48.00,23,5,5,2,0,0,0,1,0,0,0,0,0,1,1,1,0,0,0,0,10,5.00,4.69,0.85,0.86,0.12,0.00,0.00,1.00
2104439,PERFECTA,Oczyszczanie i demakijaż twarzy - Peelingi do twarzy,4.90,128,4.86,4.88,32.90,3.52,29,10,34.48,14,5,4,3,0,0,0,1,1,0,0,0,0,0,0,0,0,0,0,0,10,4.90,4.73,0.86,0.91,0.14,0.00,0.00,1.00
2011013,REGENERUM,Pielęgnacja ust - Serum i olejki do ust,4.78,161,5.09,4.78,399.80,5.99,33,24,72.73,39,2,0,0,0,0,0,1,1,0,1,0,1,1,0,0,0,0,0,0,10,4.40,4.43,0.71,0.88,0.32,0.10,0.10,0.80
417990,YOPE,Oczyszczanie i demakijaż twarzy - Żele i pianki do mycia twarzy,4.90,63,4.16,4.87,15.99,2.83,22,9,40.91,13,1,0,2,0,0,0,1,0,0,0,0,0,0,0,0,0,0,0,0,10,4.60,4.28,0.64,0.85,0.38,0.20,0.00,0.80
245396,EVELINE COSMETICS,Pielęgnacja twarzy - Kremy do twarzy,4.84,190,5.25,4.83,37.98,3.66,48,25,52.08,35,8,6,6,0,0,0,1,0,0,0,0,0,0,1,1,0,0,0,0,10,4.90,4.66,0.83,0.84,0.11,0.00,0.00,1.00
2113653,KLOO,Pielęgnacja twarzy - Kremy do twarzy,4.54,37,3.64,4.63,253.98,5.54,33,13,39.39,17,1,0,3,0,0,0,1,1,0,0,0,1,0,0,1,1,0,1,0,10,4.40,4.41,0.70,0.88,0.42,0.20,0.00,0.80
2102847,BIELENDA,Oczyszczanie i demakijaż twarzy - Żele i pianki do mycia twarzy,4.90,124,4.83,4.88,10.99,2.48,28,9,32.14,15,6,6,4,0,0,0,1,0,0,0,0,0,0,0,0,0,0,0,0,10,4.90,4.64,0.82,0.85,0.16,0.00,0.00,1.00
418585,ZIAJA,Oczyszczanie i demakijaż twarzy - Żele i pianki do mycia twarzy,4.87,191,5.26,4.86,4.73,1.75,25,15,60.00,23,3,2,1,0,0,0,1,0,1,0,0,1,0,0,0,0,0,0,0,10,4.50,4.70,0.85,0.89,0.12,0.00,0.00,1.00
218809,EXCLUSIVE COSMETICS,Pielęgnacja twarzy - Płatki pod oczy,4.67,133,4.90,4.68,3.00,1.39,21,8,38.10,18,0,0,2,0,0,0,0,1,0,0,0,0,1,0,0,0,0,0,0,10,4.60,4.56,0.78,0.82,0.14,0.00,0.00,1.00
2103216,HERO.,Pielęgnacja twarzy - Preparaty punktowe,4.84,98,4.60,4.83,1.46,0.90,1,0,0.00,0,0,0,0,0,0,0,0,0,0,0,0,0,0,0,0,0,0,0,0,10,4.90,4.67,0.83,0.87,0.13,0.00,0.00,1.00
2081684,HOLIKA HOLIKA,Pielęgnacja twarzy - Maseczki,4.82,44,3.81,4.81,65.17,4.19,23,15,65.22,22,4,2,0,0,0,0,1,0,0,0,0,0,0,0,0,1,0,0,0,10,4.90,4.80,0.90,0.89,0.05,0.00,0.00,1.00
2122100,BIELENDA,Pielęgnacja ust - Maseczki na usta,4.40,20,3.04,4.59,337.38,5.82,38,21,55.26,28,2,1,2,0,0,0,0,0,0,0,0,0,0,0,1,0,0,1,0,10,4.10,4.42,0.71,0.74,0.24,0.00,0.10,0.90
288117,BIELENDA,Pielęgnacja twarzy - Maseczki,4.59,158,5.07,4.61,2.50,1.25,9,4,44.44,11,0,0,1,0,0,0,0,0,0,0,0,0,0,0,0,0,0,0,0,9,4.67,4.51,0.75,0.80,0.26,0.00,0.11,0.89
357711,ZIAJA,Tonizowanie twarzy - Toniki do twarzy,4.80,139,4.94,4.80,3.50,1.50,13,6,46.15,14,1,0,1,0,0,0,1,0,0,0,0,0,0,0,0,0,0,0,0,10,4.60,4.66,0.83,0.89,0.15,0.00,0.00,1.00
2102957,BIELENDA,Oczyszczanie i demakijaż twarzy - Mleczka i emulsje do demakijażu,4.87,168,5.13,4.86,9.66,2.37,52,35,67.31,43,0,0,1,0,0,0,0,1,1,0,1,1,0,0,0,0,0,1,0,10,5.00,4.60,0.80,0.88,0.15,0.00,0.00,1.00
2078437,ERNE,Pielęgnacja twarzy - Płatki pod oczy,4.82,99,4.61,4.81,1.90,1.06,24,15,62.50,25,0,0,1,0,0,0,0,1,0,0,0,0,0,1,1,0,0,0,0,10,4.70,4.38,0.69,0.81,0.42,0.10,0.00,0.90
381230,PIL’ATEN,Pielęgnacja ust - Maseczki na usta,4.61,84,4.44,4.64,49.86,3.93,15,8,53.33,20,1,0,1,0,0,0,1,1,0,0,0,0,0,0,1,0,0,0,0,10,4.80,4.40,0.70,0.84,0.33,0.10,0.10,0.80
2038043,BIELENDA,Pielęgnacja twarzy - Kremy do twarzy,4.80,124,4.83,4.80,33.98,3.55,40,25,62.50,33,0,0,2,0,0,0,0,0,0,0,1,1,1,0,0,1,0,1,0,10,5.00,4.76,0.88,0.88,0.06,0.00,0.00,1.00
2103906,FLUFF,Pielęgnacja twarzy - Kremy do twarzy,4.77,79,4.38,4.77,53.98,4.01,35,19,54.29,27,3,3,4,0,0,0,1,1,0,0,0,0,1,0,0,0,0,0,0,10,5.00,4.75,0.88,0.89,0.08,0.00,0.00,1.00
2103454,FLUFF,Tonizowanie twarzy - Toniki do twarzy,4.88,74,4.32,4.86,17.99,2.94,16,6,37.50,14,2,0,4,0,0,0,1,0,0,0,0,0,0,0,0,0,0,0,0,10,4.90,4.63,0.81,0.91,0.23,0.00,0.10,0.90
370538,GARNIER,Pielęgnacja twarzy - Maseczki,4.81,32,3.50,4.80,53.54,4.00,34,21,61.76,28,3,1,2,0,0,0,1,1,0,0,0,1,0,0,1,0,0,0,0,10,4.80,4.69,0.84,0.89,0.21,0.00,0.10,0.90
173154,L'ORÉAL PARIS,Pielęgnacja twarzy - Kremy pod oczy,4.82,119,4.79,4.81,253.27,5.54,23,12,52.17,21,0,0,2,0,0,0,0,1,0,0,0,0,0,0,1,0,0,0,0,10,4.90,4.69,0.84,0.86,0.10,0.00,0.00,1.00
276293,EVELINE COSMETICS,Oczyszczanie i demakijaż twarzy - Płyny do demakijażu,4.92,171,5.15,4.91,2.60,1.28,19,11,57.89,19,1,0,3,0,0,0,1,0,0,0,0,0,1,0,0,0,0,0,0,10,5.00,4.79,0.89,0.92,0.08,0.00,0.00,1.00
390185,BIELENDA,Pielęgnacja twarzy - Kremy do twarzy,4.87,92,4.53,4.85,51.98,3.97,35,17,48.57,26,6,6,4,0,0,0,1,0,0,0,0,1,0,0,1,0,0,1,0,10,4.90,4.70,0.85,0.84,0.11,0.00,0.00,1.00
131521,ZIAJA,Pielęgnacja twarzy - Maseczki,4.86,133,4.90,4.85,38.43,3.67,25,11,44.00,19,4,2,2,0,0,0,1,1,0,0,0,0,1,0,0,0,0,0,0,10,4.70,4.54,0.77,0.88,0.31,0.00,0.20,0.80
2102843,BIELENDA,"Pielęgnacja twarzy - Serum, boostery i esencje",4.82,95,4.56,4.81,71.09,4.28,14,5,35.71,14,0,0,1,0,0,0,0,1,1,0,0,0,1,0,0,0,0,0,0,10,4.90,4.78,0.89,0.94,0.14,0.00,0.00,1.00
2104705,ERNE,Pielęgnacja twarzy - Maseczki,4.54,80,4.39,4.59,14.49,2.74,31,25,80.65,37,0,0,0,0,0,0,0,0,1,0,1,0,1,1,1,0,0,1,0,10,3.80,3.87,0.43,0.53,0.48,0.40,0.10,0.50
218926,MIXA,Oczyszczanie i demakijaż twarzy - Żele i pianki do mycia twarzy,4.89,98,4.60,4.87,8.99,2.30,17,7,41.18,11,1,0,2,0,0,0,1,0,1,0,0,0,0,0,0,0,1,0,0,10,4.80,4.55,0.77,0.82,0.18,0.00,0.10,0.90
2110787,BIELENDA,Pielęgnacja twarzy - Maseczki,4.65,52,3.97,4.69,6.99,2.08,33,16,48.48,27,2,1,1,0,0,0,1,1,1,0,0,0,0,0,1,0,0,0,0,10,4.80,4.63,0.82,0.95,0.26,0.00,0.10,0.90
2009024,BIELENDA,Pielęgnacja ust - Balsamy i pomadki do ust,4.87,163,5.10,4.86,149.90,5.02,33,18,54.55,27,3,2,5,0,0,0,1,1,0,0,0,1,0,0,0,0,0,1,0,10,4.40,4.26,0.63,0.64,0.26,0.00,0.20,0.80
349386,ESFOLIO,Pielęgnacja twarzy - Maseczki,4.83,223,5.41,4.83,9.16,2.32,23,8,34.78,18,1,1,3,0,1,1,1,0,0,0,0,0,0,0,1,0,0,0,0,10,5.00,4.75,0.87,0.89,0.08,0.00,0.00,1.00
418581,ZIAJA,Pielęgnacja twarzy - Kremy do twarzy,4.90,176,5.18,4.89,18.98,2.99,37,23,62.16,35,8,6,1,0,0,0,1,0,1,0,0,1,0,0,0,0,0,0,0,10,5.00,4.69,0.85,0.89,0.16,0.00,0.00,1.00
2120709,ISANA,Tonizowanie twarzy - Toniki do twarzy,4.86,42,3.76,4.83,0.24,0.22,13,5,38.46,9,1,0,2,0,0,0,1,0,0,0,0,1,1,0,0,0,1,0,1,10,4.80,4.62,0.81,0.90,0.24,0.00,0.10,0.90
2113787,DERMIKA,Pielęgnacja twarzy - Kremy pod oczy,4.76,75,4.33,4.76,466.60,6.15,46,26,56.52,36,0,0,3,0,0,0,0,0,0,0,0,1,0,1,1,0,0,1,0,10,4.30,4.38,0.69,0.90,0.39,0.10,0.20,0.70
2083037,SKIN1004,Pielęgnacja twarzy - Kosmetyki z SPF,4.91,23,3.18,4.85,143.98,4.98,41,22,53.66,27,0,0,0,0,0,0,0,0,1,0,0,0,0,0,1,1,0,0,0,10,4.90,4.65,0.82,0.89,0.16,0.00,0.00,1.00
2126455,SELFIE PROJECT,Pielęgnacja ust - Serum i olejki do ust,4.89,9,2.30,4.82,158.25,5.07,29,10,34.48,18,7,6,1,0,0,0,1,1,0,0,0,0,0,1,0,0,0,0,0,4,4.75,4.23,0.62,0.84,0.50,0.25,0.00,0.75
2071286,ISANA,"Pielęgnacja twarzy - Serum, boostery i esencje",4.80,49,3.91,4.79,66.63,4.21,14,6,42.86,14,0,0,0,0,0,0,0,0,1,0,0,0,0,0,0,0,1,0,0,10,4.70,4.41,0.71,0.89,0.46,0.10,0.10,0.80
2076066,AA,Pielęgnacja twarzy - Kremy pod oczy,4.81,136,4.92,4.81,246.60,5.51,37,21,56.76,32,0,0,3,0,0,0,0,1,0,0,0,0,1,1,0,0,0,0,0,10,4.80,4.80,0.90,0.93,0.08,0.00,0.00,1.00
2125271,BIELENDA,Tonizowanie twarzy - Toniki do twarzy,5.00,3,1.39,4.81,0.80,0.59,50,36,72.00,44,2,0,2,0,0,0,1,0,1,0,0,0,1,0,1,1,0,0,0,2,5.00,4.78,0.89,0.89,0.08,0.00,0.00,1.00
2103460,FLUFF,Pielęgnacja twarzy - Kosmetyki z SPF,4.42,85,4.45,4.49,65.98,4.20,39,16,41.03,20,2,0,4,0,0,0,1,0,0,0,1,0,1,0,0,0,0,0,0,10,3.80,3.63,0.31,0.49,0.69,0.30,0.10,0.60
2102953,BIELENDA,Pielęgnacja twarzy - Kremy do twarzy,4.82,90,4.51,4.81,57.98,4.08,65,44,67.69,53,0,0,2,0,0,0,0,1,1,0,1,1,0,0,0,0,0,1,0,10,4.60,4.68,0.84,0.89,0.13,0.00,0.00,1.00
66122,JOANNA,Depilacja twarzy - Plastry i kremy do depilacji,4.67,131,4.88,4.68,0.83,0.60,9,2,22.22,5,2,1,0,0,0,0,1,1,0,0,0,0,0,0,0,0,0,0,0,10,4.80,4.49,0.75,0.80,0.21,0.00,0.10,0.90
293119,BIOTANIQE,Pielęgnacja twarzy - Maseczki,4.94,53,3.99,4.90,76.60,4.35,19,6,31.58,12,1,0,1,0,0,0,1,1,0,0,0,0,0,0,0,0,0,0,0,10,5.00,4.66,0.83,0.85,0.12,0.00,0.00,1.00
2113668,KLOO,"Pielęgnacja twarzy - Serum, boostery i esencje",4.73,22,3.14,4.75,479.97,6.18,31,13,41.94,18,1,0,2,0,0,0,1,1,0,0,0,1,0,1,0,0,0,0,0,10,4.40,4.06,0.53,0.75,0.52,0.20,0.10,0.70
396115,KIMOCO,Pielęgnacja twarzy - Maseczki,4.94,64,4.17,4.90,19.16,3.00,46,33,71.74,36,2,1,0,0,0,0,1,0,1,0,0,1,1,1,0,0,0,0,0,10,5.00,4.74,0.87,0.93,0.13,0.00,0.00,1.00
226067,NIVEA,Pielęgnacja ust - Balsamy i pomadki do ust,4.84,90,4.51,4.83,291.46,5.68,13,9,69.23,23,1,0,0,0,0,0,0,1,0,0,0,1,0,0,0,0,0,0,0,9,4.89,4.71,0.86,0.89,0.13,0.00,0.00,1.00
2113785,DERMIKA,"Pielęgnacja twarzy - Serum, boostery i esencje",4.94,51,3.95,4.90,159.98,5.08,54,26,48.15,36,11,11,2,0,0,0,1,0,0,0,0,1,0,1,1,0,0,1,0,10,5.00,4.79,0.90,0.91,0.07,0.00,0.00,1.00
247330,NIVEA,Pielęgnacja ust - Balsamy i pomadki do ust,4.84,129,4.87,4.83,291.46,5.68,14,9,64.29,23,1,0,0,0,0,0,0,1,0,0,0,1,0,0,0,0,0,0,0,10,4.40,4.42,0.71,0.83,0.30,0.10,0.00,0.90
248554,NIVEA,Oczyszczanie i demakijaż twarzy - Płyny do demakijażu,4.91,78,4.37,4.88,5.75,1.91,13,5,38.46,14,0,0,2,0,0,0,0,0,0,0,0,0,1,0,0,0,0,0,1,10,4.80,4.57,0.79,0.86,0.23,0.00,0.10,0.90
2092312,AA,Pielęgnacja twarzy - Kosmetyki z SPF,4.76,29,3.40,4.77,122.47,4.82,50,23,46.00,27,1,0,1,0,0,0,1,1,0,0,0,0,0,0,1,1,0,0,0,7,4.29,4.55,0.78,0.86,0.26,0.00,0.14,0.86
316172,JOANNA,Depilacja twarzy - Plastry i kremy do depilacji,4.62,172,5.15,4.64,0.42,0.35,13,4,30.77,10,1,0,0,0,0,0,1,1,0,0,0,0,0,0,0,0,0,0,0,10,4.20,4.08,0.54,0.77,0.49,0.30,0.00,0.70
2076064,AA,Pielęgnacja twarzy - Kremy do twarzy,4.88,131,4.88,4.87,75.98,4.34,43,26,60.47,37,1,0,3,0,0,0,1,0,0,0,1,0,1,1,0,0,0,1,0,10,4.80,4.67,0.83,0.88,0.15,0.00,0.00,1.00
23484,ZIAJA,Pielęgnacja twarzy - Kremy do twarzy,4.85,317,5.76,4.85,8.58,2.26,12,6,50.00,14,1,0,1,0,0,0,1,0,0,0,0,0,0,0,0,0,0,0,0,10,4.80,4.69,0.84,0.89,0.13,0.00,0.00,1.00
251086,SELFIE PROJECT,Pielęgnacja twarzy - Maseczki,4.51,72,4.29,4.57,3.37,1.47,9,4,44.44,11,0,0,1,0,0,0,0,0,0,0,0,0,0,0,0,0,0,0,0,9,4.78,4.59,0.79,0.86,0.20,0.00,0.11,0.89
315758,CHRISTIAN LAURENT,Pielęgnacja twarzy - Kremy do twarzy,4.88,184,5.22,4.87,85.98,4.47,68,44,64.71,56,5,5,4,0,0,0,1,0,0,0,1,0,1,1,0,0,0,0,1,10,4.90,4.71,0.86,0.89,0.11,0.00,0.00,1.00
229378,JANDA,Pielęgnacja twarzy - Maseczki,4.85,159,5.08,4.84,55.90,4.04,64,33,51.56,43,7,5,5,0,0,0,1,0,0,0,0,1,1,0,1,0,0,1,0,10,4.90,4.68,0.84,0.94,0.28,0.10,0.00,0.90
223565,L'ORÉAL PARIS,Pielęgnacja twarzy - Kremy do twarzy,4.92,85,4.45,4.89,61.98,4.14,37,20,54.05,32,7,5,1,0,0,0,1,0,0,1,0,0,0,0,0,0,1,0,0,10,4.90,4.66,0.83,0.83,0.09,0.00,0.00,1.00
2091802,BIELENDA,Pielęgnacja twarzy - Kremy do twarzy,4.69,105,4.66,4.70,56.98,4.06,51,37,72.55,44,1,0,1,0,0,0,1,0,0,0,1,1,0,1,1,0,0,1,1,9,4.56,4.50,0.75,0.92,0.52,0.11,0.00,0.89
2098737,SELFIE PROJECT,Pielęgnacja twarzy - Preparaty punktowe,4.71,41,3.74,4.73,0.74,0.55,10,5,50.00,11,0,0,0,0,0,0,0,0,0,0,0,0,0,0,0,0,0,0,0,10,4.30,4.02,0.51,0.52,0.33,0.10,0.30,0.60
2113399,L'ORÉAL PARIS,Pielęgnacja twarzy - Kremy pod oczy,4.25,73,4.30,4.36,313.27,5.75,17,5,29.41,7,0,0,1,1,1,1,0,0,0,0,0,0,0,0,0,0,0,0,0,10,4.20,4.51,0.76,0.90,0.35,0.10,0.00,0.90
2124586,L'ORÉAL PARIS,"Pielęgnacja twarzy - Serum, boostery i esencje",4.00,4,1.61,4.65,399.97,5.99,61,40,65.57,49,5,5,1,1,1,1,1,1,1,0,0,1,1,1,1,0,1,0,0,5,4.20,4.34,0.67,0.98,0.55,0.20,0.00,0.80
2038054,AA,Oczyszczanie i demakijaż twarzy - Płyny do demakijażu,4.75,59,4.09,4.76,5.62,1.89,15,8,53.33,15,0,0,1,0,0,0,0,0,0,0,0,1,1,0,0,1,0,0,0,10,4.50,4.64,0.82,0.90,0.21,0.00,0.10,0.90
396112,KIMOCO,Pielęgnacja twarzy - Maseczki,4.89,62,4.14,4.86,19.16,3.00,19,7,36.84,15,1,0,1,0,0,0,1,0,0,0,0,0,1,0,0,0,0,0,0,10,4.90,4.78,0.89,0.90,0.08,0.00,0.00,1.00
2113444,CHRISTIAN LAURENT,Pielęgnacja twarzy - Kremy do twarzy,4.83,90,4.51,4.82,93.98,4.55,36,17,47.22,24,6,5,2,0,0,0,1,0,1,0,0,0,0,0,0,0,0,0,0,10,4.80,4.73,0.86,0.87,0.09,0.00,0.00,1.00
2083932,REGENERUM,Pielęgnacja ust - Serum i olejki do ust,4.92,106,4.67,4.90,314.14,5.75,16,11,68.75,33,4,2,0,0,0,0,1,0,0,0,0,0,0,0,0,0,0,0,0,10,5.00,4.79,0.89,0.93,0.10,0.00,0.00,1.00
173161,L'ORÉAL PARIS,Pielęgnacja twarzy - Kremy do twarzy,4.92,139,4.94,4.90,73.98,4.32,46,21,45.65,33,6,5,2,0,0,0,1,1,0,1,0,1,0,1,1,0,1,0,0,10,4.80,4.72,0.86,0.92,0.16,0.00,0.00,1.00
223575,L'ORÉAL PARIS,Pielęgnacja twarzy - Kremy do twarzy,4.79,154,5.04,4.79,61.98,4.14,39,14,35.90,20,7,5,4,1,1,1,1,0,0,0,0,0,0,0,0,0,1,0,0,10,4.80,4.70,0.85,0.90,0.11,0.00,0.00,1.00
32800,NIVEA,Pielęgnacja ust - Balsamy i pomadki do ust,4.86,102,4.63,4.85,291.46,5.68,18,10,55.56,21,5,3,0,0,0,0,0,0,0,0,0,1,0,0,0,0,0,0,0,10,4.70,4.59,0.79,0.87,0.21,0.00,0.10,0.90
2117844,RETINOBAZA,Pielęgnacja twarzy - Kremy do twarzy,4.81,21,3.09,4.80,49.97,3.93,11,7,63.64,15,0,0,0,0,0,0,0,0,0,1,0,0,0,0,0,0,0,0,0,10,4.70,4.70,0.85,0.90,0.14,0.00,0.00,1.00
13161,ZIAJA,Pielęgnacja twarzy - Kremy do twarzy,4.87,144,4.98,4.86,18.98,2.99,26,11,42.31,21,9,8,1,0,0,0,1,0,0,1,0,0,0,0,0,0,0,0,0,10,4.80,4.73,0.87,0.89,0.13,0.00,0.00,1.00
281464,NIVEA,Pielęgnacja twarzy - Kremy do twarzy,4.86,133,4.90,4.85,69.99,4.26,42,23,54.76,29,1,1,1,0,0,0,1,0,0,0,0,0,1,0,1,0,0,1,0,10,4.90,4.84,0.92,0.93,0.04,0.00,0.00,1.00
366260,ZIAJA,Oczyszczanie i demakijaż twarzy - Żele i pianki do mycia twarzy,4.83,113,4.74,4.82,7.33,2.12,23,17,73.91,25,1,0,1,0,0,0,1,0,1,0,0,0,1,0,0,0,0,0,1,10,4.90,4.63,0.81,0.87,0.24,0.00,0.10,0.90
2124592,ERNE,Pielęgnacja twarzy - Preparaty punktowe,3.00,4,1.61,4.49,113.27,4.74,21,11,52.38,19,0,0,2,0,0,0,0,1,1,0,0,0,0,0,0,0,0,0,0,4,3.00,4.20,0.60,0.67,0.32,0.00,0.25,0.75
418872,ISANA,Pielęgnacja twarzy - Preparaty punktowe,4.31,86,4.47,4.40,0.31,0.27,9,6,66.67,15,0,0,1,0,0,0,0,0,0,0,0,1,0,0,0,0,1,0,0,10,3.70,3.93,0.46,0.67,0.50,0.30,0.00,0.70
322608,TOŁPA,Oczyszczanie i demakijaż twarzy - Żele i pianki do mycia twarzy,4.95,75,4.33,4.91,15.38,2.80,23,7,30.43,14,1,1,7,0,0,0,1,0,0,0,0,0,1,0,1,0,1,0,0,9,4.78,4.66,0.83,0.92,0.25,0.00,0.11,0.89
133209,NEUTROGENA,Pielęgnacja ust - Balsamy i pomadki do ust,4.93,126,4.84,4.91,312.29,5.75,27,15,55.56,24,1,0,0,0,0,0,1,1,0,0,0,0,0,0,0,0,0,0,0,10,5.00,4.56,0.78,0.82,0.20,0.00,0.10,0.90
417985,YOPE,Pielęgnacja twarzy - Kremy do twarzy,4.89,35,3.58,4.85,57.98,4.08,41,22,53.66,30,8,6,1,0,0,0,1,1,1,0,0,0,0,1,0,0,0,1,0,10,4.90,4.76,0.88,0.91,0.11,0.00,0.00,1.00
2078222,ROUTINES BY ALKMIE,Oczyszczanie i demakijaż twarzy - Żele i pianki do mycia twarzy,4.88,76,4.34,4.86,19.99,3.04,29,12,41.38,17,1,0,2,0,0,0,1,0,0,0,0,0,0,0,0,0,0,0,1,10,4.90,4.73,0.87,0.92,0.12,0.00,0.00,1.00
419387,AA,Oczyszczanie i demakijaż twarzy - Mleczka i emulsje do demakijażu,4.77,77,4.36,4.77,16.33,2.85,23,12,52.17,19,1,0,1,0,0,0,0,0,0,0,0,0,0,0,0,1,0,0,0,10,4.60,4.42,0.71,0.86,0.47,0.10,0.00,0.90
199467,DERMIKA,Pielęgnacja twarzy - Kremy do twarzy,4.86,123,4.82,4.85,129.98,4.88,52,27,51.92,36,16,16,2,0,0,0,1,0,0,0,0,1,0,1,0,0,0,0,0,10,4.90,4.72,0.86,0.87,0.10,0.00,0.00,1.00
13162,ZIAJA,Pielęgnacja twarzy - Kremy do twarzy,4.89,214,5.37,4.88,9.49,2.35,22,7,31.82,15,10,9,1,0,0,0,1,0,0,0,0,0,0,0,0,0,0,0,0,10,5.00,4.71,0.86,0.83,0.10,0.00,0.00,1.00
411644,BIELENDA PROFESSIONAL,Pielęgnacja twarzy - Kremy do twarzy,4.95,73,4.30,4.91,139.98,4.95,40,28,70.00,39,2,2,2,0,0,0,1,1,1,0,1,1,0,0,1,0,0,1,1,10,4.90,4.66,0.83,0.85,0.13,0.00,0.00,1.00
2103348,YOSKINE,Tonizowanie twarzy - Toniki do twarzy,4.79,126,4.84,4.79,8.25,2.22,28,10,35.71,17,1,0,2,0,0,0,1,1,0,0,0,0,0,0,0,0,0,0,1,10,4.80,4.78,0.89,0.94,0.17,0.00,0.00,1.00
2086278,ISANA,Pielęgnacja twarzy - Maseczki,4.70,194,5.27,4.71,3.79,1.57,15,10,66.67,22,2,1,0,0,0,0,0,0,1,0,0,1,1,0,1,0,0,0,0,10,4.50,4.53,0.76,0.92,0.34,0.10,0.00,0.90
331792,JANDA,Pielęgnacja twarzy - Kremy pod oczy,4.91,139,4.94,4.89,253.27,5.54,43,26,60.47,37,1,0,1,0,0,0,0,1,0,0,0,1,0,0,0,0,0,1,0,9,4.78,4.65,0.83,0.90,0.16,0.00,0.00,1.00
2124411,RESIBO,Oczyszczanie i demakijaż twarzy - Żele i pianki do mycia twarzy,4.71,7,2.08,4.76,31.19,3.47,24,8,33.33,12,4,3,3,0,0,0,1,0,0,0,0,0,0,0,0,0,1,0,0,5,4.60,4.53,0.76,0.89,0.31,0.00,0.20,0.80
322677,JANDA,Oczyszczanie i demakijaż twarzy - Żele i pianki do mycia twarzy,4.89,243,5.50,4.88,3.87,1.58,24,7,29.17,14,6,5,2,0,0,0,1,0,0,0,0,0,0,0,1,0,0,0,0,2,5.00,4.77,0.88,0.88,0.01,0.00,0.00,1.00
229945,BIELENDA,Oczyszczanie i demakijaż twarzy - Płyny do demakijażu,4.90,105,4.66,4.88,4.25,1.66,9,3,33.33,8,1,0,1,0,0,0,1,1,0,0,0,0,0,0,1,0,0,0,0,10,4.80,4.28,0.64,0.88,0.56,0.10,0.10,0.80
2102848,BIELENDA,"Pielęgnacja twarzy - Serum, boostery i esencje",4.85,80,4.39,4.84,71.09,4.28,18,6,33.33,15,0,0,3,0,0,0,0,1,0,0,0,1,1,0,0,0,0,0,0,10,4.80,4.65,0.82,0.93,0.19,0.00,0.00,1.00
2104440,PERFECTA,Oczyszczanie i demakijaż twarzy - Peelingi do twarzy,4.80,119,4.79,4.80,32.90,3.52,25,7,28.00,13,4,3,2,0,0,0,1,1,0,0,0,0,1,0,0,0,0,0,0,10,4.80,4.55,0.77,0.86,0.22,0.00,0.00,1.00
404489,ISANA,Oczyszczanie i demakijaż twarzy - Żele i pianki do mycia twarzy,4.86,211,5.36,4.85,6.66,2.04,14,6,42.86,12,0,0,2,0,0,0,0,0,1,0,0,0,1,0,0,0,0,0,1,9,4.56,4.65,0.82,0.92,0.22,0.00,0.11,0.89
2104553,KIMOCO,Tonizowanie twarzy - Toniki do twarzy,4.81,75,4.33,4.80,1.13,0.76,40,31,77.50,41,2,0,0,0,0,0,1,0,1,0,0,0,1,0,0,1,0,0,0,10,4.60,4.33,0.67,0.78,0.39,0.10,0.10,0.80
183788,L'ORÉAL PARIS,Pielęgnacja twarzy - Kremy do twarzy,4.88,114,4.74,4.87,73.98,4.32,39,20,51.28,30,5,5,2,1,1,1,1,0,0,1,0,1,0,1,1,1,1,0,0,10,4.80,4.69,0.85,0.88,0.12,0.00,0.00,1.00
21699,NIVEA,Oczyszczanie i demakijaż twarzy - Mleczka i emulsje do demakijażu,4.88,99,4.61,4.86,8.99,2.30,24,8,33.33,17,6,6,3,0,0,0,1,0,0,0,0,0,0,0,0,0,0,0,0,10,4.80,4.69,0.85,0.91,0.17,0.00,0.10,0.90
2078547,COSRX,Pielęgnacja twarzy - Preparaty punktowe,4.90,20,3.04,4.84,1.33,0.85,6,2,33.33,5,0,0,1,0,0,0,0,0,0,0,0,0,0,0,0,0,1,0,0,8,5.00,4.30,0.65,0.67,0.25,0.00,0.25,0.75
2111240,BEAUTY OF JOSEON,Pielęgnacja twarzy - Kosmetyki z SPF,4.67,6,1.95,4.76,149.98,5.02,44,23,52.27,27,0,0,0,0,0,0,0,0,0,0,1,0,1,1,1,0,0,0,0,4,4.50,4.51,0.76,0.78,0.23,0.00,0.00,1.00
315780,EVELINE COSMETICS,Oczyszczanie i demakijaż twarzy - Płyny do demakijażu,4.86,121,4.80,4.85,2.60,1.28,23,11,47.83,15,5,3,1,0,0,0,1,0,0,0,0,0,0,1,0,0,0,0,0,10,4.90,4.64,0.82,0.94,0.34,0.10,0.00,0.90
218969,NIVEA,Pielęgnacja twarzy - Kremy do twarzy,4.90,97,4.58,4.88,19.49,3.02,26,10,38.46,23,7,7,2,0,0,0,1,0,0,0,0,0,0,0,0,0,0,0,0,10,4.70,4.46,0.73,0.87,0.36,0.10,0.00,0.90
233780,L'ORÉAL PARIS,Pielęgnacja twarzy - Kremy pod oczy,4.84,63,4.16,4.83,379.93,5.94,23,11,47.83,18,0,0,2,1,1,1,0,0,0,0,0,0,0,0,1,0,0,0,0,10,4.80,4.37,0.68,0.72,0.28,0.10,0.00,0.90
419476,GARNIER,"Pielęgnacja twarzy - Serum, boostery i esencje",4.83,69,4.25,4.82,176.63,5.18,17,7,41.18,15,4,3,1,0,0,0,1,0,0,0,0,1,0,0,1,0,1,0,0,2,4.50,4.58,0.79,0.79,0.06,0.00,0.00,1.00
418513,ZIAJA,Oczyszczanie i demakijaż twarzy - Peelingi do twarzy,4.85,136,4.92,4.84,14.27,2.73,19,10,52.63,19,2,0,1,0,0,0,1,0,0,0,0,0,0,0,0,0,0,0,0,9,4.44,4.65,0.83,0.95,0.30,0.11,0.00,0.89
285126,EVELINE COSMETICS,Oczyszczanie i demakijaż twarzy - Płyny do demakijażu,4.87,128,4.86,4.86,2.60,1.28,30,16,53.33,20,6,5,3,0,0,0,1,0,0,0,0,0,1,0,1,0,0,0,0,10,5.00,4.78,0.89,0.90,0.11,0.00,0.00,1.00
2092010,TOŁPA,"Pielęgnacja twarzy - Serum, boostery i esencje",4.78,49,3.91,4.78,143.30,4.97,23,8,34.78,15,7,7,3,0,0,0,1,0,0,0,0,1,0,0,0,0,1,0,0,10,4.60,4.15,0.58,0.84,0.57,0.10,0.10,0.80
2077571,TOŁPA,Pielęgnacja twarzy - Kremy do twarzy,4.74,50,3.93,4.75,193.30,5.27,30,14,46.67,17,0,0,2,0,0,0,0,0,1,0,0,1,1,1,0,0,0,0,0,10,5.00,4.65,0.82,0.88,0.17,0.00,0.00,1.00
411648,BIELENDA PROFESSIONAL,"Pielęgnacja twarzy - Serum, boostery i esencje",4.94,51,3.95,4.90,239.97,5.48,30,16,53.33,25,0,1,2,0,0,0,0,1,0,0,1,1,1,0,0,0,0,1,0,2,4.50,4.50,0.75,0.75,0.19,0.00,0.00,1.00
378838,DERMIKA,Pielęgnacja twarzy - Kremy do twarzy,4.82,122,4.81,4.81,151.98,5.03,55,32,58.18,44,9,9,3,0,0,0,1,0,0,0,1,1,0,1,0,0,0,1,0,10,4.90,4.82,0.91,0.95,0.08,0.00,0.00,1.00
2104594,MIYA COSMETICS,Oczyszczanie i demakijaż twarzy - Żele i pianki do mycia twarzy,4.93,72,4.29,4.90,16.84,2.88,18,6,33.33,11,3,2,2,0,0,0,1,0,0,0,0,0,0,0,0,0,0,0,1,10,4.90,4.77,0.89,0.87,0.07,0.00,0.00,1.00
233774,L'ORÉAL PARIS,Pielęgnacja twarzy - Kremy do twarzy,4.77,66,4.20,4.77,107.98,4.69,35,13,37.14,21,3,2,1,1,1,1,1,1,0,0,0,0,0,0,1,0,0,0,0,10,4.90,4.78,0.89,0.91,0.11,0.00,0.00,1.00
402884,ISANA,Pielęgnacja twarzy - Płatki pod oczy,4.77,145,4.98,4.77,2.90,1.36,27,15,55.56,24,1,0,0,0,0,0,1,1,1,0,0,0,0,0,1,0,0,0,0,10,4.50,4.50,0.75,0.86,0.29,0.10,0.00,0.90
349398,ESFOLIO,Pielęgnacja twarzy - Maseczki,4.86,180,5.20,4.85,9.16,2.32,24,8,33.33,17,3,2,2,0,1,1,1,0,0,0,0,0,0,0,1,0,0,0,0,10,4.60,4.55,0.78,0.86,0.19,0.00,0.10,0.90
2112283,MEDIHEAL,Pielęgnacja twarzy - Maseczki,4.85,13,2.64,4.81,58.29,4.08,44,32,72.73,40,4,3,0,0,0,0,0,1,1,0,1,1,1,0,1,0,0,0,0,7,4.86,4.78,0.89,0.96,0.12,0.00,0.00,1.00
390739,GARNIER,Pielęgnacja twarzy - Kremy do twarzy,4.78,63,4.16,4.78,53.98,4.01,17,6,35.29,11,4,3,1,0,1,1,1,0,0,0,0,1,0,0,1,0,1,0,0,10,4.90,4.69,0.84,0.87,0.12,0.00,0.00,1.00
39520,AA,Oczyszczanie i demakijaż twarzy - Żele i pianki do mycia twarzy,4.90,77,4.36,4.88,11.59,2.53,20,10,50.00,15,0,0,2,0,0,0,0,0,0,0,0,0,1,0,0,0,0,0,0,10,4.80,4.63,0.81,0.85,0.16,0.00,0.00,1.00
2103204,CATCH A TIGER,"Pielęgnacja twarzy - Serum, boostery i esencje",4.85,130,4.88,4.84,119.96,4.80,33,19,57.58,29,3,2,2,0,0,0,1,0,0,0,0,1,0,1,1,0,0,0,0,10,4.00,4.06,0.53,0.68,0.42,0.20,0.20,0.60
396853,AA,Pielęgnacja twarzy - Kremy do twarzy,4.80,94,4.55,4.80,37.98,3.66,29,22,75.86,31,1,0,0,0,0,0,1,0,0,0,1,0,1,0,1,1,0,0,0,10,4.40,4.65,0.83,0.91,0.22,0.00,0.10,0.90
357915,FLUFF,Oczyszczanie i demakijaż twarzy - Żele i pianki do mycia twarzy,4.78,98,4.60,4.78,47.98,3.89,9,6,66.67,16,1,0,0,0,0,0,1,1,0,0,0,0,0,0,0,0,0,0,0,10,4.70,4.61,0.81,0.90,0.22,0.00,0.10,0.90
419477,GARNIER,Pielęgnacja twarzy - Maseczki,4.73,11,2.48,4.76,66.63,4.21,23,10,43.48,17,4,4,1,0,0,0,1,1,0,0,0,0,0,0,1,0,0,0,0,5,4.60,4.43,0.71,0.92,0.43,0.20,0.00,0.80
2076635,EFEKTIMA,Pielęgnacja twarzy - Płatki pod oczy,4.83,98,4.60,4.82,1.60,0.96,78,55,70.51,68,3,2,3,0,0,0,1,1,1,1,1,1,1,1,1,1,0,0,0,10,4.90,4.66,0.83,0.90,0.17,0.00,0.00,1.00
131528,ZIAJA,Pielęgnacja twarzy - Maseczki,4.89,66,4.20,4.87,38.43,3.67,24,11,45.83,19,2,0,2,0,0,0,1,1,0,0,0,0,1,0,0,0,0,0,0,10,4.70,4.74,0.87,0.84,0.07,0.00,0.00,1.00
13737,NIVEA,Pielęgnacja twarzy - Kremy do twarzy,4.93,56,4.04,4.89,107.98,4.69,26,17,65.38,27,1,0,1,0,0,0,1,0,0,0,0,0,1,0,1,0,0,0,0,10,5.00,4.73,0.86,0.85,0.06,0.00,0.00,1.00
378767,BIELENDA,Pielęgnacja twarzy - Kremy do twarzy,4.84,116,4.76,4.83,45.98,3.85,50,25,50.00,34,9,9,2,0,0,0,1,0,1,0,1,1,0,0,0,0,0,1,0,10,4.90,4.75,0.88,0.89,0.05,0.00,0.00,1.00
40421,ZIAJA,Pielęgnacja twarzy - Kremy do twarzy,4.91,171,5.15,4.90,4.25,1.66,25,8,32.00,14,9,9,2,0,0,0,1,0,0,0,0,0,0,0,0,0,0,0,0,10,4.80,4.84,0.92,0.91,0.03,0.00,0.00,1.00
363115,L'ORÉAL PARIS,Oczyszczanie i demakijaż twarzy - Żele i pianki do mycia twarzy,4.75,55,4.03,4.76,19.99,3.04,17,5,29.41,9,2,1,2,0,0,0,1,0,0,0,0,0,1,0,1,0,1,0,0,10,4.60,4.60,0.80,0.93,0.30,0.10,0.00,0.90
269054,BIOTANIQE,Pielęgnacja twarzy - Kremy do twarzy,4.82,136,4.92,4.82,51.98,3.97,38,24,63.16,35,1,0,1,0,0,0,1,1,0,0,0,1,0,0,0,0,0,0,0,10,4.70,4.81,0.90,0.92,0.05,0.00,0.00,1.00
2124712,EVELINE COSMETICS,Pielęgnacja twarzy - Kremy pod oczy,4.92,13,2.64,4.84,206.60,5.34,44,24,54.55,31,7,6,1,0,0,0,1,0,1,0,0,0,0,1,0,0,0,0,0,5,4.80,4.63,0.82,0.94,0.23,0.00,0.00,1.00
291321,GARNIER,Oczyszczanie i demakijaż twarzy - Płyny do demakijażu,4.73,84,4.44,4.74,5.62,1.89,23,5,21.74,12,5,5,1,0,0,0,1,1,0,0,0,0,0,0,0,0,0,0,0,10,4.70,4.57,0.79,0.85,0.23,0.00,0.10,0.90
2110820,BIOTANIQE,Pielęgnacja twarzy - Maseczki,4.36,39,3.69,4.50,3.12,1.42,28,14,50.00,20,2,2,3,0,0,0,0,0,0,0,0,0,0,0,0,0,0,1,0,10,3.00,3.30,0.15,0.24,0.73,0.50,0.00,0.50
2104576,KIMOCO,Pielęgnacja twarzy - Maseczki,4.79,14,2.71,4.79,41.26,3.74,22,9,40.91,17,4,2,0,0,0,0,1,0,0,0,0,1,0,0,0,0,0,0,0,10,4.70,4.69,0.84,0.91,0.22,0.00,0.10,0.90
408266,GARNIER,Oczyszczanie i demakijaż twarzy - Żele i pianki do mycia twarzy,4.86,76,4.34,4.84,9.99,2.40,19,6,31.58,11,4,3,2,0,0,0,1,0,0,0,0,1,1,0,0,0,1,0,0,10,4.60,4.28,0.64,0.78,0.35,0.10,0.10,0.80
2103200,FLUFF,"Pielęgnacja twarzy - Serum, boostery i esencje",4.81,26,3.30,4.80,82.48,4.42,33,17,51.52,24,2,1,2,0,0,0,1,0,0,0,0,0,0,0,0,0,0,0,1,10,4.50,4.36,0.68,0.76,0.28,0.00,0.30,0.70
2031151,KIMOCO,Pielęgnacja twarzy - Maseczki,4.92,25,3.26,4.86,20.83,3.08,26,12,46.15,19,2,1,1,0,0,0,1,0,0,0,0,0,1,0,1,0,0,0,0,9,4.89,4.80,0.90,0.89,0.05,0.00,0.00,1.00
342654,GARNIER,Pielęgnacja twarzy - Maseczki,4.82,28,3.37,4.80,46.84,3.87,25,12,48.00,23,3,1,4,0,1,1,1,0,0,0,0,0,0,0,1,0,0,0,0,10,5.00,4.87,0.93,0.94,0.04,0.00,0.00,1.00
342650,L'ORÉAL PARIS,Pielęgnacja twarzy - Kremy pod oczy,4.82,74,4.32,4.81,246.60,5.51,39,23,58.97,33,0,0,3,0,0,0,0,1,0,0,0,0,0,0,0,0,0,1,0,10,4.70,4.52,0.76,0.80,0.18,0.00,0.00,1.00
419350,PERFECTA,Pielęgnacja twarzy - Płatki pod oczy,4.82,73,4.30,4.81,3.00,1.39,36,24,66.67,35,6,5,1,0,0,0,0,1,0,0,1,1,0,1,0,1,0,0,0,10,4.90,4.64,0.82,0.85,0.17,0.00,0.00,1.00
243206,MIXA,Pielęgnacja twarzy - Kremy do twarzy,4.82,33,3.53,4.81,46.98,3.87,27,12,44.44,20,2,0,1,1,1,1,1,0,0,0,0,0,0,0,0,0,1,0,0,10,4.50,4.74,0.87,0.90,0.10,0.00,0.00,1.00
2078511,BEAUTY OF JOSEON,Pielęgnacja twarzy - Kremy pod oczy,4.87,31,3.47,4.84,133.30,4.90,37,22,59.46,29,0,0,0,0,0,0,0,0,1,1,1,0,0,1,1,0,0,0,0,10,5.00,4.78,0.89,0.92,0.10,0.00,0.00,1.00
108623,ISANA,Pielęgnacja ust - Balsamy i pomadki do ust,4.82,125,4.84,4.81,6.79,2.05,1,1,100.00,3,0,0,0,0,0,0,0,0,0,0,0,0,0,0,0,0,0,0,0,10,5.00,4.57,0.79,0.82,0.20,0.00,0.10,0.90
315756,CHRISTIAN LAURENT,Pielęgnacja twarzy - Kremy do twarzy,4.86,88,4.49,4.85,85.98,4.47,67,44,65.67,56,5,5,4,0,0,0,1,0,0,0,1,0,1,1,1,0,0,0,1,10,5.00,4.69,0.85,0.85,0.09,0.00,0.00,1.00
245395,EVELINE COSMETICS,Pielęgnacja twarzy - Kremy do twarzy,4.86,139,4.94,4.85,37.98,3.66,48,26,54.17,37,8,6,6,0,0,0,1,0,0,0,0,0,0,0,1,0,0,0,0,10,4.90,4.78,0.89,0.90,0.06,0.00,0.00,1.00
2083939,VASELINE,Pielęgnacja ust - Balsamy i pomadki do ust,4.83,82,4.42,4.82,207.00,5.34,7,1,14.29,3,2,1,0,0,0,0,1,1,0,0,0,0,0,0,0,0,0,0,0,10,4.70,4.56,0.78,0.88,0.28,0.10,0.00,0.90
379184,MIXA,"Pielęgnacja twarzy - Serum, boostery i esencje",4.94,62,4.14,4.90,109.97,4.71,22,10,45.45,20,0,0,0,0,0,0,0,1,0,0,0,1,0,0,0,0,0,0,0,10,5.00,4.50,0.75,0.89,0.31,0.10,0.00,0.90
2113729,MIYA COSMETICS,Pielęgnacja twarzy - Kremy do twarzy,4.83,42,3.76,4.81,99.98,4.61,37,20,54.05,32,5,5,3,0,0,0,1,0,0,0,0,0,0,1,0,0,0,1,1,10,4.80,4.81,0.90,0.93,0.07,0.00,0.00,1.00
315757,CHRISTIAN LAURENT,Pielęgnacja twarzy - Kremy do twarzy,4.83,118,4.78,4.82,85.98,4.47,70,44,62.86,56,6,5,4,0,0,0,1,0,0,0,1,0,0,1,0,1,0,0,1,10,4.90,4.74,0.87,0.90,0.13,0.00,0.00,1.00
281442,MIXA,Pielęgnacja twarzy - Kremy do twarzy,4.90,63,4.16,4.87,43.98,3.81,26,14,53.85,23,1,0,1,0,0,0,1,0,0,0,0,0,0,0,1,0,1,0,0,10,4.90,4.73,0.86,0.92,0.13,0.00,0.00,1.00
2102027,KIMOCO,Tonizowanie twarzy - Toniki do twarzy,4.83,81,4.41,4.82,45.33,3.84,30,21,70.00,29,2,1,0,0,0,0,1,0,0,0,0,0,0,0,1,1,0,0,0,10,4.80,4.57,0.78,0.91,0.33,0.10,0.00,0.90
390186,BIELENDA,Pielęgnacja twarzy - Kremy do twarzy,4.85,74,4.32,4.84,51.98,3.97,39,23,58.97,34,6,6,4,0,0,0,1,0,0,0,0,1,0,0,0,0,0,1,0,10,4.90,4.75,0.88,0.91,0.13,0.00,0.00,1.00
2092326,MIXA,Oczyszczanie i demakijaż twarzy - Żele i pianki do mycia twarzy,4.90,42,3.76,4.86,15.33,2.79,16,4,25.00,8,0,0,1,0,0,0,0,0,1,0,0,0,0,0,0,0,1,1,0,10,4.90,4.54,0.77,0.88,0.24,0.00,0.10,0.90
2114208,JANDA,Pielęgnacja twarzy - Kremy do twarzy,4.81,26,3.30,4.80,266.63,5.59,56,26,46.43,35,9,9,2,0,0,0,1,1,0,0,0,1,0,0,1,0,0,1,1,10,4.80,4.64,0.82,0.83,0.09,0.00,0.00,1.00
342651,GARNIER,Oczyszczanie i demakijaż twarzy - Żele i pianki do mycia twarzy,4.75,59,4.09,4.76,8.74,2.28,22,16,72.73,47,1,0,1,0,0,0,1,0,0,0,0,0,0,0,1,0,1,0,0,10,4.50,4.59,0.79,0.83,0.12,0.00,0.00,1.00
2091796,BIELENDA,"Pielęgnacja twarzy - Serum, boostery i esencje",4.90,119,4.79,4.88,113.30,4.74,58,33,56.90,41,7,6,1,0,0,0,1,1,0,0,1,1,0,1,1,0,0,1,1,9,4.89,4.64,0.82,0.92,0.19,0.00,0.00,1.00
2130490,CELIMAX,"Pielęgnacja twarzy - Serum, boostery i esencje",5.00,1,0.69,4.79,559.93,6.33,32,19,59.38,29,0,0,0,0,0,0,0,0,1,1,0,1,1,1,0,0,0,0,0,0,,,,,,,,
410091,TOŁPA,Oczyszczanie i demakijaż twarzy - Żele i pianki do mycia twarzy,4.84,51,3.95,4.82,15.38,2.80,13,7,53.85,15,1,0,1,0,0,0,1,0,0,0,0,0,0,0,1,0,0,0,1,10,4.90,4.78,0.89,0.94,0.15,0.00,0.00,1.00
408569,KIMOCO,Pielęgnacja twarzy - Maseczki,4.79,34,3.56,4.79,20.83,3.08,22,11,50.00,17,1,0,0,0,0,0,1,0,0,0,0,0,1,0,1,0,0,0,0,8,4.75,4.75,0.87,0.89,0.07,0.00,0.00,1.00
2102018,AA,Pielęgnacja twarzy - Kremy pod oczy,4.88,56,4.04,4.85,426.60,6.06,46,37,80.43,47,0,0,1,0,0,0,0,0,0,0,1,1,0,1,1,0,0,1,0,9,4.56,4.48,0.74,0.89,0.41,0.11,0.00,0.89
2113443,CHRISTIAN LAURENT,Pielęgnacja twarzy - Kremy do twarzy,4.80,86,4.47,4.80,93.98,4.55,38,15,39.47,22,6,5,1,0,0,0,1,0,0,1,1,0,0,0,0,0,0,0,0,10,4.90,4.76,0.88,0.90,0.08,0.00,0.00,1.00
229748,L'ORÉAL PARIS,Pielęgnacja twarzy - Kremy do twarzy,4.83,48,3.89,4.82,107.98,4.69,33,10,30.30,19,3,2,1,1,1,1,1,1,0,0,0,0,0,0,1,0,0,0,0,9,4.44,4.74,0.87,0.91,0.15,0.00,0.00,1.00
2113656,KLOO,Pielęgnacja twarzy - Kremy do twarzy,4.78,9,2.30,4.78,287.98,5.67,32,14,43.75,18,2,0,2,0,0,0,1,0,0,0,1,1,0,0,0,0,0,1,0,2,4.00,4.02,0.51,0.51,0.42,0.00,0.50,0.50
325592,L'ORÉAL PARIS,Pielęgnacja twarzy - Kremy do twarzy,4.80,45,3.83,4.79,71.98,4.29,36,16,44.44,28,8,7,2,0,0,0,1,0,0,0,0,0,0,0,1,0,1,0,0,10,4.00,4.37,0.69,0.84,0.54,0.10,0.00,0.90
2124210,CLAYLY,Pielęgnacja twarzy - Kremy do twarzy,5.00,4,1.61,4.82,79.98,4.39,36,20,55.56,31,4,4,2,0,0,0,1,1,0,0,0,0,0,0,1,0,0,1,0,2,5.00,4.57,0.79,0.79,0.06,0.00,0.00,1.00
2092311,AA,Pielęgnacja twarzy - Kremy do twarzy,4.61,36,3.61,4.67,119.98,4.80,36,26,72.22,37,1,0,0,0,0,0,1,0,0,0,0,0,0,0,1,1,0,0,0,10,4.00,4.06,0.53,0.88,0.62,0.30,0.00,0.70
229368,JANDA,Pielęgnacja twarzy - Maseczki,4.83,105,4.66,4.82,55.90,4.04,40,22,55.00,33,6,5,2,0,0,0,1,0,0,1,0,1,0,0,1,0,0,0,0,10,4.80,4.77,0.89,0.88,0.07,0.00,0.00,1.00
419475,GARNIER,Pielęgnacja twarzy - Kremy pod oczy,4.66,53,3.99,4.69,253.27,5.54,37,18,48.65,28,0,0,4,0,0,0,0,1,1,0,0,1,0,0,1,0,0,0,1,10,3.80,4.04,0.52,0.76,0.60,0.20,0.10,0.70
148820,TOŁPA,Oczyszczanie i demakijaż twarzy - Żele i pianki do mycia twarzy,4.92,62,4.14,4.89,15.38,2.80,17,6,35.29,12,1,0,1,0,0,0,1,1,0,0,0,0,0,0,0,0,0,0,0,10,4.80,4.60,0.80,0.91,0.22,0.00,0.00,1.00
317764,EFEKTIMA,Pielęgnacja twarzy - Płatki pod oczy,4.70,104,4.65,4.71,3.75,1.56,24,14,58.33,27,1,1,3,0,0,0,0,1,0,0,0,1,1,0,1,0,0,0,0,10,4.80,4.57,0.79,0.82,0.19,0.00,0.10,0.90
409849,L'ORÉAL PARIS,Pielęgnacja twarzy - Maseczki,4.86,50,3.93,4.84,42.82,3.78,29,15,51.72,26,2,1,1,0,0,0,1,0,0,1,0,1,0,1,1,0,0,0,0,10,4.90,4.85,0.93,0.95,0.05,0.00,0.00,1.00
2113786,DERMIKA,"Pielęgnacja twarzy - Serum, boostery i esencje",4.50,36,3.61,4.60,191.98,5.26,52,22,42.31,30,11,11,2,0,0,0,1,0,0,0,0,1,0,1,1,0,0,1,0,10,3.70,3.90,0.45,0.45,0.36,0.20,0.30,0.50
2118454,BIELENDA,Tonizowanie twarzy - Toniki do twarzy,4.66,47,3.87,4.70,28.99,3.40,42,22,52.38,30,8,7,1,0,0,0,1,0,0,0,1,0,1,0,0,0,0,0,1,10,4.60,4.73,0.86,0.88,0.10,0.00,0.00,1.00
2081678,HOLIKA HOLIKA,Pielęgnacja twarzy - Maseczki,4.88,24,3.22,4.84,52.13,3.97,26,15,57.69,21,2,1,0,0,0,0,0,0,0,0,0,0,1,0,0,1,0,0,0,10,4.70,4.79,0.90,0.90,0.06,0.00,0.00,1.00
2125821,BIELENDA,Pielęgnacja twarzy - Kremy do twarzy,3.00,1,0.69,4.70,39.98,3.71,49,30,61.22,37,0,0,2,0,0,0,0,0,1,0,0,1,0,0,0,0,1,1,0,1,3.00,2.79,-0.10,-0.10,,1.00,0.00,0.00
2103342,TOŁPA,Pielęgnacja twarzy - Kremy pod oczy,4.79,92,4.53,4.79,286.60,5.66,22,12,54.55,21,0,0,2,0,0,0,0,0,0,0,0,0,0,1,1,0,0,0,0,10,4.90,4.77,0.88,0.92,0.11,0.00,0.00,1.00
378834,DERMIKA,Pielęgnacja twarzy - Kremy do twarzy,4.84,98,4.60,4.83,151.98,5.03,50,25,50.00,36,9,9,3,0,0,0,1,0,0,0,1,0,0,1,0,0,0,1,0,10,4.90,4.77,0.89,0.91,0.09,0.00,0.00,1.00
3735,NEUTROGENA,Pielęgnacja ust - Balsamy i pomadki do ust,4.91,97,4.58,4.89,312.29,5.75,22,14,63.64,26,1,0,0,0,0,0,1,0,0,0,0,0,0,0,0,0,0,0,0,9,4.78,4.60,0.80,0.78,0.09,0.00,0.00,1.00
2090012,KIMOCO,Pielęgnacja twarzy - Maseczki,4.84,43,3.78,4.82,59.88,4.11,35,19,54.29,26,1,0,3,0,0,0,1,1,0,0,0,0,0,1,1,0,0,0,0,10,4.80,4.73,0.86,0.91,0.15,0.00,0.00,1.00
409999,BIOTANIQE,Pielęgnacja twarzy - Maseczki,4.89,71,4.28,4.87,114.90,4.75,24,12,50.00,20,1,0,1,0,0,0,1,1,0,0,0,0,0,0,0,0,0,0,0,10,5.00,4.74,0.87,0.92,0.10,0.00,0.00,1.00
2103458,FLUFF,Oczyszczanie i demakijaż twarzy - Żele i pianki do mycia twarzy,4.76,51,3.95,4.77,23.99,3.22,29,14,48.28,20,1,0,3,0,0,0,1,1,1,0,0,1,1,0,0,0,0,0,0,10,4.80,4.53,0.77,0.82,0.16,0.00,0.00,1.00
343366,MIYA COSMETICS,Oczyszczanie i demakijaż twarzy - Peelingi do twarzy,4.71,38,3.66,4.74,59.98,4.11,28,19,67.86,31,2,1,1,0,0,0,1,0,0,0,0,0,1,0,0,0,0,1,0,10,4.70,4.56,0.78,0.78,0.17,0.00,0.00,1.00
258872,ZIAJA,Tonizowanie twarzy - Toniki do twarzy,4.90,166,5.12,4.89,5.50,1.87,19,9,47.37,19,6,5,1,0,0,0,1,0,0,0,0,1,1,0,1,0,0,0,0,10,5.00,4.81,0.90,0.92,0.06,0.00,0.00,1.00
2102063,AA,Oczyszczanie i demakijaż twarzy - Płyny do demakijażu,4.78,85,4.45,4.78,2.67,1.30,28,20,71.43,31,0,0,3,0,0,0,0,0,1,0,0,0,1,0,0,0,0,0,0,10,4.60,4.62,0.81,0.82,0.18,0.00,0.00,1.00
2122102,BIELENDA,Pielęgnacja ust - Serum i olejki do ust,4.27,11,2.48,4.60,239.90,5.48,40,23,57.50,32,3,1,3,0,0,0,1,1,0,0,0,1,0,0,1,0,0,1,0,8,4.00,3.88,0.44,0.87,0.71,0.38,0.00,0.62
381436,LIRENE,Pielęgnacja twarzy - Kremy do twarzy,4.87,151,5.02,4.86,39.98,3.71,44,18,40.91,31,6,6,4,0,0,0,1,1,0,0,0,1,0,0,1,0,0,0,0,10,4.90,4.78,0.89,0.91,0.08,0.00,0.00,1.00
148823,TOŁPA,Pielęgnacja twarzy - Kremy do twarzy,4.80,46,3.85,4.79,87.48,4.48,24,11,45.83,20,1,0,1,0,0,0,1,1,0,0,0,0,0,0,0,0,0,0,0,10,5.00,4.79,0.89,0.89,0.06,0.00,0.00,1.00
315755,CHRISTIAN LAURENT,Pielęgnacja twarzy - Kremy do twarzy,4.79,43,3.78,4.79,85.98,4.47,69,45,65.22,57,5,5,4,0,0,0,1,0,0,0,1,0,1,1,0,1,0,0,1,9,4.89,4.78,0.89,0.91,0.07,0.00,0.00,1.00
2077569,TOŁPA,Pielęgnacja twarzy - Kremy do twarzy,4.80,69,4.25,4.80,115.98,4.76,39,23,58.97,32,5,4,3,0,0,0,1,0,1,0,0,0,0,1,1,0,0,0,1,10,4.70,4.71,0.86,0.89,0.09,0.00,0.00,1.00
2077357,MIXA,"Pielęgnacja twarzy - Serum, boostery i esencje",4.79,33,3.53,4.79,139.97,4.95,14,5,35.71,15,1,0,1,1,1,1,1,0,1,0,0,0,0,0,0,0,1,0,1,10,5.00,4.75,0.87,0.90,0.13,0.00,0.00,1.00
379182,GARNIER,Oczyszczanie i demakijaż twarzy - Płyny do demakijażu,4.74,69,4.25,4.75,13.59,2.68,16,4,25.00,7,1,0,1,0,0,0,0,1,0,0,0,0,0,0,0,0,0,0,0,10,4.10,4.18,0.59,0.86,0.45,0.30,0.10,0.60
2092330,L'ORÉAL PARIS,Pielęgnacja twarzy - Kremy do twarzy,4.88,147,5.00,4.87,36.99,3.64,68,28,41.18,37,8,7,4,0,0,0,1,1,1,0,0,0,1,0,0,0,1,0,0,10,4.90,4.80,0.90,0.91,0.08,0.00,0.00,1.00
2089528,AA,Pielęgnacja twarzy - Maseczki,4.84,63,4.16,4.83,22.49,3.16,23,18,78.26,30,0,0,0,0,0,0,0,0,0,0,0,1,0,1,1,1,0,1,0,10,4.60,4.52,0.76,0.89,0.40,0.10,0.00,0.90
2078292,ROUTINES BY ALKMIE,Pielęgnacja twarzy - Kremy do twarzy,4.76,41,3.74,4.77,123.98,4.83,29,18,62.07,29,1,0,0,0,0,0,1,0,1,0,0,0,1,0,0,0,0,1,0,10,4.80,4.69,0.84,0.88,0.11,0.00,0.00,1.00
2078503,BEAUTY OF JOSEON,Tonizowanie twarzy - Toniki do twarzy,4.88,17,2.89,4.83,49.99,3.93,27,15,55.56,22,0,0,1,0,0,0,0,0,0,0,0,0,0,0,0,0,1,0,1,4,5.00,4.82,0.91,0.93,0.05,0.00,0.00,1.00
14430,GARNIER,Tonizowanie twarzy - Toniki do twarzy,4.84,81,4.41,4.83,8.49,2.25,10,3,30.00,8,3,3,1,1,1,1,1,0,1,0,0,0,0,0,0,0,1,0,0,10,5.00,4.57,0.78,0.86,0.20,0.00,0.00,1.00
2113515,CHRISTIAN LAURENT,Pielęgnacja twarzy - Kremy pod oczy,4.89,61,4.13,4.86,253.27,5.54,50,32,64.00,41,6,5,1,0,0,0,1,0,0,0,0,1,0,1,1,0,0,0,0,10,5.00,4.82,0.91,0.93,0.07,0.00,0.00,1.00
245387,EVELINE COSMETICS,Pielęgnacja twarzy - Kremy do twarzy,4.84,88,4.49,4.83,37.98,3.66,45,24,53.33,37,6,5,6,0,0,0,1,0,0,0,0,0,1,0,1,1,0,0,0,10,4.90,4.71,0.85,0.91,0.16,0.00,0.00,1.00
2103205,GARNIER,Pielęgnacja twarzy - Kosmetyki z SPF,4.56,43,3.78,4.63,59.99,4.11,27,6,22.22,8,4,1,0,0,0,0,1,0,0,0,0,1,0,0,0,0,0,0,0,10,4.50,4.24,0.62,0.88,0.52,0.10,0.00,0.90
366277,FACEBOOM,Oczyszczanie i demakijaż twarzy - Oleje i masełka do demakijażu,4.72,83,4.43,4.73,59.98,4.11,16,11,68.75,25,3,2,0,0,0,0,1,1,0,0,0,1,0,0,0,0,0,1,0,10,3.80,4.33,0.66,0.85,0.37,0.20,0.10,0.70
199466,DERMIKA,Pielęgnacja twarzy - Kremy do twarzy,4.90,86,4.47,4.88,129.98,4.88,55,27,49.09,37,16,16,2,0,1,1,1,0,0,0,0,1,0,1,0,0,0,1,0,10,5.00,4.71,0.86,0.86,0.11,0.00,0.00,1.00
349388,ESFOLIO,Pielęgnacja twarzy - Maseczki,4.78,121,4.80,4.78,9.16,2.32,23,8,34.78,18,2,1,2,0,1,1,1,0,0,0,0,0,0,0,1,0,0,0,0,9,4.67,4.44,0.72,0.84,0.19,0.00,0.00,1.00
2121872,AURA HERBALS,Tonizowanie twarzy - Toniki do twarzy,4.52,23,3.18,4.64,13.33,2.66,7,4,57.14,12,0,0,2,0,0,0,0,0,0,0,0,0,0,0,0,0,0,0,0,9,4.00,3.96,0.48,0.77,0.64,0.33,0.00,0.67
2090211,BIOTANIQE,Pielęgnacja twarzy - Maseczki,4.75,79,4.38,4.76,114.90,4.75,30,13,43.33,19,1,0,1,0,0,0,1,1,0,0,0,0,0,1,0,0,0,0,0,10,4.90,4.75,0.88,0.90,0.12,0.00,0.00,1.00
2091797,BIELENDA,Pielęgnacja twarzy - Kremy pod oczy,4.78,89,4.50,4.78,193.27,5.27,44,29,65.91,37,0,0,1,0,0,0,0,0,0,0,1,1,1,0,1,0,0,1,1,10,4.40,4.24,0.62,0.75,0.47,0.10,0.10,0.80
378833,DERMIKA,Pielęgnacja twarzy - Kremy do twarzy,4.85,61,4.13,4.83,151.98,5.03,46,23,50.00,34,9,9,3,0,0,0,1,0,0,0,1,1,0,1,0,0,0,1,0,10,5.00,4.73,0.87,0.91,0.12,0.00,0.00,1.00
383002,KIMOCO,Pielęgnacja twarzy - Płatki pod oczy,4.72,148,5.00,4.73,1.25,0.81,15,10,66.67,20,1,1,1,0,0,0,0,0,0,0,0,0,0,0,1,0,0,0,0,10,4.90,4.49,0.74,0.79,0.23,0.00,0.10,0.90
317886,CHRISTIAN LAURENT,Pielęgnacja twarzy - Kremy do twarzy,4.92,109,4.70,4.90,91.98,4.53,60,32,53.33,42,5,5,2,0,0,0,1,1,1,0,0,0,0,1,1,0,0,0,0,10,4.50,4.69,0.84,0.93,0.27,0.10,0.00,0.90
357754,AA,Pielęgnacja twarzy - Kremy do twarzy,4.79,77,4.36,4.79,45.98,3.85,34,24,70.59,32,1,0,0,0,0,0,1,0,0,0,0,0,0,0,1,0,0,0,0,9,4.78,4.82,0.91,0.92,0.06,0.00,0.00,1.00
39518,AA,Oczyszczanie i demakijaż twarzy - Mleczka i emulsje do demakijażu,4.94,68,4.23,4.90,8.49,2.25,16,9,56.25,18,0,0,1,0,0,0,0,0,0,0,0,0,0,0,1,0,0,0,0,10,5.00,4.69,0.84,0.83,0.11,0.00,0.00,1.00
2119238,ISANA,Pielęgnacja twarzy - Płatki pod oczy,4.90,10,2.40,4.82,2.29,1.19,29,18,62.07,30,2,0,1,0,0,0,0,1,0,0,0,0,0,0,1,1,0,0,0,8,4.88,4.61,0.80,0.91,0.22,0.00,0.12,0.88
240782,JANDA,Pielęgnacja twarzy - Maseczki,4.90,90,4.51,4.88,55.90,4.04,37,14,37.84,24,6,5,2,0,0,0,1,0,0,0,0,0,1,1,0,0,0,1,0,10,4.80,4.66,0.83,0.89,0.15,0.00,0.00,1.00
2081794,ISANA,Oczyszczanie i demakijaż twarzy - Żele i pianki do mycia twarzy,4.64,107,4.68,4.66,5.63,1.89,15,6,40.00,13,0,0,3,0,0,0,0,0,0,0,0,0,0,0,0,0,0,0,0,10,3.60,4.36,0.68,0.77,0.28,0.00,0.20,0.80
223572,L'ORÉAL PARIS,Pielęgnacja twarzy - Kremy do twarzy,4.91,57,4.06,4.88,61.98,4.14,44,22,50.00,34,7,7,4,0,0,0,1,0,0,1,0,0,0,0,0,0,0,0,0,10,4.80,4.77,0.88,0.93,0.09,0.00,0.00,1.00
2124133,LOVELY,Pielęgnacja ust - Balsamy i pomadki do ust,5.00,1,0.69,4.79,218.09,5.39,21,7,33.33,13,6,4,1,0,0,0,1,1,0,0,0,0,0,0,0,0,0,0,0,2,5.00,4.77,0.88,0.88,0.03,0.00,0.00,1.00
417989,YOPE,"Pielęgnacja twarzy - Serum, boostery i esencje",4.88,32,3.50,4.84,82.48,4.42,32,15,46.88,24,8,6,2,0,0,0,1,0,1,0,0,0,0,0,1,0,1,0,0,10,4.80,4.66,0.83,0.90,0.24,0.00,0.10,0.90
2124565,YOSKINE,Tonizowanie twarzy - Toniki do twarzy,5.00,3,1.39,4.81,7.50,2.14,29,14,48.28,27,3,2,3,0,0,0,1,0,0,0,0,0,0,0,0,0,0,0,1,1,5.00,4.72,0.86,0.86,,0.00,0.00,1.00
325591,L'ORÉAL PARIS,Pielęgnacja twarzy - Kremy pod oczy,4.85,67,4.22,4.83,239.93,5.48,25,10,40.00,19,0,0,2,0,0,0,0,1,0,0,0,0,0,0,1,0,0,0,0,10,4.90,4.66,0.83,0.93,0.31,0.10,0.00,0.90
280682,EVELINE COSMETICS,Pielęgnacja twarzy - Kremy pod oczy,4.84,108,4.69,4.83,159.93,5.08,50,28,56.00,33,0,0,8,0,0,0,0,1,0,1,0,0,0,0,1,0,0,0,0,9,5.00,4.75,0.87,0.92,0.12,0.00,0.00,1.00
410002,BIOTANIQE,Pielęgnacja twarzy - Maseczki,4.67,66,4.20,4.70,88.38,4.49,21,13,61.90,22,1,0,0,0,0,0,1,0,0,0,0,0,1,1,1,0,0,0,0,10,4.30,4.27,0.63,0.92,0.50,0.20,0.10,0.70
200921,ZIAJA,Oczyszczanie i demakijaż twarzy - Mleczka i emulsje do demakijażu,4.92,150,5.02,4.90,5.25,1.83,24,7,29.17,15,6,5,1,0,0,0,1,1,0,0,0,0,1,0,1,0,0,0,0,9,5.00,4.80,0.90,0.91,0.07,0.00,0.00,1.00
275099,CHRISTIAN LAURENT,Pielęgnacja twarzy - Kremy do twarzy,4.85,155,5.05,4.84,85.98,4.47,58,26,44.83,34,8,7,3,0,1,1,1,0,0,0,1,0,0,1,1,0,0,0,0,10,4.70,4.71,0.86,0.91,0.20,0.00,0.10,0.90
2124709,EVELINE COSMETICS,Pielęgnacja twarzy - Kremy do twarzy,5.00,6,1.95,4.83,59.98,4.11,54,32,59.26,44,10,9,2,0,0,0,1,0,1,0,0,0,0,0,0,0,0,1,0,2,5.00,4.67,0.84,0.84,0.13,0.00,0.00,1.00
378766,BIELENDA,Pielęgnacja twarzy - Kremy do twarzy,4.80,84,4.44,4.80,45.98,3.85,48,22,45.83,31,9,9,4,0,0,0,1,0,0,0,1,1,0,1,0,0,0,1,0,10,4.90,4.67,0.84,0.89,0.13,0.00,0.00,1.00
207637,MIXA,Oczyszczanie i demakijaż twarzy - Płyny do demakijażu,5.00,39,3.69,4.93,5.00,1.79,10,3,30.00,7,0,0,1,0,0,0,0,0,0,0,0,0,1,0,0,0,0,0,0,10,5.00,4.55,0.78,0.87,0.35,0.10,0.00,0.90
357133,CARMEX,Pielęgnacja ust - Balsamy i pomadki do ust,4.88,77,4.36,4.86,305.65,5.73,21,14,66.67,25,4,4,1,0,0,0,0,0,0,0,0,0,0,0,0,0,1,0,0,10,4.80,4.74,0.87,0.88,0.12,0.00,0.00,1.00
177947,MIXA,Oczyszczanie i demakijaż twarzy - Płyny do demakijażu,4.94,67,4.22,4.90,13.99,2.71,10,0,0.00,0,0,0,1,0,0,0,0,1,0,0,0,0,0,0,0,0,0,0,0,10,5.00,4.65,0.83,0.89,0.18,0.00,0.10,0.90
2130405,ISANA,Pielęgnacja twarzy - Maseczki,4.80,10,2.40,4.79,12.49,2.60,30,20,66.67,31,1,0,0,0,0,0,1,0,0,0,0,0,0,0,1,0,0,1,0,6,4.67,4.41,0.71,0.88,0.49,0.17,0.00,0.83
2078552,COSRX,Tonizowanie twarzy - Esencje i hydrolaty do twarzy,4.97,33,3.53,4.90,79.99,4.39,12,7,58.33,15,0,0,1,0,0,0,0,0,0,0,0,0,1,0,1,0,0,0,0,10,5.00,4.78,0.89,0.95,0.12,0.00,0.00,1.00
2133360,BIODANCE,Pielęgnacja twarzy - Maseczki,5.00,1,0.69,4.79,19.99,3.04,47,30,63.83,38,0,0,0,0,0,0,0,1,1,0,0,0,0,0,0,0,0,1,0,0,,,,,,,,
2078480,ROUND LAB,Pielęgnacja twarzy - Kosmetyki z SPF,4.85,20,3.04,4.82,179.98,5.20,40,20,50.00,25,2,0,0,0,0,0,0,0,1,0,0,1,0,0,1,0,0,0,0,10,5.00,4.66,0.83,0.91,0.16,0.00,0.00,1.00
112679,CARMEX,Pielęgnacja ust - Balsamy i pomadki do ust,4.90,69,4.25,4.87,305.65,5.73,19,12,63.16,24,5,5,1,0,0,0,0,0,0,0,0,0,0,0,0,0,1,0,0,10,5.00,4.79,0.90,0.92,0.09,0.00,0.00,1.00
202217,MIXA,Oczyszczanie i demakijaż twarzy - Płyny do demakijażu,4.94,51,3.95,4.90,5.00,1.79,12,4,33.33,9,1,0,0,0,0,0,1,0,0,0,0,1,1,0,0,0,0,0,0,10,4.80,4.76,0.88,0.89,0.07,0.00,0.00,1.00
245393,EVELINE COSMETICS,Pielęgnacja twarzy - Kremy do twarzy,4.86,79,4.38,4.84,37.98,3.66,48,25,52.08,36,6,5,6,0,0,0,1,0,0,1,0,0,1,1,1,0,0,0,0,10,5.00,4.73,0.87,0.89,0.10,0.00,0.00,1.00
381352,DERMIKA,Pielęgnacja twarzy - Kremy do twarzy,4.90,124,4.83,4.88,83.98,4.44,45,24,53.33,36,7,6,4,0,0,0,1,0,0,0,0,1,0,0,0,0,0,1,0,10,4.40,4.57,0.78,0.79,0.12,0.00,0.00,1.00
2125814,BIELENDA,Pielęgnacja twarzy - Kosmetyki z SPF,5.00,3,1.39,4.81,53.32,3.99,45,14,31.11,15,11,10,1,1,1,1,1,1,0,0,1,0,0,0,0,0,0,0,1,1,5.00,4.88,0.94,0.94,,0.00,0.00,1.00
2104549,MEDIHEAL,Pielęgnacja twarzy - Maseczki,4.80,116,4.76,4.80,38.11,3.67,68,48,70.59,54,1,0,0,0,0,0,1,0,0,1,1,0,1,1,1,0,1,0,0,10,4.50,4.52,0.76,0.88,0.41,0.10,0.00,0.90
319012,EVELINE COSMETICS,Oczyszczanie i demakijaż twarzy - Peelingi do twarzy,4.78,85,4.45,4.78,29.98,3.43,20,12,60.00,20,1,0,3,0,0,0,1,0,0,0,0,0,1,0,0,0,1,0,1,10,4.90,4.76,0.88,0.93,0.11,0.00,0.00,1.00
370335,MIYA COSMETICS,Pielęgnacja twarzy - Kremy pod oczy,4.76,63,4.16,4.77,279.93,5.64,27,16,59.26,25,1,0,2,0,0,0,1,0,0,0,0,0,1,0,0,0,0,1,0,10,4.30,4.24,0.62,0.89,0.44,0.10,0.20,0.70
377743,ISANA,Pielęgnacja twarzy - Maseczki,4.71,56,4.04,4.73,6.29,1.99,20,11,55.00,22,2,0,1,0,0,0,1,0,0,0,0,0,0,0,1,0,0,0,0,10,4.70,4.57,0.79,0.81,0.19,0.00,0.10,0.90
2103349,YOSKINE,Oczyszczanie i demakijaż twarzy - Płyny do demakijażu,4.82,45,3.83,4.81,8.25,2.22,18,7,38.89,14,0,0,1,0,0,0,0,0,0,0,0,0,0,0,0,0,0,0,0,10,4.80,4.78,0.89,0.96,0.11,0.00,0.00,1.00
2102850,BIELENDA,"Pielęgnacja twarzy - Serum, boostery i esencje",4.85,54,4.01,4.83,71.09,4.28,27,14,51.85,29,11,11,0,0,0,0,1,0,0,1,0,1,0,0,0,0,0,1,0,10,5.00,4.79,0.89,0.96,0.13,0.00,0.00,1.00
2113654,KLOO,Pielęgnacja twarzy - Kremy do twarzy,4.69,16,2.83,4.74,253.98,5.54,25,14,56.00,22,1,0,1,0,0,0,1,0,0,1,0,0,0,0,1,0,0,1,0,7,4.43,4.31,0.66,0.84,0.50,0.14,0.00,0.86
2124060,AA,Pielęgnacja twarzy - Preparaty punktowe,4.00,4,1.61,4.65,0.34,0.29,12,9,75.00,17,0,0,0,0,0,0,0,0,0,0,1,0,0,0,0,0,0,0,0,7,3.14,3.95,0.47,0.73,0.56,0.29,0.00,0.71
275094,CHRISTIAN LAURENT,Pielęgnacja twarzy - Kremy do twarzy,4.84,86,4.47,4.83,85.98,4.47,54,29,53.70,38,1,0,7,1,1,1,1,1,0,1,1,0,0,1,1,0,0,0,0,10,4.80,4.80,0.90,0.91,0.07,0.00,0.00,1.00
2078436,ERNE,Pielęgnacja twarzy - Płatki pod oczy,4.61,74,4.32,4.65,1.90,1.06,24,14,58.33,27,0,0,1,0,0,0,0,1,0,0,0,0,0,0,1,0,0,0,0,10,4.90,4.72,0.86,0.89,0.09,0.00,0.00,1.00
2110105,BEPANTHEN,Pielęgnacja ust - Balsamy i pomadki do ust,4.15,46,3.85,4.34,319.87,5.77,24,17,70.83,28,0,0,1,0,1,1,0,0,0,0,1,0,1,0,0,0,0,0,0,10,3.20,3.76,0.38,0.43,0.51,0.20,0.30,0.50
2077365,GARNIER,Pielęgnacja twarzy - Kremy do twarzy,4.73,30,3.43,4.75,164.97,5.11,35,9,25.71,12,5,4,1,1,1,1,1,1,1,0,0,1,0,0,0,0,0,0,0,10,4.70,4.63,0.82,0.92,0.22,0.00,0.10,0.90
16908,NIVEA,Pielęgnacja ust - Balsamy i pomadki do ust,4.88,82,4.42,4.86,291.46,5.68,18,12,66.67,26,2,1,0,0,0,0,0,1,0,0,0,1,0,0,0,0,0,0,0,10,4.40,4.56,0.78,0.78,0.12,0.00,0.00,1.00
2009025,BIELENDA,Pielęgnacja ust - Balsamy i pomadki do ust,4.82,91,4.52,4.81,149.90,5.02,28,18,64.29,27,1,0,3,0,0,0,1,1,0,0,0,1,0,0,0,0,0,1,0,10,4.90,4.50,0.75,0.84,0.32,0.10,0.00,0.90
408573,BIOTANIQE,Pielęgnacja twarzy - Płatki pod oczy,4.67,40,3.71,4.71,5.75,1.91,22,10,45.45,21,0,0,1,0,0,0,0,1,0,0,0,0,0,0,0,0,0,0,0,10,4.40,4.44,0.72,0.89,0.40,0.10,0.10,0.80
2077570,TOŁPA,Pielęgnacja twarzy - Kremy do twarzy,4.85,53,3.99,4.83,115.98,4.76,32,17,53.12,27,5,4,2,0,0,0,1,0,0,0,1,0,0,1,0,0,0,1,0,10,4.80,4.61,0.81,0.90,0.27,0.10,0.00,0.90
2083938,VASELINE,Pielęgnacja ust - Balsamy i pomadki do ust,4.74,39,3.69,4.75,207.00,5.34,4,1,25.00,3,0,0,0,0,0,0,0,1,0,0,0,0,0,0,0,0,0,0,0,10,4.90,4.62,0.81,0.90,0.21,0.00,0.10,0.90
313202,TOŁPA,Oczyszczanie i demakijaż twarzy - Żele i pianki do mycia twarzy,4.84,50,3.93,4.82,12.65,2.61,17,5,29.41,11,1,0,2,0,0,0,1,0,0,0,0,0,0,0,1,0,0,0,0,9,4.89,4.54,0.77,0.81,0.16,0.00,0.00,1.00
2047001,RESIBO,Pielęgnacja twarzy - Kremy do twarzy,4.57,61,4.13,4.62,78.72,4.38,46,18,39.13,23,8,5,0,0,0,0,1,1,0,0,0,0,0,0,0,0,0,0,0,10,4.00,4.22,0.61,0.91,0.53,0.30,0.00,0.70
238573,NIVEA,Oczyszczanie i demakijaż twarzy - Płyny do demakijażu,4.88,150,5.02,4.87,9.59,2.36,19,6,31.58,12,0,0,2,0,0,0,0,1,0,0,0,1,0,0,0,0,0,0,0,10,5.00,4.74,0.87,0.90,0.11,0.00,0.00,1.00
2105412,ISANA,Pielęgnacja twarzy - Maseczki,4.69,52,3.97,4.72,4.79,1.76,16,9,56.25,16,0,0,0,0,0,0,0,0,1,0,0,0,1,0,1,0,0,0,0,10,4.70,4.80,0.90,0.93,0.08,0.00,0.00,1.00
337211,GARNIER,Pielęgnacja twarzy - Maseczki,4.91,22,3.14,4.85,46.84,3.87,25,14,56.00,26,4,2,1,0,0,0,1,0,0,0,0,0,0,0,1,0,0,0,0,10,5.00,4.76,0.88,0.90,0.10,0.00,0.00,1.00
21119,ISANA,Pielęgnacja twarzy - Maseczki,4.55,89,4.50,4.59,13.69,2.69,13,6,46.15,12,1,0,2,1,1,1,1,0,0,0,0,0,1,0,0,0,0,0,0,10,4.60,4.78,0.89,0.95,0.16,0.00,0.00,1.00
2110104,BEPANTHEN,Pielęgnacja ust - Balsamy i pomadki do ust,4.24,33,3.53,4.44,644.22,6.47,23,12,52.17,21,2,1,0,0,0,0,1,1,0,0,0,1,1,0,0,0,0,1,0,10,3.20,3.67,0.33,0.45,0.63,0.30,0.20,0.50
290043,MIYA COSMETICS,Oczyszczanie i demakijaż twarzy - Oleje i masełka do demakijażu,4.57,49,3.91,4.63,27.14,3.34,11,7,63.64,17,2,1,0,0,0,0,1,0,0,0,0,0,0,0,0,0,0,0,0,10,4.20,4.33,0.66,0.92,0.48,0.10,0.20,0.70
2055063,ISANA,Pielęgnacja ust - Balsamy i pomadki do ust,4.71,181,5.20,4.72,83.23,4.43,12,10,83.33,24,2,1,0,0,0,0,1,0,0,0,0,1,0,0,0,0,0,0,0,10,4.70,4.45,0.72,0.74,0.15,0.00,0.10,0.90
2124701,EVELINE COSMETICS,"Pielęgnacja twarzy - Serum, boostery i esencje",5.00,5,1.79,4.83,116.63,4.77,44,19,43.18,28,8,7,1,0,0,0,1,1,1,0,0,1,1,0,0,0,0,0,0,3,5.00,4.68,0.84,0.78,0.12,0.00,0.00,1.00
2113436,CHRISTIAN LAURENT,"Pielęgnacja twarzy - Serum, boostery i esencje",4.91,70,4.26,4.88,176.63,5.18,37,19,51.35,25,6,5,1,0,0,0,1,0,0,0,0,0,0,1,1,1,0,1,0,10,5.00,4.50,0.75,0.91,0.30,0.10,0.00,0.90
2113535,TOŁPA,"Pielęgnacja twarzy - Serum, boostery i esencje",4.82,68,4.23,4.81,133.30,4.90,20,10,50.00,22,1,0,2,0,0,0,0,0,0,0,0,0,0,1,1,0,0,0,0,10,4.70,4.78,0.89,0.92,0.11,0.00,0.00,1.00
2115472,TOŁPA,Oczyszczanie i demakijaż twarzy - Żele i pianki do mycia twarzy,4.79,39,3.69,4.79,82.48,4.42,16,10,62.50,21,2,2,2,0,0,0,0,0,0,0,0,0,0,0,0,0,0,0,0,10,4.50,4.41,0.71,0.78,0.34,0.10,0.00,0.90
2038044,BIELENDA,"Pielęgnacja twarzy - Serum, boostery i esencje",4.89,103,4.64,4.87,56.63,4.05,37,23,62.16,31,0,0,2,0,0,0,0,0,0,0,1,1,1,0,1,0,0,1,0,10,5.00,4.52,0.76,0.86,0.22,0.00,0.10,0.90
269053,BIOTANIQE,Pielęgnacja twarzy - Kremy do twarzy,4.88,100,4.62,4.86,51.98,3.97,39,25,64.10,36,1,0,1,0,0,0,1,1,0,0,0,1,0,0,0,0,0,0,0,10,4.80,4.81,0.91,0.96,0.13,0.00,0.00,1.00
2077360,GARNIER,Pielęgnacja twarzy - Kremy do twarzy,4.73,33,3.53,4.75,164.97,5.11,41,15,36.59,18,5,4,0,1,1,1,1,0,0,0,0,1,0,1,1,0,1,0,0,10,4.60,4.67,0.84,0.86,0.14,0.00,0.00,1.00
211922,CARMEX,Pielęgnacja ust - Balsamy i pomadki do ust,4.93,70,4.26,4.90,305.65,5.73,17,12,70.59,24,3,3,1,0,0,0,0,0,0,0,0,0,0,0,0,0,1,0,0,10,4.90,4.74,0.87,0.90,0.09,0.00,0.00,1.00
258517,BIOTANIQE,Pielęgnacja twarzy - Płatki pod oczy,4.82,106,4.67,4.81,2.75,1.32,20,14,70.00,24,0,0,1,0,1,1,0,0,0,0,0,0,0,1,1,0,0,0,0,10,5.00,4.46,0.73,0.83,0.28,0.10,0.00,0.90
61111,ALTERRA,Pielęgnacja ust - Balsamy i pomadki do ust,4.90,217,5.38,4.89,137.29,4.93,20,13,65.00,26,6,5,1,0,0,0,0,1,0,0,0,0,0,0,0,0,0,0,0,10,4.90,4.68,0.84,0.88,0.12,0.00,0.00,1.00
396280,DERMIKA,Oczyszczanie i demakijaż twarzy - Płyny do demakijażu,4.92,109,4.70,4.90,4.12,1.63,23,6,26.09,13,6,5,5,0,0,0,1,0,0,0,0,0,0,0,0,0,0,0,0,10,4.90,4.59,0.79,0.84,0.14,0.00,0.00,1.00
396279,DERMIKA,Oczyszczanie i demakijaż twarzy - Płyny do demakijażu,4.82,85,4.45,4.81,6.00,1.95,23,8,34.78,15,3,2,4,0,0,0,1,0,0,0,1,0,0,0,0,0,0,0,0,9,5.00,4.86,0.93,0.95,0.07,0.00,0.00,1.00
2103461,FLUFF,Pielęgnacja twarzy - Kremy do twarzy,4.70,30,3.43,4.73,53.98,4.01,27,13,48.15,23,1,0,2,0,0,0,1,1,1,0,0,1,0,0,0,0,0,0,0,10,4.50,4.64,0.82,0.89,0.19,0.00,0.10,0.90
177944,MIXA,Oczyszczanie i demakijaż twarzy - Mleczka i emulsje do demakijażu,4.85,73,4.30,4.84,8.49,2.25,10,4,40.00,10,1,0,0,0,0,0,1,0,0,0,0,0,0,0,0,0,0,0,0,10,4.90,4.84,0.92,0.94,0.06,0.00,0.00,1.00
2119896,DERMIKA,Pielęgnacja twarzy - Kremy pod oczy,4.83,42,3.76,4.81,183.28,5.22,37,22,59.46,32,0,0,4,0,0,0,0,0,0,0,1,0,0,0,1,0,0,1,0,2,5.00,4.78,0.89,0.89,0.11,0.00,0.00,1.00
366327,GARNIER,Oczyszczanie i demakijaż twarzy - Płyny do demakijażu,4.76,42,3.76,4.77,5.62,1.89,13,4,30.77,10,1,0,0,0,0,0,1,0,0,0,0,0,0,0,1,0,0,0,0,10,4.90,4.76,0.88,0.87,0.09,0.00,0.00,1.00
2102058,AA,Pielęgnacja twarzy - Kremy do twarzy,4.80,87,4.48,4.80,35.82,3.61,73,53,72.60,64,1,0,3,0,0,0,1,1,0,0,1,1,0,1,1,1,0,1,0,10,4.90,4.83,0.91,0.92,0.04,0.00,0.00,1.00
419386,AA,Pielęgnacja twarzy - Kremy pod oczy,4.80,40,3.71,4.79,206.60,5.34,31,20,64.52,30,2,1,1,0,0,0,1,0,0,0,0,0,0,0,0,1,0,1,0,10,4.70,4.60,0.80,0.87,0.19,0.00,0.10,0.90
2103208,HADA LABO TOKYO,Pielęgnacja twarzy - Kremy do twarzy,4.85,118,4.78,4.84,135.98,4.92,34,20,58.82,28,0,0,2,0,0,0,0,0,0,0,0,0,0,0,1,0,0,0,0,10,5.00,4.74,0.87,0.89,0.09,0.00,0.00,1.00
381351,DERMIKA,Pielęgnacja twarzy - Kremy do twarzy,4.86,108,4.69,4.85,83.98,4.44,39,18,46.15,29,7,6,4,0,0,0,1,0,0,0,0,0,0,0,0,0,0,1,0,10,4.90,4.84,0.92,0.94,0.05,0.00,0.00,1.00
383003,KIMOCO,Pielęgnacja twarzy - Płatki pod oczy,4.69,144,4.98,4.70,1.25,0.81,21,10,47.62,20,1,1,0,0,0,0,0,1,1,0,0,0,0,0,0,0,0,0,0,10,4.80,4.67,0.84,0.90,0.17,0.00,0.10,0.90
366328,L'ORÉAL PARIS,"Pielęgnacja twarzy - Serum, boostery i esencje",4.83,52,3.97,4.82,139.97,4.95,29,15,51.72,25,5,5,2,1,1,1,1,0,0,1,0,0,0,0,1,0,0,0,0,10,4.60,4.62,0.81,0.87,0.23,0.00,0.10,0.90
2031033,BIELENDA,Pielęgnacja twarzy - Kremy do twarzy,4.74,73,4.30,4.75,33.98,3.55,46,28,60.87,40,3,3,4,0,0,0,1,0,0,0,1,1,0,1,0,0,0,1,0,9,4.78,4.81,0.91,0.91,0.06,0.00,0.00,1.00
2065003,ISANA,Pielęgnacja twarzy - Maseczki,4.67,66,4.20,4.70,6.29,1.99,27,16,59.26,27,2,1,3,0,0,0,1,0,0,0,0,1,0,0,1,0,0,0,0,10,4.50,4.48,0.74,0.82,0.23,0.00,0.10,0.90
111154,ISANA,Depilacja twarzy - Plastry i kremy do depilacji,4.60,70,4.26,4.64,0.46,0.38,13,5,38.46,12,4,3,0,0,0,0,1,1,0,0,0,0,0,0,0,0,0,0,0,10,4.70,4.48,0.74,0.87,0.28,0.00,0.20,0.80
163336,ZIAJA,Oczyszczanie i demakijaż twarzy - Mleczka i emulsje do demakijażu,4.88,115,4.75,4.87,4.50,1.70,21,7,33.33,15,9,8,1,0,0,0,1,0,0,0,0,0,0,0,0,0,0,0,0,10,5.00,4.82,0.91,0.93,0.07,0.00,0.00,1.00
2081793,ISANA,Oczyszczanie i demakijaż twarzy - Żele i pianki do mycia twarzy,4.75,77,4.36,4.76,5.63,1.89,16,8,50.00,14,2,1,1,0,0,0,1,0,0,0,0,0,0,0,0,0,0,0,0,10,4.90,4.76,0.88,0.89,0.07,0.00,0.00,1.00
269485,SELFIE PROJECT,Pielęgnacja twarzy - Maseczki,4.76,21,3.09,4.77,83.27,4.43,25,7,28.00,13,4,3,2,0,0,0,1,0,0,0,0,0,0,0,0,0,0,0,0,9,4.78,4.56,0.78,0.86,0.23,0.00,0.11,0.89
2031030,BIELENDA,Pielęgnacja twarzy - Kremy do twarzy,4.85,46,3.85,4.83,33.98,3.55,50,27,54.00,39,3,3,4,0,0,0,1,0,0,0,0,1,0,1,1,0,0,1,0,10,4.90,4.83,0.91,0.92,0.05,0.00,0.00,1.00
385743,ISANA,"Pielęgnacja twarzy - Serum, boostery i esencje",4.84,90,4.51,4.83,149.83,5.02,20,5,25.00,10,5,4,2,1,1,1,1,0,0,0,0,1,0,0,1,0,0,0,0,10,5.00,4.80,0.90,0.91,0.08,0.00,0.00,1.00
2103346,TOŁPA,Pielęgnacja twarzy - Kremy do twarzy,4.87,39,3.69,4.84,115.98,4.76,39,16,41.03,27,14,14,2,0,0,0,1,0,1,0,0,0,0,1,0,0,0,1,0,10,4.70,4.73,0.86,0.94,0.19,0.00,0.10,0.90
354084,GARNIER,Pielęgnacja twarzy - Maseczki,4.89,45,3.83,4.86,53.54,4.00,17,8,47.06,17,1,0,2,0,0,0,1,0,0,0,0,0,0,0,1,0,0,0,0,10,5.00,4.73,0.87,0.92,0.13,0.00,0.00,1.00
2103254,SELFIE PROJECT,Pielęgnacja twarzy - Preparaty punktowe,4.29,52,3.97,4.43,3.62,1.53,13,5,38.46,10,0,0,3,0,0,0,0,0,0,0,0,0,0,0,0,1,1,0,0,10,4.70,4.24,0.62,0.82,0.39,0.20,0.10,0.70
2124186,KLOO,Pielęgnacja twarzy - Kremy do twarzy,3.25,4,1.61,4.53,287.98,5.67,41,15,36.59,18,5,5,1,0,0,0,1,1,0,0,0,0,1,0,1,0,0,0,0,2,1.50,2.40,-0.30,-0.30,0.29,1.00,0.00,0.00
193204,CARMEX,Pielęgnacja ust - Balsamy i pomadki do ust,4.86,70,4.26,4.84,305.65,5.73,21,14,66.67,26,3,3,1,0,0,0,0,0,0,0,0,0,0,0,0,0,1,0,0,10,4.50,4.56,0.78,0.95,0.46,0.10,0.00,0.90
2100737,NIVEA,Pielęgnacja ust - Balsamy i pomadki do ust,4.90,68,4.23,4.87,249.90,5.53,12,8,66.67,21,4,3,0,0,0,0,0,0,0,0,0,1,0,0,0,0,0,0,0,10,4.90,4.60,0.80,0.80,0.11,0.00,0.00,1.00
2113759,BIELENDA,Oczyszczanie i demakijaż twarzy - Żele i pianki do mycia twarzy,4.72,39,3.69,4.74,17.40,2.91,51,29,56.86,38,6,5,1,0,0,0,1,0,0,0,1,1,1,0,1,0,0,1,1,10,4.80,4.74,0.87,0.97,0.17,0.00,0.00,1.00
7954,NIVEA,Pielęgnacja twarzy - Kremy do twarzy,4.91,44,3.81,4.87,107.98,4.69,26,13,50.00,22,1,1,1,0,0,0,1,0,0,0,0,0,0,0,1,0,0,0,0,10,4.90,4.53,0.77,0.85,0.20,0.00,0.00,1.00
2103352,YOSKINE,Oczyszczanie i demakijaż twarzy - Peelingi do twarzy,4.70,56,4.04,4.72,19.99,3.04,25,10,40.00,17,1,0,2,0,0,0,1,1,0,0,0,0,0,0,0,0,0,0,0,10,4.20,4.53,0.77,0.90,0.29,0.00,0.20,0.80
321200,YOSKINE,Pielęgnacja twarzy - Maseczki,4.88,42,3.76,4.85,44.95,3.83,21,6,28.57,12,1,0,3,0,0,0,1,0,0,0,0,0,0,0,0,0,0,0,0,10,4.50,4.56,0.78,0.87,0.29,0.10,0.00,0.90
2122096,VASELINE,Pielęgnacja ust - Balsamy i pomadki do ust,4.69,13,2.64,4.75,179.90,5.20,7,1,14.29,3,2,1,0,0,0,0,1,1,0,0,0,0,0,0,0,0,0,0,0,9,4.67,4.48,0.74,0.94,0.36,0.11,0.11,0.78
1069,NIVEA,Tonizowanie twarzy - Toniki do twarzy,4.87,68,4.23,4.85,8.99,2.30,16,4,25.00,11,5,5,2,0,0,0,1,0,0,0,0,0,0,0,0,0,0,0,0,10,5.00,4.85,0.92,0.95,0.07,0.00,0.00,1.00
396450,EVELINE COSMETICS,"Pielęgnacja twarzy - Serum, boostery i esencje",4.89,61,4.13,4.86,99.97,4.61,24,8,33.33,14,0,0,1,0,0,0,0,1,1,1,0,0,0,0,0,0,1,0,0,10,4.90,4.63,0.81,0.92,0.24,0.00,0.10,0.90
370337,MIYA COSMETICS,"Pielęgnacja twarzy - Serum, boostery i esencje",4.83,63,4.16,4.82,149.97,5.02,13,11,84.62,25,0,0,2,0,0,0,0,0,0,0,0,0,1,0,1,0,0,0,1,10,4.40,4.26,0.63,0.85,0.49,0.20,0.00,0.80
2124563,YOSKINE,Oczyszczanie i demakijaż twarzy - Mleczka i emulsje do demakijażu,5.00,1,0.69,4.79,7.50,2.14,35,15,42.86,25,3,2,3,0,0,0,1,0,0,0,1,0,0,0,0,0,0,0,0,0,,,,,,,,
2076067,AA,Pielęgnacja twarzy - Kremy do twarzy,4.94,31,3.47,4.88,144.98,4.98,55,27,49.09,32,1,0,3,0,0,0,1,1,0,0,0,0,0,1,0,0,0,0,0,10,4.80,4.71,0.86,0.87,0.12,0.00,0.00,1.00
2102966,BIELENDA,"Pielęgnacja twarzy - Serum, boostery i esencje",4.80,64,4.17,4.80,126.63,4.85,58,26,44.83,32,9,10,2,0,1,1,1,1,1,0,0,1,0,0,1,0,0,0,0,2,4.50,4.68,0.84,0.84,0.22,0.00,0.00,1.00
21788,NIVEA,Oczyszczanie i demakijaż twarzy - Żele i pianki do mycia twarzy,4.81,54,4.01,4.80,11.66,2.54,23,10,43.48,19,1,0,1,0,0,0,1,1,0,0,0,0,0,0,0,0,0,1,0,10,4.70,4.66,0.83,0.98,0.37,0.10,0.00,0.90
2031056,NIVEA,"Pielęgnacja twarzy - Serum, boostery i esencje",4.91,65,4.19,4.88,186.63,5.23,21,10,47.62,19,1,0,1,0,0,0,1,0,0,0,0,0,0,0,1,0,0,1,0,10,4.80,4.56,0.78,0.89,0.34,0.10,0.00,0.90
148819,TOŁPA,Oczyszczanie i demakijaż twarzy - Peelingi do twarzy,4.77,43,3.78,4.77,19.99,3.04,25,7,28.00,9,1,0,3,1,1,1,1,0,0,0,0,0,0,0,0,0,1,0,0,10,4.90,4.59,0.79,0.85,0.19,0.00,0.00,1.00
418084,MIYA COSMETICS,"Pielęgnacja twarzy - Serum, boostery i esencje",4.78,36,3.61,4.78,166.63,5.12,30,15,50.00,25,1,1,4,0,0,0,1,0,0,0,0,1,0,0,0,1,0,0,1,10,4.70,4.73,0.87,0.87,0.11,0.00,0.00,1.00
2103217,HERO.,Pielęgnacja twarzy - Preparaty punktowe,4.63,72,4.29,4.66,1.79,1.03,1,0,0.00,0,0,0,0,0,0,0,0,0,0,0,0,0,0,0,0,0,0,0,0,10,3.80,4.04,0.52,0.67,0.42,0.20,0.20,0.60
154440,ZIAJA,Oczyszczanie i demakijaż twarzy - Płyny do demakijażu,4.88,64,4.17,4.86,5.25,1.83,10,6,60.00,15,0,0,2,0,0,0,0,0,0,0,0,0,1,0,0,0,0,0,0,9,5.00,4.62,0.81,0.91,0.19,0.00,0.00,1.00
390632,L'ORÉAL PARIS,Pielęgnacja twarzy - Kremy do twarzy,4.95,20,3.04,4.87,179.98,5.20,67,24,35.82,30,10,9,4,0,0,0,1,1,0,0,0,0,0,0,1,0,1,0,0,10,5.00,4.77,0.88,0.91,0.07,0.00,0.00,1.00
349372,ESFOLIO,Pielęgnacja twarzy - Maseczki,4.86,148,5.00,4.85,9.16,2.32,24,8,33.33,16,3,2,2,0,1,1,1,0,0,0,0,0,0,0,1,0,0,0,0,10,4.90,4.74,0.87,0.85,0.09,0.00,0.00,1.00
2124524,PERFECTA,Pielęgnacja twarzy - Kremy do twarzy,5.00,4,1.61,4.82,69.98,4.26,46,23,50.00,34,9,8,3,0,0,0,1,0,0,1,0,0,0,1,1,0,0,0,0,5,5.00,4.78,0.89,0.93,0.09,0.00,0.00,1.00
275097,CHRISTIAN LAURENT,Pielęgnacja twarzy - Kremy do twarzy,4.78,73,4.30,4.78,85.98,4.47,50,27,54.00,36,1,0,7,1,1,1,1,1,0,0,1,0,0,0,1,0,0,0,0,10,4.90,4.71,0.85,0.85,0.10,0.00,0.00,1.00
2104554,KIMOCO,Tonizowanie twarzy - Toniki do twarzy,4.87,60,4.11,4.85,1.13,0.76,40,31,77.50,41,2,0,0,0,0,0,1,0,1,0,0,0,1,0,0,1,0,0,0,10,5.00,4.78,0.89,0.92,0.09,0.00,0.00,1.00
31158,AA,Pielęgnacja twarzy - Kremy do twarzy,4.87,97,4.58,4.86,28.98,3.40,25,18,72.00,29,0,0,1,0,0,0,0,0,0,0,1,0,1,0,0,0,0,1,0,10,5.00,4.64,0.82,0.88,0.15,0.00,0.00,1.00
2113727,MIYA COSMETICS,Oczyszczanie i demakijaż twarzy - Żele i pianki do mycia twarzy,4.91,33,3.53,4.86,23.33,3.19,25,15,60.00,22,2,2,3,0,0,0,1,0,0,0,0,0,1,0,0,0,0,0,0,9,4.78,4.50,0.75,0.86,0.30,0.00,0.22,0.78
322610,TOŁPA,Pielęgnacja twarzy - Kremy do twarzy,4.68,37,3.64,4.72,87.48,4.48,28,13,46.43,21,2,0,2,1,1,1,1,0,0,0,0,0,0,0,0,0,1,0,0,10,4.20,4.14,0.57,0.90,0.69,0.20,0.00,0.80
329929,DERMIKA,Oczyszczanie i demakijaż twarzy - Płyny do demakijażu,4.94,53,3.99,4.90,7.00,2.08,16,8,50.00,16,0,0,1,0,0,0,0,1,0,0,0,0,0,0,0,0,0,0,0,9,4.89,4.82,0.91,0.95,0.08,0.00,0.00,1.00
45690,GARNIER,Oczyszczanie i demakijaż twarzy - Żele i pianki do mycia twarzy,4.82,51,3.95,4.81,17.33,2.91,31,11,35.48,17,4,5,3,0,0,0,1,1,0,0,0,0,0,0,0,0,1,0,0,10,4.50,4.26,0.63,0.75,0.38,0.20,0.10,0.70
411649,BIELENDA PROFESSIONAL,Pielęgnacja twarzy - Kremy pod oczy,4.75,36,3.61,4.76,426.60,6.06,32,19,59.38,30,0,1,2,0,0,0,0,1,0,0,1,1,0,0,1,0,0,1,0,9,4.89,4.73,0.86,0.89,0.09,0.00,0.00,1.00
2124107,YOPE,Pielęgnacja twarzy - Maseczki,3.60,5,1.79,4.55,69.98,4.26,29,14,48.28,22,7,6,0,0,0,0,1,1,0,0,0,0,0,0,0,0,0,0,1,5,3.60,4.07,0.54,0.63,0.39,0.20,0.00,0.80
2104550,MEDIHEAL,Pielęgnacja twarzy - Maseczki,4.88,81,4.41,4.86,38.11,3.67,56,42,75.00,49,1,0,0,0,0,0,0,0,0,0,1,0,1,0,1,0,0,0,0,9,4.78,4.70,0.85,0.91,0.12,0.00,0.00,1.00
2102024,AA,Oczyszczanie i demakijaż twarzy - Żele i pianki do mycia twarzy,4.76,55,4.03,4.77,10.66,2.46,36,22,61.11,28,1,0,3,0,0,0,1,0,1,0,1,0,0,0,0,0,1,0,1,9,4.56,4.62,0.81,0.91,0.22,0.00,0.11,0.89
219808,YOSKINE,Pielęgnacja twarzy - Kremy do twarzy,4.87,122,4.81,4.86,103.98,4.65,38,21,55.26,29,6,5,1,0,0,0,1,1,0,0,0,0,0,0,0,1,0,0,0,10,4.60,4.79,0.89,0.93,0.08,0.00,0.00,1.00
312762,EVELINE COSMETICS,Oczyszczanie i demakijaż twarzy - Płyny do demakijażu,4.88,50,3.93,4.85,3.08,1.41,19,11,57.89,17,1,0,3,0,0,0,1,0,1,0,0,0,1,0,0,0,0,0,0,2,4.50,4.71,0.86,0.86,0.01,0.00,0.00,1.00
269056,BIOTANIQE,Pielęgnacja twarzy - Kremy pod oczy,4.79,63,4.16,4.79,153.27,5.04,33,21,63.64,32,1,0,2,0,0,0,1,1,0,0,0,0,0,0,1,1,0,1,0,10,5.00,4.84,0.92,0.94,0.07,0.00,0.00,1.00
22199,ZIAJA,Oczyszczanie i demakijaż twarzy - Płyny do demakijażu,4.86,83,4.43,4.84,5.58,1.88,8,2,25.00,6,0,0,1,0,0,0,0,0,0,0,0,0,1,0,0,0,0,0,0,10,4.80,4.76,0.88,0.91,0.11,0.00,0.00,1.00
269051,BIOTANIQE,Pielęgnacja twarzy - Kremy do twarzy,4.89,75,4.33,4.87,51.98,3.97,33,21,63.64,32,1,0,2,0,0,0,1,1,0,0,0,0,0,0,1,1,0,1,0,10,4.80,4.68,0.84,0.85,0.09,0.00,0.00,1.00
377632,ISANA,Oczyszczanie i demakijaż twarzy - Chusteczki do demakijażu,4.84,61,4.13,4.83,0.19,0.17,18,7,38.89,13,1,0,3,0,0,0,1,0,0,0,0,0,0,0,1,0,0,0,0,10,4.80,4.74,0.87,0.87,0.09,0.00,0.00,1.00
390749,MIYA COSMETICS,Pielęgnacja twarzy - Maseczki,4.79,53,3.99,4.79,89.98,4.51,26,13,50.00,23,1,0,3,0,0,0,1,0,0,0,0,0,0,0,0,0,0,0,0,10,4.50,4.40,0.70,0.85,0.33,0.10,0.10,0.80
419478,GARNIER,Pielęgnacja twarzy - Płatki pod oczy,4.75,12,2.56,4.77,279.80,5.64,18,10,55.56,19,0,1,1,0,0,0,0,1,0,0,0,0,0,0,1,0,0,0,0,6,4.67,4.86,0.93,0.94,0.05,0.00,0.00,1.00
2124548,GARNIER,Pielęgnacja twarzy - Kremy do twarzy,4.50,2,1.10,4.76,41.16,3.74,30,10,33.33,19,10,10,2,1,1,1,1,1,1,0,0,1,0,0,0,0,1,0,0,1,4.00,4.55,0.77,0.77,,0.00,0.00,1.00
248549,NIVEA,Oczyszczanie i demakijaż twarzy - Płyny do demakijażu,4.78,40,3.71,4.78,5.75,1.91,20,10,50.00,20,0,0,2,0,0,0,0,0,0,0,0,0,1,0,0,0,0,0,0,10,4.80,4.42,0.71,0.85,0.44,0.10,0.00,0.90
390472,BIELENDA,Tonizowanie twarzy - Toniki do twarzy,4.79,52,3.97,4.79,21.49,3.11,24,10,41.67,23,6,6,4,0,0,0,1,0,1,0,0,0,0,0,0,0,0,0,0,2,4.50,4.72,0.86,0.86,0.18,0.00,0.00,1.00
288096,BIELENDA,Pielęgnacja twarzy - Kremy do twarzy,4.85,121,4.80,4.84,43.98,3.81,52,32,61.54,44,8,9,3,0,0,0,1,0,1,0,0,1,0,0,0,0,0,1,0,10,5.00,4.73,0.87,0.89,0.09,0.00,0.00,1.00
2125921,DR.JART+,Pielęgnacja twarzy - Kremy do twarzy,4.67,3,1.39,4.77,366.63,5.91,59,29,49.15,38,2,0,0,0,0,0,0,1,1,0,0,0,1,1,0,1,0,0,0,3,4.33,4.04,0.52,0.88,0.68,0.33,0.00,0.67
2101980,KIMOCO,Pielęgnacja twarzy - Kremy pod oczy,4.81,69,4.25,4.80,386.60,5.96,43,32,74.42,45,1,0,0,0,0,0,1,1,0,0,0,0,0,0,1,1,0,0,0,9,4.89,4.79,0.89,0.92,0.08,0.00,0.00,1.00
2078653,NIVEA,"Pielęgnacja twarzy - Serum, boostery i esencje",4.78,58,4.08,4.78,226.63,5.43,18,10,55.56,19,1,1,1,1,1,1,1,0,0,0,0,0,0,0,0,0,0,0,0,9,4.67,4.66,0.83,0.90,0.18,0.00,0.00,1.00
2077250,TOŁPA,Oczyszczanie i demakijaż twarzy - Żele i pianki do mycia twarzy,4.79,57,4.06,4.79,12.30,2.59,11,5,45.45,12,0,0,2,0,0,0,0,0,0,0,0,0,0,0,1,0,0,0,1,10,5.00,4.76,0.88,0.93,0.15,0.00,0.00,1.00
61520,NIVEA MEN,Pielęgnacja ust - Balsamy i pomadki do ust,4.91,79,4.38,4.88,260.21,5.57,13,9,69.23,22,2,0,0,0,0,0,0,1,0,0,0,1,0,0,0,0,0,0,0,10,5.00,4.69,0.85,0.89,0.11,0.00,0.00,1.00
2125818,BIELENDA,Pielęgnacja twarzy - Preparaty punktowe,5.00,2,1.10,4.80,79.93,4.39,32,17,53.12,23,0,1,3,0,0,0,0,1,1,0,0,1,1,0,0,1,1,0,1,6,5.00,4.60,0.80,0.80,0.17,0.00,0.00,1.00
2124770,EVELINE COSMETICS,Pielęgnacja twarzy - Kremy do twarzy,4.75,4,1.61,4.78,35.98,3.61,66,34,51.52,42,8,7,4,0,0,0,1,0,0,0,1,0,1,1,1,0,0,0,0,5,5.00,4.76,0.88,0.96,0.13,0.00,0.00,1.00
2090011,KIMOCO,Pielęgnacja twarzy - Maseczki,4.65,46,3.85,4.69,59.88,4.11,35,19,54.29,26,1,0,3,0,0,0,1,1,0,0,0,0,0,1,1,0,0,0,0,10,4.90,4.62,0.81,0.93,0.29,0.10,0.00,0.90
370575,TOŁPA,Pielęgnacja twarzy - Kremy do twarzy,4.83,30,3.43,4.81,87.48,4.48,19,8,42.11,17,1,0,2,0,0,0,1,0,0,0,0,0,0,0,0,0,0,0,0,10,5.00,4.73,0.87,0.89,0.09,0.00,0.00,1.00
2124106,YOPE,Oczyszczanie i demakijaż twarzy - Żele i pianki do mycia twarzy,5.00,6,1.95,4.83,116.63,4.77,21,6,28.57,12,5,4,0,0,0,0,1,1,0,0,0,0,0,0,0,0,0,0,0,1,5.00,4.91,0.96,0.96,,0.00,0.00,1.00
2076636,TOŁPA,Tonizowanie twarzy - Toniki do twarzy,4.70,37,3.64,4.73,14.99,2.77,17,8,47.06,18,1,0,3,0,0,0,1,0,0,0,0,0,0,0,0,1,1,0,1,10,4.60,4.54,0.77,0.92,0.43,0.10,0.00,0.90
343767,TOŁPA,Oczyszczanie i demakijaż twarzy - Peelingi do twarzy,4.90,48,3.89,4.87,13.33,2.66,21,6,28.57,11,1,0,4,0,0,0,1,1,0,0,0,0,0,0,0,0,0,0,0,10,4.90,4.75,0.87,0.94,0.16,0.00,0.00,1.00
2113817,ERNE,Pielęgnacja twarzy - Preparaty punktowe,4.62,74,4.32,4.65,0.47,0.39,16,5,31.25,11,8,7,0,0,0,0,0,0,1,0,0,0,0,0,0,0,0,0,0,10,4.50,4.42,0.71,0.80,0.30,0.10,0.00,0.90
343337,MIYA COSMETICS,"Pielęgnacja twarzy - Serum, boostery i esencje",4.91,45,3.83,4.87,149.97,5.02,25,11,44.00,21,5,4,2,0,1,1,1,0,1,0,0,0,0,0,0,0,0,0,0,10,5.00,4.81,0.91,0.92,0.07,0.00,0.00,1.00
203826,ZIAJA,Oczyszczanie i demakijaż twarzy - Żele i pianki do mycia twarzy,4.86,94,4.55,4.85,11.32,2.51,21,5,23.81,9,6,5,2,0,0,0,1,1,0,0,0,0,1,0,0,0,0,0,0,10,4.70,4.72,0.86,0.92,0.15,0.00,0.00,1.00
381476,DERMIKA,Pielęgnacja twarzy - Kremy pod oczy,4.94,78,4.37,4.91,346.60,5.85,40,22,55.00,31,1,1,4,0,0,0,0,0,0,0,1,0,0,1,0,0,0,1,0,10,5.00,4.74,0.87,0.89,0.07,0.00,0.00,1.00
2122099,BIELENDA,Pielęgnacja ust - Balsamy i pomadki do ust,4.27,11,2.48,4.60,134.90,4.91,22,12,54.55,20,4,2,0,0,0,0,0,0,0,0,0,0,0,1,0,0,0,1,0,10,3.90,4.13,0.56,0.74,0.45,0.20,0.10,0.70
2104447,PERFECTA,Pielęgnacja twarzy - Maseczki,4.89,95,4.56,4.87,41.12,3.74,46,25,54.35,36,9,8,2,0,0,0,1,0,0,1,0,0,0,1,1,0,0,0,0,10,4.90,4.65,0.82,0.82,0.11,0.00,0.00,1.00
327268,NIVEA,Pielęgnacja twarzy - Kremy do twarzy,4.92,39,3.69,4.87,117.98,4.78,28,12,42.86,17,1,0,1,0,0,0,1,0,0,0,0,0,0,0,0,0,0,1,0,10,4.90,4.78,0.89,0.91,0.05,0.00,0.00,1.00
2104446,PERFECTA,Pielęgnacja twarzy - Maseczki,4.83,103,4.64,4.82,41.12,3.74,47,24,51.06,35,11,11,1,0,0,0,1,1,0,0,0,1,0,0,0,0,0,0,0,10,4.70,4.62,0.81,0.89,0.28,0.10,0.00,0.90
2083937,VASELINE,Pielęgnacja ust - Balsamy i pomadki do ust,4.79,62,4.14,4.79,249.79,5.52,30,20,66.67,33,8,6,0,0,0,0,1,1,0,0,0,0,0,0,0,0,0,0,0,10,4.30,4.54,0.77,0.94,0.33,0.10,0.10,0.80
30770,ISANA,Oczyszczanie i demakijaż twarzy - Żele i pianki do mycia twarzy,4.85,92,4.53,4.84,6.66,2.04,18,8,44.44,14,1,0,1,0,0,0,1,1,0,0,0,0,1,0,1,0,0,0,0,10,4.80,4.74,0.87,0.91,0.12,0.00,0.00,1.00
396247,BIELENDA,Pielęgnacja twarzy - Maseczki,4.81,69,4.25,4.80,49.98,3.93,47,26,55.32,36,1,1,4,0,0,0,1,1,0,0,0,1,0,0,0,0,0,1,0,10,4.50,4.64,0.82,0.93,0.21,0.00,0.00,1.00
2113521,NIVEA,"Pielęgnacja twarzy - Serum, boostery i esencje",4.96,24,3.22,4.88,316.63,5.76,26,12,46.15,21,3,1,1,0,0,0,1,0,0,0,0,0,0,0,1,0,0,1,0,6,5.00,4.58,0.79,0.92,0.34,0.00,0.17,0.83
2124211,CLAYLY,Pielęgnacja twarzy - Kremy pod oczy,4.00,1,0.69,4.75,123.30,4.82,43,25,58.14,34,5,4,1,0,0,0,1,1,0,0,0,0,0,1,1,0,0,1,1,0,,,,,,,,
2113628,YOSKINE,Pielęgnacja twarzy - Kremy do twarzy,4.92,25,3.26,4.86,135.98,4.92,39,15,38.46,22,14,14,1,0,0,0,1,0,0,0,0,0,0,1,1,0,0,0,0,10,5.00,4.80,0.90,0.90,0.05,0.00,0.00,1.00
410743,TOŁPA,Oczyszczanie i demakijaż twarzy - Płyny do demakijażu,4.87,47,3.87,4.84,5.37,1.85,19,6,31.58,13,1,1,6,0,0,0,1,0,0,0,0,0,0,0,0,0,1,0,0,10,4.90,4.70,0.85,0.89,0.13,0.00,0.00,1.00
217893,CARMEX,Pielęgnacja ust - Balsamy i pomadki do ust,4.85,60,4.11,4.83,305.65,5.73,26,12,46.15,23,9,9,2,0,0,0,1,0,0,0,0,0,0,0,0,0,1,0,0,10,4.60,4.54,0.77,0.89,0.34,0.10,0.00,0.90
2115622,EVELINE COSMETICS,Pielęgnacja twarzy - Maseczki,4.69,35,3.58,4.72,33.25,3.53,40,24,60.00,35,5,4,2,0,0,0,1,0,0,0,0,0,1,0,0,0,0,0,0,10,4.50,4.46,0.73,0.83,0.33,0.10,0.00,0.90
342710,FACEBOOM,Oczyszczanie i demakijaż twarzy - Żele i pianki do mycia twarzy,4.75,72,4.29,4.76,13.33,2.66,16,6,37.50,11,1,0,2,0,0,0,1,0,0,0,0,0,0,0,0,0,1,0,1,10,5.00,4.83,0.92,0.95,0.07,0.00,0.00,1.00
396448,EVELINE COSMETICS,"Pielęgnacja twarzy - Serum, boostery i esencje",4.84,157,5.06,4.83,99.97,4.61,82,57,69.51,66,1,0,3,0,0,0,1,1,0,0,1,0,0,1,0,0,0,0,1,10,4.80,4.69,0.84,0.93,0.20,0.00,0.00,1.00
30004,NIVEA,Oczyszczanie i demakijaż twarzy - Żele i pianki do mycia twarzy,4.79,103,4.64,4.79,11.66,2.54,25,8,32.00,14,1,0,1,0,0,0,1,1,0,1,0,0,0,0,0,0,0,0,0,9,5.00,4.80,0.90,0.91,0.08,0.00,0.00,1.00
327270,NIVEA,Pielęgnacja twarzy - Kremy do twarzy,4.87,45,3.83,4.84,117.98,4.78,27,17,62.96,27,1,0,1,0,0,0,1,0,0,0,0,0,1,0,0,0,0,1,0,10,4.90,4.73,0.86,0.87,0.08,0.00,0.00,1.00
340578,AVELLIA,Oczyszczanie i demakijaż twarzy - Chusteczki do demakijażu,4.58,71,4.28,4.62,0.11,0.10,19,5,26.32,10,1,1,1,0,0,0,1,0,0,0,0,0,0,0,0,0,0,0,0,10,4.00,3.91,0.46,0.60,0.57,0.20,0.20,0.60
2076370,AA,Pielęgnacja twarzy - Maseczki,4.59,32,3.50,4.66,16.49,2.86,25,13,52.00,26,1,0,0,0,0,0,1,1,0,0,0,0,0,0,1,1,0,1,0,9,4.78,4.41,0.71,0.87,0.28,0.00,0.11,0.89
194846,ISANA,"Pielęgnacja twarzy - Serum, boostery i esencje",4.75,119,4.79,4.75,210.15,5.35,18,10,55.56,22,6,6,1,0,0,0,1,0,0,0,0,0,0,0,0,0,0,1,0,10,4.60,4.53,0.76,0.85,0.26,0.10,0.00,0.90
369829,TOŁPA,Tonizowanie twarzy - Toniki do twarzy,4.88,48,3.89,4.85,10.99,2.48,9,4,44.44,11,0,0,1,0,0,0,0,0,0,0,0,0,0,0,0,0,0,0,1,10,4.70,4.57,0.78,0.88,0.27,0.10,0.00,0.90
2113435,CHRISTIAN LAURENT,"Pielęgnacja twarzy - Serum, boostery i esencje",4.89,61,4.13,4.86,159.97,5.08,43,25,58.14,36,5,4,2,0,0,0,1,0,0,0,0,0,1,0,1,1,0,0,1,2,5.00,4.68,0.84,0.84,0.06,0.00,0.00,1.00
419421,EVELINE PRESTIGE,Pielęgnacja twarzy - Kremy do twarzy,4.78,51,3.95,4.78,67.98,4.23,82,60,73.17,68,6,3,4,0,0,0,1,0,0,0,1,0,0,1,0,0,0,1,0,10,4.50,4.61,0.80,0.93,0.36,0.10,0.00,0.90
2076065,AA,"Pielęgnacja twarzy - Serum, boostery i esencje",4.89,53,3.99,4.86,119.98,4.80,42,23,54.76,29,1,0,3,0,0,0,1,0,1,0,0,0,1,1,0,0,0,0,0,10,4.90,4.71,0.85,0.87,0.13,0.00,0.00,1.00
323511,PUSHEEN,Pielęgnacja ust - Balsamy i pomadki do ust,4.97,33,3.53,4.90,216.50,5.38,14,4,28.57,9,1,0,2,0,0,0,1,1,0,0,0,0,0,0,0,0,0,0,0,10,5.00,4.36,0.68,0.69,0.25,0.00,0.20,0.80
2078504,BEAUTY OF JOSEON,Oczyszczanie i demakijaż twarzy - Żele i pianki do mycia twarzy,5.00,7,2.08,4.84,59.99,4.11,27,16,59.26,24,0,0,0,0,0,0,0,0,0,0,0,0,0,0,0,0,0,0,0,1,5.00,4.78,0.89,0.89,,0.00,0.00,1.00
2102956,BIELENDA,"Pielęgnacja twarzy - Serum, boostery i esencje",4.70,67,4.22,4.72,96.63,4.58,69,49,71.01,60,0,0,3,0,0,0,0,1,1,0,1,1,0,0,0,0,0,1,1,10,4.10,4.47,0.73,0.91,0.35,0.10,0.00,0.90
279619,EVELINE COSMETICS,Pielęgnacja twarzy - Kremy do twarzy,4.86,42,3.76,4.83,44.98,3.83,57,26,45.61,37,8,7,7,0,0,0,1,1,0,1,0,0,0,0,0,0,0,0,0,10,4.90,4.83,0.91,0.94,0.06,0.00,0.00,1.00
2047002,RESIBO,Oczyszczanie i demakijaż twarzy - Oleje i masełka do demakijażu,4.74,23,3.18,4.76,63.32,4.16,9,7,77.78,18,1,0,0,0,0,0,1,0,0,0,0,0,0,0,0,0,0,0,0,9,4.67,4.57,0.79,0.83,0.19,0.00,0.00,1.00
381952,AA,Oczyszczanie i demakijaż twarzy - Żele i pianki do mycia twarzy,4.59,29,3.40,4.67,11.66,2.54,26,16,61.54,26,1,0,3,0,0,0,0,0,0,0,0,0,1,0,1,0,0,0,0,10,3.80,4.16,0.58,0.83,0.45,0.10,0.30,0.60
13738,NIVEA,Pielęgnacja twarzy - Kremy pod oczy,4.76,41,3.74,4.77,373.27,5.92,25,13,52.00,22,1,0,1,0,0,0,0,1,0,0,0,0,0,0,0,0,0,0,0,10,5.00,4.73,0.87,0.95,0.17,0.00,0.00,1.00
250878,GARNIER,Pielęgnacja twarzy - Maseczki,4.82,33,3.53,4.81,46.84,3.87,23,10,43.48,19,3,1,5,0,0,0,1,0,0,0,0,0,0,0,1,0,0,0,0,10,4.80,4.77,0.89,0.90,0.11,0.00,0.00,1.00
2078220,ROUTINES BY ALKMIE,Oczyszczanie i demakijaż twarzy - Peelingi do twarzy,4.58,26,3.30,4.67,126.63,4.85,17,12,70.59,22,0,0,0,0,0,0,0,0,0,0,0,0,0,0,0,0,0,0,1,10,4.80,4.65,0.83,0.83,0.13,0.00,0.00,1.00
2112285,MEDIHEAL,Pielęgnacja twarzy - Maseczki,4.93,15,2.77,4.85,58.29,4.08,46,33,71.74,39,1,1,0,0,0,0,0,0,0,0,1,0,1,0,0,0,0,1,0,9,4.89,4.69,0.84,0.91,0.21,0.00,0.11,0.89
2031029,BIELENDA,"Pielęgnacja twarzy - Serum, boostery i esencje",4.87,71,4.28,4.85,56.63,4.05,45,28,62.22,39,3,3,4,0,0,0,1,0,1,0,0,1,0,1,1,0,0,1,0,10,4.70,4.53,0.76,0.88,0.35,0.10,0.00,0.90
390627,L'ORÉAL PARIS,Tonizowanie twarzy - Toniki do twarzy,4.95,44,3.81,4.90,21.11,3.10,22,9,40.91,18,2,1,3,0,0,0,1,1,0,0,0,1,1,0,0,0,1,0,1,10,4.90,4.67,0.84,0.92,0.27,0.10,0.00,0.90
2102967,BIELENDA,"Pielęgnacja twarzy - Serum, boostery i esencje",4.80,83,4.43,4.80,103.30,4.65,65,38,58.46,49,9,10,3,0,1,1,1,0,1,1,0,1,0,0,0,0,0,1,1,10,4.40,4.66,0.83,0.91,0.21,0.00,0.00,1.00
321225,GARNIER,Pielęgnacja twarzy - Kremy do twarzy,4.74,38,3.66,4.75,53.98,4.01,14,6,42.86,14,1,0,1,1,1,1,1,0,0,0,0,0,0,0,1,0,1,0,0,10,4.40,4.56,0.78,0.84,0.31,0.10,0.00,0.90
418582,ZIAJA,"Pielęgnacja twarzy - Serum, boostery i esencje",4.92,105,4.66,4.90,31.63,3.49,22,14,63.64,24,3,2,0,0,0,0,1,0,1,0,0,1,0,0,1,0,0,0,0,9,4.89,4.83,0.92,0.93,0.06,0.00,0.00,1.00
379070,MIYA COSMETICS,Tonizowanie twarzy - Toniki do twarzy,4.92,62,4.14,4.89,19.33,3.01,15,8,53.33,17,1,0,2,0,0,0,1,0,0,0,0,0,0,0,1,0,0,0,1,10,4.90,4.68,0.84,0.95,0.23,0.00,0.10,0.90
2126415,TOŁPA,Oczyszczanie i demakijaż twarzy - Peelingi do twarzy,4.33,6,1.95,4.68,34.99,3.58,23,9,39.13,14,2,1,2,0,0,0,1,1,0,0,0,0,0,0,0,0,0,0,0,4,4.00,4.32,0.66,0.88,0.48,0.25,0.00,0.75
2076671,MIYA COSMETICS,Pielęgnacja twarzy - Kremy do twarzy,4.78,36,3.61,4.78,92.48,4.54,30,15,50.00,21,2,2,4,0,0,0,1,1,0,0,0,1,0,0,0,0,0,0,0,9,4.78,4.45,0.73,0.79,0.20,0.00,0.11,0.89
2124587,L'ORÉAL PARIS,"Pielęgnacja twarzy - Serum, boostery i esencje",4.50,2,1.10,4.76,533.27,6.28,61,40,65.57,49,5,5,1,1,1,1,1,1,1,0,0,1,1,1,1,0,1,0,0,3,4.67,4.88,0.94,0.96,0.04,0.00,0.00,1.00
2031170,EVELINE COSMETICS,Pielęgnacja twarzy - Kremy do twarzy,4.83,59,4.09,4.82,49.98,3.93,40,23,57.50,34,1,0,2,0,0,0,1,0,0,0,1,0,0,1,0,0,0,0,0,10,4.70,4.72,0.86,0.88,0.07,0.00,0.00,1.00
297451,CHRISTIAN LAURENT,Pielęgnacja twarzy - Kremy do twarzy,4.94,48,3.89,4.89,85.98,4.47,65,34,52.31,45,8,7,3,0,1,1,1,0,0,1,1,0,0,1,1,0,0,0,0,10,4.80,4.70,0.85,0.94,0.29,0.10,0.00,0.90
2078440,BIELENDA PROFESSIONAL,Pielęgnacja twarzy - Maseczki,4.79,33,3.53,4.79,74.95,4.33,35,11,31.43,19,7,7,2,0,0,0,1,0,0,0,0,1,0,0,0,0,0,0,0,10,4.80,4.75,0.87,0.91,0.11,0.00,0.00,1.00
2071297,ISANA,Pielęgnacja twarzy - Kremy do twarzy,4.69,26,3.30,4.73,46.98,3.87,26,16,61.54,27,1,0,2,0,1,1,0,0,1,0,1,0,1,0,0,0,0,1,0,10,4.70,4.66,0.83,0.92,0.16,0.00,0.00,1.00
322679,JANDA,Tonizowanie twarzy - Toniki do twarzy,4.79,128,4.86,4.79,3.87,1.58,17,6,35.29,16,6,6,3,0,0,0,1,0,0,0,0,0,1,0,1,0,0,0,1,9,5.00,4.69,0.85,0.88,0.19,0.00,0.00,1.00
254324,MIYA COSMETICS,Pielęgnacja twarzy - Kremy do twarzy,4.78,41,3.74,4.78,43.99,3.81,31,21,67.74,33,3,2,2,0,0,0,1,0,0,0,0,0,0,0,0,0,0,0,1,10,4.70,4.70,0.85,0.88,0.09,0.00,0.00,1.00
2100332,ISANA,"Pielęgnacja twarzy - Serum, boostery i esencje",4.89,35,3.58,4.85,66.63,4.21,24,15,62.50,23,2,0,1,0,0,0,0,0,1,0,0,0,1,0,0,1,0,0,0,10,4.70,4.70,0.85,0.94,0.27,0.10,0.00,0.90
418086,MIYA COSMETICS,Pielęgnacja twarzy - Kremy do twarzy,4.92,36,3.61,4.87,92.48,4.54,30,17,56.67,20,1,0,3,0,0,0,1,0,1,0,1,0,0,0,0,0,0,1,1,10,5.00,4.84,0.92,0.92,0.04,0.00,0.00,1.00
2094386,ISANA,Oczyszczanie i demakijaż twarzy - Peelingi do twarzy,4.76,59,4.09,4.77,7.49,2.14,16,4,25.00,9,3,2,2,0,0,0,1,0,0,0,0,1,0,0,0,0,1,0,0,10,4.40,4.43,0.71,0.75,0.20,0.00,0.10,0.90
313315,TOŁPA,Oczyszczanie i demakijaż twarzy - Żele i pianki do mycia twarzy,4.72,47,3.87,4.74,12.65,2.61,28,9,32.14,14,3,3,6,0,0,0,1,0,0,0,0,0,0,0,0,0,1,0,0,10,4.10,4.07,0.53,0.74,0.50,0.20,0.10,0.70
396286,TOŁPA,Oczyszczanie i demakijaż twarzy - Żele i pianki do mycia twarzy,4.88,34,3.56,4.84,13.33,2.66,17,9,52.94,18,1,0,3,0,0,0,1,0,0,0,0,0,0,0,0,0,0,0,1,10,4.80,4.56,0.78,0.88,0.19,0.00,0.00,1.00
373940,JANDA,Pielęgnacja twarzy - Kremy do twarzy,4.89,115,4.75,4.87,109.98,4.71,70,36,51.43,48,11,11,2,0,0,0,1,0,0,0,0,1,1,1,1,0,0,1,0,10,4.90,4.72,0.86,0.86,0.04,0.00,0.00,1.00
2092089,ISANA,Pielęgnacja twarzy - Płatki pod oczy,4.39,46,3.85,4.51,2.90,1.36,26,16,61.54,27,0,0,0,0,0,0,0,1,0,1,0,0,0,0,1,0,0,0,0,10,4.30,4.40,0.70,0.91,0.37,0.20,0.00,0.80
317787,SORAYA,Oczyszczanie i demakijaż twarzy - Żele i pianki do mycia twarzy,4.94,87,4.48,4.91,12.66,2.61,11,4,36.36,9,1,0,1,0,0,0,1,0,0,0,0,0,0,0,0,0,0,0,0,10,4.80,4.57,0.79,0.92,0.40,0.10,0.00,0.90
373497,ISANA,Pielęgnacja ust - Balsamy i pomadki do ust,4.67,97,4.58,4.69,87.29,4.48,14,10,71.43,24,2,1,0,0,0,0,1,0,0,0,0,0,0,0,0,0,0,0,0,10,4.60,4.52,0.76,0.83,0.22,0.00,0.10,0.90
2126417,TOŁPA,Tonizowanie twarzy - Toniki do twarzy,5.00,1,0.69,4.79,1.00,0.69,17,7,41.18,16,3,2,2,0,0,0,1,0,0,0,0,0,0,0,0,0,0,0,0,2,5.00,4.94,0.97,0.97,0.03,0.00,0.00,1.00
2124711,EVELINE COSMETICS,Pielęgnacja twarzy - Kremy do twarzy,4.67,9,2.30,4.75,62.47,4.15,37,15,40.54,26,8,7,2,0,0,0,1,0,1,0,0,0,0,0,1,0,0,0,0,6,4.50,4.69,0.84,0.84,0.06,0.00,0.00,1.00
411038,TOŁPA,Oczyszczanie i demakijaż twarzy - Peelingi do twarzy,4.80,45,3.83,4.79,15.99,2.83,17,6,35.29,11,2,0,3,0,0,0,1,0,0,0,0,0,0,0,0,0,0,0,1,10,4.60,4.54,0.77,0.86,0.29,0.10,0.00,0.90
194768,NIVEA,Pielęgnacja ust - Balsamy i pomadki do ust,4.86,44,3.81,4.84,291.46,5.68,13,9,69.23,23,1,0,0,0,0,0,0,1,0,0,0,1,0,0,0,0,0,0,0,10,4.90,4.75,0.88,0.90,0.10,0.00,0.00,1.00
390628,L'ORÉAL PARIS,"Pielęgnacja twarzy - Serum, boostery i esencje",4.70,27,3.33,4.74,326.63,5.79,46,22,47.83,32,4,3,4,1,1,1,1,1,0,0,0,0,0,0,1,0,1,1,0,10,4.70,4.58,0.79,0.91,0.34,0.10,0.00,0.90
396283,TOŁPA,Oczyszczanie i demakijaż twarzy - Żele i pianki do mycia twarzy,4.98,44,3.81,4.92,14.66,2.75,18,8,44.44,15,1,0,3,0,0,0,1,0,0,0,0,0,0,0,0,0,0,0,0,10,5.00,4.73,0.86,0.91,0.15,0.00,0.00,1.00
2103219,L'ORÉAL PARIS,"Pielęgnacja twarzy - Serum, boostery i esencje",4.75,64,4.17,4.76,189.97,5.25,43,20,46.51,28,3,3,3,1,1,1,1,0,0,0,0,1,0,1,1,0,0,0,1,10,4.60,4.28,0.64,0.77,0.43,0.10,0.00,0.90
363117,L'ORÉAL PARIS,Tonizowanie twarzy - Toniki do twarzy,4.88,40,3.71,4.85,13.74,2.69,14,3,21.43,8,5,5,2,0,0,0,1,0,0,0,0,0,0,0,1,0,0,0,0,10,5.00,4.77,0.88,0.92,0.14,0.00,0.00,1.00
2113745,BIELENDA,"Pielęgnacja twarzy - Serum, boostery i esencje",4.80,15,2.77,4.79,113.30,4.74,73,36,49.32,45,11,11,4,0,0,0,1,1,1,0,1,1,0,1,1,0,0,1,1,7,4.71,4.57,0.78,0.86,0.18,0.00,0.00,1.00
173157,L'ORÉAL PARIS,"Pielęgnacja twarzy - Serum, boostery i esencje",4.90,51,3.95,4.87,139.97,4.95,46,21,45.65,29,5,4,2,1,1,1,1,1,0,1,0,1,0,1,1,0,1,0,0,9,4.89,4.86,0.93,0.96,0.08,0.00,0.00,1.00
2082914,SKIN1004,"Pielęgnacja twarzy - Serum, boostery i esencje",4.94,32,3.50,4.88,90.89,4.52,6,3,50.00,9,0,0,0,0,0,0,0,0,0,0,0,0,0,0,0,1,0,0,0,5,5.00,4.68,0.84,0.91,0.24,0.00,0.00,1.00
263965,NIVEA,Pielęgnacja twarzy - Kremy do twarzy,4.75,36,3.61,4.76,111.98,4.73,29,12,41.38,18,1,0,1,0,0,0,1,0,0,0,0,0,0,0,1,0,0,0,0,10,4.50,4.47,0.74,0.89,0.39,0.10,0.00,0.90
409858,DERMIKA,"Pielęgnacja twarzy - Serum, boostery i esencje",4.82,73,4.30,4.81,159.98,5.08,31,13,41.94,22,2,1,3,0,0,0,1,1,0,0,1,0,0,0,1,0,0,0,0,10,4.50,4.69,0.85,0.94,0.19,0.00,0.00,1.00
395579,NIVEA,Pielęgnacja twarzy - Kremy do twarzy,4.82,38,3.66,4.81,119.98,4.80,32,11,34.38,16,1,0,1,0,0,0,1,1,0,0,0,0,0,0,1,0,0,0,0,3,4.33,4.64,0.82,0.87,0.17,0.00,0.00,1.00
2113753,BIELENDA,Oczyszczanie i demakijaż twarzy - Żele i pianki do mycia twarzy,4.82,44,3.81,4.81,18.07,2.95,27,12,44.44,21,3,1,3,0,0,0,1,1,0,0,0,0,0,1,0,0,0,0,0,10,4.70,4.51,0.76,0.85,0.33,0.10,0.00,0.90
2124213,CLAYLY,Pielęgnacja twarzy - Maseczki,4.50,2,1.10,4.76,65.98,4.20,45,22,48.89,32,5,4,3,0,0,0,1,1,0,0,0,0,1,0,1,0,0,1,0,2,4.00,4.54,0.77,0.77,0.26,0.00,0.00,1.00
2078553,COSRX,Pielęgnacja twarzy - Kremy do twarzy,4.91,34,3.56,4.86,74.99,4.33,22,14,63.64,23,0,0,1,0,0,0,0,0,0,0,0,0,1,0,1,0,0,0,0,9,4.89,4.82,0.91,0.93,0.07,0.00,0.00,1.00
2102965,BIELENDA,Pielęgnacja twarzy - Kremy do twarzy,4.85,68,4.23,4.83,59.98,4.11,62,36,58.06,47,9,10,2,0,1,1,1,0,1,0,1,1,0,0,0,0,0,1,1,10,5.00,4.82,0.91,0.92,0.06,0.00,0.00,1.00
193207,CARMEX,Pielęgnacja ust - Balsamy i pomadki do ust,4.85,62,4.14,4.83,305.65,5.73,18,12,66.67,25,6,6,1,0,0,0,0,0,0,0,0,0,0,0,0,0,1,0,0,10,4.50,4.50,0.75,0.89,0.34,0.10,0.00,0.90
233383,LIP SMACKER,Pielęgnacja ust - Balsamy i pomadki do ust,4.59,27,3.33,4.67,243.11,5.50,33,15,45.45,25,8,6,1,0,0,0,0,1,0,0,0,0,0,0,0,0,0,0,0,10,4.10,4.46,0.73,0.75,0.23,0.00,0.10,0.90
2125533,QURET,Pielęgnacja ust - Balsamy i pomadki do ust,5.00,2,1.10,4.80,514.00,6.24,17,12,70.59,26,1,0,0,0,0,0,1,0,0,0,0,0,0,0,0,0,0,0,0,2,5.00,4.87,0.94,0.94,0.00,0.00,0.00,1.00
2076379,BIELENDA,Pielęgnacja twarzy - Maseczki,4.85,34,3.56,4.83,12.99,2.64,25,15,60.00,25,1,1,1,0,0,0,1,0,0,0,0,0,1,0,1,0,0,0,1,10,4.90,4.78,0.89,0.90,0.06,0.00,0.00,1.00
378779,JANDA,Pielęgnacja twarzy - Kremy do twarzy,4.76,41,3.74,4.77,95.98,4.57,61,35,57.38,44,5,5,3,0,0,0,1,0,0,0,0,1,1,1,1,0,0,1,0,10,4.60,4.72,0.86,0.92,0.12,0.00,0.00,1.00
2091679,MOKOSH COSMETICS,Pielęgnacja twarzy - Kremy do twarzy,4.75,24,3.22,4.76,94.98,4.56,36,16,44.44,23,10,10,2,0,0,0,1,0,0,0,0,0,0,0,1,1,0,0,1,10,4.30,3.95,0.47,0.72,0.56,0.20,0.20,0.60
2102016,AA,"Pielęgnacja twarzy - Serum, boostery i esencje",4.73,33,3.53,4.75,226.63,5.43,54,34,62.96,41,6,6,1,0,0,0,1,0,0,0,0,1,1,1,1,0,0,0,0,10,4.20,4.65,0.82,0.96,0.26,0.00,0.10,0.90
2104707,ERNE,Pielęgnacja twarzy - Maseczki,4.25,24,3.22,4.49,7.50,2.14,14,12,85.71,25,0,0,0,0,0,0,0,0,1,0,0,0,0,1,1,0,0,0,0,10,3.70,3.66,0.33,0.59,0.73,0.30,0.20,0.50
2031144,KIMOCO,Pielęgnacja twarzy - Płatki pod oczy,4.65,54,4.01,4.69,25.72,3.29,26,13,50.00,22,1,0,3,0,0,0,1,1,0,0,0,0,0,0,1,0,0,0,0,10,4.10,4.23,0.61,0.76,0.47,0.10,0.10,0.80
2078938,ISANA,Pielęgnacja ust - Balsamy i pomadki do ust,4.69,106,4.67,4.70,103.96,4.65,24,11,45.83,24,13,11,0,0,0,0,0,1,0,0,0,0,0,0,0,0,0,0,0,9,4.00,4.17,0.58,0.74,0.42,0.11,0.11,0.78
2110772,EVELINE COSMETICS,Pielęgnacja twarzy - Maseczki,4.75,32,3.50,4.76,57.00,4.06,31,17,54.84,25,4,4,1,0,0,0,1,0,1,1,0,1,1,0,0,0,0,0,0,10,5.00,4.71,0.85,0.90,0.16,0.00,0.00,1.00
385790,ISANA,Pielęgnacja twarzy - Kremy pod oczy,4.68,76,4.34,4.70,91.93,4.53,24,15,62.50,25,0,0,4,0,0,0,0,0,0,0,0,1,0,0,1,0,0,0,0,10,4.60,4.47,0.74,0.92,0.37,0.10,0.00,0.90
390621,L'ORÉAL PARIS,Pielęgnacja twarzy - Kremy pod oczy,4.79,24,3.22,4.79,379.95,5.94,12,8,66.67,18,0,0,1,0,0,0,0,0,1,0,0,1,0,0,1,0,0,0,0,6,4.50,4.72,0.86,0.87,0.09,0.00,0.00,1.00
2101261,EVELINE PRESTIGE,"Pielęgnacja twarzy - Serum, boostery i esencje",4.88,51,3.95,4.85,116.63,4.77,97,72,74.23,79,7,5,4,0,0,0,1,0,1,0,1,1,0,1,0,0,0,1,0,10,4.90,4.80,0.90,0.95,0.12,0.00,0.00,1.00
2102952,BIELENDA,Pielęgnacja twarzy - Kosmetyki z SPF,4.63,63,4.16,4.67,29.99,3.43,33,7,21.21,8,9,10,3,1,1,1,1,0,1,0,0,1,0,0,0,0,0,0,0,9,4.11,4.39,0.70,0.76,0.19,0.00,0.00,1.00
411268,PERFECTA,Pielęgnacja twarzy - Płatki pod oczy,4.71,35,3.58,4.74,2.50,1.25,24,14,58.33,21,1,0,1,0,0,0,1,1,1,0,0,0,0,0,0,0,0,0,0,10,4.50,4.67,0.84,0.94,0.28,0.10,0.00,0.90
279175,GARNIER,Oczyszczanie i demakijaż twarzy - Żele i pianki do mycia twarzy,4.76,45,3.83,4.77,15.33,2.79,29,10,34.48,16,1,0,3,0,0,0,1,1,0,0,0,0,0,0,0,0,1,0,0,10,4.80,4.70,0.85,0.89,0.14,0.00,0.00,1.00
418584,ZIAJA,Tonizowanie twarzy - Toniki do twarzy,4.80,65,4.19,4.80,7.49,2.14,29,17,58.62,30,4,3,1,0,0,0,1,0,1,0,0,1,1,0,0,0,0,0,1,10,4.70,4.63,0.81,0.91,0.18,0.00,0.00,1.00
2078482,ROUND LAB,Oczyszczanie i demakijaż twarzy - Żele i pianki do mycia twarzy,4.85,13,2.64,4.81,39.99,3.71,26,14,53.85,19,2,0,0,0,0,0,0,0,0,0,0,1,0,0,1,0,0,0,0,4,4.75,4.61,0.81,0.79,0.08,0.00,0.00,1.00
211828,GARNIER,Oczyszczanie i demakijaż twarzy - Płyny do demakijażu,4.88,52,3.97,4.85,5.62,1.89,8,1,12.50,3,0,0,0,1,1,1,0,0,0,0,0,0,0,0,0,0,0,0,0,10,5.00,4.70,0.85,0.93,0.21,0.00,0.10,0.90
2077662,DERMIKA,Tonizowanie twarzy - Toniki do twarzy,4.88,128,4.86,4.87,12.49,2.60,17,7,41.18,18,3,2,1,0,0,0,1,1,0,0,0,0,0,1,1,0,0,0,0,10,5.00,4.87,0.93,0.94,0.07,0.00,0.00,1.00
2113760,BIELENDA,Pielęgnacja twarzy - Kremy do twarzy,4.79,19,3.00,4.79,72.47,4.30,73,42,57.53,53,15,15,4,0,0,0,1,1,1,0,0,1,0,1,1,0,0,1,0,10,4.60,4.37,0.69,0.88,0.50,0.10,0.10,0.80
2071291,ISANA,"Pielęgnacja twarzy - Serum, boostery i esencje",4.79,29,3.40,4.79,66.63,4.21,13,9,69.23,18,0,0,1,0,0,0,0,0,1,0,0,0,0,0,0,0,0,0,1,10,4.60,4.47,0.74,0.82,0.30,0.10,0.00,0.90
381361,NIVEA,"Pielęgnacja twarzy - Serum, boostery i esencje",4.84,55,4.03,4.82,193.30,5.27,24,9,37.50,17,1,0,1,1,1,1,1,1,0,0,0,0,0,0,1,0,0,0,0,9,4.89,4.65,0.83,0.85,0.13,0.00,0.00,1.00
393647,ISANA,"Pielęgnacja twarzy - Serum, boostery i esencje",4.85,93,4.54,4.84,210.15,5.35,14,10,71.43,25,5,3,0,0,0,0,1,0,0,1,0,0,0,0,0,0,0,1,0,10,4.50,4.72,0.86,0.92,0.15,0.00,0.00,1.00
254327,MIYA COSMETICS,Pielęgnacja twarzy - Kremy do twarzy,4.81,42,3.76,4.80,43.99,3.81,31,18,58.06,22,1,0,2,0,0,0,1,0,1,0,0,0,0,0,0,0,0,0,1,10,5.00,4.75,0.87,0.90,0.12,0.00,0.00,1.00
219807,YOSKINE,Pielęgnacja twarzy - Kremy do twarzy,4.84,70,4.26,4.83,103.98,4.65,37,22,59.46,33,6,5,1,0,0,0,1,1,0,0,0,0,0,0,0,1,0,0,0,10,4.60,4.71,0.85,0.90,0.18,0.00,0.00,1.00
2092322,EVELINE COSMETICS,Pielęgnacja twarzy - Kremy do twarzy,4.28,29,3.40,4.49,99.97,4.61,70,38,54.29,43,5,5,2,0,0,0,1,1,0,0,0,0,0,1,1,1,0,0,1,10,3.70,3.84,0.42,0.72,0.66,0.30,0.10,0.60
2113773,DERMIKA,Oczyszczanie i demakijaż twarzy - Płyny do demakijażu,4.73,26,3.30,4.75,9.66,2.37,23,10,43.48,16,0,0,4,0,0,0,0,0,0,0,0,0,0,0,0,0,0,0,0,2,3.50,4.16,0.58,0.58,0.46,0.00,0.50,0.50
2113746,BIELENDA,Oczyszczanie i demakijaż twarzy - Oleje i masełka do demakijażu,4.75,16,2.83,4.77,28.99,3.40,35,19,54.29,29,6,5,0,0,0,0,1,0,0,0,1,1,0,0,0,0,0,1,1,8,4.50,4.26,0.63,0.84,0.43,0.12,0.12,0.75
2078221,ROUTINES BY ALKMIE,Tonizowanie twarzy - Toniki do twarzy,4.87,54,4.01,4.85,19.99,3.04,22,13,59.09,23,1,0,0,0,0,0,1,0,1,0,0,0,1,0,0,0,0,0,0,10,4.80,4.55,0.77,0.84,0.22,0.00,0.10,0.90
2122097,VASELINE,Pielęgnacja ust - Balsamy i pomadki do ust,5.00,4,1.61,4.82,179.90,5.20,2,1,50.00,3,1,0,0,0,0,0,1,0,0,0,0,0,0,0,0,0,0,0,0,2,5.00,4.90,0.95,0.95,0.00,0.00,0.00,1.00
203827,ZIAJA,Tonizowanie twarzy - Toniki do twarzy,4.82,85,4.45,4.81,3.50,1.50,18,9,50.00,20,7,7,1,0,0,0,1,0,0,0,0,0,1,0,0,0,0,0,1,10,4.60,4.43,0.71,0.90,0.41,0.10,0.00,0.90
27742,NIVEA,Pielęgnacja ust - Balsamy i pomadki do ust,4.86,56,4.04,4.84,291.46,5.68,12,9,75.00,23,1,0,0,0,0,0,0,1,0,0,0,1,0,0,0,0,0,0,0,10,4.90,4.69,0.85,0.86,0.12,0.00,0.00,1.00
290022,NIVEA,Oczyszczanie i demakijaż twarzy - Płyny do demakijażu,4.66,58,4.08,4.69,4.62,1.73,18,5,27.78,12,0,0,2,0,0,0,0,1,0,0,0,0,0,0,0,0,0,0,0,10,4.10,3.93,0.47,0.74,0.58,0.20,0.10,0.70
2120230,EVELINE COSMETICS,Pielęgnacja twarzy - Maseczki,4.75,24,3.22,4.76,33.25,3.53,36,16,44.44,20,6,5,1,0,0,0,1,1,1,0,0,1,0,0,0,0,0,0,0,10,4.60,4.81,0.90,0.88,0.07,0.00,0.00,1.00
288093,BIELENDA,Pielęgnacja twarzy - Kremy do twarzy,4.83,77,4.36,4.82,43.98,3.81,35,21,60.00,32,8,9,2,0,0,0,1,0,0,0,0,1,0,0,1,0,0,1,0,10,4.80,4.70,0.85,0.89,0.14,0.00,0.00,1.00
2113780,DERMIKA,"Pielęgnacja twarzy - Serum, boostery i esencje",4.91,11,2.48,4.83,256.63,5.55,53,29,54.72,39,7,8,5,0,0,0,1,0,0,0,1,1,0,1,0,0,0,1,0,7,4.86,4.76,0.88,0.92,0.12,0.00,0.00,1.00
2101265,EVELINE COSMETICS,Pielęgnacja twarzy - Maseczki,4.83,106,4.67,4.82,23.25,3.19,32,16,50.00,26,5,4,1,0,0,0,1,0,1,1,0,0,0,0,0,0,0,1,0,10,4.70,4.73,0.86,0.92,0.17,0.00,0.10,0.90
2077740,TOŁPA,Oczyszczanie i demakijaż twarzy - Żele i pianki do mycia twarzy,4.96,23,3.18,4.88,19.99,3.04,21,8,38.10,13,1,0,3,0,0,0,1,0,0,0,0,0,0,0,0,1,1,0,1,4,5.00,4.81,0.90,0.90,0.05,0.00,0.00,1.00
2124767,EVELINE COSMETICS,"Pielęgnacja twarzy - Serum, boostery i esencje",4.33,9,2.30,4.64,17.99,2.94,54,27,50.00,36,7,6,4,0,0,0,1,0,0,0,1,0,1,0,1,0,0,0,0,10,4.40,4.36,0.68,0.71,0.29,0.10,0.10,0.80
2102955,BIELENDA,Pielęgnacja twarzy - Kremy pod oczy,4.74,50,3.93,4.75,179.93,5.20,57,40,70.18,51,0,0,1,0,0,0,0,1,0,0,1,1,0,0,0,0,0,1,0,10,4.60,4.54,0.77,0.90,0.39,0.10,0.00,0.90
385770,ISANA,Oczyszczanie i demakijaż twarzy - Oleje i masełka do demakijażu,4.57,68,4.23,4.62,11.49,2.52,6,4,66.67,11,0,0,0,0,0,0,0,0,0,0,0,0,0,0,0,0,0,0,0,10,4.40,4.27,0.63,0.88,0.47,0.20,0.00,0.80
254326,MIYA COSMETICS,Pielęgnacja twarzy - Kremy do twarzy,4.59,34,3.56,4.66,43.99,3.81,35,22,62.86,31,3,2,2,0,0,0,1,0,0,0,0,0,1,0,0,0,0,0,1,10,4.80,4.47,0.74,0.84,0.29,0.00,0.20,0.80
2069433,ALTERRA,Pielęgnacja ust - Balsamy i pomadki do ust,4.70,153,5.04,4.71,137.29,4.93,19,15,78.95,29,0,0,0,0,0,0,0,0,0,0,0,0,0,0,0,0,0,0,0,10,4.40,4.15,0.57,0.79,0.48,0.20,0.10,0.70
343791,MIYA COSMETICS,"Pielęgnacja twarzy - Serum, boostery i esencje",4.78,36,3.61,4.78,149.97,5.02,32,15,46.88,26,5,5,5,0,0,0,1,0,0,0,0,0,0,1,1,0,0,0,0,10,4.70,4.72,0.86,0.88,0.11,0.00,0.00,1.00
279440,VEET,Depilacja twarzy - Plastry i kremy do depilacji,4.77,31,3.47,4.77,0.80,0.59,17,6,35.29,12,5,4,0,0,0,0,1,1,0,0,0,0,0,0,0,0,0,0,0,10,4.60,4.51,0.76,0.90,0.47,0.10,0.00,0.90
2124668,PERFECTA,Pielęgnacja twarzy - Kremy do twarzy,4.75,4,1.61,4.78,55.98,4.04,64,34,53.12,44,11,11,2,0,0,0,1,1,0,0,0,1,1,1,0,0,0,0,0,5,5.00,4.90,0.95,0.96,0.05,0.00,0.00,1.00
2124818,BIELENDA PROFESSIONAL,Pielęgnacja twarzy - Kremy do twarzy,5.00,1,0.69,4.79,199.97,5.30,67,37,55.22,48,9,8,1,0,0,0,1,1,0,0,1,1,0,1,0,0,0,1,1,0,,,,,,,,
2077054,EVELINE COSMETICS,Tonizowanie twarzy - Toniki do twarzy,4.87,79,4.38,4.85,8.00,2.20,17,8,47.06,17,1,0,3,0,0,0,1,0,0,0,0,0,0,0,0,0,1,0,1,10,4.60,4.58,0.79,0.83,0.27,0.10,0.00,0.90
2078557,COSRX,Pielęgnacja twarzy - Kremy do twarzy,5.00,20,3.04,4.89,95.98,4.57,44,13,29.55,20,9,9,2,0,1,1,1,1,0,0,0,0,0,0,0,0,0,0,0,8,5.00,4.50,0.75,0.89,0.36,0.12,0.00,0.88
2099782,AURA,Pielęgnacja ust - Balsamy i pomadki do ust,4.84,25,3.26,4.81,216.50,5.38,14,4,28.57,8,1,0,1,0,0,0,1,1,0,0,0,0,0,0,0,0,0,0,0,9,5.00,4.59,0.80,0.88,0.16,0.00,0.00,1.00
2104637,BIOTANIQE,Pielęgnacja twarzy - Maseczki,4.81,32,3.50,4.80,13.49,2.67,23,13,56.52,25,0,0,3,0,0,0,0,0,0,0,0,0,0,0,1,0,0,0,0,10,4.80,4.27,0.63,0.86,0.49,0.10,0.10,0.80
2113762,BIELENDA,"Pielęgnacja twarzy - Serum, boostery i esencje",4.65,17,2.89,4.72,126.63,4.85,53,33,62.26,41,6,5,4,0,0,0,1,0,1,0,0,0,0,1,1,0,0,1,0,10,4.50,4.55,0.78,0.92,0.42,0.10,0.00,0.90
2077566,TOŁPA,"Pielęgnacja twarzy - Serum, boostery i esencje",4.88,51,3.95,4.85,206.63,5.34,28,12,42.86,21,5,4,2,0,0,0,1,0,0,0,0,0,0,1,1,0,0,0,0,9,4.78,4.67,0.83,0.88,0.20,0.00,0.11,0.89
2102964,BIELENDA,Pielęgnacja twarzy - Kremy do twarzy,4.74,62,4.14,4.75,59.98,4.11,58,35,60.34,46,9,10,3,0,1,1,1,0,1,0,0,1,0,1,0,0,0,1,1,10,4.60,4.44,0.72,0.89,0.35,0.10,0.00,0.90
2103455,FLUFF,Oczyszczanie i demakijaż twarzy - Oleje i masełka do demakijażu,4.70,27,3.33,4.74,47.98,3.89,9,7,77.78,19,1,0,0,0,0,0,1,0,0,0,0,0,0,0,0,0,0,0,0,10,4.80,4.29,0.65,0.83,0.48,0.10,0.10,0.80
385745,ISANA,"Pielęgnacja twarzy - Serum, boostery i esencje",4.72,43,3.78,4.74,99.97,4.61,20,6,30.00,13,5,4,2,0,0,0,1,0,0,0,0,1,0,0,0,0,0,0,0,10,4.40,4.48,0.74,0.85,0.32,0.10,0.10,0.80
2077399,BIELENDA PROFESSIONAL,Pielęgnacja twarzy - Kremy do twarzy,4.80,30,3.43,4.79,127.98,4.86,32,13,40.62,20,6,5,1,0,0,0,1,0,1,0,0,0,0,0,0,1,0,0,0,10,4.50,4.63,0.81,0.94,0.37,0.10,0.00,0.90
2076621,BIELENDA,Pielęgnacja twarzy - Maseczki,4.84,31,3.47,4.82,62.38,4.15,49,26,53.06,37,4,4,3,0,0,0,1,1,0,0,1,1,1,0,0,0,0,1,0,10,4.70,4.70,0.85,0.94,0.21,0.00,0.10,0.90
2123887,NIVEA,Pielęgnacja twarzy - Kremy do twarzy,5.00,3,1.39,4.81,23.99,3.22,25,10,40.00,16,2,1,1,0,0,0,1,0,0,0,0,0,0,0,0,0,0,0,0,2,4.50,4.77,0.88,0.88,0.04,0.00,0.00,1.00
2110818,BIOTANIQE,Pielęgnacja twarzy - Maseczki,4.78,23,3.18,4.78,87.38,4.48,28,12,42.86,21,5,4,1,0,0,0,1,1,0,0,0,0,0,0,1,0,0,0,0,10,4.80,4.61,0.80,0.90,0.33,0.10,0.00,0.90
409802,LIRENE,Oczyszczanie i demakijaż twarzy - Żele i pianki do mycia twarzy,4.80,80,4.39,4.80,11.66,2.54,30,11,36.67,16,3,2,4,0,0,0,1,0,0,0,0,1,0,0,1,0,0,0,0,10,4.50,4.32,0.66,0.86,0.52,0.10,0.10,0.80
15589,ZIAJA,Tonizowanie twarzy - Toniki do twarzy,4.92,85,4.45,4.89,3.75,1.56,13,4,30.77,10,4,3,1,0,0,0,1,0,0,0,0,0,1,0,0,0,0,0,0,9,4.89,4.77,0.89,0.88,0.07,0.00,0.00,1.00
317792,SORAYA,Oczyszczanie i demakijaż twarzy - Żele i pianki do mycia twarzy,4.85,55,4.03,4.83,12.66,2.61,16,9,56.25,18,2,1,1,0,0,0,1,0,0,0,0,0,0,0,0,0,0,0,0,10,4.50,4.21,0.60,0.75,0.40,0.10,0.20,0.70
2104652,SELFIE PROJECT,Pielęgnacja twarzy - Maseczki,4.81,21,3.09,4.80,12.49,2.60,17,9,52.94,18,2,1,0,0,0,0,1,0,1,0,0,0,0,0,0,0,0,0,0,7,5.00,4.77,0.88,0.88,0.04,0.00,0.00,1.00
325237,MIYA COSMETICS,Pielęgnacja twarzy - Maseczki,4.79,38,3.66,4.79,79.98,4.39,22,9,40.91,14,2,1,1,0,1,1,1,1,0,0,0,0,1,0,0,0,0,0,0,10,4.30,4.20,0.60,0.89,0.66,0.20,0.00,0.80
418082,MIYA COSMETICS,Oczyszczanie i demakijaż twarzy - Oleje i masełka do demakijażu,4.95,40,3.71,4.89,52.84,3.99,19,14,73.68,28,1,1,2,0,0,0,1,0,0,0,0,0,0,0,0,0,0,0,0,10,4.90,4.49,0.75,0.86,0.27,0.00,0.20,0.80
2077576,TOŁPA,Pielęgnacja twarzy - Kremy pod oczy,4.59,34,3.56,4.66,559.90,6.33,38,21,55.26,33,1,0,4,0,0,0,0,0,0,0,0,0,0,1,0,0,0,0,0,10,4.40,4.41,0.71,0.86,0.47,0.10,0.00,0.90
2113750,BIELENDA,Pielęgnacja twarzy - Kremy do twarzy,4.65,23,3.18,4.71,69.98,4.26,60,31,51.67,35,8,6,3,0,0,0,1,0,0,0,1,1,1,1,1,0,0,1,1,10,4.30,4.32,0.66,0.89,0.51,0.10,0.10,0.80
11790,NIVEA,Pielęgnacja ust - Balsamy i pomadki do ust,4.90,50,3.93,4.87,291.46,5.68,17,11,64.71,26,2,2,1,0,0,0,0,1,0,0,0,1,0,0,0,0,0,0,0,10,5.00,4.72,0.86,0.89,0.10,0.00,0.00,1.00
357753,AA,Pielęgnacja twarzy - Kremy do twarzy,4.92,53,3.99,4.88,45.98,3.85,40,23,57.50,30,1,0,2,0,0,0,1,0,0,0,0,0,0,0,1,0,0,0,0,9,5.00,4.73,0.87,0.92,0.16,0.00,0.00,1.00
377739,ISANA,Pielęgnacja twarzy - Maseczki,4.71,121,4.80,4.72,13.69,2.69,31,14,45.16,24,7,7,2,1,1,1,1,1,0,0,0,0,1,0,1,0,0,0,0,10,4.90,4.74,0.87,0.92,0.11,0.00,0.00,1.00
2122103,BIELENDA,Pielęgnacja ust - Serum i olejki do ust,3.50,2,1.10,4.67,239.90,5.48,44,24,54.55,33,5,2,4,0,0,0,1,1,0,0,0,1,0,1,0,0,0,1,0,2,3.00,2.76,-0.12,-0.12,0.38,0.50,0.50,0.00
2090243,SELFIE PROJECT,Pielęgnacja twarzy - Maseczki,4.96,23,3.18,4.88,12.49,2.60,22,11,50.00,20,2,1,3,0,0,0,1,0,0,0,0,1,1,0,0,0,0,0,0,10,4.90,4.74,0.87,0.93,0.12,0.00,0.00,1.00
2040115,NIVEA MEN,"Pielęgnacja twarzy - Serum, boostery i esencje",4.75,16,2.83,4.77,293.30,5.68,18,6,33.33,13,1,0,2,0,0,0,1,1,0,0,0,0,0,0,1,0,0,0,0,4,4.50,4.03,0.51,0.87,0.76,0.25,0.00,0.75
357712,ZIAJA,Oczyszczanie i demakijaż twarzy - Żele i pianki do mycia twarzy,4.91,46,3.85,4.87,11.32,2.51,22,8,36.36,16,1,0,1,0,0,0,1,1,0,0,0,0,1,0,0,0,0,0,0,10,4.90,4.50,0.75,0.86,0.31,0.10,0.00,0.90
383621,JANDA,Pielęgnacja twarzy - Maseczki,4.81,58,4.08,4.80,55.90,4.04,49,27,55.10,39,6,5,1,0,0,0,1,0,0,0,1,1,0,0,0,0,0,1,0,10,4.60,4.46,0.73,0.80,0.30,0.10,0.00,0.90
2113547,BIELENDA,"Pielęgnacja twarzy - Serum, boostery i esencje",4.89,19,3.00,4.83,126.63,4.85,57,32,56.14,42,5,4,3,0,0,0,1,0,0,0,1,0,1,1,0,0,0,1,1,10,4.90,4.81,0.90,0.93,0.08,0.00,0.00,1.00
408503,BIOTANIQE,Oczyszczanie i demakijaż twarzy - Żele i pianki do mycia twarzy,4.94,70,4.26,4.91,11.74,2.54,29,12,41.38,18,3,2,4,0,0,0,1,0,0,0,0,0,1,0,0,0,0,0,1,10,5.00,4.80,0.90,0.92,0.10,0.00,0.00,1.00
2031036,BIELENDA,Pielęgnacja twarzy - Maseczki,4.76,41,3.74,4.77,37.38,3.65,45,30,66.67,41,3,3,3,0,0,0,1,0,0,0,0,1,0,1,0,0,0,1,0,10,4.80,4.77,0.89,0.87,0.06,0.00,0.00,1.00
297439,EVELINE COSMETICS,Pielęgnacja twarzy - Kremy do twarzy,4.89,91,4.52,4.87,47.98,3.89,46,24,52.17,34,4,2,3,0,0,0,1,0,1,1,0,0,0,1,0,0,0,0,0,10,5.00,4.75,0.88,0.90,0.10,0.00,0.00,1.00
2108072,DR. ALTHEA,Pielęgnacja twarzy - Kremy do twarzy,4.90,10,2.40,4.82,199.98,5.30,38,23,60.53,30,0,0,0,0,0,0,0,0,1,0,1,0,1,0,1,1,0,0,0,4,5.00,4.81,0.91,0.92,0.06,0.00,0.00,1.00
2082420,YOUR KAYA,Pielęgnacja ust - Serum i olejki do ust,4.36,25,3.26,4.55,259.90,5.56,14,3,21.43,8,1,0,0,0,0,0,1,1,0,0,0,0,0,0,0,0,0,0,0,10,4.20,4.38,0.69,0.80,0.30,0.00,0.20,0.80
2102951,BIELENDA,Oczyszczanie i demakijaż twarzy - Żele i pianki do mycia twarzy,4.75,59,4.09,4.76,9.33,2.34,25,9,36.00,17,4,3,3,0,0,0,1,1,0,0,0,0,0,0,0,0,0,0,0,10,4.70,4.54,0.77,0.88,0.32,0.10,0.00,0.90
343774,TOŁPA,Pielęgnacja twarzy - Kremy do twarzy,4.85,39,3.69,4.83,42.98,3.78,28,14,50.00,26,1,0,4,0,0,0,1,1,0,0,0,0,0,0,0,0,0,0,0,10,4.50,4.63,0.81,0.87,0.21,0.00,0.10,0.90
2125719,ZIAJA,Oczyszczanie i demakijaż twarzy - Żele i pianki do mycia twarzy,5.00,7,2.08,4.84,8.86,2.29,22,11,50.00,19,3,2,1,0,0,0,1,0,1,0,0,1,1,0,0,0,0,0,0,5,5.00,4.80,0.90,0.93,0.07,0.00,0.00,1.00
291316,GARNIER,Pielęgnacja twarzy - Maseczki,4.83,24,3.22,4.81,174.83,5.17,20,12,60.00,22,1,0,3,0,0,0,0,0,0,0,0,0,0,0,1,0,0,0,0,10,4.80,4.76,0.88,0.90,0.10,0.00,0.00,1.00
2104641,BIOTANIQE,Pielęgnacja twarzy - Maseczki,4.93,56,4.04,4.89,99.90,4.61,26,11,42.31,18,2,1,1,0,0,0,1,1,1,0,0,0,0,0,0,0,0,0,0,9,5.00,4.63,0.81,0.82,0.14,0.00,0.00,1.00
2091683,EVELINE COSMETICS,Tonizowanie twarzy - Toniki do twarzy,4.82,68,4.23,4.81,8.00,2.20,26,14,53.85,23,4,3,3,0,0,0,1,0,1,0,0,1,1,0,0,0,0,0,0,10,4.90,4.85,0.92,0.94,0.06,0.00,0.00,1.00
418796,EVELINE COSMETICS,Pielęgnacja twarzy - Kremy do twarzy,4.87,92,4.53,4.85,31.98,3.50,50,23,46.00,35,6,5,1,0,0,0,1,1,0,0,1,1,0,0,0,0,0,1,0,10,4.90,4.76,0.88,0.88,0.10,0.00,0.00,1.00
2078295,ROUTINES BY ALKMIE,"Pielęgnacja twarzy - Serum, boostery i esencje",4.79,39,3.69,4.79,206.63,5.34,29,20,68.97,31,2,0,0,0,0,0,1,0,0,0,0,0,1,0,0,0,0,0,0,10,4.50,4.50,0.75,0.91,0.56,0.10,0.00,0.90
2088251,YOUR KAYA,Oczyszczanie i demakijaż twarzy - Żele i pianki do mycia twarzy,4.92,24,3.22,4.86,33.33,3.54,32,19,59.38,26,0,1,2,0,0,0,0,0,1,0,0,0,0,0,1,1,0,0,0,9,5.00,4.84,0.92,0.92,0.04,0.00,0.00,1.00
2083017,SKIN1004,Oczyszczanie i demakijaż twarzy - Oleje i masełka do demakijażu,4.97,29,3.40,4.89,36.49,3.62,13,9,69.23,21,5,5,0,0,0,0,0,0,0,0,0,0,0,0,0,1,0,0,0,7,5.00,4.82,0.91,0.97,0.09,0.00,0.00,1.00
357181,PUSHEEN,Pielęgnacja twarzy - Maseczki,4.76,21,3.09,4.77,5.99,1.94,29,22,75.86,32,1,0,0,0,0,0,1,0,0,0,0,0,0,0,1,0,0,0,0,10,4.60,4.51,0.75,0.78,0.25,0.00,0.10,0.90
2103211,GARNIER,Pielęgnacja twarzy - Preparaty punktowe,4.72,43,3.78,4.74,1.59,0.95,6,3,50.00,8,0,0,0,0,0,0,0,0,0,0,0,0,0,0,0,0,0,0,0,10,4.90,4.43,0.71,0.87,0.34,0.10,0.10,0.80
420355,EVELINE COSMETICS,Pielęgnacja twarzy - Kremy do twarzy,4.75,65,4.19,4.76,109.97,4.71,55,24,43.64,26,6,5,3,0,0,0,1,0,1,0,0,1,0,0,1,0,0,0,0,10,4.70,4.79,0.89,0.91,0.06,0.00,0.00,1.00
409908,BIELENDA,Pielęgnacja twarzy - Maseczki,4.95,21,3.09,4.87,62.38,4.15,44,27,61.36,39,3,3,3,0,0,0,1,1,0,0,0,1,0,1,0,0,0,1,0,10,4.90,4.60,0.80,0.86,0.18,0.00,0.10,0.90
370336,MIYA COSMETICS,Oczyszczanie i demakijaż twarzy - Płyny do demakijażu,4.81,26,3.30,4.80,18.00,2.94,17,6,35.29,12,1,1,4,0,0,0,1,0,0,0,0,0,0,0,0,0,0,0,0,9,4.67,4.53,0.76,0.93,0.40,0.11,0.00,0.89
411646,BIELENDA PROFESSIONAL,Tonizowanie twarzy - Toniki do twarzy,5.00,23,3.18,4.90,28.50,3.38,15,7,46.67,18,1,0,3,0,0,0,1,0,1,0,0,0,0,0,1,0,0,0,0,8,5.00,4.79,0.89,0.92,0.04,0.00,0.00,1.00
171035,ISANA,Oczyszczanie i demakijaż twarzy - Chusteczki do demakijażu,4.80,55,4.03,4.80,0.23,0.21,18,7,38.89,14,1,0,3,0,0,0,1,0,0,0,0,0,1,0,0,0,0,0,0,10,4.40,4.25,0.62,0.76,0.32,0.10,0.10,0.80
288095,BIELENDA,Pielęgnacja twarzy - Kremy do twarzy,4.92,106,4.67,4.90,43.98,3.81,32,17,53.12,27,8,9,2,0,0,0,1,0,0,0,0,0,0,1,0,0,0,1,0,10,5.00,4.66,0.83,0.85,0.11,0.00,0.00,1.00
420518,NIVEA,"Pielęgnacja twarzy - Serum, boostery i esencje",4.71,34,3.56,4.74,413.27,6.03,33,17,51.52,25,2,0,1,1,1,1,1,1,0,0,0,0,1,0,1,0,0,0,0,10,4.50,4.68,0.84,0.93,0.28,0.10,0.00,0.90
167244,ISANA,Oczyszczanie i demakijaż twarzy - Żele i pianki do mycia twarzy,4.83,41,3.74,4.81,6.66,2.04,19,5,26.32,9,3,2,2,0,0,0,1,1,0,0,0,0,0,0,0,0,1,0,0,10,4.90,4.70,0.85,0.88,0.10,0.00,0.00,1.00
383006,KIMOCO,Pielęgnacja ust - Maseczki na usta,4.60,25,3.26,4.68,2.50,1.25,16,9,56.25,21,1,0,1,0,0,0,1,1,0,0,0,0,0,0,1,0,0,0,0,10,4.40,4.43,0.71,0.94,0.49,0.20,0.00,0.80
2071288,ISANA,"Pielęgnacja twarzy - Serum, boostery i esencje",4.88,32,3.50,4.84,66.63,4.21,21,10,47.62,19,0,0,1,0,0,0,0,0,0,0,0,0,0,1,1,0,1,0,0,10,4.90,4.69,0.85,0.91,0.14,0.00,0.00,1.00
2092329,L'ORÉAL PARIS,Pielęgnacja twarzy - Kremy do twarzy,4.80,131,4.88,4.80,36.99,3.64,57,29,50.88,39,8,6,3,1,1,1,1,0,0,0,0,0,0,1,0,0,1,0,0,10,5.00,4.72,0.86,0.87,0.07,0.00,0.00,1.00
410001,BIOTANIQE,Pielęgnacja twarzy - Maseczki,4.38,24,3.22,4.56,88.38,4.49,17,9,52.94,16,1,0,0,0,0,0,1,0,1,0,0,0,1,0,1,0,0,0,0,10,4.00,4.16,0.58,0.90,0.54,0.30,0.00,0.70
385761,ISANA,"Pielęgnacja twarzy - Serum, boostery i esencje",4.73,77,4.36,4.74,63.30,4.16,16,7,43.75,12,3,2,2,0,0,0,1,0,0,0,0,0,1,0,1,0,0,0,0,10,4.70,4.70,0.85,0.87,0.18,0.00,0.10,0.90
2103459,FLUFF,Pielęgnacja twarzy - Kremy do twarzy,4.62,76,4.34,4.65,53.98,4.01,29,14,48.28,23,2,1,2,0,0,0,1,0,0,0,0,0,0,0,0,0,0,0,1,10,4.30,4.52,0.76,0.91,0.34,0.10,0.00,0.90
2078287,ROUTINES BY ALKMIE,Oczyszczanie i demakijaż twarzy - Peelingi do twarzy,4.84,31,3.47,4.82,107.98,4.69,31,20,64.52,27,1,0,2,0,0,0,1,0,0,0,0,0,0,0,0,0,0,0,0,10,4.90,4.59,0.80,0.82,0.11,0.00,0.00,1.00
2113761,BIELENDA,Pielęgnacja twarzy - Kremy do twarzy,4.57,7,2.08,4.73,72.47,4.30,70,40,57.14,47,15,15,4,0,0,0,1,1,0,0,0,1,0,1,1,0,0,1,0,7,4.57,4.37,0.69,0.84,0.52,0.14,0.00,0.86
228064,TOŁPA,Oczyszczanie i demakijaż twarzy - Płyny do demakijażu,4.75,32,3.50,4.76,7.50,2.14,23,7,30.43,14,1,1,7,0,0,0,1,0,0,0,0,0,1,0,1,0,1,0,0,10,4.70,4.44,0.72,0.76,0.23,0.00,0.10,0.90
2078439,BIELENDA PROFESSIONAL,Pielęgnacja twarzy - Maseczki,4.93,28,3.37,4.87,74.95,4.33,48,26,54.17,37,4,4,2,0,0,0,1,0,0,0,1,0,0,1,1,1,0,1,1,10,5.00,4.79,0.89,0.93,0.10,0.00,0.00,1.00
2078779,NIVEA,Oczyszczanie i demakijaż twarzy - Płyny do demakijażu,4.81,77,4.36,4.80,4.62,1.73,21,8,38.10,16,0,0,2,0,0,0,0,1,0,0,0,1,0,0,0,0,0,0,0,10,4.10,4.01,0.51,0.85,0.68,0.30,0.00,0.70
2104706,ERNE,Pielęgnacja twarzy - Maseczki,4.33,54,4.01,4.45,14.49,2.74,30,24,80.00,36,0,0,0,0,0,0,0,0,0,1,0,0,0,1,1,1,0,0,0,10,4.10,4.19,0.59,0.89,0.67,0.20,0.00,0.80
356392,ISANA,Pielęgnacja ust - Balsamy i pomadki do ust,4.71,120,4.80,4.72,87.29,4.48,25,20,80.00,35,4,2,0,0,0,0,0,1,0,0,0,0,0,0,0,0,0,0,0,10,4.40,4.55,0.78,0.79,0.18,0.00,0.00,1.00
2113782,DERMIKA,Tonizowanie twarzy - Esencje i hydrolaty do twarzy,4.83,29,3.40,4.81,14.49,2.74,44,25,56.82,37,7,7,3,0,0,0,1,0,0,0,1,1,0,1,0,0,0,1,1,10,4.70,4.45,0.73,0.83,0.32,0.10,0.10,0.80
408552,BIOTANIQE,Oczyszczanie i demakijaż twarzy - Żele i pianki do mycia twarzy,4.92,61,4.13,4.89,11.74,2.54,19,7,36.84,12,1,0,3,0,0,0,1,0,0,0,0,0,1,0,0,0,0,0,1,10,4.70,4.53,0.76,0.88,0.31,0.10,0.00,0.90
2077050,EVELINE COSMETICS,Oczyszczanie i demakijaż twarzy - Peelingi do twarzy,4.79,82,4.42,4.79,21.32,3.11,19,8,42.11,18,1,0,1,0,0,0,1,1,0,0,0,0,0,0,0,0,0,0,0,10,4.40,4.57,0.78,0.93,0.30,0.10,0.00,0.90
321204,YOSKINE,Pielęgnacja twarzy - Maseczki,4.96,26,3.30,4.88,44.95,3.83,24,7,29.17,13,1,0,3,0,0,0,1,0,0,0,0,0,0,0,0,0,0,0,0,10,4.60,4.44,0.72,0.91,0.45,0.10,0.10,0.80
2031070,LIRENE,Pielęgnacja twarzy - Kremy do twarzy,4.79,38,3.66,4.79,52.98,3.99,40,20,50.00,32,6,6,4,0,0,0,1,0,0,1,1,0,0,1,0,0,0,0,0,10,5.00,4.78,0.89,0.93,0.10,0.00,0.00,1.00
233818,CARMEX,Pielęgnacja ust - Balsamy i pomadki do ust,4.82,34,3.56,4.81,305.65,5.73,18,12,66.67,25,6,6,1,0,0,0,0,0,0,0,0,0,0,0,0,0,1,0,0,9,4.67,4.40,0.70,0.93,0.44,0.22,0.00,0.78
411034,EVELINE COSMETICS,"Pielęgnacja twarzy - Serum, boostery i esencje",4.81,59,4.09,4.80,99.97,4.61,27,10,37.04,19,4,3,1,0,0,0,1,0,0,0,0,1,0,1,0,0,0,0,0,10,4.80,4.61,0.80,0.93,0.28,0.00,0.10,0.90
2110788,SELFIE PROJECT,Pielęgnacja twarzy - Płatki pod oczy,4.94,17,2.89,4.85,2.00,1.10,26,14,53.85,24,0,0,1,0,0,0,0,1,0,0,0,1,0,0,1,0,0,0,0,10,5.00,4.69,0.85,0.88,0.11,0.00,0.00,1.00
404490,ISANA,Pielęgnacja twarzy - Kremy do twarzy,4.64,45,3.83,4.68,33.98,3.55,21,12,57.14,22,0,0,0,0,0,0,0,0,1,0,0,0,1,0,0,0,0,0,0,10,4.80,4.70,0.85,0.87,0.10,0.00,0.00,1.00
381949,TOŁPA,Pielęgnacja twarzy - Kremy do twarzy,4.89,55,4.03,4.86,53.98,4.01,21,12,57.14,21,1,0,1,0,0,0,1,0,0,0,0,0,0,0,0,0,0,0,0,10,4.50,4.53,0.77,0.88,0.36,0.10,0.00,0.90
2091680,MOKOSH COSMETICS,Pielęgnacja twarzy - Kremy do twarzy,4.92,13,2.64,4.84,94.98,4.56,37,19,51.35,29,10,9,2,0,0,0,1,0,0,0,0,0,0,0,1,0,0,0,1,7,5.00,4.75,0.88,0.89,0.08,0.00,0.00,1.00
2113537,TOŁPA,Pielęgnacja twarzy - Kremy do twarzy,4.87,38,3.66,4.84,73.98,4.32,32,18,56.25,31,3,2,2,0,0,0,1,1,0,0,1,0,0,0,0,0,0,1,0,10,5.00,4.64,0.82,0.87,0.17,0.00,0.00,1.00
357713,ZIAJA,Oczyszczanie i demakijaż twarzy - Żele i pianki do mycia twarzy,4.82,44,3.81,4.81,11.32,2.51,20,9,45.00,17,6,5,0,0,0,0,1,0,0,0,0,0,0,0,0,0,0,0,0,10,4.80,4.60,0.80,0.90,0.30,0.10,0.00,0.90
2078512,BEAUTY OF JOSEON,"Pielęgnacja twarzy - Serum, boostery i esencje",5.00,15,2.77,4.88,233.30,5.46,30,19,63.33,27,0,0,0,0,0,0,0,0,1,0,0,0,0,0,1,1,1,0,0,5,5.00,4.81,0.91,0.92,0.09,0.00,0.00,1.00
2081795,ISANA,Oczyszczanie i demakijaż twarzy - Żele i pianki do mycia twarzy,4.84,56,4.04,4.82,5.63,1.89,17,9,52.94,15,2,1,1,0,0,0,1,0,0,0,0,0,1,0,0,0,0,0,0,10,4.60,4.55,0.77,0.84,0.15,0.00,0.00,1.00
394832,NIVEA,Pielęgnacja twarzy - Kremy do twarzy,4.97,31,3.47,4.90,119.98,4.80,26,14,53.85,25,1,0,1,0,0,0,1,1,0,0,0,0,1,0,1,0,0,0,0,10,5.00,4.69,0.84,0.89,0.12,0.00,0.00,1.00
373941,JANDA,Pielęgnacja twarzy - Kremy do twarzy,4.85,91,4.52,4.84,109.98,4.71,71,38,53.52,50,11,11,3,0,0,0,1,0,0,0,0,1,1,1,1,0,0,1,0,10,4.90,4.80,0.90,0.92,0.07,0.00,0.00,1.00
288895,ISANA,Pielęgnacja ust - Balsamy i pomadki do ust,4.65,113,4.74,4.67,87.29,4.48,21,15,71.43,29,1,0,0,0,0,0,0,1,0,0,0,0,0,0,0,0,0,0,0,10,4.40,4.42,0.71,0.86,0.37,0.10,0.00,0.90
385744,ISANA,Pielęgnacja twarzy - Kremy do twarzy,4.70,53,3.99,4.72,39.98,3.71,37,21,56.76,28,7,4,1,0,0,0,1,0,0,0,0,1,1,0,1,0,0,0,0,9,4.89,4.78,0.89,0.92,0.08,0.00,0.00,1.00
2078486,ROUND LAB,Oczyszczanie i demakijaż twarzy - Żele i pianki do mycia twarzy,4.83,6,1.95,4.79,46.66,3.86,38,25,65.79,27,0,0,1,0,0,0,0,0,0,0,1,0,1,0,1,0,0,0,0,2,4.50,3.81,0.41,0.41,0.73,0.50,0.00,0.50
2104448,PERFECTA,Pielęgnacja twarzy - Maseczki,4.82,39,3.69,4.81,41.12,3.74,35,13,37.14,21,12,13,2,0,0,0,1,1,0,0,0,0,0,0,1,0,0,0,0,9,4.78,4.69,0.85,0.93,0.26,0.00,0.11,0.89
2103215,HERO.,Pielęgnacja twarzy - Preparaty punktowe,5.00,1,0.69,4.79,1.46,0.90,1,0,0.00,0,0,0,0,0,0,0,0,0,0,0,0,0,0,0,0,0,0,0,0,1,5.00,4.79,0.89,0.89,,0.00,0.00,1.00
2091675,MOKOSH COSMETICS,Oczyszczanie i demakijaż twarzy - Żele i pianki do mycia twarzy,4.92,26,3.30,4.86,36.99,3.64,26,13,50.00,21,4,3,2,0,0,0,1,0,0,0,0,0,1,0,0,1,0,0,1,8,4.88,4.37,0.68,0.79,0.29,0.12,0.00,0.88
2010025,YOUR KAYA,Pielęgnacja ust - Serum i olejki do ust,4.79,19,3.00,4.79,249.90,5.53,14,4,28.57,10,1,0,0,0,0,0,1,1,0,0,0,0,0,0,0,0,0,0,0,10,4.90,4.47,0.74,0.78,0.27,0.10,0.00,0.90
203938,SORAYA,Pielęgnacja twarzy - Kremy do twarzy,4.86,93,4.54,4.85,13.98,2.71,35,19,54.29,29,9,9,1,0,0,0,1,0,0,0,0,1,0,0,1,0,0,1,0,10,4.70,4.71,0.85,0.91,0.15,0.00,0.00,1.00
2078291,ROUTINES BY ALKMIE,Pielęgnacja twarzy - Kremy do twarzy,4.55,22,3.14,4.66,123.98,4.83,39,29,74.36,41,1,0,0,0,0,0,1,0,0,0,1,0,0,0,1,0,0,1,0,10,4.50,4.61,0.80,0.87,0.20,0.00,0.10,0.90
385727,ISANA,Oczyszczanie i demakijaż twarzy - Płyny do demakijażu,4.51,76,4.34,4.57,2.87,1.35,11,6,54.55,14,0,0,1,0,0,0,0,0,0,0,0,0,1,0,0,0,0,0,0,10,4.00,3.89,0.45,0.76,0.63,0.30,0.00,0.70
2049042,CARMEX,Pielęgnacja ust - Balsamy i pomadki do ust,4.80,35,3.58,4.79,305.65,5.73,19,11,57.89,20,5,5,1,0,0,0,0,0,0,0,0,0,0,0,0,0,1,0,0,10,4.50,4.69,0.84,0.92,0.21,0.00,0.10,0.90
2077052,EVELINE COSMETICS,Tonizowanie twarzy - Toniki do twarzy,4.90,71,4.28,4.87,10.66,2.46,21,12,57.14,21,1,0,3,0,0,0,1,0,0,0,0,0,0,0,0,0,0,0,0,9,4.89,4.60,0.80,0.87,0.17,0.00,0.00,1.00
323504,PUSHEEN,Pielęgnacja ust - Balsamy i pomadki do ust,4.96,28,3.37,4.89,231.32,5.45,19,11,57.89,19,2,0,0,0,0,0,0,1,0,0,0,1,0,0,0,0,0,0,0,10,5.00,4.66,0.83,0.87,0.11,0.00,0.00,1.00
408504,BIOTANIQE,Oczyszczanie i demakijaż twarzy - Peelingi do twarzy,4.71,52,3.97,4.73,29.99,3.43,28,13,46.43,24,1,0,2,0,1,1,1,1,1,0,0,0,0,0,0,0,1,1,1,10,4.40,4.57,0.79,0.89,0.35,0.10,0.00,0.90
158871,ISANA,Pielęgnacja ust - Balsamy i pomadki do ust,4.66,127,4.85,4.68,87.29,4.48,15,12,80.00,24,1,0,0,0,0,0,0,0,0,0,0,0,0,0,0,0,0,0,0,10,4.40,4.29,0.64,0.73,0.34,0.10,0.10,0.80
251560,ISANA,Pielęgnacja twarzy - Maseczki,3.91,22,3.14,4.33,3.66,1.54,16,6,37.50,11,0,1,2,0,0,0,0,1,0,0,0,0,0,0,0,0,1,1,0,10,3.40,3.94,0.47,0.66,0.41,0.20,0.20,0.60
2086325,PAW PATROL,Pielęgnacja ust - Balsamy i pomadki do ust,4.79,19,3.00,4.79,249.77,5.52,16,10,62.50,21,2,0,0,0,0,0,1,0,0,0,0,0,0,0,0,0,0,0,0,10,4.70,4.78,0.89,0.89,0.07,0.00,0.00,1.00
2103457,FLUFF,Oczyszczanie i demakijaż twarzy - Żele i pianki do mycia twarzy,4.61,28,3.37,4.68,23.99,3.22,27,13,48.15,19,2,1,3,0,0,0,1,0,0,0,0,1,0,0,0,0,0,0,1,10,4.30,4.48,0.74,0.85,0.32,0.10,0.00,0.90
2114808,ROUTINES BY ALKMIE,Tonizowanie twarzy - Toniki do twarzy,4.74,19,3.00,4.76,22.66,3.16,28,11,39.29,23,7,6,2,0,0,0,1,0,0,0,0,1,0,0,0,0,0,0,0,9,4.44,4.10,0.55,0.72,0.37,0.22,0.00,0.78
2078778,NIVEA,Oczyszczanie i demakijaż twarzy - Płyny do demakijażu,4.84,51,3.95,4.82,4.62,1.73,20,7,35.00,14,0,0,2,0,0,0,0,1,0,0,0,0,1,0,0,0,0,1,0,10,4.40,4.45,0.73,0.92,0.46,0.10,0.00,0.90
226066,NIVEA,Pielęgnacja ust - Balsamy i pomadki do ust,4.88,67,4.22,4.86,333.12,5.81,21,13,61.90,25,2,0,0,0,0,0,0,1,0,0,0,1,1,0,0,0,0,0,0,10,4.80,4.67,0.83,0.86,0.10,0.00,0.00,1.00
2099375,VASELINE,Pielęgnacja ust - Balsamy i pomadki do ust,4.85,40,3.71,4.83,207.00,5.34,4,2,50.00,6,1,0,0,0,0,0,0,1,0,0,0,0,0,0,0,0,0,0,0,10,4.50,4.50,0.75,0.81,0.24,0.00,0.20,0.80
2103212,HADA LABO TOKYO,Pielęgnacja twarzy - Kremy do twarzy,4.91,46,3.85,4.87,135.98,4.92,32,16,50.00,22,0,0,2,0,0,0,0,0,0,0,0,0,0,0,1,0,0,1,0,10,4.80,4.76,0.88,0.89,0.04,0.00,0.00,1.00
144421,CARMEX,Pielęgnacja ust - Balsamy i pomadki do ust,4.82,34,3.56,4.81,129.90,4.87,14,10,71.43,19,2,2,0,0,0,0,0,0,0,0,0,0,0,0,0,0,0,0,0,10,4.80,4.68,0.84,0.89,0.12,0.00,0.00,1.00
381437,LIRENE,"Pielęgnacja twarzy - Serum, boostery i esencje",4.90,82,4.42,4.88,89.97,4.51,43,12,27.91,19,6,6,4,1,1,1,1,1,0,0,0,1,0,0,1,0,0,0,0,10,4.90,4.54,0.77,0.84,0.23,0.00,0.10,0.90
408553,BIOTANIQE,Oczyszczanie i demakijaż twarzy - Żele i pianki do mycia twarzy,4.88,75,4.33,4.86,11.74,2.54,22,7,31.82,12,2,1,0,0,0,0,1,0,0,0,0,0,1,0,0,0,0,0,0,10,4.60,4.50,0.75,0.85,0.24,0.00,0.10,0.90
2124576,PERFECTA,Pielęgnacja twarzy - Kremy do twarzy,5.00,3,1.39,4.81,69.98,4.26,50,26,52.00,37,9,8,3,0,0,0,1,0,0,1,1,0,0,1,1,0,0,0,1,2,5.00,4.52,0.76,0.76,0.06,0.00,0.00,1.00
2083030,SKIN1004,Pielęgnacja twarzy - Maseczki,4.88,8,2.20,4.81,337.00,5.82,23,8,34.78,13,0,0,0,0,0,0,0,1,0,0,0,0,0,0,0,1,0,0,0,4,4.75,4.55,0.78,0.97,0.40,0.00,0.25,0.75
2091681,MOKOSH COSMETICS,Pielęgnacja twarzy - Kremy do twarzy,4.83,24,3.22,4.81,94.98,4.56,38,23,60.53,32,7,7,0,0,0,0,1,0,1,0,0,0,1,0,0,0,0,1,1,10,4.70,4.56,0.78,0.79,0.17,0.00,0.00,1.00
2029002,CLEANIC,Oczyszczanie i demakijaż twarzy - Chusteczki do demakijażu,4.71,35,3.58,4.74,0.65,0.50,12,5,41.67,11,0,0,2,0,0,0,0,0,1,0,0,0,0,0,0,0,0,0,0,10,4.70,4.42,0.71,0.76,0.23,0.00,0.10,0.90
419422,EVELINE PRESTIGE,Pielęgnacja twarzy - Kremy pod oczy,4.84,49,3.91,4.82,137.45,4.93,82,61,74.39,69,5,2,4,0,0,0,1,0,0,0,1,0,0,1,0,0,0,1,0,10,4.70,4.46,0.73,0.90,0.29,0.00,0.20,0.80
396285,TOŁPA,Pielęgnacja twarzy - Kremy do twarzy,4.54,46,3.85,4.61,53.98,4.01,24,11,45.83,19,1,0,3,0,0,0,1,1,0,0,0,0,0,0,0,0,0,0,0,10,4.60,4.55,0.77,0.88,0.35,0.10,0.00,0.90
2099785,BIELENDA,Pielęgnacja ust - Balsamy i pomadki do ust,4.59,58,4.08,4.64,149.90,5.02,2,2,100.00,6,0,0,0,0,0,0,0,0,0,0,0,0,0,0,0,0,0,0,0,10,4.40,4.45,0.73,0.80,0.28,0.10,0.00,0.90
2109263,BIELENDA,Pielęgnacja ust - Maseczki na usta,4.60,48,3.89,4.65,145.75,4.99,31,16,51.61,24,3,3,2,0,0,0,0,1,0,0,0,1,0,1,0,0,0,1,0,10,4.10,4.08,0.54,0.75,0.59,0.20,0.00,0.80
2124066,AA,Oczyszczanie i demakijaż twarzy - Żele i pianki do mycia twarzy,5.00,4,1.61,4.82,23.33,3.19,44,24,54.55,30,1,0,2,0,0,0,1,1,0,0,0,1,1,1,0,0,0,0,1,3,4.67,4.87,0.94,0.93,0.05,0.00,0.00,1.00
2099448,GABBY'S DOLLHOUSE,Pielęgnacja ust - Balsamy i pomadki do ust,4.71,17,2.89,4.75,249.77,5.52,16,10,62.50,21,2,0,0,0,0,0,1,0,0,0,0,0,0,0,0,0,0,0,0,9,4.67,4.70,0.85,0.84,0.13,0.00,0.00,1.00
2124070,AA,Pielęgnacja twarzy - Kremy do twarzy,5.00,1,0.69,4.79,46.65,3.86,47,25,53.19,37,3,2,1,0,0,0,1,1,0,0,0,0,1,1,0,0,0,0,0,1,5.00,4.73,0.86,0.86,,0.00,0.00,1.00
2103911,BIOTANIQE,Pielęgnacja twarzy - Kremy do twarzy,4.90,51,3.95,4.87,51.98,3.97,35,12,34.29,20,6,5,1,0,0,0,1,1,0,0,0,0,0,1,0,0,0,0,0,9,4.78,4.81,0.90,0.91,0.05,0.00,0.00,1.00
21793,NIVEA,Oczyszczanie i demakijaż twarzy - Żele i pianki do mycia twarzy,4.86,64,4.17,4.84,11.66,2.54,27,5,18.52,11,3,3,4,0,0,0,1,1,0,0,0,0,0,0,0,0,0,0,0,10,5.00,4.77,0.88,0.89,0.11,0.00,0.00,1.00
2124000,BE.MEL,Tonizowanie twarzy - Toniki do twarzy,4.75,4,1.61,4.78,20.00,3.04,20,9,45.00,16,5,4,1,0,0,0,1,0,0,0,0,0,0,0,0,0,0,0,1,2,5.00,4.74,0.87,0.87,0.16,0.00,0.00,1.00
2031169,EVELINE COSMETICS,Pielęgnacja twarzy - Kremy do twarzy,4.72,54,4.01,4.74,49.98,3.93,36,21,58.33,32,1,0,2,0,0,0,1,0,0,0,0,0,0,1,0,0,0,0,0,10,4.80,4.80,0.90,0.95,0.12,0.00,0.00,1.00
2113738,VEOLI BOTANICA,Oczyszczanie i demakijaż twarzy - Oleje i masełka do demakijażu,4.69,13,2.64,4.75,249.97,5.53,18,12,66.67,22,2,0,0,0,0,0,1,0,0,0,0,0,0,0,0,0,0,1,0,5,3.40,4.27,0.63,0.81,0.40,0.20,0.20,0.60
2101264,EVELINE COSMETICS,Pielęgnacja twarzy - Maseczki,4.76,75,4.33,4.76,23.25,3.19,32,14,43.75,25,5,4,3,0,0,0,1,0,0,0,0,0,1,0,1,0,0,0,0,10,4.50,4.32,0.66,0.77,0.37,0.10,0.10,0.80
419420,EVELINE PRESTIGE,Pielęgnacja twarzy - Kremy do twarzy,4.86,37,3.64,4.83,67.98,4.23,80,58,72.50,66,6,3,4,0,0,0,1,0,0,0,1,0,0,1,0,0,0,1,0,10,4.90,4.80,0.90,0.91,0.06,0.00,0.00,1.00
409981,7TH HEAVEN,Pielęgnacja twarzy - Maseczki,5.00,10,2.40,4.85,42.56,3.77,24,16,66.67,25,2,0,0,0,0,0,1,0,1,0,0,0,1,0,1,0,0,0,0,5,5.00,4.82,0.91,0.98,0.10,0.00,0.00,1.00
409966,7TH HEAVEN,Pielęgnacja twarzy - Maseczki,4.91,11,2.48,4.83,42.56,3.77,26,15,57.69,18,1,1,1,0,0,0,1,0,0,0,0,0,0,0,0,0,0,0,0,7,5.00,4.79,0.89,0.90,0.07,0.00,0.00,1.00
2083920,SELFIE PROJECT,Pielęgnacja ust - Balsamy i pomadki do ust,4.29,17,2.89,4.56,456.86,6.13,18,6,33.33,13,3,0,1,0,0,0,1,1,0,0,0,0,0,0,0,0,0,0,0,8,4.12,4.19,0.59,0.86,0.54,0.12,0.12,0.75
322666,SELFIE PROJECT,Pielęgnacja ust - Balsamy i pomadki do ust,4.53,17,2.89,4.67,456.86,6.13,15,8,53.33,18,3,0,1,0,0,0,1,0,0,0,0,0,0,0,0,0,0,0,0,7,3.86,4.20,0.60,0.62,0.34,0.14,0.14,0.71
321267,BIOTANIQE,Tonizowanie twarzy - Toniki do twarzy,4.80,56,4.04,4.80,15.66,2.81,22,14,63.64,26,1,0,2,0,0,0,1,0,0,0,0,0,1,0,0,0,0,0,1,10,4.60,4.60,0.80,0.89,0.22,0.00,0.10,0.90
2076377,BIELENDA,Pielęgnacja twarzy - Maseczki,4.79,43,3.78,4.79,12.99,2.64,28,21,75.00,32,1,1,1,0,0,0,1,0,0,0,0,1,1,1,1,0,0,0,1,10,4.90,4.81,0.90,0.93,0.12,0.00,0.00,1.00
2114206,JANDA,Pielęgnacja twarzy - Kremy do twarzy,4.82,11,2.48,4.80,193.30,5.27,65,35,53.85,45,12,11,5,0,0,0,1,0,0,0,0,1,0,1,0,0,0,1,1,9,4.78,4.74,0.87,0.86,0.08,0.00,0.00,1.00
2101986,KIMOCO,Pielęgnacja twarzy - Kremy do twarzy,4.89,176,5.18,4.88,86.99,4.48,75,56,74.67,65,2,1,0,0,0,0,1,0,1,0,1,0,1,0,1,1,0,0,0,9,4.89,4.80,0.90,0.96,0.10,0.00,0.00,1.00
2124215,CLAYLY,Oczyszczanie i demakijaż twarzy - Oleje i masełka do demakijażu,4.50,2,1.10,4.76,32.99,3.53,25,14,56.00,26,3,2,1,0,0,0,1,1,0,0,0,0,0,0,0,0,0,0,0,1,3.00,2.79,-0.10,-0.10,,1.00,0.00,0.00
2088250,YOUR KAYA,Pielęgnacja twarzy - Kremy do twarzy,5.00,14,2.71,4.87,199.98,5.30,40,28,70.00,38,1,0,0,0,0,0,0,0,1,0,0,0,0,0,1,1,0,1,0,7,5.00,4.86,0.93,0.95,0.05,0.00,0.00,1.00
2110780,DERMIKA,Pielęgnacja twarzy - Maseczki,4.92,13,2.64,4.84,16.99,2.89,42,21,50.00,30,7,8,4,0,0,0,1,0,0,0,1,0,0,1,0,0,0,1,0,5,5.00,4.87,0.94,0.98,0.06,0.00,0.00,1.00
2103120,ISANA,Pielęgnacja twarzy - Kremy pod oczy,4.53,36,3.61,4.62,149.93,5.02,15,9,60.00,18,0,0,0,0,0,0,0,0,0,0,0,1,0,0,0,0,0,0,0,10,4.00,4.14,0.57,0.56,0.33,0.00,0.40,0.60
410744,TOŁPA,Pielęgnacja twarzy - Kremy pod oczy,4.69,51,3.95,4.72,143.27,4.97,23,11,47.83,23,0,0,3,0,0,0,0,1,0,0,0,0,0,0,1,0,0,0,0,10,4.50,4.42,0.71,0.74,0.24,0.00,0.10,0.90
413473,ISANA,Oczyszczanie i demakijaż twarzy - Oleje i masełka do demakijażu,4.29,24,3.22,4.51,11.49,2.52,12,10,83.33,21,0,0,0,0,0,0,0,0,0,0,0,0,0,0,0,0,0,1,0,10,3.80,3.76,0.38,0.37,0.46,0.20,0.30,0.50
2124069,AA,Pielęgnacja twarzy - Kremy do twarzy,5.00,1,0.69,4.79,46.65,3.86,75,53,70.67,65,3,2,3,0,0,0,1,1,0,0,1,1,0,1,1,1,0,1,0,1,5.00,4.92,0.96,0.96,,0.00,0.00,1.00
2123976,VEOLI BOTANICA,"Pielęgnacja twarzy - Serum, boostery i esencje",5.00,1,0.69,4.79,333.30,5.81,24,13,54.17,19,1,1,4,0,0,0,0,0,0,0,1,0,0,0,1,0,0,0,0,0,,,,,,,,
2092307,NIVEA,Pielęgnacja twarzy - Kremy do twarzy,4.80,41,3.74,4.79,55.99,4.04,41,18,43.90,23,1,0,1,0,0,0,1,1,0,0,0,0,1,0,1,0,0,0,0,10,4.50,4.47,0.73,0.85,0.36,0.10,0.00,0.90
2103910,BIOTANIQE,"Pielęgnacja twarzy - Serum, boostery i esencje",4.80,66,4.20,4.80,64.97,4.19,20,7,35.00,16,6,5,1,0,0,0,1,0,0,0,0,0,0,0,1,0,0,0,0,10,4.80,4.47,0.73,0.85,0.31,0.00,0.20,0.80
396447,EVELINE COSMETICS,"Pielęgnacja twarzy - Serum, boostery i esencje",4.85,48,3.89,4.83,99.97,4.61,21,12,57.14,22,0,0,3,0,0,0,0,1,0,0,0,0,1,0,1,0,0,0,0,10,4.70,4.68,0.84,0.94,0.20,0.00,0.00,1.00
2113704,BIELENDA PROFESSIONAL,Pielęgnacja twarzy - Kremy do twarzy,5.00,3,1.39,4.81,159.98,5.08,44,26,59.09,35,1,0,2,0,0,0,0,0,0,0,0,1,1,0,1,0,0,1,0,1,5.00,4.72,0.86,0.86,,0.00,0.00,1.00
2047006,L'ORÉAL PARIS,Pielęgnacja twarzy - Maseczki,4.57,14,2.71,4.69,63.42,4.17,22,7,31.82,17,1,0,1,0,0,0,1,1,0,0,0,1,0,0,1,0,1,0,0,9,4.56,4.49,0.74,0.92,0.36,0.11,0.00,0.89
2082421,YOUR KAYA,Pielęgnacja ust - Serum i olejki do ust,4.17,23,3.18,4.45,259.90,5.56,14,3,21.43,8,1,0,0,0,0,0,1,1,0,0,0,0,0,0,0,0,0,0,0,10,3.90,4.31,0.66,0.80,0.43,0.10,0.00,0.90
2089167,ISANA,Oczyszczanie i demakijaż twarzy - Płyny do demakijażu,4.82,67,4.22,4.81,6.29,1.99,17,9,52.94,18,0,0,3,0,0,0,0,1,0,0,0,0,1,0,0,0,0,1,0,10,4.50,4.39,0.69,0.90,0.45,0.10,0.00,0.90
369828,TOŁPA,Oczyszczanie i demakijaż twarzy - Żele i pianki do mycia twarzy,4.83,42,3.76,4.81,12.30,2.59,10,4,40.00,10,0,0,2,0,0,0,0,0,0,0,0,0,0,0,0,0,0,0,1,10,4.60,4.66,0.83,0.97,0.28,0.00,0.10,0.90
2114205,JANDA,Pielęgnacja twarzy - Kremy do twarzy,4.92,12,2.56,4.83,193.30,5.27,65,31,47.69,35,10,10,1,0,0,0,1,0,0,0,0,1,1,0,1,0,0,0,0,4,4.75,4.61,0.80,0.79,0.06,0.00,0.00,1.00
2123902,KIMOCO,Pielęgnacja twarzy - Maseczki,5.00,2,1.10,4.80,59.99,4.11,58,44,75.86,53,1,0,0,0,0,0,1,1,1,0,0,0,1,1,1,1,0,1,0,0,,,,,,,,
418795,EVELINE COSMETICS,Pielęgnacja twarzy - Kremy do twarzy,4.74,53,3.99,4.75,31.98,3.50,37,20,54.05,32,6,5,1,0,0,0,1,1,0,0,0,1,0,0,0,0,0,0,0,10,4.90,4.74,0.87,0.84,0.06,0.00,0.00,1.00
2104449,PERFECTA,Pielęgnacja twarzy - Maseczki,4.78,51,3.95,4.78,41.12,3.74,32,15,46.88,26,3,2,2,0,0,0,1,1,0,0,0,1,0,1,1,0,0,0,0,10,4.70,4.57,0.79,0.88,0.28,0.10,0.00,0.90
377741,ISANA,Pielęgnacja twarzy - Maseczki,4.86,101,4.62,4.85,13.69,2.69,25,13,52.00,22,4,3,3,0,0,0,1,0,0,1,0,0,0,0,0,0,0,0,0,10,5.00,4.71,0.86,0.87,0.09,0.00,0.00,1.00
2090184,BIOTANIQE,Pielęgnacja twarzy - Maseczki,4.38,21,3.09,4.58,114.90,4.75,37,22,59.46,31,5,4,1,0,0,0,1,0,0,0,0,0,0,0,0,0,0,0,0,10,4.10,4.03,0.52,0.85,0.64,0.30,0.00,0.70
2125531,QURET,Pielęgnacja ust - Balsamy i pomadki do ust,5.00,2,1.10,4.80,514.00,6.24,18,13,72.22,26,1,0,0,0,0,0,1,0,0,0,0,0,1,0,0,0,0,0,0,2,5.00,4.64,0.82,0.82,0.14,0.00,0.00,1.00
2124667,PERFECTA,Pielęgnacja twarzy - Kremy do twarzy,5.00,2,1.10,4.80,55.98,4.04,58,32,55.17,42,11,11,2,0,0,0,1,1,0,0,1,1,1,1,0,0,0,0,1,1,5.00,4.79,0.90,0.90,,0.00,0.00,1.00
158870,ISANA,Pielęgnacja ust - Balsamy i pomadki do ust,4.64,86,4.47,4.67,87.29,4.48,11,10,90.91,24,1,0,0,0,0,0,1,0,0,0,0,1,0,0,0,0,0,0,0,10,4.60,4.43,0.71,0.88,0.37,0.10,0.10,0.80
2102070,MIYA COSMETICS,Tonizowanie twarzy - Toniki do twarzy,4.80,15,2.77,4.79,34.99,3.58,26,14,53.85,25,3,3,4,0,0,0,1,0,0,0,0,1,0,1,0,0,0,0,0,7,4.57,4.58,0.79,0.84,0.17,0.00,0.00,1.00
2102022,AA,Pielęgnacja twarzy - Kremy do twarzy,4.85,48,3.89,4.83,143.98,4.98,64,40,62.50,50,12,13,1,0,0,0,1,0,0,0,1,0,1,1,0,0,0,1,0,10,4.60,4.35,0.68,0.79,0.43,0.10,0.00,0.90
2113781,DERMIKA,"Pielęgnacja twarzy - Serum, boostery i esencje",4.94,16,2.83,4.85,159.98,5.08,58,35,60.34,44,8,9,5,0,0,0,1,0,0,0,1,1,0,0,0,0,0,1,0,3,5.00,4.77,0.88,0.95,0.12,0.00,0.00,1.00
2113703,BIELENDA PROFESSIONAL,Pielęgnacja twarzy - Kremy do twarzy,5.00,3,1.39,4.81,153.72,5.04,49,18,36.73,21,9,10,2,0,0,0,1,1,0,0,0,1,1,0,0,0,0,1,0,1,5.00,4.93,0.97,0.97,,0.00,0.00,1.00
418848,EVELINE COSMETICS,Oczyszczanie i demakijaż twarzy - Żele i pianki do mycia twarzy,4.77,43,3.78,4.77,10.66,2.46,35,17,48.57,23,1,0,3,0,0,0,1,1,0,0,0,1,0,0,0,0,1,0,1,9,4.67,4.54,0.77,0.92,0.39,0.11,0.00,0.89
21,L'ORÉAL PARIS,Pielęgnacja twarzy - Kremy do twarzy,4.87,71,4.28,4.85,97.98,4.59,51,24,47.06,34,8,8,4,0,0,0,1,0,0,1,0,0,0,0,0,0,1,0,0,10,4.50,4.64,0.82,0.89,0.18,0.00,0.10,0.90
2103328,TOŁPA,Pielęgnacja twarzy - Kremy do twarzy,4.38,16,2.83,4.60,149.98,5.02,31,11,35.48,15,0,0,2,0,0,0,0,1,1,0,0,0,0,0,0,0,1,0,0,10,4.00,4.27,0.63,0.79,0.41,0.10,0.00,0.90
2078515,BEAUTY OF JOSEON,"Pielęgnacja twarzy - Serum, boostery i esencje",4.92,13,2.64,4.84,233.30,5.46,32,20,62.50,30,0,0,0,0,0,0,0,0,1,0,0,0,1,0,0,0,0,0,0,6,4.83,4.73,0.86,0.91,0.13,0.00,0.00,1.00
2103468,ROUTINES BY ALKMIE,Oczyszczanie i demakijaż twarzy - Oleje i masełka do demakijażu,4.40,20,3.04,4.59,79.98,4.39,15,11,73.33,19,1,0,0,0,0,0,1,0,0,0,0,0,0,0,0,0,0,0,0,10,3.90,4.22,0.61,0.74,0.40,0.10,0.20,0.70
366544,ALTERRA,Oczyszczanie i demakijaż twarzy - Oleje i masełka do demakijażu,4.51,41,3.74,4.60,14.79,2.76,14,9,64.29,19,2,1,0,0,0,0,1,0,0,0,0,0,0,0,0,0,0,0,0,10,4.00,4.10,0.55,0.54,0.41,0.20,0.20,0.60
2123972,VEOLI BOTANICA,Oczyszczanie i demakijaż twarzy - Oleje i masełka do demakijażu,5.00,5,1.79,4.83,59.99,4.11,12,6,50.00,15,6,5,0,0,0,0,1,0,0,0,0,0,0,0,0,0,0,0,0,4,5.00,4.75,0.88,0.92,0.14,0.00,0.00,1.00
256439,L'ORÉAL PARIS,Oczyszczanie i demakijaż twarzy - Płyny do demakijażu,4.92,40,3.71,4.87,7.25,2.11,7,1,14.29,3,0,0,1,0,0,0,0,0,0,0,0,0,0,0,0,0,0,0,0,2,5.00,4.84,0.92,0.92,0.08,0.00,0.00,1.00
2123974,VEOLI BOTANICA,Pielęgnacja twarzy - Kremy pod oczy,1.00,1,0.69,4.60,599.93,6.40,22,15,68.18,24,0,0,2,0,0,0,0,0,0,0,0,0,0,1,0,1,0,0,0,5,4.20,4.55,0.77,0.92,0.31,0.00,0.20,0.80
2125816,BIELENDA,"Pielęgnacja twarzy - Serum, boostery i esencje",5.00,1,0.69,4.79,56.63,4.05,46,27,58.70,35,0,0,3,0,0,0,0,0,1,0,0,1,0,1,0,0,1,1,1,1,5.00,4.24,0.62,0.62,,0.00,0.00,1.00
62937,NIVEA,Pielęgnacja twarzy - Kremy do twarzy,4.87,23,3.18,4.83,111.98,4.73,41,18,43.90,23,1,0,2,1,1,1,1,1,0,0,0,0,0,0,0,0,0,0,0,10,4.70,4.58,0.79,0.92,0.42,0.10,0.00,0.90
2113627,YOSKINE,"Pielęgnacja twarzy - Serum, boostery i esencje",4.89,18,2.94,4.83,226.63,5.43,42,20,47.62,29,14,14,2,0,0,0,1,0,0,0,0,1,0,1,1,0,0,0,0,6,5.00,4.81,0.90,0.91,0.06,0.00,0.00,1.00
2031167,EVELINE COSMETICS,Pielęgnacja twarzy - Maseczki,4.79,52,3.97,4.79,34.88,3.58,37,18,48.65,28,5,4,1,0,0,0,1,0,0,1,0,1,0,1,1,0,0,0,0,10,4.80,4.61,0.81,0.90,0.29,0.10,0.00,0.90
317887,CHRISTIAN LAURENT,"Pielęgnacja twarzy - Serum, boostery i esencje",4.95,41,3.74,4.89,143.30,4.97,64,34,53.12,43,5,5,3,0,1,1,1,1,1,0,0,1,0,1,1,0,0,0,1,10,5.00,4.62,0.81,0.93,0.30,0.10,0.00,0.90
419480,L'ORÉAL PARIS,Pielęgnacja twarzy - Kremy do twarzy,4.82,49,3.91,4.81,97.98,4.59,52,22,42.31,27,2,0,1,1,1,1,1,1,0,1,0,0,0,1,0,0,1,0,0,10,4.80,4.77,0.88,0.87,0.05,0.00,0.00,1.00
417198,UZDROVISCO,Pielęgnacja twarzy - Kremy do twarzy,4.75,28,3.37,4.76,129.98,4.88,46,28,60.87,36,1,0,3,0,0,0,1,1,1,1,1,0,0,0,0,0,0,1,1,9,4.44,4.46,0.73,0.79,0.25,0.00,0.11,0.89
2123971,VEOLI BOTANICA,Tonizowanie twarzy - Toniki do twarzy,4.50,2,1.10,4.76,46.66,3.86,20,11,55.00,24,1,0,2,0,0,0,1,0,1,0,0,1,0,0,0,0,0,0,1,1,5.00,4.87,0.94,0.94,,0.00,0.00,1.00
2077051,EVELINE COSMETICS,Oczyszczanie i demakijaż twarzy - Peelingi do twarzy,4.71,48,3.89,4.73,21.32,3.11,22,9,40.91,18,3,2,2,0,0,0,1,0,0,0,0,0,1,0,1,0,1,0,1,10,4.70,4.58,0.79,0.82,0.15,0.00,0.00,1.00
2113631,YOSKINE,"Pielęgnacja twarzy - Serum, boostery i esencje",4.88,17,2.89,4.83,33.99,3.56,38,16,42.11,26,12,12,1,0,0,0,1,0,1,0,0,0,0,1,1,0,0,0,0,9,5.00,4.82,0.91,0.94,0.07,0.00,0.00,1.00
23644,NEUTROGENA,Pielęgnacja ust - Balsamy i pomadki do ust,4.49,49,3.91,4.57,119.93,4.80,20,12,60.00,23,1,1,2,0,0,0,0,0,0,0,0,0,1,0,0,0,0,0,0,10,3.80,4.07,0.53,0.80,0.56,0.30,0.00,0.70
396859,AA,Pielęgnacja twarzy - Kremy do twarzy,4.82,49,3.91,4.81,45.98,3.85,48,21,43.75,29,4,3,2,0,0,0,1,1,0,0,0,0,1,0,1,0,0,0,0,10,5.00,4.66,0.83,0.85,0.09,0.00,0.00,1.00
2077268,AA,Oczyszczanie i demakijaż twarzy - Płyny do demakijażu,4.95,21,3.09,4.87,12.99,2.64,18,11,61.11,20,0,0,3,0,0,0,0,0,0,0,0,0,1,0,1,0,0,0,0,10,4.90,4.42,0.71,0.84,0.25,0.00,0.20,0.80
409927,HADA LABO TOKYO,Pielęgnacja twarzy - Maseczki,4.89,19,3.00,4.83,44.95,3.83,16,5,31.25,12,0,0,1,0,1,1,0,0,0,0,0,0,0,0,1,0,0,0,0,5,5.00,4.72,0.86,0.86,0.09,0.00,0.00,1.00
2100491,YOPE,Pielęgnacja twarzy - Kremy do twarzy,4.87,31,3.47,4.84,73.98,4.32,39,25,64.10,33,1,0,2,0,0,0,1,0,0,0,0,0,0,0,0,0,0,0,1,10,5.00,4.74,0.87,0.90,0.14,0.00,0.00,1.00
258873,ZIAJA,Pielęgnacja twarzy - Maseczki,4.77,31,3.47,4.77,38.43,3.67,33,20,60.61,30,7,5,1,0,0,0,1,0,0,0,0,0,1,1,1,0,0,0,0,10,4.40,4.62,0.81,0.85,0.19,0.00,0.10,0.90
2092341,BIELENDA PROFESSIONAL,Oczyszczanie i demakijaż twarzy - Mleczka i emulsje do demakijażu,4.95,22,3.14,4.87,31.00,3.47,39,26,66.67,37,1,1,3,0,0,0,1,1,0,0,1,1,0,0,1,0,0,1,0,10,4.90,4.58,0.79,0.80,0.14,0.00,0.00,1.00
2031105,GARNIER,Oczyszczanie i demakijaż twarzy - Żele i pianki do mycia twarzy,4.92,25,3.26,4.86,12.80,2.62,27,8,29.63,13,1,1,2,0,0,0,1,0,1,0,0,0,0,0,0,0,1,0,0,10,4.90,4.68,0.84,0.85,0.09,0.00,0.00,1.00
2103209,GARNIER,"Pielęgnacja twarzy - Serum, boostery i esencje",4.71,14,2.71,4.75,29.99,3.43,23,7,30.43,15,1,0,4,0,0,0,1,0,1,0,0,1,0,0,0,0,1,0,0,6,4.50,4.55,0.77,0.78,0.15,0.00,0.00,1.00
2077359,MIXA,"Pielęgnacja twarzy - Serum, boostery i esencje",5.00,15,2.77,4.88,139.97,4.95,17,11,64.71,21,1,0,0,0,0,0,1,0,0,0,0,0,1,0,1,0,0,0,1,7,5.00,4.76,0.88,0.85,0.09,0.00,0.00,1.00
2078296,ROUTINES BY ALKMIE,"Pielęgnacja twarzy - Serum, boostery i esencje",4.70,27,3.33,4.74,206.63,5.34,28,20,71.43,32,1,0,0,0,0,0,1,0,0,0,0,0,0,0,0,0,0,0,0,6,3.83,4.27,0.64,0.74,0.25,0.00,0.33,0.67
2113737,VEOLI BOTANICA,Tonizowanie twarzy - Toniki do twarzy,5.00,14,2.71,4.87,59.99,4.11,33,17,51.52,21,1,0,3,0,0,0,1,0,0,0,1,0,0,0,1,1,0,1,0,8,5.00,4.77,0.88,0.97,0.17,0.00,0.00,1.00
2123903,NIVEA,Pielęgnacja twarzy - Kremy do twarzy,5.00,5,1.79,4.83,119.98,4.80,28,19,67.86,28,1,0,1,0,0,0,1,0,0,0,1,0,0,1,0,0,0,1,0,3,5.00,4.80,0.90,0.91,0.05,0.00,0.00,1.00
2103356,YOSKINE,Pielęgnacja twarzy - Kremy do twarzy,4.71,17,2.89,4.75,129.98,4.88,42,24,57.14,32,3,2,2,0,0,0,1,0,0,0,0,1,0,0,0,0,0,0,0,9,4.56,4.46,0.73,0.87,0.30,0.00,0.22,0.78
2113538,TOŁPA,Pielęgnacja twarzy - Kremy pod oczy,4.42,26,3.30,4.58,213.27,5.37,19,9,47.37,20,0,0,3,0,0,0,0,0,0,0,0,0,0,0,1,0,0,0,0,10,4.30,4.24,0.62,0.74,0.50,0.10,0.00,0.90
390740,GARNIER,"Pielęgnacja twarzy - Serum, boostery i esencje",5.00,8,2.20,4.84,159.97,5.08,15,9,60.00,18,1,0,0,0,0,0,1,0,0,0,0,0,0,0,1,0,0,0,0,2,5.00,4.56,0.78,0.78,0.17,0.00,0.00,1.00
2124666,PERFECTA,Pielęgnacja twarzy - Kremy do twarzy,5.00,4,1.61,4.82,55.98,4.04,64,35,54.69,47,11,11,1,0,0,0,1,1,0,0,0,1,1,1,1,1,0,0,0,4,5.00,4.72,0.86,0.86,0.10,0.00,0.00,1.00
2114901,AA,Oczyszczanie i demakijaż twarzy - Mleczka i emulsje do demakijażu,4.80,5,1.79,4.79,16.33,2.85,19,11,57.89,20,0,0,1,0,0,0,0,0,0,0,0,0,0,0,0,0,0,0,0,2,5.00,4.99,0.99,0.99,0.00,0.00,0.00,1.00
2109264,BIELENDA,Pielęgnacja ust - Maseczki na usta,4.86,36,3.61,4.83,145.75,4.99,39,21,53.85,29,4,2,4,0,0,0,0,1,0,0,1,1,0,0,0,0,0,1,1,10,4.90,4.82,0.91,0.91,0.07,0.00,0.00,1.00
2031069,LIRENE,Pielęgnacja twarzy - Kremy do twarzy,4.74,35,3.58,4.76,52.98,3.99,37,20,54.05,29,3,3,4,0,0,0,1,0,0,0,1,0,0,1,0,0,0,0,0,9,4.89,4.73,0.87,0.89,0.07,0.00,0.00,1.00
275102,CHRISTIAN LAURENT,Oczyszczanie i demakijaż twarzy - Płyny do demakijażu,4.86,50,3.93,4.84,5.20,1.82,25,9,36.00,15,7,6,5,0,0,0,1,0,0,0,0,0,1,0,0,0,0,0,0,10,4.80,4.45,0.73,0.79,0.29,0.10,0.00,0.90
357718,ZIAJA,Pielęgnacja twarzy - Kremy do twarzy,5.00,25,3.26,4.90,23.98,3.22,43,17,39.53,22,6,5,1,0,0,0,1,1,0,0,0,0,1,0,0,0,0,0,0,10,5.00,4.83,0.91,0.94,0.07,0.00,0.00,1.00
112680,CARMEX,Pielęgnacja ust - Balsamy i pomadki do ust,4.95,43,3.78,4.90,179.87,5.20,16,8,50.00,21,8,8,1,0,0,0,1,0,0,0,0,0,0,0,0,0,1,0,0,10,5.00,4.81,0.91,0.96,0.10,0.00,0.00,1.00
344710,NIVEA,Pielęgnacja ust - Peelingi do ust,4.74,34,3.56,4.76,395.62,5.98,18,13,72.22,26,2,2,1,0,0,0,0,1,0,0,0,1,0,0,0,0,0,0,0,10,4.90,4.74,0.87,0.92,0.10,0.00,0.00,1.00
2110790,SELFIE PROJECT,Pielęgnacja twarzy - Maseczki,4.80,10,2.40,4.79,14.99,2.77,27,14,51.85,26,0,0,2,0,0,0,0,1,1,0,0,0,0,0,1,1,0,0,0,7,4.71,4.07,0.53,0.62,0.45,0.29,0.00,0.71
393643,ISANA,"Pielęgnacja twarzy - Serum, boostery i esencje",4.91,23,3.18,4.85,66.63,4.21,19,10,52.63,21,1,0,1,0,1,1,1,1,0,0,0,0,1,0,1,0,0,0,0,9,5.00,4.85,0.93,0.95,0.07,0.00,0.00,1.00
377724,ISANA,"Pielęgnacja twarzy - Serum, boostery i esencje",4.92,98,4.60,4.90,135.64,4.92,31,17,54.84,28,6,6,3,0,0,0,1,0,1,0,0,0,1,0,0,0,0,0,1,10,4.60,4.42,0.71,0.83,0.49,0.10,0.00,0.90
2113758,BIELENDA,Oczyszczanie i demakijaż twarzy - Oleje i masełka do demakijażu,4.25,24,3.22,4.49,28.99,3.40,30,18,60.00,31,6,5,0,0,0,0,1,1,0,0,0,1,0,0,0,0,0,1,0,10,4.00,3.85,0.42,0.66,0.60,0.30,0.00,0.70
2091737,SELFIE PROJECT,Pielęgnacja twarzy - Preparaty punktowe,4.50,18,2.94,4.65,159.93,5.08,18,7,38.89,13,1,2,1,1,1,1,0,1,1,0,0,0,0,0,0,0,1,0,0,10,4.30,4.26,0.63,0.68,0.31,0.10,0.20,0.70
2077407,DERMIKA,Pielęgnacja twarzy - Kremy do twarzy,4.81,52,3.97,4.80,191.98,5.26,37,19,51.35,29,4,3,1,0,0,0,1,1,0,0,0,0,0,1,0,0,0,1,0,10,4.80,4.58,0.79,0.92,0.38,0.10,0.00,0.90
2113400,MIXA,Oczyszczanie i demakijaż twarzy - Żele i pianki do mycia twarzy,4.83,6,1.95,4.79,15.33,2.79,17,7,41.18,11,0,0,1,0,0,0,0,0,0,0,0,0,1,0,1,0,0,1,0,1,5.00,4.31,0.65,0.65,,0.00,0.00,1.00
2103337,TOŁPA,Oczyszczanie i demakijaż twarzy - Żele i pianki do mycia twarzy,4.95,39,3.69,4.89,14.87,2.76,14,7,50.00,15,1,0,1,0,0,0,1,0,0,0,0,1,0,0,0,0,0,0,0,10,4.90,4.70,0.85,0.90,0.19,0.00,0.10,0.90
2123874,SELFIE PROJECT,"Pielęgnacja twarzy - Serum, boostery i esencje",5.00,2,1.10,4.80,23.99,3.22,26,12,46.15,25,3,2,3,0,0,0,1,1,0,0,0,0,1,0,1,1,0,0,0,1,5.00,4.92,0.96,0.96,,0.00,0.00,1.00
420548,ISANA,Oczyszczanie i demakijaż twarzy - Chusteczki do demakijażu,4.82,38,3.66,4.81,0.27,0.24,18,7,38.89,14,1,0,4,0,0,0,1,0,0,0,0,0,0,0,0,0,0,0,0,10,4.50,4.25,0.63,0.74,0.34,0.10,0.10,0.80
2031079,SELFIE PROJECT,Pielęgnacja twarzy - Maseczki,4.75,12,2.56,4.77,12.49,2.60,16,7,43.75,14,1,0,2,0,0,0,1,0,0,0,0,0,1,0,1,0,0,0,0,6,4.67,4.38,0.69,0.85,0.35,0.00,0.33,0.67
323214,ARGANOVE,"Pielęgnacja twarzy - Serum, boostery i esencje",4.87,54,4.01,4.85,38.30,3.67,1,1,100.00,3,0,0,0,0,0,0,0,0,0,0,0,0,0,0,0,0,0,0,0,10,4.80,4.53,0.76,0.84,0.27,0.00,0.10,0.90
2104645,BIOTANIQE,Pielęgnacja twarzy - Maseczki,4.47,15,2.77,4.65,13.49,2.67,33,14,42.42,25,0,0,4,0,0,0,0,1,0,1,0,0,0,0,0,0,0,0,0,10,4.20,4.46,0.73,0.86,0.31,0.10,0.00,0.90
381392,JANDA,Pielęgnacja twarzy - Kremy do twarzy,4.87,93,4.54,4.85,109.98,4.71,59,28,47.46,39,12,11,3,0,0,0,1,0,0,0,0,1,0,0,1,0,0,1,0,10,4.90,4.75,0.88,0.89,0.08,0.00,0.00,1.00
2110792,MIYA COSMETICS,Pielęgnacja twarzy - Maseczki,4.77,13,2.64,4.78,79.98,4.39,18,9,50.00,18,2,1,3,0,0,0,1,0,0,0,1,0,0,0,0,0,0,0,1,6,4.67,4.49,0.74,0.80,0.25,0.00,0.17,0.83
178246,NIVEA,Pielęgnacja twarzy - Kremy do twarzy,4.92,25,3.26,4.86,119.98,4.80,26,17,65.38,28,1,0,1,0,0,0,1,1,0,0,0,0,1,0,1,0,0,1,0,10,5.00,4.75,0.87,0.88,0.06,0.00,0.00,1.00
2094387,ISANA,Tonizowanie twarzy - Toniki do twarzy,4.54,35,3.58,4.63,14.49,2.74,20,16,80.00,27,0,0,1,0,0,0,0,0,1,0,0,1,1,0,0,0,0,0,0,9,4.11,4.20,0.60,0.93,0.60,0.22,0.00,0.78
2078517,BEAUTY OF JOSEON,Pielęgnacja twarzy - Kosmetyki z SPF,5.00,29,3.40,4.91,233.28,5.46,49,29,59.18,35,0,0,0,0,0,0,0,0,0,0,0,0,1,0,1,1,0,0,0,10,5.00,4.65,0.83,0.85,0.16,0.00,0.00,1.00
2108855,ROUTINES BY ALKMIE,Pielęgnacja twarzy - Kremy do twarzy,4.67,3,1.39,4.77,153.98,5.04,34,15,44.12,19,2,0,0,0,0,0,1,0,0,0,0,0,0,0,0,0,0,0,0,1,5.00,4.75,0.87,0.87,,0.00,0.00,1.00
178242,NIVEA,Pielęgnacja twarzy - Kremy do twarzy,4.86,21,3.09,4.82,119.98,4.80,30,12,40.00,21,1,0,1,0,0,0,1,1,0,0,0,0,0,0,1,0,0,0,0,9,5.00,4.83,0.91,0.91,0.03,0.00,0.00,1.00
2113625,YOUR KAYA,Tonizowanie twarzy - Esencje i hydrolaty do twarzy,4.70,20,3.04,4.74,18.99,3.00,23,9,39.13,15,7,6,2,0,0,0,1,0,0,0,0,0,1,0,0,0,0,0,0,10,4.60,4.56,0.78,0.86,0.27,0.00,0.10,0.90
357182,PUSHEEN,Pielęgnacja twarzy - Maseczki,4.50,22,3.14,4.63,5.99,1.94,29,22,75.86,32,1,0,0,0,0,0,1,0,0,0,0,0,0,0,1,0,0,0,0,10,4.10,4.11,0.56,0.69,0.46,0.20,0.10,0.70
2092333,MIXA,Pielęgnacja twarzy - Kosmetyki z SPF,4.47,15,2.77,4.65,108.98,4.70,21,12,57.14,18,0,0,0,0,0,0,0,0,0,0,0,0,0,0,1,0,0,1,0,7,4.43,4.38,0.69,0.96,0.54,0.14,0.00,0.86
2077670,LIRENE,Oczyszczanie i demakijaż twarzy - Płyny do demakijażu,4.53,47,3.87,4.61,8.24,2.22,20,10,50.00,18,2,1,2,0,0,0,1,0,0,0,0,0,0,0,0,0,1,0,0,10,4.00,3.94,0.47,0.65,0.63,0.20,0.10,0.70
2089527,AA,Pielęgnacja twarzy - Maseczki,4.88,16,2.83,4.83,15.99,2.83,27,19,70.37,30,0,0,0,0,0,0,0,0,0,0,0,1,0,1,1,1,0,1,0,6,5.00,4.71,0.85,0.93,0.22,0.00,0.00,1.00
390187,BIELENDA,Pielęgnacja twarzy - Kremy do twarzy,4.83,24,3.22,4.81,34.65,3.57,40,20,50.00,31,6,6,4,0,0,0,1,0,0,0,0,1,0,0,0,0,0,1,0,10,4.70,4.66,0.83,0.89,0.24,0.00,0.10,0.90
2091673,MOKOSH COSMETICS,Tonizowanie twarzy - Toniki do twarzy,4.75,12,2.56,4.77,34.99,3.58,19,6,31.58,13,8,7,2,0,0,0,1,0,0,0,0,0,0,0,0,0,0,0,0,7,4.57,4.66,0.83,0.95,0.28,0.00,0.14,0.86
203823,SORAYA,Pielęgnacja twarzy - Kremy do twarzy,4.80,61,4.13,4.80,13.98,2.71,43,19,44.19,28,9,9,1,0,0,0,1,0,0,0,1,1,0,0,0,0,0,1,0,10,4.70,4.70,0.85,0.90,0.13,0.00,0.00,1.00
2090010,KIMOCO,Pielęgnacja twarzy - Maseczki,4.94,17,2.89,4.85,27.11,3.34,35,19,54.29,26,1,0,3,0,0,0,1,1,0,0,0,0,0,1,1,0,0,0,0,5,5.00,4.82,0.91,0.92,0.05,0.00,0.00,1.00
297435,EVELINE COSMETICS,Pielęgnacja twarzy - Kremy do twarzy,4.90,49,3.91,4.87,47.98,3.89,49,23,46.94,32,4,2,4,1,1,1,1,0,0,1,0,0,0,1,0,0,0,0,0,10,4.90,4.78,0.89,0.94,0.12,0.00,0.00,1.00
337214,GARNIER,Pielęgnacja twarzy - Maseczki,4.79,28,3.37,4.79,46.84,3.87,15,5,33.33,10,2,0,1,0,0,0,1,0,0,0,0,0,0,0,1,0,0,0,0,10,4.70,4.67,0.83,0.91,0.21,0.00,0.10,0.90
2077267,AA,Oczyszczanie i demakijaż twarzy - Żele i pianki do mycia twarzy,4.76,37,3.64,4.77,14.99,2.77,26,18,69.23,28,1,0,2,0,0,0,1,0,0,0,0,1,1,0,0,0,0,0,0,10,4.60,4.70,0.85,0.95,0.17,0.00,0.00,1.00
172262,ISANA,Oczyszczanie i demakijaż twarzy - Płyny do demakijażu,4.62,52,3.97,4.67,5.98,1.94,17,9,52.94,18,0,0,3,0,0,0,0,1,0,0,0,0,1,0,0,0,0,1,0,10,4.40,4.40,0.70,0.81,0.33,0.10,0.10,0.80
390188,BIELENDA,"Pielęgnacja twarzy - Serum, boostery i esencje",4.82,33,3.53,4.81,93.30,4.55,23,9,39.13,21,5,6,4,0,0,0,0,0,1,0,0,0,0,0,1,0,1,0,1,8,4.62,4.50,0.75,0.88,0.39,0.12,0.00,0.88
2124212,CLAYLY,"Pielęgnacja twarzy - Serum, boostery i esencje",5.00,1,0.69,4.79,123.30,4.82,38,21,55.26,30,4,3,1,0,0,0,1,1,0,0,0,0,0,1,0,0,0,1,1,0,,,,,,,,
349916,LIP SMACKER,Pielęgnacja ust - Balsamy i pomadki do ust,4.92,13,2.64,4.84,274.75,5.62,23,15,65.22,25,2,0,0,0,0,0,0,1,0,0,0,0,0,0,0,0,0,0,0,10,4.90,4.62,0.81,0.85,0.17,0.00,0.00,1.00
2114954,BEAUTY DROPS COSMETICS,"Pielęgnacja twarzy - Serum, boostery i esencje",4.83,6,1.95,4.79,123.30,4.82,20,12,60.00,22,0,0,1,0,0,0,0,1,1,0,0,0,1,0,0,0,1,0,0,4,5.00,4.72,0.86,0.89,0.10,0.00,0.00,1.00
385762,ISANA,Pielęgnacja twarzy - Kremy do twarzy,4.84,44,3.81,4.82,39.98,3.71,42,18,42.86,23,6,6,2,0,0,0,1,0,0,0,0,0,1,0,1,0,0,0,0,10,4.90,4.50,0.75,0.86,0.32,0.10,0.00,0.90
2077568,TOŁPA,"Pielęgnacja twarzy - Serum, boostery i esencje",4.85,13,2.64,4.81,206.63,5.34,30,16,53.33,24,5,4,2,0,0,0,1,0,0,0,0,1,0,1,0,0,0,0,0,2,5.00,4.88,0.94,0.94,0.06,0.00,0.00,1.00
2113657,KLOO,Oczyszczanie i demakijaż twarzy - Żele i pianki do mycia twarzy,4.71,7,2.08,4.76,57.99,4.08,21,10,47.62,17,1,0,2,0,0,0,1,0,0,0,0,0,0,0,1,1,0,0,0,4,4.50,3.82,0.41,0.80,0.90,0.25,0.00,0.75
2113523,EVELINE COSMETICS,"Pielęgnacja twarzy - Serum, boostery i esencje",4.83,63,4.16,4.82,139.97,4.95,27,10,37.04,21,6,5,1,0,0,0,1,0,0,0,0,0,0,1,1,1,0,0,0,10,4.60,4.24,0.62,0.93,0.55,0.30,0.00,0.70
2112360,TANITA,Depilacja twarzy - Plastry i kremy do depilacji,4.30,10,2.40,4.62,1.00,0.69,22,8,36.36,16,8,8,0,0,0,0,1,1,0,0,0,0,0,0,0,1,0,1,0,7,4.00,4.13,0.57,0.70,0.34,0.14,0.14,0.71
4641,L'ORÉAL PARIS,Pielęgnacja twarzy - Kremy do twarzy,4.87,63,4.16,4.85,97.98,4.59,46,23,50.00,35,9,8,4,0,0,0,1,0,0,1,0,0,0,0,0,0,1,0,0,10,4.70,4.63,0.81,0.94,0.36,0.10,0.00,0.90
2010023,YOUR KAYA,Pielęgnacja ust - Serum i olejki do ust,4.73,11,2.48,4.76,249.90,5.53,14,4,28.57,10,1,0,0,0,0,0,1,1,0,0,0,0,0,0,0,0,0,0,0,3,4.33,4.02,0.51,0.37,0.36,0.00,0.67,0.33
2102017,AA,"Pielęgnacja twarzy - Serum, boostery i esencje",4.83,18,2.94,4.80,193.30,5.27,47,34,72.34,41,1,0,1,0,0,0,1,0,0,0,1,1,1,0,1,0,0,1,0,7,4.57,4.40,0.70,0.70,0.26,0.00,0.14,0.86
2124589,GARNIER,Pielęgnacja twarzy - Kosmetyki z SPF,5.00,1,0.69,4.79,164.97,5.11,39,13,33.33,16,1,0,1,1,1,1,1,1,1,0,0,1,0,0,0,0,1,0,0,0,,,,,,,,
325595,LIP SMACKER,Pielęgnacja ust - Balsamy i pomadki do ust,5.00,11,2.48,4.86,243.11,5.50,34,15,44.12,25,5,3,1,0,0,0,0,1,0,0,0,0,0,0,0,0,0,0,0,7,5.00,4.85,0.93,0.95,0.07,0.00,0.00,1.00
2078513,BEAUTY OF JOSEON,"Pielęgnacja twarzy - Serum, boostery i esencje",5.00,3,1.39,4.81,233.30,5.46,21,13,61.90,20,0,0,0,0,0,0,0,0,0,0,0,0,1,0,1,0,0,0,0,1,5.00,4.82,0.91,0.91,,0.00,0.00,1.00
2102069,MIYA COSMETICS,Oczyszczanie i demakijaż twarzy - Żele i pianki do mycia twarzy,4.91,22,3.14,4.85,24.99,3.26,20,11,55.00,20,3,3,3,0,0,0,1,0,1,0,0,0,0,0,0,0,0,0,1,7,4.86,4.75,0.88,0.96,0.20,0.00,0.00,1.00
2092314,PERFECTA,Pielęgnacja twarzy - Kremy do twarzy,4.87,30,3.43,4.83,79.98,4.39,47,26,55.32,36,4,3,2,0,0,0,1,0,0,0,1,0,0,1,0,0,0,0,1,10,4.90,4.67,0.84,0.84,0.13,0.00,0.00,1.00
2084888,YOUR KAYA,Pielęgnacja twarzy - Kremy do twarzy,4.50,2,1.10,4.76,253.98,5.54,33,15,45.45,20,0,1,3,0,0,0,0,1,1,0,0,1,0,0,0,1,1,0,0,1,4.00,4.71,0.85,0.85,,0.00,0.00,1.00
2103220,L'ORÉAL PARIS,Pielęgnacja twarzy - Kremy do twarzy,4.80,15,2.77,4.79,151.98,5.03,22,13,59.09,24,1,0,3,1,1,1,1,0,0,0,0,0,0,0,1,0,1,0,0,6,4.50,4.53,0.77,0.88,0.31,0.00,0.17,0.83
2083931,BIELENDA,Pielęgnacja ust - Balsamy i pomadki do ust,4.37,30,3.43,4.54,134.90,4.91,18,14,77.78,28,4,3,0,0,0,0,0,0,0,0,0,0,0,1,1,0,0,0,1,9,3.89,4.12,0.56,0.63,0.37,0.11,0.22,0.67
390442,LIRENE,Pielęgnacja twarzy - Kremy do twarzy,4.71,21,3.09,4.75,47.98,3.89,47,21,44.68,29,12,11,3,0,0,0,1,0,0,0,0,0,0,0,0,0,0,0,0,10,4.50,4.69,0.85,0.91,0.16,0.00,0.00,1.00
2075661,SUNOZON,Pielęgnacja ust - Balsamy i pomadki do ust,4.68,53,3.99,4.71,131.04,4.88,19,15,78.95,26,0,0,0,0,1,1,0,0,0,0,0,1,0,0,0,0,0,0,0,8,4.88,4.49,0.75,0.89,0.32,0.00,0.25,0.75
2100492,YOPE,Pielęgnacja twarzy - Kremy do twarzy,4.83,35,3.58,4.81,73.98,4.32,29,20,68.97,30,1,0,2,0,0,0,1,0,0,0,1,0,0,0,0,1,0,0,0,9,4.56,4.56,0.78,0.92,0.43,0.11,0.00,0.89
2076994,L'ORÉAL PARIS,Pielęgnacja twarzy - Kremy do twarzy,4.92,13,2.64,4.84,183.98,5.22,36,14,38.89,17,1,0,0,1,1,1,1,0,1,0,0,0,0,1,1,0,1,0,0,7,4.86,4.62,0.81,0.79,0.16,0.00,0.00,1.00
2124771,EVELINE COSMETICS,Pielęgnacja twarzy - Kremy do twarzy,5.00,3,1.39,4.81,35.98,3.61,67,38,56.72,46,8,7,4,0,0,0,1,0,0,0,1,0,1,1,1,0,0,1,0,1,5.00,4.89,0.95,0.95,,0.00,0.00,1.00
420375,NIVEA,"Pielęgnacja twarzy - Serum, boostery i esencje",4.83,23,3.18,4.81,226.63,5.43,17,4,23.53,10,6,6,2,1,1,1,1,0,0,0,0,0,0,0,1,0,0,0,0,9,4.89,4.79,0.89,0.92,0.11,0.00,0.00,1.00
410080,EVELINE COSMETICS,Pielęgnacja twarzy - Maseczki,4.86,43,3.78,4.84,34.88,3.58,61,39,63.93,49,1,0,3,0,0,0,1,0,0,0,1,0,0,1,0,0,0,0,1,10,4.80,4.42,0.71,0.85,0.43,0.20,0.00,0.80
2113752,BIELENDA,Oczyszczanie i demakijaż twarzy - Oleje i masełka do demakijażu,4.23,22,3.14,4.49,28.99,3.40,27,14,51.85,26,4,3,3,0,0,0,1,1,0,0,0,1,0,1,0,0,0,1,0,10,3.90,4.09,0.55,0.69,0.46,0.10,0.20,0.70
2124585,L'ORÉAL PARIS,"Pielęgnacja twarzy - Serum, boostery i esencje",5.00,1,0.69,4.79,109.98,4.71,36,17,47.22,25,2,0,1,1,1,1,1,1,1,0,0,1,0,0,0,0,1,0,0,1,5.00,4.90,0.95,0.95,,0.00,0.00,1.00
2124020,BIOTANIQE,"Pielęgnacja twarzy - Serum, boostery i esencje",5.00,1,0.69,4.79,0.62,0.48,29,17,58.62,26,4,3,1,0,0,0,1,0,0,0,0,0,0,0,1,0,0,0,0,0,,,,,,,,
366546,ISANA,Oczyszczanie i demakijaż twarzy - Mleczka i emulsje do demakijażu,4.79,48,3.89,4.79,3.35,1.47,18,11,61.11,22,1,0,1,0,0,0,1,0,0,0,0,0,0,0,0,0,0,0,0,9,4.78,4.52,0.76,0.76,0.14,0.00,0.00,1.00
2077408,DERMIKA,Pielęgnacja twarzy - Kremy do twarzy,4.77,53,3.99,4.77,191.98,5.26,33,17,51.52,28,4,3,1,0,0,0,1,1,0,0,0,0,0,1,0,0,0,1,0,10,4.90,4.69,0.84,0.87,0.11,0.00,0.00,1.00
2124071,AA,Pielęgnacja twarzy - Kremy pod oczy,5.00,2,1.10,4.80,159.93,5.08,46,29,63.04,39,0,0,3,0,0,0,0,1,0,0,0,0,0,1,0,0,0,0,0,1,5.00,4.69,0.85,0.85,,0.00,0.00,1.00
179234,ISANA,Oczyszczanie i demakijaż twarzy - Chusteczki do demakijażu,4.63,52,3.97,4.67,0.30,0.26,18,7,38.89,14,1,0,3,0,0,0,1,0,0,0,0,0,1,0,0,0,0,0,0,10,4.80,4.42,0.71,0.85,0.40,0.10,0.10,0.80
2123739,MIYA COSMETICS,Pielęgnacja twarzy - Kremy do twarzy,5.00,2,1.10,4.80,79.98,4.39,29,15,51.72,24,6,5,3,0,0,0,1,1,0,0,0,0,0,0,0,1,0,0,1,1,5.00,4.62,0.81,0.81,,0.00,0.00,1.00
178250,NIVEA,Pielęgnacja twarzy - Kremy pod oczy,4.76,29,3.40,4.77,413.27,6.03,25,13,52.00,21,0,0,1,0,0,0,0,1,0,0,0,0,0,0,1,0,0,0,0,10,4.50,4.55,0.78,0.87,0.20,0.00,0.10,0.90
2076338,NIVEA,Pielęgnacja twarzy - Maseczki,4.80,5,1.79,4.79,16.99,2.89,31,21,67.74,32,1,0,1,0,0,0,1,0,0,0,0,0,0,0,1,0,0,0,1,2,4.50,4.61,0.81,0.81,0.22,0.00,0.00,1.00
336096,ISANA,Pielęgnacja twarzy - Kremy do twarzy,4.79,24,3.22,4.79,17.98,2.94,27,12,44.44,21,4,3,2,1,1,1,1,0,0,0,0,0,0,0,0,0,1,0,0,10,4.80,4.63,0.82,0.88,0.26,0.10,0.00,0.90
2113757,BIELENDA,Pielęgnacja twarzy - Kremy pod oczy,4.03,32,3.50,4.32,542.71,6.30,18,6,33.33,14,2,1,3,0,0,0,1,1,0,0,0,0,0,1,0,0,0,0,0,10,2.90,3.82,0.41,0.53,0.53,0.30,0.00,0.70
338190,ISANA,Tonizowanie twarzy - Toniki do twarzy,4.71,75,4.33,4.73,3.35,1.47,16,6,37.50,13,4,4,1,1,1,1,1,0,0,0,0,0,0,0,0,0,0,0,0,10,4.70,4.62,0.81,0.87,0.26,0.10,0.00,0.90
404328,MIYA COSMETICS,"Pielęgnacja twarzy - Serum, boostery i esencje",4.94,31,3.47,4.88,166.63,5.12,25,13,52.00,24,1,0,3,0,0,0,1,0,1,0,0,1,0,0,0,0,0,0,0,10,4.90,4.69,0.84,0.83,0.11,0.00,0.00,1.00
2113774,DERMIKA,Tonizowanie twarzy - Toniki do twarzy,4.80,20,3.04,4.79,14.49,2.74,34,20,58.82,28,0,0,2,0,0,0,0,0,0,0,0,1,0,0,1,0,0,1,1,6,4.67,4.69,0.84,0.95,0.24,0.00,0.17,0.83
2092315,PERFECTA,Pielęgnacja twarzy - Kremy do twarzy,4.73,37,3.64,4.75,79.98,4.39,47,24,51.06,34,4,3,2,0,0,0,1,0,0,0,1,0,0,1,0,0,0,0,1,9,4.56,4.72,0.86,0.87,0.12,0.00,0.00,1.00
2031166,EVELINE COSMETICS,Pielęgnacja twarzy - Maseczki,4.82,34,3.56,4.81,34.88,3.58,42,27,64.29,38,4,3,1,0,0,0,1,0,0,0,1,0,1,0,0,0,0,0,0,10,4.70,4.37,0.68,0.87,0.45,0.20,0.00,0.80
2113526,EVELINE COSMETICS,Oczyszczanie i demakijaż twarzy - Peelingi do twarzy,4.35,17,2.89,4.58,22.65,3.16,31,9,29.03,15,2,1,3,0,0,0,1,1,0,0,0,0,0,0,0,0,0,0,0,9,4.11,4.17,0.58,0.62,0.36,0.11,0.11,0.78
408779,HAGI,Pielęgnacja twarzy - Kremy do twarzy,4.91,11,2.48,4.83,89.98,4.51,32,19,59.38,29,4,4,4,0,0,0,1,0,0,0,0,0,1,0,1,0,0,1,0,8,5.00,4.62,0.81,0.87,0.16,0.00,0.00,1.00
2113548,BIELENDA,"Pielęgnacja twarzy - Serum, boostery i esencje",4.69,13,2.64,4.75,119.97,4.80,38,20,52.63,27,2,1,2,0,0,0,1,0,1,0,0,0,0,1,0,0,0,1,0,3,5.00,4.82,0.91,0.93,0.05,0.00,0.00,1.00
2116187,ISANA,Pielęgnacja ust - Balsamy i pomadki do ust,4.57,46,3.85,4.63,89.90,4.51,20,15,75.00,28,4,2,0,0,0,0,1,0,0,0,0,0,0,0,1,0,0,0,0,10,4.10,4.03,0.51,0.73,0.49,0.20,0.10,0.70
2089953,EVELINE COSMETICS,Pielęgnacja twarzy - Maseczki,4.78,27,3.33,4.78,52.38,3.98,33,21,63.64,31,4,4,3,0,0,0,1,1,0,0,0,0,1,0,1,0,0,0,0,10,4.80,4.68,0.84,0.92,0.16,0.00,0.00,1.00
237676,YOSKINE,Pielęgnacja twarzy - Kremy pod oczy,4.88,52,3.97,4.85,273.27,5.61,29,17,58.62,25,0,0,1,0,0,0,0,0,0,0,1,0,0,1,0,1,0,0,0,9,4.89,4.70,0.85,0.88,0.11,0.00,0.00,1.00
2104708,ERNE,Pielęgnacja twarzy - Maseczki,3.85,13,2.64,4.42,7.50,2.14,15,13,86.67,26,0,0,0,0,0,0,0,0,0,0,0,1,0,1,1,0,0,0,0,6,2.83,3.20,0.10,0.04,0.72,0.50,0.17,0.33
2086326,PAW PATROL,Pielęgnacja ust - Balsamy i pomadki do ust,4.71,21,3.09,4.75,249.77,5.52,17,10,58.82,21,2,1,1,0,0,0,1,0,0,0,0,0,0,0,0,0,0,0,0,10,4.60,4.50,0.75,0.84,0.18,0.00,0.00,1.00
168258,ISANA,Pielęgnacja twarzy - Preparaty punktowe,4.72,32,3.50,4.74,73.27,4.31,15,5,33.33,8,4,3,1,1,1,1,1,0,0,0,0,0,1,0,0,0,1,0,0,10,4.80,4.53,0.77,0.79,0.16,0.00,0.00,1.00
2124529,YOSKINE,Pielęgnacja twarzy - Kremy do twarzy,5.00,1,0.69,4.79,183.30,5.22,34,20,58.82,30,4,3,3,0,0,0,1,0,1,1,0,0,0,0,0,0,0,1,0,0,,,,,,,,
2077406,DERMIKA,Pielęgnacja twarzy - Kremy do twarzy,4.93,27,3.33,4.87,191.98,5.26,37,20,54.05,32,5,4,1,0,0,0,1,1,0,0,0,0,0,1,0,0,0,0,0,10,5.00,4.75,0.88,0.87,0.06,0.00,0.00,1.00
421005,BATMAN,Pielęgnacja ust - Balsamy i pomadki do ust,4.33,18,2.94,4.57,341.84,5.84,32,19,59.38,34,7,7,1,0,0,0,1,1,0,0,0,1,0,0,0,0,0,1,0,10,4.50,4.25,0.63,0.63,0.23,0.00,0.20,0.80
2113735,VEOLI BOTANICA,Oczyszczanie i demakijaż twarzy - Żele i pianki do mycia twarzy,4.91,23,3.18,4.85,31.57,3.48,18,8,44.44,14,1,0,2,0,0,0,1,0,0,0,0,0,0,0,0,1,0,0,1,10,4.80,4.48,0.74,0.76,0.22,0.00,0.10,0.90
2113549,BIELENDA,"Pielęgnacja twarzy - Serum, boostery i esencje",4.33,12,2.56,4.61,119.97,4.80,47,26,55.32,36,7,6,1,0,0,0,1,0,0,0,0,0,1,0,1,0,0,1,0,4,3.00,3.43,0.21,0.20,0.77,0.50,0.00,0.50
408269,L'ORÉAL PARIS,Oczyszczanie i demakijaż twarzy - Żele i pianki do mycia twarzy,4.86,21,3.09,4.82,17.99,2.94,16,5,31.25,10,1,0,2,0,0,0,1,1,0,0,0,1,1,0,0,0,1,0,0,9,4.89,4.85,0.92,0.92,0.05,0.00,0.00,1.00
385728,ISANA,Oczyszczanie i demakijaż twarzy - Żele i pianki do mycia twarzy,4.86,51,3.95,4.84,6.66,2.04,27,11,40.74,19,3,3,4,0,0,0,1,1,0,0,0,0,0,0,0,0,0,0,0,9,4.78,4.57,0.79,0.96,0.47,0.11,0.00,0.89
2067732,ISANA,Oczyszczanie i demakijaż twarzy - Peelingi do twarzy,4.76,46,3.85,4.77,7.32,2.12,18,8,44.44,17,1,0,1,0,0,0,1,1,0,0,0,0,1,0,1,0,0,0,0,10,4.40,4.47,0.73,0.91,0.37,0.10,0.10,0.80
417200,UZDROVISCO,Pielęgnacja twarzy - Kremy do twarzy,4.91,22,3.14,4.85,129.98,4.88,46,28,60.87,35,1,0,3,0,0,0,1,1,1,1,0,0,0,0,1,0,0,1,1,10,5.00,4.83,0.91,0.93,0.05,0.00,0.00,1.00
2113525,EVELINE COSMETICS,Pielęgnacja twarzy - Kremy pod oczy,4.86,29,3.40,4.83,206.60,5.34,31,17,54.84,27,3,2,1,0,0,0,1,1,0,0,0,1,0,0,0,0,0,1,0,10,4.80,4.55,0.77,0.83,0.22,0.00,0.10,0.90
418586,ZIAJA,Oczyszczanie i demakijaż twarzy - Peelingi do twarzy,4.91,46,3.85,4.87,10.49,2.44,19,12,63.16,23,2,1,0,0,0,0,1,0,1,0,0,1,0,0,0,0,0,0,0,10,4.70,4.77,0.88,0.87,0.09,0.00,0.00,1.00
2100434,BEBIO COSMETICS,Pielęgnacja ust - Balsamy i pomadki do ust,4.70,33,3.53,4.73,259.80,5.56,16,12,75.00,27,3,3,1,0,0,0,1,0,0,0,0,0,0,0,0,0,0,0,0,10,4.90,4.59,0.80,0.80,0.14,0.00,0.00,1.00
2010024,YOUR KAYA,Pielęgnacja ust - Serum i olejki do ust,4.78,18,2.94,4.78,249.90,5.53,14,4,28.57,10,1,0,0,0,0,0,1,1,0,0,0,0,0,0,0,0,0,0,0,7,4.86,4.65,0.83,0.89,0.18,0.00,0.00,1.00
30093,FOR YOUR BEAUTY,Pielęgnacja twarzy - Maseczki,4.33,21,3.09,4.55,12.99,2.64,3,1,33.33,3,0,0,0,0,0,0,0,0,0,0,0,0,0,0,0,0,0,0,0,9,3.56,3.82,0.41,0.64,0.44,0.22,0.11,0.67
2123756,DERMIKA,Pielęgnacja twarzy - Kremy do twarzy,5.00,1,0.69,4.79,159.98,5.08,55,37,67.27,50,7,7,4,0,0,0,1,0,0,0,0,1,0,1,1,0,0,1,0,1,5.00,4.75,0.88,0.88,,0.00,0.00,1.00
406452,ISANA,Tonizowanie twarzy - Toniki do twarzy,4.81,54,4.01,4.80,3.35,1.47,12,5,41.67,13,0,0,3,0,0,0,0,0,0,0,0,0,1,0,0,0,0,0,0,10,4.80,4.81,0.90,0.93,0.07,0.00,0.00,1.00
2113748,BIELENDA,"Pielęgnacja twarzy - Serum, boostery i esencje",4.67,9,2.30,4.75,75.53,4.34,46,23,50.00,30,5,4,1,0,0,0,1,1,0,0,1,1,1,0,1,1,0,1,1,7,4.57,4.72,0.86,0.91,0.11,0.00,0.00,1.00
2103467,ROUTINES BY ALKMIE,Oczyszczanie i demakijaż twarzy - Żele i pianki do mycia twarzy,4.93,15,2.77,4.85,44.99,3.83,26,15,57.69,21,1,0,0,0,0,0,1,1,0,0,0,0,1,0,0,0,0,1,0,1,5.00,4.71,0.86,0.86,,0.00,0.00,1.00
2122345,HAGI,Pielęgnacja twarzy - Kremy do twarzy,5.00,4,1.61,4.82,129.98,4.88,41,25,60.98,33,13,14,2,0,0,0,1,0,0,0,0,1,0,0,0,0,0,0,0,1,5.00,4.86,0.93,0.93,,0.00,0.00,1.00
419784,BIELENDA PROFESSIONAL,Oczyszczanie i demakijaż twarzy - Żele i pianki do mycia twarzy,4.90,10,2.40,4.82,20.00,3.04,24,11,45.83,18,5,5,2,0,0,0,1,0,0,0,0,0,0,0,0,0,0,0,0,2,5.00,4.59,0.80,0.80,0.19,0.00,0.00,1.00
418085,MIYA COSMETICS,Oczyszczanie i demakijaż twarzy - Żele i pianki do mycia twarzy,4.75,20,3.04,4.77,39.99,3.71,20,10,50.00,19,2,2,3,0,0,0,0,0,0,0,0,1,0,0,0,0,0,0,0,7,4.71,4.76,0.88,0.95,0.20,0.00,0.00,1.00
2113629,YOSKINE,Pielęgnacja twarzy - Kremy pod oczy,4.92,12,2.56,4.83,226.63,5.43,25,12,48.00,21,0,0,1,0,0,0,0,0,0,0,0,0,0,1,0,0,0,0,0,3,5.00,4.53,0.76,0.74,0.22,0.00,0.00,1.00
2099784,BIELENDA,Pielęgnacja ust - Balsamy i pomadki do ust,4.59,41,3.74,4.65,149.90,5.02,1,1,100.00,3,0,0,0,0,0,0,0,0,0,0,0,0,0,0,0,0,0,0,0,10,4.60,4.63,0.82,0.87,0.14,0.00,0.00,1.00
2077654,NIVEA,Pielęgnacja twarzy - Kremy do twarzy,4.80,25,3.26,4.79,137.98,4.93,31,10,32.26,15,1,0,1,0,0,0,1,1,0,0,0,0,0,0,1,0,0,0,0,9,4.78,4.71,0.86,0.88,0.08,0.00,0.00,1.00
390155,LIRENE,Pielęgnacja twarzy - Kremy do twarzy,4.84,25,3.26,4.81,47.98,3.89,45,18,40.00,28,12,12,5,0,0,0,1,1,0,0,0,0,0,0,0,0,0,0,0,8,5.00,4.82,0.91,0.94,0.06,0.00,0.00,1.00
417201,UZDROVISCO,"Pielęgnacja twarzy - Serum, boostery i esencje",4.83,24,3.22,4.81,129.98,4.88,49,35,71.43,45,1,0,2,0,0,0,1,1,0,1,0,0,0,0,1,0,0,1,0,9,4.89,4.72,0.86,0.91,0.10,0.00,0.00,1.00
297438,EVELINE COSMETICS,Pielęgnacja twarzy - Kremy do twarzy,4.80,49,3.91,4.79,47.98,3.89,40,20,50.00,28,4,2,3,0,0,0,1,0,1,0,0,0,0,1,0,0,0,0,0,10,4.70,4.84,0.92,0.93,0.06,0.00,0.00,1.00
2031155,ESFOLIO,Pielęgnacja twarzy - Maseczki,4.75,20,3.04,4.77,15.16,2.78,24,7,29.17,12,3,2,2,1,1,1,1,0,0,0,0,1,0,0,1,0,0,0,0,10,4.80,4.62,0.81,0.92,0.28,0.10,0.00,0.90
417199,UZDROVISCO,Pielęgnacja twarzy - Kremy do twarzy,4.74,38,3.66,4.75,129.98,4.88,56,38,67.86,45,1,0,3,0,0,0,1,1,1,1,0,0,0,0,0,0,0,1,1,10,4.20,4.45,0.72,0.87,0.41,0.10,0.00,0.90
2104445,PERFECTA,Pielęgnacja twarzy - Maseczki,4.76,63,4.16,4.77,41.12,3.74,52,33,63.46,43,3,2,3,0,0,0,1,0,0,1,1,0,0,1,1,0,0,1,1,10,4.40,4.70,0.85,0.87,0.10,0.00,0.00,1.00
2031127,NIVEA,Pielęgnacja ust - Balsamy i pomadki do ust,4.76,37,3.64,4.77,333.12,5.81,14,10,71.43,24,3,2,0,0,0,0,0,1,0,0,0,0,0,0,0,0,0,0,0,10,4.80,4.43,0.71,0.84,0.29,0.00,0.20,0.80
112682,CARMEX,Pielęgnacja ust - Balsamy i pomadki do ust,4.96,25,3.26,4.88,129.90,4.87,16,7,43.75,19,8,8,1,0,0,0,1,0,0,0,0,0,0,0,0,0,1,0,0,10,5.00,4.78,0.89,0.93,0.11,0.00,0.00,1.00
2124134,LOVELY,Pielęgnacja ust - Maseczki na usta,4.50,2,1.10,4.76,581.16,6.37,43,14,32.56,22,5,4,2,0,0,0,1,1,0,0,0,0,0,0,0,0,0,0,0,1,5.00,4.89,0.95,0.95,,0.00,0.00,1.00
396593,GARNIER AMBRE SOLAIRE,Pielęgnacja twarzy - Kosmetyki z SPF,4.85,26,3.30,4.82,59.99,4.11,33,9,27.27,13,2,0,2,0,0,0,1,0,0,0,0,0,0,0,1,0,0,0,0,10,4.80,4.39,0.70,0.78,0.28,0.10,0.00,0.90
2111392,NIVEA,Pielęgnacja ust - Balsamy i pomadki do ust,4.63,19,3.00,4.71,333.12,5.81,14,9,64.29,23,3,2,0,0,0,0,0,1,0,0,0,1,0,0,0,0,0,0,0,9,4.22,4.17,0.58,0.72,0.42,0.11,0.11,0.78
2113751,BIELENDA,"Pielęgnacja twarzy - Serum, boostery i esencje",4.92,13,2.64,4.84,126.63,4.85,48,24,50.00,31,6,4,3,0,0,0,1,0,0,0,0,1,1,1,1,0,0,1,0,5,4.60,4.76,0.88,0.94,0.11,0.00,0.00,1.00
2103149,BEBIO COSMETICS,Oczyszczanie i demakijaż twarzy - Żele i pianki do mycia twarzy,4.86,56,4.04,4.84,15.99,2.83,24,10,41.67,14,1,0,2,0,0,0,1,0,0,0,0,0,1,0,1,0,0,0,1,10,4.90,4.64,0.82,0.92,0.27,0.00,0.10,0.90
382392,ARGANOVE,"Pielęgnacja twarzy - Serum, boostery i esencje",4.88,43,3.78,4.85,18.30,2.96,1,1,100.00,3,0,0,0,0,0,0,0,0,0,0,0,0,0,0,0,0,0,0,0,9,4.89,4.77,0.88,0.93,0.10,0.00,0.00,1.00
2114900,AA,Oczyszczanie i demakijaż twarzy - Płyny do demakijażu,4.83,12,2.56,4.80,7.50,2.14,26,17,65.38,27,1,0,4,0,0,0,0,0,0,0,0,0,1,1,1,0,0,0,0,8,4.88,4.64,0.82,0.87,0.17,0.00,0.00,1.00
2103480,ROUTINES BY ALKMIE,Pielęgnacja twarzy - Kremy do twarzy,3.93,14,2.71,4.43,123.98,4.83,31,16,51.61,24,2,0,0,0,0,0,1,1,0,0,0,0,0,0,1,0,0,1,0,10,3.60,4.15,0.58,0.69,0.40,0.20,0.20,0.60
2113556,RESIBO,"Pielęgnacja twarzy - Serum, boostery i esencje",4.83,12,2.56,4.80,5.20,1.82,30,18,60.00,26,1,1,2,0,0,0,1,0,0,0,0,1,1,1,1,0,0,0,1,5,4.60,4.35,0.67,0.92,0.54,0.20,0.00,0.80
2113755,BIELENDA,Tonizowanie twarzy - Esencje i hydrolaty do twarzy,4.88,17,2.89,4.83,25.99,3.30,53,30,56.60,37,4,3,3,0,0,0,1,1,0,0,1,1,1,1,1,0,0,1,1,5,5.00,4.79,0.89,0.92,0.10,0.00,0.00,1.00
411651,BIELENDA PROFESSIONAL,Pielęgnacja twarzy - Kremy do twarzy,4.77,26,3.30,4.78,87.98,4.49,28,13,46.43,22,4,3,2,0,0,0,1,0,1,0,0,1,0,0,0,0,0,1,0,9,5.00,4.85,0.92,0.95,0.07,0.00,0.00,1.00
124154,ISANA KIDS,Pielęgnacja ust - Balsamy i pomadki do ust,4.59,39,3.69,4.66,99.79,4.61,16,9,56.25,21,4,2,0,0,0,0,0,1,0,0,0,0,0,0,0,0,0,0,0,9,4.67,4.56,0.78,0.82,0.18,0.00,0.11,0.89
408267,L'ORÉAL PARIS,"Pielęgnacja twarzy - Serum, boostery i esencje",4.94,16,2.83,4.85,199.97,5.30,31,13,41.94,22,1,0,1,1,1,1,1,0,0,0,0,1,0,1,1,0,1,0,0,5,4.80,4.79,0.89,0.93,0.08,0.00,0.00,1.00
402885,ISANA,"Pielęgnacja twarzy - Serum, boostery i esencje",4.68,25,3.26,4.73,135.64,4.92,25,11,44.00,18,2,2,2,1,2,1,1,1,0,0,0,0,1,0,1,0,0,0,0,2,4.50,4.62,0.81,0.81,0.07,0.00,0.00,1.00
2123607,NIVEA,Pielęgnacja ust - Balsamy i pomadki do ust,4.79,14,2.71,4.79,301.88,5.71,13,11,84.62,25,1,0,0,0,0,0,0,1,0,0,0,1,0,0,0,0,0,0,0,10,4.70,4.61,0.81,0.89,0.21,0.00,0.10,0.90
2104306,ISANA,Pielęgnacja twarzy - Maseczki,4.81,37,3.64,4.80,17.44,2.91,26,15,57.69,20,1,0,2,1,1,1,0,0,0,0,0,0,1,0,1,0,1,0,1,10,4.70,4.56,0.78,0.89,0.28,0.10,0.00,0.90
2110789,SELFIE PROJECT,Pielęgnacja twarzy - Maseczki,4.64,11,2.48,4.73,14.99,2.77,26,12,46.15,21,5,4,2,0,0,0,1,0,0,0,0,0,1,0,1,0,0,0,1,8,4.50,4.43,0.72,0.94,0.61,0.12,0.00,0.88
2123604,NIVEA,Pielęgnacja ust - Balsamy i pomadki do ust,4.72,18,2.94,4.75,301.88,5.71,18,12,66.67,26,2,1,0,0,0,0,0,1,0,0,0,1,0,0,0,0,0,0,0,10,4.30,4.36,0.68,0.84,0.31,0.10,0.10,0.80
2103330,TOŁPA,"Pielęgnacja twarzy - Serum, boostery i esencje",4.73,26,3.30,4.75,143.30,4.97,29,10,34.48,19,4,3,2,0,0,0,1,1,0,0,0,1,0,0,1,0,0,0,0,10,5.00,4.81,0.91,0.92,0.10,0.00,0.00,1.00
345021,BLISTEX,Pielęgnacja ust - Balsamy i pomadki do ust,4.87,46,3.85,4.84,310.54,5.74,23,14,60.87,24,3,2,1,0,0,0,0,0,0,0,0,0,0,0,1,0,0,0,0,10,4.80,4.47,0.74,0.86,0.43,0.10,0.00,0.90
2083006,SKIN1004,"Pielęgnacja twarzy - Serum, boostery i esencje",4.93,14,2.71,4.84,99.99,4.62,43,24,55.81,32,0,0,0,0,0,0,0,0,1,0,1,0,1,0,0,1,0,1,0,7,4.86,4.76,0.88,0.96,0.15,0.00,0.00,1.00
2103207,HADA LABO TOKYO,Pielęgnacja twarzy - Kremy do twarzy,4.59,37,3.64,4.66,135.98,4.92,30,20,66.67,29,0,0,2,0,0,0,0,0,0,0,0,0,0,0,1,0,0,0,0,10,4.50,4.64,0.82,0.88,0.19,0.00,0.10,0.90
385729,ISANA,Oczyszczanie i demakijaż twarzy - Peelingi do twarzy,4.80,49,3.91,4.79,7.32,2.12,20,13,65.00,24,0,0,3,0,0,0,0,0,0,0,0,0,1,0,0,0,0,0,0,10,4.70,4.68,0.84,0.86,0.12,0.00,0.00,1.00
382809,NATURALME,Oczyszczanie i demakijaż twarzy - Oleje i masełka do demakijażu,4.51,39,3.69,4.60,15.66,2.81,11,9,81.82,27,0,0,0,0,0,0,0,0,0,0,0,0,0,0,0,0,0,0,0,10,4.50,4.36,0.68,0.85,0.32,0.00,0.30,0.70
2078297,ROUTINES BY ALKMIE,"Pielęgnacja twarzy - Serum, boostery i esencje",4.45,11,2.48,4.66,413.27,6.03,13,9,69.23,21,1,0,0,0,0,0,1,0,0,1,0,0,0,1,0,0,0,1,0,5,4.20,4.28,0.64,0.79,0.36,0.00,0.40,0.60
2103344,TOŁPA,"Pielęgnacja twarzy - Serum, boostery i esencje",4.70,23,3.18,4.74,206.63,5.34,44,21,47.73,27,9,8,3,0,0,0,1,0,1,0,1,0,0,1,0,1,1,1,1,7,4.29,4.68,0.84,0.93,0.24,0.00,0.14,0.86
2089509,ISANA,Pielęgnacja twarzy - Kremy do twarzy,4.92,26,3.30,4.86,79.97,4.39,39,22,56.41,26,0,0,1,0,0,0,0,0,0,0,0,0,1,0,1,0,0,0,0,10,4.90,4.69,0.84,0.88,0.15,0.00,0.00,1.00
2124588,L'ORÉAL PARIS,Pielęgnacja twarzy - Kremy do twarzy,5.00,2,1.10,4.80,174.97,5.17,36,7,19.44,10,8,7,0,1,1,1,1,1,1,0,0,0,0,0,1,0,0,0,0,2,5.00,4.43,0.72,0.72,0.14,0.00,0.00,1.00
2113655,KLOO,"Pielęgnacja twarzy - Serum, boostery i esencje",4.20,5,1.79,4.67,191.98,5.26,17,9,52.94,16,1,1,1,0,0,0,1,0,0,0,0,0,0,0,0,0,0,0,1,1,1.00,1.88,-0.56,-0.56,,1.00,0.00,0.00
2092339,BIELENDA PROFESSIONAL,Pielęgnacja twarzy - Kremy do twarzy,4.75,12,2.56,4.77,194.97,5.28,40,24,60.00,39,9,8,1,0,0,0,1,1,0,0,1,1,0,0,0,0,0,1,0,7,4.57,4.75,0.88,0.87,0.10,0.00,0.00,1.00
2076059,AA,Pielęgnacja twarzy - Kremy do twarzy,4.75,48,3.89,4.76,53.98,4.01,56,41,73.21,50,1,0,1,0,0,0,1,1,0,0,1,1,1,1,1,0,0,1,0,10,5.00,4.73,0.87,0.86,0.08,0.00,0.00,1.00
2102057,AVA LABORATORIUM,"Pielęgnacja twarzy - Serum, boostery i esencje",4.84,19,3.00,4.81,193.30,5.27,20,8,40.00,16,7,6,1,0,0,0,1,0,0,0,0,0,0,1,0,0,0,0,0,8,4.62,4.52,0.76,0.79,0.19,0.00,0.00,1.00
2092317,PERFECTA,"Pielęgnacja twarzy - Serum, boostery i esencje",4.87,30,3.43,4.83,133.30,4.90,34,19,55.88,31,4,3,3,0,0,0,1,0,0,0,1,0,0,1,0,0,0,0,1,10,4.80,4.72,0.86,0.91,0.14,0.00,0.00,1.00
2124549,GARNIER,Pielęgnacja twarzy - Kremy do twarzy,5.00,1,0.69,4.79,41.16,3.74,22,11,50.00,20,1,0,1,1,1,1,1,1,1,0,0,0,0,0,0,1,1,0,1,0,,,,,,,,
2121868,CLEANIC,Oczyszczanie i demakijaż twarzy - Chusteczki do demakijażu,4.33,3,1.39,4.72,0.50,0.41,12,5,41.67,11,0,0,2,0,0,0,0,0,1,0,0,0,0,0,0,0,0,0,0,2,4.50,4.96,0.98,0.98,0.02,0.00,0.00,1.00
2123973,VEOLI BOTANICA,"Pielęgnacja twarzy - Serum, boostery i esencje",5.00,1,0.69,4.79,333.30,5.81,15,10,66.67,19,0,0,2,0,0,0,0,0,1,0,0,1,1,0,1,0,0,0,0,0,,,,,,,,
2113438,TOŁPA,Pielęgnacja twarzy - Kremy do twarzy,4.77,13,2.64,4.78,153.98,5.04,38,14,36.84,20,8,7,2,0,0,0,1,1,0,0,0,1,0,0,1,0,0,0,0,7,4.57,4.77,0.89,0.94,0.17,0.00,0.00,1.00
2071285,ISANA,"Pielęgnacja twarzy - Serum, boostery i esencje",4.88,17,2.89,4.83,66.63,4.21,23,13,56.52,23,1,0,1,0,0,0,0,0,0,1,0,0,0,0,0,0,0,1,0,9,4.89,4.53,0.77,0.92,0.34,0.11,0.11,0.78
349926,QURET,Pielęgnacja twarzy - Maseczki,4.84,31,3.47,4.82,23.96,3.22,43,25,58.14,32,1,0,2,0,1,1,1,0,0,0,0,0,1,0,1,0,0,0,0,10,4.90,4.74,0.87,0.91,0.12,0.00,0.00,1.00
319002,CHRISTIAN LAURENT,Oczyszczanie i demakijaż twarzy - Płyny do demakijażu,4.88,43,3.78,4.85,5.20,1.82,38,20,52.63,24,1,0,4,0,0,0,1,0,0,1,0,0,1,0,0,0,0,0,0,2,5.00,4.83,0.92,0.92,0.06,0.00,0.00,1.00
2011167,VEET,Depilacja twarzy - Plastry i kremy do depilacji,5.00,5,1.79,4.83,1.12,0.75,17,6,35.29,12,5,4,0,0,0,0,1,1,0,0,0,0,0,0,0,0,0,0,0,1,5.00,4.17,0.59,0.59,,0.00,0.00,1.00
2103345,TOŁPA,"Pielęgnacja twarzy - Serum, boostery i esencje",4.92,13,2.64,4.84,206.63,5.34,37,15,40.54,24,9,8,3,0,0,0,1,0,1,1,0,0,0,1,0,0,1,1,0,3,5.00,4.67,0.84,0.93,0.18,0.00,0.00,1.00
2126400,ISANA,"Pielęgnacja twarzy - Serum, boostery i esencje",5.00,3,1.39,4.81,14.99,2.77,23,15,65.22,26,1,0,3,0,0,0,0,0,1,0,0,0,1,0,1,0,0,0,1,1,5.00,3.57,0.28,0.28,,0.00,1.00,0.00
2090202,SELFIE PROJECT,Pielęgnacja twarzy - Maseczki,4.27,11,2.48,4.60,14.99,2.77,34,15,44.12,26,0,0,3,0,0,0,0,1,0,1,0,0,0,0,0,0,0,0,0,4,3.25,3.67,0.34,0.35,0.57,0.50,0.00,0.50
370191,ME+,"Pielęgnacja twarzy - Serum, boostery i esencje",4.83,18,2.94,4.80,96.63,4.58,14,6,42.86,13,0,0,1,0,0,0,0,0,0,0,0,0,1,0,1,0,0,0,0,8,4.62,4.66,0.83,0.87,0.17,0.00,0.00,1.00
409909,BIELENDA,Pielęgnacja twarzy - Maseczki,4.90,29,3.40,4.85,62.38,4.15,31,13,41.94,19,4,4,3,0,0,0,1,1,1,0,0,1,0,0,0,0,0,1,0,10,4.90,4.66,0.83,0.90,0.19,0.00,0.10,0.90
2077669,LIRENE,Oczyszczanie i demakijaż twarzy - Mleczka i emulsje do demakijażu,4.87,54,4.01,4.85,8.24,2.22,28,14,50.00,21,5,4,2,0,0,0,1,0,0,0,0,0,0,0,0,0,0,0,0,10,4.80,4.60,0.80,0.85,0.20,0.00,0.10,0.90
2124061,AA,"Pielęgnacja twarzy - Serum, boostery i esencje",5.00,1,0.69,4.79,163.30,5.10,65,46,70.77,54,2,1,1,0,0,0,1,0,1,0,1,0,1,0,0,1,0,0,1,0,,,,,,,,
2077352,BIELENDA,Oczyszczanie i demakijaż twarzy - Żele i pianki do mycia twarzy,4.81,32,3.50,4.80,15.33,2.79,25,11,44.00,18,1,1,3,0,0,0,1,1,0,0,0,1,0,0,1,0,0,0,0,10,5.00,4.79,0.89,0.90,0.05,0.00,0.00,1.00
2086809,ISANA,Pielęgnacja twarzy - Maseczki,4.74,129,4.87,4.75,13.69,2.69,34,21,61.76,32,1,0,2,0,0,0,0,0,0,0,1,0,1,0,0,0,0,0,0,8,4.25,4.41,0.70,0.77,0.21,0.00,0.12,0.88
2113701,BIELENDA PROFESSIONAL,Pielęgnacja twarzy - Kremy do twarzy,5.00,9,2.30,4.85,154.97,5.05,43,23,53.49,32,8,8,1,0,0,0,1,0,0,0,0,1,1,1,0,0,0,1,0,2,5.00,4.80,0.90,0.90,0.00,0.00,0.00,1.00
2091685,EVELINE COSMETICS,Oczyszczanie i demakijaż twarzy - Żele i pianki do mycia twarzy,4.96,26,3.30,4.88,13.33,2.66,23,10,43.48,16,4,3,2,0,0,0,1,0,0,0,0,1,0,0,0,0,0,0,1,10,5.00,4.80,0.90,0.91,0.07,0.00,0.00,1.00
418791,EVELINE COSMETICS,Pielęgnacja twarzy - Kremy pod oczy,4.82,76,4.34,4.81,103.27,4.65,24,14,58.33,25,1,0,1,0,0,0,0,0,0,0,0,1,0,1,1,0,0,0,0,9,4.78,4.63,0.82,0.83,0.15,0.00,0.00,1.00
2082996,SKIN1004,"Pielęgnacja twarzy - Serum, boostery i esencje",5.00,1,0.69,4.79,95.98,4.57,32,22,68.75,30,0,0,0,0,0,0,0,0,0,0,0,0,1,1,1,1,0,0,0,0,,,,,,,,
2100008,LIP SMACKER,Pielęgnacja ust - Balsamy i pomadki do ust,4.18,11,2.48,4.57,214.17,5.37,28,16,57.14,26,2,0,1,0,0,0,0,1,0,0,0,0,0,0,0,0,0,0,0,4,2.75,3.67,0.33,0.30,0.48,0.25,0.25,0.50
2103334,TOŁPA,Pielęgnacja twarzy - Kosmetyki z SPF,4.50,18,2.94,4.65,134.97,4.91,45,16,35.56,20,9,8,4,0,0,0,1,1,0,0,0,1,0,0,0,0,0,0,0,4,2.75,3.95,0.47,0.41,0.30,0.00,0.50,0.50
2029005,CLEANIC,Oczyszczanie i demakijaż twarzy - Chusteczki do demakijażu,4.54,24,3.22,4.65,0.65,0.50,12,5,41.67,10,0,0,2,0,0,0,0,0,1,0,0,0,1,0,0,0,0,0,0,10,4.20,4.18,0.59,0.71,0.26,0.00,0.30,0.70
379788,CHRISTIAN LAURENT,Oczyszczanie i demakijaż twarzy - Płyny do demakijażu,4.82,39,3.69,4.81,5.20,1.82,31,16,51.61,23,3,3,4,0,0,0,0,0,0,0,0,0,0,0,1,0,0,0,0,10,4.50,4.49,0.74,0.86,0.24,0.00,0.10,0.90
2113728,MIYA COSMETICS,Tonizowanie twarzy - Toniki do twarzy,4.88,16,2.83,4.83,25.33,3.27,30,15,50.00,22,3,2,3,0,0,0,1,0,0,0,1,0,0,0,0,1,0,0,0,7,4.86,4.53,0.77,0.94,0.48,0.14,0.00,0.86
2103469,ROUTINES BY ALKMIE,"Pielęgnacja twarzy - Serum, boostery i esencje",4.85,13,2.64,4.81,209.97,5.35,18,9,50.00,19,1,0,0,0,0,0,1,1,0,0,0,0,0,1,1,0,1,0,0,3,4.33,4.63,0.81,0.83,0.16,0.00,0.00,1.00
199707,ALTERRA,"Pielęgnacja twarzy - Serum, boostery i esencje",4.84,32,3.50,4.82,73.30,4.31,11,5,45.45,14,5,4,0,0,0,0,1,0,0,0,0,0,0,0,0,0,0,0,0,10,4.90,4.67,0.84,0.93,0.19,0.00,0.00,1.00
404488,ISANA,Pielęgnacja twarzy - Kremy pod oczy,4.79,38,3.66,4.79,91.93,4.53,18,13,72.22,26,0,0,1,0,0,0,0,0,0,0,0,0,0,0,1,0,0,0,0,10,4.70,4.57,0.78,0.80,0.18,0.00,0.00,1.00
81646,ISANA,Oczyszczanie i demakijaż twarzy - Płyny do demakijażu,4.56,41,3.74,4.63,5.98,1.94,8,5,62.50,13,0,0,1,0,0,0,0,0,0,0,0,0,1,0,0,0,0,0,0,10,4.50,4.39,0.69,0.83,0.52,0.10,0.00,0.90
402886,ISANA,Tonizowanie twarzy - Toniki do twarzy,4.72,46,3.85,4.74,4.75,1.75,16,8,50.00,15,3,2,2,0,0,0,1,0,0,0,0,0,1,0,1,0,0,0,0,10,4.60,4.71,0.86,0.94,0.23,0.00,0.10,0.90
2113705,BIELENDA PROFESSIONAL,"Pielęgnacja twarzy - Serum, boostery i esencje",4.86,7,2.08,4.80,266.63,5.59,26,15,57.69,22,1,0,0,0,0,0,0,0,0,0,0,0,0,0,0,0,0,0,0,6,5.00,4.82,0.91,0.90,0.06,0.00,0.00,1.00
2113743,VEOLI BOTANICA,"Pielęgnacja twarzy - Serum, boostery i esencje",4.33,6,1.95,4.68,333.30,5.81,31,16,51.61,27,7,6,1,0,0,0,1,0,0,0,0,0,0,0,1,0,0,0,0,3,3.67,4.19,0.60,0.53,0.35,0.00,0.33,0.67
2077354,BIELENDA,Tonizowanie twarzy - Toniki do twarzy,4.87,39,3.69,4.84,21.49,3.11,24,11,45.83,20,1,0,2,0,0,0,1,1,0,0,0,1,0,0,1,0,0,0,0,10,5.00,4.72,0.86,0.89,0.11,0.00,0.00,1.00
2124784,BIELENDA PROFESSIONAL,Oczyszczanie i demakijaż twarzy - Oleje i masełka do demakijażu,5.00,1,0.69,4.79,36.99,3.64,30,19,63.33,31,4,3,0,0,0,0,1,1,0,0,1,1,0,0,0,0,0,1,1,0,,,,,,,,
2123605,NIVEA,Pielęgnacja ust - Balsamy i pomadki do ust,5.00,12,2.56,4.86,301.88,5.71,14,9,64.29,23,1,0,0,0,0,0,0,1,0,0,0,1,0,0,0,0,0,0,0,5,4.80,4.49,0.74,0.76,0.12,0.00,0.00,1.00
2103214,HADA LABO TOKYO,"Pielęgnacja twarzy - Serum, boostery i esencje",4.91,64,4.17,4.88,226.63,5.43,36,21,58.33,33,0,0,3,0,0,0,0,0,0,0,0,0,0,0,1,0,0,0,0,10,4.90,4.64,0.82,0.85,0.17,0.00,0.10,0.90
417202,UZDROVISCO,Pielęgnacja twarzy - Kremy pod oczy,4.88,32,3.50,4.84,227.96,5.43,42,27,64.29,33,0,0,3,0,0,0,0,1,1,1,0,0,0,0,0,0,0,1,1,10,4.90,4.77,0.88,0.92,0.11,0.00,0.00,1.00
2123737,MIYA COSMETICS,Pielęgnacja twarzy - Kremy pod oczy,5.00,1,0.69,4.79,233.27,5.46,30,18,60.00,29,0,0,2,0,0,0,0,0,0,0,1,0,1,1,0,0,1,0,1,1,5.00,4.93,0.97,0.97,,0.00,0.00,1.00
2105413,ISANA,Pielęgnacja twarzy - Maseczki,4.72,25,3.26,4.75,13.69,2.69,25,9,36.00,14,0,0,3,1,1,1,0,1,0,0,0,0,0,0,0,0,0,0,0,10,4.40,4.40,0.70,0.80,0.26,0.00,0.20,0.80
379437,MISSHA,Pielęgnacja twarzy - Maseczki,4.59,17,2.89,4.69,26.26,3.31,27,16,59.26,22,1,0,0,0,0,0,0,0,0,0,0,0,0,0,1,0,0,0,0,10,4.30,4.21,0.60,0.76,0.42,0.10,0.20,0.70
2076995,L'ORÉAL PARIS,Pielęgnacja twarzy - Kremy do twarzy,4.82,11,2.48,4.80,193.98,5.27,36,14,38.89,17,1,0,0,1,1,1,1,0,1,0,0,0,0,1,1,0,1,0,0,5,4.80,4.43,0.72,0.82,0.28,0.00,0.20,0.80
2123999,BE.MEL,Oczyszczanie i demakijaż twarzy - Płyny do demakijażu,5.00,1,0.69,4.79,20.00,3.04,19,10,52.63,19,1,0,1,0,0,0,1,0,0,0,0,0,0,0,1,0,0,0,1,0,,,,,,,,
2077053,EVELINE COSMETICS,Tonizowanie twarzy - Toniki do twarzy,4.83,53,3.99,4.82,8.00,2.20,19,6,31.58,11,1,0,1,0,0,0,1,0,0,0,0,0,0,1,1,0,0,0,0,10,4.90,4.73,0.86,0.97,0.21,0.00,0.10,0.90
2112298,ESFOLIO,Pielęgnacja twarzy - Maseczki,4.75,28,3.37,4.76,9.16,2.32,22,8,36.36,15,1,0,2,1,1,1,1,0,0,0,0,0,0,0,1,0,0,0,0,10,4.70,4.53,0.77,0.93,0.46,0.10,0.00,0.90
2113708,UZDROVISCO,Pielęgnacja twarzy - Kremy do twarzy,5.00,2,1.10,4.80,129.98,4.88,40,22,55.00,29,6,5,1,0,0,0,1,0,0,0,0,0,0,1,1,0,0,0,1,2,5.00,4.62,0.81,0.81,0.20,0.00,0.00,1.00
356958,CLEANIC,Oczyszczanie i demakijaż twarzy - Chusteczki do demakijażu,4.78,23,3.18,4.78,0.67,0.51,15,4,26.67,7,0,0,3,0,0,0,0,0,0,0,0,0,0,0,1,0,0,0,1,8,4.75,4.40,0.70,0.84,0.42,0.12,0.00,0.88
2077731,CATCH A TIGER,Tonizowanie twarzy - Toniki do twarzy,4.79,24,3.22,4.79,21.99,3.14,26,11,42.31,22,8,7,4,0,0,0,1,0,1,0,0,0,0,0,0,0,0,0,0,8,4.75,4.50,0.75,0.87,0.32,0.12,0.00,0.88
2092318,PERFECTA,Pielęgnacja twarzy - Kremy pod oczy,4.83,18,2.94,4.80,233.27,5.46,48,29,60.42,41,0,0,3,0,0,0,0,1,0,0,1,1,0,1,0,0,0,0,1,5,4.80,4.60,0.80,0.91,0.21,0.00,0.00,1.00
2088232,NIVEA,Pielęgnacja ust - Serum i olejki do ust,4.61,18,2.94,4.70,545.27,6.30,16,10,62.50,23,2,0,0,0,0,0,0,1,0,0,0,1,0,0,0,0,0,0,0,10,4.60,4.63,0.82,0.88,0.19,0.00,0.10,0.90
265455,TOŁPA,"Pielęgnacja twarzy - Serum, boostery i esencje",5.00,16,2.83,4.88,50.65,3.94,19,6,31.58,11,1,0,2,0,0,0,1,0,0,0,0,0,0,0,0,0,0,0,0,9,5.00,4.86,0.93,0.95,0.08,0.00,0.00,1.00
357720,ZIAJA,Pielęgnacja twarzy - Kremy do twarzy,4.81,21,3.09,4.80,23.98,3.22,33,19,57.58,27,6,5,1,0,0,0,1,0,0,0,0,0,1,0,1,0,0,0,0,10,5.00,4.70,0.85,0.86,0.09,0.00,0.00,1.00
2077404,DERMIKA,Pielęgnacja twarzy - Kremy pod oczy,4.83,46,3.85,4.82,399.93,5.99,26,18,69.23,31,0,0,1,0,0,0,0,0,0,0,0,0,0,1,0,0,0,1,0,9,4.78,4.61,0.81,0.88,0.26,0.00,0.11,0.89
2102973,BIELENDA,Pielęgnacja twarzy - Kremy do twarzy,4.77,39,3.69,4.77,30.98,3.47,46,16,34.78,21,10,11,4,0,0,0,1,1,1,0,0,1,0,0,1,0,0,1,0,10,5.00,4.72,0.86,0.87,0.10,0.00,0.00,1.00
2113739,VEOLI BOTANICA,Pielęgnacja twarzy - Kremy do twarzy,4.92,12,2.56,4.83,93.32,4.55,23,14,60.87,21,1,0,0,0,0,0,0,0,0,0,1,0,0,0,0,0,0,0,1,6,5.00,4.73,0.87,0.89,0.10,0.00,0.00,1.00
328774,MISSHA,Pielęgnacja twarzy - Maseczki,4.86,14,2.71,4.81,26.26,3.31,26,16,61.54,23,1,1,0,0,0,0,0,0,0,0,0,0,0,0,1,0,0,0,0,10,4.80,4.60,0.80,0.87,0.20,0.00,0.00,1.00
373334,VEET,Depilacja twarzy - Plastry i kremy do depilacji,4.80,10,2.40,4.79,0.80,0.59,9,3,33.33,8,2,1,0,0,0,0,1,0,0,0,0,0,0,0,0,0,0,0,0,4,4.75,4.50,0.75,0.85,0.27,0.00,0.25,0.75
411033,EVELINE COSMETICS,Pielęgnacja twarzy - Kremy pod oczy,4.74,61,4.13,4.75,99.97,4.61,35,18,51.43,27,1,0,1,0,0,0,1,1,0,0,1,1,0,1,1,0,0,0,1,10,4.60,4.68,0.84,0.92,0.20,0.00,0.10,0.90
2124670,PERFECTA,Pielęgnacja twarzy - Kremy pod oczy,5.00,2,1.10,4.80,159.93,5.08,51,33,64.71,41,0,0,2,0,0,0,0,1,0,0,1,1,1,1,0,0,0,0,1,4,5.00,4.90,0.95,0.95,0.04,0.00,0.00,1.00
381011,TOŁPA,Pielęgnacja twarzy - Maseczki,4.94,50,3.93,4.89,62.90,4.16,21,11,52.38,24,1,0,4,0,0,0,1,0,0,0,0,0,1,0,0,1,0,0,0,10,4.80,4.61,0.81,0.94,0.25,0.00,0.10,0.90
114850,TOŁPA,Pielęgnacja twarzy - Kremy do twarzy,5.00,7,2.08,4.84,94.98,4.56,34,15,44.12,21,2,0,1,0,0,0,1,0,0,0,0,0,1,0,1,0,0,0,0,4,4.50,4.12,0.56,0.90,0.73,0.25,0.00,0.75
2124527,YOSKINE,"Pielęgnacja twarzy - Serum, boostery i esencje",5.00,2,1.10,4.80,176.63,5.18,39,21,53.85,34,4,3,3,0,0,0,1,0,0,0,0,0,1,0,0,0,0,0,0,1,5.00,4.80,0.90,0.90,,0.00,0.00,1.00
385785,ISANA,"Pielęgnacja twarzy - Serum, boostery i esencje",4.91,22,3.14,4.85,53.30,3.99,42,20,47.62,29,11,9,4,0,0,0,1,0,1,1,0,0,0,0,1,0,0,1,0,9,5.00,4.70,0.85,0.88,0.12,0.00,0.00,1.00
2103354,YOSKINE,"Pielęgnacja twarzy - Serum, boostery i esencje",4.92,25,3.26,4.86,25.00,3.26,25,12,48.00,23,3,2,2,0,0,0,1,0,0,0,0,0,0,0,0,0,0,0,0,10,4.90,4.81,0.91,0.92,0.07,0.00,0.00,1.00
2099454,BLISTEX,Pielęgnacja ust - Balsamy i pomadki do ust,4.83,48,3.89,4.82,310.54,5.74,24,17,70.83,28,2,0,1,0,0,0,0,0,0,0,1,1,0,1,0,0,0,0,0,10,4.70,4.55,0.77,0.84,0.19,0.00,0.00,1.00
2076545,DERMIKA,Pielęgnacja twarzy - Maseczki,4.80,20,3.04,4.79,114.14,4.75,30,15,50.00,27,9,8,1,0,0,0,1,0,0,0,0,0,0,0,0,0,0,1,0,5,4.60,4.01,0.51,0.66,0.46,0.20,0.20,0.60
2123883,NIVEA,"Pielęgnacja twarzy - Serum, boostery i esencje",5.00,2,1.10,4.80,226.63,5.43,22,10,45.45,18,0,0,3,0,0,0,0,1,1,0,0,0,0,0,0,0,1,0,0,1,5.00,4.89,0.94,0.94,,0.00,0.00,1.00
381393,JANDA,Pielęgnacja twarzy - Kremy do twarzy,4.81,79,4.38,4.80,109.98,4.71,66,35,53.03,48,11,11,3,0,0,0,1,0,0,0,0,1,1,1,1,0,0,1,0,10,4.90,4.78,0.89,0.88,0.05,0.00,0.00,1.00
2088249,YOUR KAYA,"Pielęgnacja twarzy - Serum, boostery i esencje",5.00,8,2.20,4.84,199.98,5.30,34,22,64.71,30,0,0,0,0,0,0,0,0,1,0,0,1,0,0,1,0,0,1,0,3,5.00,4.88,0.94,0.95,0.05,0.00,0.00,1.00
2099451,AA,Pielęgnacja ust - Maseczki na usta,4.85,33,3.53,4.82,199.93,5.30,33,15,45.45,23,4,1,3,0,0,0,1,1,0,0,0,0,0,0,0,1,0,0,0,9,4.78,4.59,0.79,0.81,0.17,0.00,0.00,1.00
2092306,NIVEA,Pielęgnacja twarzy - Kremy do twarzy,5.00,13,2.64,4.87,75.99,4.34,41,19,46.34,24,1,0,1,0,0,0,1,1,0,0,0,0,1,0,1,0,0,1,0,4,5.00,4.83,0.92,0.92,0.02,0.00,0.00,1.00
393642,ISANA,"Pielęgnacja twarzy - Serum, boostery i esencje",4.65,17,2.89,4.72,66.63,4.21,26,12,46.15,20,2,0,1,0,0,0,1,1,0,0,0,0,0,0,1,0,0,0,0,9,4.33,4.50,0.75,0.86,0.29,0.00,0.22,0.78
2104640,BIOTANIQE,Pielęgnacja twarzy - Maseczki,4.90,21,3.09,4.84,10.99,2.48,25,13,52.00,24,0,0,1,0,0,0,0,1,0,0,0,0,0,1,0,0,0,0,0,9,5.00,4.37,0.68,0.84,0.32,0.00,0.22,0.78
2081681,HOLIKA HOLIKA,Pielęgnacja twarzy - Maseczki,5.00,3,1.39,4.81,52.13,3.97,30,18,60.00,23,5,6,0,0,0,0,0,0,0,0,0,0,0,0,1,1,0,0,0,2,5.00,4.79,0.89,0.89,0.04,0.00,0.00,1.00
2103250,RESIBO,Pielęgnacja twarzy - Kremy do twarzy,4.61,23,3.18,4.69,79.97,4.39,44,19,43.18,29,14,13,2,0,0,0,1,0,1,0,0,0,0,0,0,1,0,0,0,10,4.30,4.30,0.65,0.85,0.47,0.10,0.00,0.90
2011117,NATURAVERDE,Pielęgnacja ust - Balsamy i pomadki do ust,4.14,7,2.08,4.62,236.67,5.47,16,9,56.25,18,2,0,0,0,0,0,0,1,0,0,0,0,0,0,0,0,0,1,0,6,4.17,3.98,0.49,0.70,0.49,0.17,0.00,0.83
393650,ISANA,"Pielęgnacja twarzy - Serum, boostery i esencje",4.83,40,3.71,4.81,78.30,4.37,19,11,57.89,23,9,7,0,0,0,0,1,0,0,0,0,0,0,0,0,0,0,1,0,10,4.60,4.68,0.84,0.89,0.12,0.00,0.00,1.00
2111397,ISANA,Pielęgnacja twarzy - Maseczki,4.40,10,2.40,4.65,10.49,2.44,37,11,29.73,19,5,4,4,0,0,0,1,1,0,0,0,0,0,0,0,0,1,0,1,5,4.20,4.53,0.76,0.86,0.30,0.00,0.20,0.80
211869,NIVEA MEN,Oczyszczanie i demakijaż twarzy - Żele i pianki do mycia twarzy,5.00,8,2.20,4.84,18.99,3.00,20,8,40.00,13,3,3,3,1,1,1,1,0,0,0,0,0,1,0,0,0,0,0,0,3,5.00,4.66,0.83,0.88,0.09,0.00,0.00,1.00
2081661,HOLIKA HOLIKA,Pielęgnacja twarzy - Maseczki,5.00,4,1.61,4.82,52.13,3.97,28,17,60.71,23,2,4,0,0,0,0,0,0,0,0,0,0,0,0,0,1,0,0,0,2,5.00,4.67,0.84,0.84,0.18,0.00,0.00,1.00
2123755,DERMIKA,Pielęgnacja twarzy - Kremy do twarzy,5.00,1,0.69,4.79,159.98,5.08,50,33,66.00,44,7,7,4,0,0,0,1,0,0,0,0,1,0,1,1,0,0,1,0,1,5.00,4.85,0.93,0.93,,0.00,0.00,1.00
357730,CHRISTIAN LAURENT,Pielęgnacja twarzy - Kremy do twarzy,4.92,49,3.91,4.88,93.98,4.55,65,30,46.15,42,11,10,7,0,0,0,1,1,0,0,0,0,0,1,1,0,0,0,0,10,4.90,4.79,0.90,0.91,0.08,0.00,0.00,1.00
2112308,ESFOLIO,Pielęgnacja twarzy - Maseczki,4.72,25,3.26,4.75,9.16,2.32,27,12,44.44,18,1,0,2,0,1,1,1,0,0,0,1,0,0,0,1,0,0,0,0,10,4.40,4.30,0.65,0.81,0.47,0.10,0.10,0.80
2123751,MIYA COSMETICS,"Pielęgnacja twarzy - Serum, boostery i esencje",5.00,2,1.10,4.80,133.30,4.90,27,10,37.04,19,8,7,3,0,0,0,1,1,0,0,0,0,1,0,0,0,0,0,1,2,5.00,4.84,0.92,0.92,0.08,0.00,0.00,1.00
2103339,TOŁPA,Tonizowanie twarzy - Toniki do twarzy,4.70,20,3.04,4.74,14.49,2.74,24,11,45.83,23,3,2,1,0,0,0,1,1,1,0,0,1,0,0,0,0,0,0,0,6,4.33,4.38,0.69,0.91,0.55,0.17,0.00,0.83
2113756,BIELENDA,"Pielęgnacja twarzy - Serum, boostery i esencje",4.88,8,2.20,4.81,189.95,5.25,22,9,40.91,17,3,2,2,0,0,0,1,1,1,0,0,0,0,1,1,0,0,0,0,2,5.00,4.65,0.83,0.83,0.08,0.00,0.00,1.00
2078509,BEAUTY OF JOSEON,Oczyszczanie i demakijaż twarzy - Peelingi do twarzy,4.75,8,2.20,4.77,69.99,4.26,19,12,63.16,17,0,0,0,0,0,0,0,0,0,0,0,0,0,0,0,0,0,0,0,4,4.75,4.82,0.91,0.91,0.06,0.00,0.00,1.00
2102413,MAYBELLINE NEW YORK,Pielęgnacja ust - Balsamy i pomadki do ust,4.86,29,3.40,4.83,1535.36,7.34,45,20,44.44,28,4,4,1,0,0,0,1,1,0,0,0,0,0,0,1,0,0,1,0,10,4.80,4.58,0.79,0.87,0.26,0.00,0.10,0.90
2113742,VEOLI BOTANICA,"Pielęgnacja twarzy - Serum, boostery i esencje",4.33,6,1.95,4.68,333.30,5.81,40,26,65.00,34,2,1,3,0,0,0,1,1,1,1,0,1,1,0,0,0,1,1,1,2,3.00,3.36,0.18,0.18,1.06,0.50,0.00,0.50
357719,ZIAJA,"Pielęgnacja twarzy - Serum, boostery i esencje",4.95,20,3.04,4.87,23.98,3.22,22,12,54.55,23,6,5,1,0,0,0,1,0,0,0,0,0,0,0,0,0,0,0,0,10,5.00,4.79,0.90,0.94,0.13,0.00,0.00,1.00
2103148,BEBIO COSMETICS,Oczyszczanie i demakijaż twarzy - Oleje i masełka do demakijażu,4.63,46,3.85,4.68,17.14,2.90,22,11,50.00,20,2,1,0,0,0,0,1,1,0,0,0,0,0,0,0,0,0,0,0,10,3.90,4.06,0.53,0.78,0.55,0.30,0.00,0.70
2103104,CHRISTIAN LAURENT,Pielęgnacja twarzy - Kosmetyki z SPF,4.86,36,3.61,4.83,159.97,5.08,80,35,43.75,39,15,14,1,0,0,0,1,1,0,0,1,1,0,1,1,1,0,0,0,10,5.00,4.70,0.85,0.91,0.15,0.00,0.00,1.00
2104555,MEDIHEAL,Pielęgnacja twarzy - Maseczki,4.75,12,2.56,4.77,62.45,4.15,39,26,66.67,38,0,0,0,0,0,0,0,0,1,0,1,0,1,0,0,0,0,0,0,8,4.62,4.58,0.79,0.90,0.35,0.12,0.00,0.88
256335,BLISTEX,Pielęgnacja ust - Balsamy i pomadki do ust,4.61,41,3.74,4.67,270.35,5.60,30,15,50.00,22,4,2,3,0,0,0,0,0,0,0,0,1,1,0,0,0,0,0,0,10,4.20,4.29,0.64,0.76,0.39,0.10,0.10,0.80
418092,NATURALME,Oczyszczanie i demakijaż twarzy - Oleje i masełka do demakijażu,4.85,27,3.33,4.82,15.66,2.81,12,9,75.00,19,0,0,0,0,0,0,0,0,0,0,0,0,0,0,0,0,0,0,0,10,4.90,4.69,0.85,0.89,0.13,0.00,0.00,1.00
2076340,NIVEA,Pielęgnacja twarzy - Maseczki,5.00,3,1.39,4.81,16.99,2.89,29,19,65.52,30,1,0,1,0,0,0,1,0,0,0,0,0,0,0,1,0,0,0,0,1,5.00,4.62,0.81,0.81,,0.00,0.00,1.00
2103203,GARNIER,"Pielęgnacja twarzy - Serum, boostery i esencje",4.58,12,2.56,4.71,29.16,3.41,18,10,55.56,19,1,0,2,0,0,0,1,1,1,0,0,0,0,0,0,0,1,1,1,7,4.57,4.46,0.73,0.87,0.26,0.00,0.14,0.86
2103265,NIVEA,"Pielęgnacja twarzy - Serum, boostery i esencje",5.00,11,2.48,4.86,299.93,5.71,24,6,25.00,12,12,13,2,1,1,1,1,0,0,0,0,0,0,0,1,0,0,0,0,3,5.00,4.76,0.88,0.88,0.09,0.00,0.00,1.00
2102071,MIYA COSMETICS,Oczyszczanie i demakijaż twarzy - Żele i pianki do mycia twarzy,4.71,24,3.22,4.74,23.33,3.19,14,5,35.71,10,2,1,1,0,0,0,1,0,1,0,0,0,0,0,0,0,0,0,0,10,4.40,4.33,0.66,0.94,0.55,0.20,0.00,0.80
2125274,UZDROVISCO,Tonizowanie twarzy - Toniki do twarzy,4.00,1,0.69,4.75,23.33,3.19,46,31,67.39,39,3,2,2,0,0,0,1,0,0,0,0,0,0,0,0,0,0,0,1,1,5.00,4.80,0.90,0.90,,0.00,0.00,1.00
393644,ISANA,"Pielęgnacja twarzy - Serum, boostery i esencje",4.76,17,2.89,4.77,66.63,4.21,21,12,57.14,25,2,0,3,0,0,0,1,0,0,0,0,0,1,0,1,0,0,0,0,8,5.00,4.66,0.83,0.84,0.11,0.00,0.00,1.00
2078438,BIELENDA PROFESSIONAL,Pielęgnacja twarzy - Maseczki,4.90,10,2.40,4.82,74.95,4.33,42,19,45.24,30,11,12,2,0,0,0,1,0,0,0,0,0,0,0,0,1,0,0,0,5,5.00,4.78,0.89,0.91,0.08,0.00,0.00,1.00
2113702,BIELENDA PROFESSIONAL,"Pielęgnacja twarzy - Serum, boostery i esencje",5.00,3,1.39,4.81,213.30,5.37,48,24,50.00,33,8,8,1,0,0,0,1,1,0,0,1,1,1,0,0,0,0,1,0,1,5.00,4.92,0.96,0.96,,0.00,0.00,1.00
2100595,BEBIO COSMETICS,Pielęgnacja ust - Balsamy i pomadki do ust,4.85,33,3.53,4.82,259.80,5.56,12,11,91.67,26,1,0,0,0,0,0,1,0,0,0,0,0,0,0,0,0,0,0,0,10,4.70,4.61,0.81,0.85,0.16,0.00,0.00,1.00
2113699,MOKOSH COSMETICS,Pielęgnacja twarzy - Preparaty punktowe,5.00,1,0.69,4.79,291.58,5.68,37,26,70.27,33,2,1,2,0,0,0,1,0,0,0,1,1,0,0,1,0,1,1,1,1,5.00,4.91,0.96,0.96,,0.00,0.00,1.00
2104571,MEDIHEAL,Pielęgnacja twarzy - Maseczki,4.89,9,2.30,4.82,76.63,4.35,26,18,69.23,27,2,3,0,0,0,0,0,0,0,1,1,0,0,0,1,0,0,0,0,4,5.00,4.93,0.96,0.97,0.03,0.00,0.00,1.00
2100488,YOPE,Oczyszczanie i demakijaż twarzy - Żele i pianki do mycia twarzy,4.67,49,3.91,4.70,15.66,2.81,25,13,52.00,19,2,1,1,0,0,0,1,0,0,0,0,0,0,0,0,0,0,0,0,10,4.80,4.70,0.85,0.90,0.17,0.00,0.10,0.90
2102416,MAYBELLINE NEW YORK,Pielęgnacja ust - Balsamy i pomadki do ust,4.79,47,3.87,4.79,1535.36,7.34,45,20,44.44,28,4,4,1,0,0,0,1,1,0,0,0,0,0,0,1,0,0,1,0,10,4.50,4.30,0.65,0.77,0.23,0.00,0.20,0.80
2104642,BIOTANIQE,Pielęgnacja twarzy - Płatki pod oczy,4.80,5,1.79,4.79,4.50,1.70,19,8,42.11,18,0,0,1,0,0,0,0,1,0,0,0,0,0,0,0,0,0,0,0,4,4.75,4.70,0.85,0.84,0.10,0.00,0.00,1.00
418421,LOVE SKIN,Pielęgnacja twarzy - Płatki pod oczy,4.13,8,2.20,4.60,0.50,0.41,18,13,72.22,24,0,0,0,0,0,0,0,0,1,0,0,0,0,0,1,0,0,0,0,2,3.00,4.45,0.73,0.73,0.33,0.00,0.00,1.00
2110479,ERNE,Pielęgnacja twarzy - Płatki pod oczy,4.27,11,2.48,4.60,1.75,1.01,29,23,79.31,35,0,0,0,0,0,0,0,0,0,0,0,0,0,1,1,1,0,0,0,8,3.75,4.39,0.70,0.91,0.34,0.00,0.38,0.62
243927,ZIOŁOLEK LINOTORMENTIALLAE,Pielęgnacja twarzy - Kremy do twarzy,5.00,8,2.20,4.84,39.98,3.71,12,6,50.00,12,1,0,1,0,0,0,1,1,0,1,0,0,0,0,0,0,0,0,0,4,5.00,4.57,0.78,0.79,0.06,0.00,0.00,1.00
2124605,PERFECTA,"Pielęgnacja twarzy - Serum, boostery i esencje",5.00,1,0.69,4.79,69.98,4.26,43,24,55.81,37,9,8,3,0,0,0,1,0,0,1,0,0,0,1,1,0,0,0,0,0,,,,,,,,
366670,NIVEA,Oczyszczanie i demakijaż twarzy - Chusteczki do demakijażu,4.50,10,2.40,4.69,0.92,0.65,29,10,34.48,18,14,14,2,0,0,0,1,0,0,0,0,0,1,0,0,0,0,0,0,6,4.33,4.17,0.58,0.76,0.57,0.17,0.00,0.83
2110037,ISANA,Pielęgnacja ust - Balsamy i pomadki do ust,4.31,16,2.83,4.57,215.68,5.38,27,6,22.22,10,12,11,1,0,0,0,1,1,0,0,0,0,0,0,0,0,0,0,0,9,3.89,3.99,0.50,0.86,0.63,0.22,0.11,0.67
2123445,ISANA,Pielęgnacja ust - Maseczki na usta,4.67,12,2.56,4.74,75.27,4.33,13,10,76.92,23,2,0,0,0,0,0,1,0,0,0,0,0,0,0,0,0,0,0,0,4,4.25,4.42,0.71,0.75,0.24,0.00,0.00,1.00
2114957,BEAUTY DROPS COSMETICS,"Pielęgnacja twarzy - Serum, boostery i esencje",5.00,8,2.20,4.84,123.30,4.82,43,34,79.07,44,0,0,0,0,0,0,0,0,0,0,1,0,0,0,0,1,0,1,1,6,5.00,4.76,0.88,0.86,0.06,0.00,0.00,1.00
381008,TOŁPA,Pielęgnacja twarzy - Maseczki,4.94,32,3.50,4.88,62.90,4.16,40,26,65.00,38,1,0,3,0,0,0,1,0,0,0,0,0,0,0,0,0,0,1,0,10,4.90,4.72,0.86,0.94,0.14,0.00,0.00,1.00
2122343,HAGI,Oczyszczanie i demakijaż twarzy - Żele i pianki do mycia twarzy,5.00,1,0.69,4.79,16.50,2.86,26,15,57.69,22,4,4,2,0,0,0,1,0,0,0,0,0,1,0,0,0,0,0,0,0,,,,,,,,
419482,L'ORÉAL PARIS,"Pielęgnacja twarzy - Serum, boostery i esencje",4.90,40,3.71,4.86,206.63,5.34,36,13,36.11,18,8,8,4,1,1,1,1,0,0,1,0,0,0,0,1,0,1,0,0,10,4.80,4.53,0.77,0.86,0.36,0.10,0.00,0.90
2113709,UZDROVISCO,Pielęgnacja twarzy - Kremy do twarzy,5.00,3,1.39,4.81,129.98,4.88,40,22,55.00,29,6,5,1,0,0,0,1,0,0,0,0,0,0,1,1,0,0,0,1,2,5.00,4.69,0.84,0.84,0.13,0.00,0.00,1.00
2103272,NIVEA,Pielęgnacja twarzy - Kremy do twarzy,4.82,11,2.48,4.80,164.97,5.11,31,12,38.71,16,1,0,1,1,1,1,1,0,0,0,0,0,0,0,0,0,0,0,0,3,5.00,4.78,0.89,0.88,0.04,0.00,0.00,1.00
40836,ISANA,Oczyszczanie i demakijaż twarzy - Płyny do demakijażu,4.83,36,3.61,4.81,6.29,1.99,8,5,62.50,13,0,0,1,0,0,0,0,0,0,0,0,0,1,0,0,0,0,0,0,10,4.70,4.58,0.79,0.90,0.24,0.00,0.10,0.90
2083401,VEOLI BOTANICA,Pielęgnacja twarzy - Kremy pod oczy,5.00,3,1.39,4.81,833.27,6.73,17,15,88.24,30,2,1,0,0,0,0,1,1,0,0,0,1,0,0,0,0,0,0,0,1,5.00,4.80,0.90,0.90,,0.00,0.00,1.00
319640,ISANA,Pielęgnacja twarzy - Kremy do twarzy,4.70,37,3.64,4.73,33.98,3.55,33,15,45.45,26,7,6,2,1,1,1,1,0,0,0,0,1,1,0,0,0,0,0,0,10,4.30,4.28,0.64,0.77,0.36,0.20,0.00,0.80
2113539,EVELINE COSMETICS,"Pielęgnacja twarzy - Serum, boostery i esencje",4.85,20,3.04,4.82,69.98,4.26,43,25,58.14,35,8,7,2,0,0,0,1,0,0,0,1,0,0,0,0,0,0,1,0,10,4.90,4.69,0.85,0.87,0.11,0.00,0.00,1.00
211868,NIVEA MEN,Oczyszczanie i demakijaż twarzy - Żele i pianki do mycia twarzy,4.75,4,1.61,4.78,18.99,3.00,22,8,36.36,15,1,0,1,0,0,0,1,0,0,0,0,0,1,0,0,0,0,0,0,1,5.00,4.75,0.88,0.88,,0.00,0.00,1.00
366558,NIVEA,Oczyszczanie i demakijaż twarzy - Chusteczki do demakijażu,4.07,15,2.77,4.48,1.15,0.77,32,9,28.12,15,12,12,2,1,1,1,1,0,0,0,0,0,1,0,0,0,0,0,0,6,3.17,4.00,0.50,0.50,0.37,0.17,0.33,0.50
2103251,RESIBO,"Pielęgnacja twarzy - Serum, boostery i esencje",4.71,21,3.09,4.75,146.63,4.99,38,22,57.89,31,2,0,2,0,0,0,0,0,0,0,0,0,1,0,0,0,0,0,1,9,4.33,4.10,0.55,0.82,0.51,0.22,0.00,0.78
2076998,L'ORÉAL PARIS,Oczyszczanie i demakijaż twarzy - Żele i pianki do mycia twarzy,5.00,20,3.04,4.89,25.99,3.30,17,5,29.41,9,1,0,1,0,0,0,1,0,1,0,0,0,0,0,0,0,1,0,0,8,5.00,4.75,0.88,0.92,0.10,0.00,0.00,1.00
418422,LOVE SKIN,Pielęgnacja twarzy - Płatki pod oczy,4.89,18,2.94,4.83,0.50,0.41,18,13,72.22,24,0,0,0,0,0,0,0,0,1,0,0,0,0,0,1,0,0,0,0,10,4.80,4.68,0.84,0.95,0.32,0.10,0.00,0.90
2124648,PERFECTA,Pielęgnacja twarzy - Kremy pod oczy,5.00,1,0.69,4.79,99.97,4.61,45,25,55.56,34,0,0,3,0,0,0,0,1,0,1,0,0,0,1,1,0,0,0,0,1,5.00,4.88,0.94,0.94,,0.00,0.00,1.00
2104443,PERFECTA,Pielęgnacja twarzy - Maseczki,5.00,5,1.79,4.83,11.99,2.56,43,24,55.81,37,3,2,2,0,0,0,1,0,0,1,1,1,0,1,0,0,0,0,1,1,5.00,4.68,0.84,0.84,,0.00,0.00,1.00
2124602,MIXA,Pielęgnacja twarzy - Kremy do twarzy,3.50,2,1.10,4.67,73.98,4.32,27,19,70.37,29,0,0,1,0,0,0,0,0,0,0,0,0,1,1,0,0,0,0,1,2,3.50,3.70,0.35,0.35,0.83,0.50,0.00,0.50
2113522,NIVEA,"Pielęgnacja twarzy - Serum, boostery i esencje",4.40,5,1.79,4.71,366.60,5.91,26,12,46.15,21,3,1,1,0,0,0,1,0,0,0,0,0,0,0,1,0,0,1,0,2,4.00,3.77,0.39,0.39,0.81,0.50,0.00,0.50
2076622,BIELENDA,Pielęgnacja twarzy - Maseczki,4.75,12,2.56,4.77,62.38,4.15,20,12,60.00,24,1,1,2,0,0,0,1,0,0,0,0,0,0,1,0,0,0,0,0,7,4.57,4.42,0.71,0.82,0.36,0.14,0.00,0.86
357731,CHRISTIAN LAURENT,Pielęgnacja twarzy - Kremy do twarzy,4.92,78,4.37,4.89,93.98,4.55,69,34,49.28,46,11,10,7,0,0,0,1,1,0,0,0,0,0,1,1,0,0,0,0,10,5.00,4.76,0.88,0.90,0.10,0.00,0.00,1.00
2099450,MIYA COSMETICS,Pielęgnacja ust - Serum i olejki do ust,4.70,27,3.33,4.74,299.90,5.71,24,16,66.67,30,5,5,0,0,0,0,0,1,0,0,0,0,0,1,0,0,0,1,1,10,4.70,4.71,0.86,0.90,0.17,0.00,0.10,0.90
357732,CHRISTIAN LAURENT,Pielęgnacja twarzy - Kremy do twarzy,4.84,155,5.05,4.83,93.98,4.55,60,35,58.33,45,3,2,7,0,0,0,1,1,0,0,1,0,0,1,1,0,0,1,0,9,4.67,4.74,0.87,0.86,0.09,0.00,0.00,1.00
2031057,NIVEA,"Pielęgnacja twarzy - Serum, boostery i esencje",4.81,16,2.83,4.79,226.63,5.43,18,6,33.33,12,1,0,1,1,1,1,1,1,0,0,0,0,0,0,1,0,0,0,0,3,5.00,4.90,0.95,0.96,0.01,0.00,0.00,1.00
2120812,ISANA,"Pielęgnacja twarzy - Serum, boostery i esencje",5.00,3,1.39,4.81,66.63,4.21,12,7,58.33,17,0,0,2,0,0,0,0,0,0,0,0,0,0,1,1,0,0,0,0,3,5.00,4.85,0.92,0.92,0.05,0.00,0.00,1.00
2078484,ROUND LAB,Tonizowanie twarzy - Toniki do twarzy,4.20,5,1.79,4.67,30.00,3.43,21,14,66.67,24,0,0,0,0,0,0,0,0,0,0,0,1,1,0,1,0,0,0,0,2,3.00,4.54,0.77,0.77,0.29,0.00,0.00,1.00
2092302,EVELINE COSMETICS,Pielęgnacja twarzy - Preparaty punktowe,3.95,22,3.14,4.35,0.83,0.60,9,6,66.67,15,0,0,0,0,0,0,0,0,0,0,0,0,0,0,0,1,0,0,0,10,2.90,3.45,0.22,0.15,0.42,0.40,0.30,0.30
2113401,MIXA,Pielęgnacja twarzy - Kremy do twarzy,5.00,3,1.39,4.81,73.98,4.32,21,12,57.14,18,0,0,0,0,0,0,0,0,0,0,0,0,0,0,1,0,0,1,0,3,5.00,4.94,0.97,0.97,0.01,0.00,0.00,1.00
366562,NIVEA,Oczyszczanie i demakijaż twarzy - Chusteczki do demakijażu,5.00,6,1.95,4.83,0.92,0.65,30,10,33.33,18,7,6,5,1,1,1,1,0,0,0,0,0,1,0,0,0,0,0,0,1,5.00,4.76,0.88,0.88,,0.00,0.00,1.00
2113711,UZDROVISCO,"Pielęgnacja twarzy - Serum, boostery i esencje",5.00,6,1.95,4.83,219.97,5.40,32,17,53.12,28,7,5,0,0,0,0,1,0,0,0,0,0,0,1,1,0,0,0,1,1,5.00,4.84,0.92,0.92,,0.00,0.00,1.00
2113730,MIYA COSMETICS,Pielęgnacja twarzy - Kremy do twarzy,4.75,8,2.20,4.77,219.96,5.40,19,10,52.63,20,2,1,0,0,0,0,1,1,1,0,0,0,0,0,0,0,0,0,0,6,4.67,4.77,0.89,0.88,0.06,0.00,0.00,1.00
2103266,NIVEA,"Pielęgnacja twarzy - Serum, boostery i esencje",4.58,12,2.56,4.71,223.30,5.41,36,10,27.78,11,0,0,1,1,1,1,0,1,0,0,0,0,0,0,1,0,0,0,0,4,4.25,4.41,0.70,0.93,0.47,0.25,0.00,0.75
199151,BIELENDA,Depilacja twarzy - Plastry i kremy do depilacji,4.47,15,2.77,4.65,10.99,2.48,36,19,52.78,26,4,3,4,0,0,0,1,0,0,0,0,0,1,0,1,0,0,0,0,10,3.90,3.72,0.36,0.35,0.52,0.20,0.30,0.50
2100596,BEBIO COSMETICS,Pielęgnacja ust - Balsamy i pomadki do ust,4.40,35,3.58,4.54,259.80,5.56,12,11,91.67,26,1,0,0,0,0,0,1,0,0,0,0,0,0,0,0,0,0,0,0,9,4.33,4.15,0.57,0.90,0.51,0.22,0.11,0.67
404487,ISANA,"Pielęgnacja twarzy - Serum, boostery i esencje",4.39,23,3.18,4.57,66.63,4.21,9,5,55.56,12,0,0,1,0,0,0,0,0,0,0,0,0,1,0,1,0,0,0,0,10,3.90,4.12,0.56,0.72,0.55,0.10,0.20,0.70
2112301,ESFOLIO,Pielęgnacja twarzy - Maseczki,4.83,30,3.43,4.81,9.16,2.32,27,10,37.04,17,3,2,2,0,1,1,1,0,0,0,0,0,0,0,0,0,0,0,0,10,4.80,4.71,0.85,0.90,0.13,0.00,0.00,1.00
2031156,ESFOLIO,Pielęgnacja twarzy - Maseczki,5.00,9,2.30,4.85,15.16,2.78,21,5,23.81,10,3,2,2,1,1,1,1,0,0,0,0,0,0,0,1,0,0,0,0,6,5.00,4.86,0.93,0.93,0.04,0.00,0.00,1.00
380426,ISANA,Depilacja twarzy - Plastry i kremy do depilacji,3.86,29,3.40,4.24,0.42,0.35,8,3,37.50,9,1,0,0,0,0,0,1,1,0,0,0,0,0,0,0,0,0,0,0,10,3.60,3.97,0.49,0.78,0.57,0.30,0.00,0.70
2113650,KLOO,Oczyszczanie i demakijaż twarzy - Mleczka i emulsje do demakijażu,5.00,2,1.10,4.80,43.49,3.80,18,7,38.89,17,0,1,4,0,0,0,0,0,0,0,0,0,0,0,0,0,0,0,0,1,5.00,4.74,0.87,0.87,,0.00,0.00,1.00
396277,DERMIKA,Pielęgnacja twarzy - Maseczki,4.64,22,3.14,4.71,74.90,4.33,40,20,50.00,30,7,6,4,0,0,0,1,1,0,0,0,0,0,0,1,0,0,1,0,10,4.50,4.60,0.80,0.91,0.29,0.00,0.10,0.90
2125532,QURET,Pielęgnacja ust - Balsamy i pomadki do ust,2.00,1,0.69,4.65,514.00,6.24,15,10,66.67,23,1,0,0,0,0,0,1,0,0,0,1,0,0,0,0,0,0,0,0,2,3.50,3.58,0.29,0.29,0.83,0.50,0.00,0.50
402182,ALTERRA,Tonizowanie twarzy - Toniki do twarzy,4.88,34,3.56,4.84,7.33,2.12,15,7,46.67,17,6,5,0,1,1,1,1,0,0,0,0,0,0,0,0,0,0,0,0,10,4.60,4.55,0.78,0.77,0.19,0.00,0.00,1.00
2113560,BIELENDA PROFESSIONAL,Pielęgnacja twarzy - Kremy do twarzy,5.00,5,1.79,4.83,151.98,5.03,42,14,33.33,20,9,9,3,0,0,0,1,1,1,0,0,0,0,1,1,1,0,0,0,1,5.00,4.65,0.82,0.82,,0.00,0.00,1.00
379435,MISSHA,Pielęgnacja twarzy - Maseczki,4.74,19,3.00,4.76,26.26,3.31,31,19,61.29,25,1,0,0,0,0,0,0,0,0,0,0,0,0,0,1,0,0,0,0,10,4.70,4.60,0.80,0.86,0.16,0.00,0.00,1.00
2078468,BEAUTY OF JOSEON,Pielęgnacja twarzy - Kremy do twarzy,5.00,9,2.30,4.85,58.99,4.09,55,40,72.73,46,0,0,0,0,0,0,0,0,0,0,0,1,1,1,0,0,0,0,0,6,5.00,4.78,0.89,0.89,0.05,0.00,0.00,1.00
2104558,MEDIHEAL,Pielęgnacja twarzy - Maseczki,4.79,14,2.71,4.79,62.45,4.15,64,49,76.56,57,0,1,0,0,0,0,0,0,1,0,1,0,1,0,1,0,0,0,0,8,4.75,4.64,0.82,0.90,0.28,0.00,0.12,0.88
2091836,LIRENE,Oczyszczanie i demakijaż twarzy - Żele i pianki do mycia twarzy,4.78,23,3.18,4.78,16.89,2.88,34,12,35.29,19,3,2,4,0,0,0,1,1,0,0,0,1,0,0,0,0,0,0,1,8,4.88,4.69,0.85,0.91,0.18,0.00,0.00,1.00
420353,NIVEA,Pielęgnacja ust - Balsamy i pomadki do ust,4.83,35,3.58,4.81,278.65,5.63,21,12,57.14,23,3,2,0,0,0,0,0,0,0,0,0,1,0,0,1,1,0,0,0,10,5.00,4.63,0.81,0.88,0.20,0.00,0.00,1.00
2092277,HAGI,Pielęgnacja twarzy - Kremy do twarzy,4.80,5,1.79,4.79,153.98,5.04,42,27,64.29,39,4,3,2,0,0,0,1,1,0,0,1,0,0,0,1,0,0,1,0,3,4.67,4.56,0.78,0.83,0.15,0.00,0.00,1.00
2102064,AA,Pielęgnacja twarzy - Kosmetyki z SPF,4.00,7,2.08,4.58,49.99,3.93,34,10,29.41,14,3,1,0,1,1,1,1,0,1,0,0,0,0,0,1,0,0,0,0,4,3.25,3.78,0.39,0.49,0.58,0.25,0.25,0.50
2128552,AVON,Pielęgnacja ust - Serum i olejki do ust,5.00,2,1.10,4.80,278.43,5.63,24,6,25.00,11,3,1,1,0,0,0,1,1,0,0,0,0,0,0,0,0,0,0,0,2,5.00,4.65,0.82,0.82,0.17,0.00,0.00,1.00
385746,ISANA,Pielęgnacja twarzy - Kremy pod oczy,4.79,33,3.53,4.79,149.93,5.02,22,14,63.64,26,0,0,2,0,0,0,0,0,0,0,0,0,0,1,1,0,0,0,0,10,4.40,4.53,0.76,0.89,0.28,0.00,0.20,0.80
2119572,ISANA,Tonizowanie twarzy - Toniki do twarzy,4.56,9,2.30,4.71,14.49,2.74,10,7,70.00,17,0,0,1,0,0,0,0,0,1,0,0,0,1,0,0,0,0,0,0,3,3.67,3.82,0.41,0.33,0.16,0.00,0.67,0.33
2124531,YOSKINE,Pielęgnacja twarzy - Kremy pod oczy,5.00,3,1.39,4.81,139.97,4.95,37,23,62.16,36,0,0,3,0,0,0,0,1,0,0,0,0,0,0,0,0,0,0,0,1,5.00,4.46,0.73,0.73,,0.00,0.00,1.00
2078506,BEAUTY OF JOSEON,Oczyszczanie i demakijaż twarzy - Oleje i masełka do demakijażu,5.00,6,1.95,4.83,49.99,3.93,20,12,60.00,21,0,0,0,0,0,0,0,0,0,0,0,0,0,0,0,0,0,0,0,2,5.00,4.51,0.76,0.76,0.14,0.00,0.00,1.00
2089930,EVELINE COSMETICS,Pielęgnacja twarzy - Maseczki,4.88,26,3.30,4.84,47.90,3.89,37,22,59.46,30,2,1,2,0,0,0,1,1,1,1,0,1,1,0,0,0,0,1,0,10,4.90,4.80,0.90,0.93,0.07,0.00,0.00,1.00
2102054,AVA LABORATORIUM,Pielęgnacja twarzy - Kremy do twarzy,4.80,10,2.40,4.79,125.98,4.84,35,15,42.86,22,9,8,1,0,0,0,1,0,0,0,0,0,0,1,0,0,0,0,0,8,4.75,4.72,0.86,0.88,0.08,0.00,0.00,1.00
396276,DERMIKA,Pielęgnacja twarzy - Maseczki,4.90,20,3.04,4.84,74.90,4.33,44,24,54.55,36,9,9,3,0,0,0,1,0,0,0,1,0,0,1,0,0,0,1,0,10,4.90,4.80,0.90,0.93,0.11,0.00,0.00,1.00
2092278,HAGI,Pielęgnacja twarzy - Kremy do twarzy,5.00,5,1.79,4.83,153.98,5.04,41,26,63.41,38,4,3,2,0,0,0,1,1,0,0,0,0,1,0,1,0,0,1,0,1,5.00,4.93,0.96,0.96,,0.00,0.00,1.00
2112523,EVELINE COSMETICS,Pielęgnacja ust - Serum i olejki do ust,4.88,8,2.20,4.81,599.80,6.40,29,13,44.83,22,1,0,0,0,0,0,1,1,0,0,0,0,0,0,0,0,0,0,0,1,5.00,4.90,0.95,0.95,,0.00,0.00,1.00
2109269,MIYA COSMETICS,Pielęgnacja ust - Maseczki na usta,4.50,16,2.83,4.66,259.90,5.56,27,19,70.37,33,3,2,1,0,0,0,0,1,0,0,1,0,0,0,1,0,0,0,0,9,4.33,4.19,0.60,0.73,0.34,0.22,0.00,0.78
310621,ISANA,Oczyszczanie i demakijaż twarzy - Chusteczki do demakijażu,4.66,53,3.99,4.69,0.19,0.17,13,3,23.08,8,1,0,2,0,0,0,1,0,0,0,0,0,0,0,0,0,0,0,0,10,4.40,4.07,0.54,0.65,0.38,0.20,0.00,0.80
317776,ISANA,"Pielęgnacja twarzy - Serum, boostery i esencje",5.00,15,2.77,4.88,199.93,5.30,28,9,32.14,14,6,6,2,0,0,0,1,0,0,1,0,1,1,0,0,0,0,0,0,2,5.00,4.88,0.94,0.94,0.03,0.00,0.00,1.00
2126409,TOŁPA,Pielęgnacja twarzy - Kremy do twarzy,5.00,1,0.69,4.79,143.30,4.97,38,13,34.21,20,11,11,2,0,0,0,1,0,0,0,0,0,0,1,0,0,0,0,0,0,,,,,,,,
2103248,YOPE,"Pielęgnacja twarzy - Serum, boostery i esencje",4.87,38,3.66,4.84,133.30,4.90,47,37,78.72,44,1,0,0,0,0,0,0,0,0,0,0,0,0,1,1,1,0,0,1,10,4.90,4.80,0.90,0.93,0.11,0.00,0.00,1.00
2080103,REGENERUM,Pielęgnacja ust - Serum i olejki do ust,4.84,19,3.00,4.81,399.80,5.99,20,10,50.00,20,2,0,0,0,0,0,1,1,0,0,0,0,0,0,0,0,0,0,0,10,4.80,4.64,0.82,0.86,0.15,0.00,0.00,1.00
2102021,AA,Pielęgnacja twarzy - Kremy pod oczy,4.53,19,3.00,4.66,386.60,5.96,50,38,76.00,49,0,0,3,0,0,0,0,0,1,0,1,0,1,0,0,0,0,1,0,8,4.25,4.36,0.68,0.72,0.30,0.12,0.00,0.88
370197,ME+,"Pielęgnacja twarzy - Serum, boostery i esencje",4.71,14,2.71,4.75,96.63,4.58,10,5,50.00,13,0,0,1,0,0,0,0,0,1,0,0,0,0,0,0,0,0,0,0,5,4.20,4.64,0.82,0.87,0.17,0.00,0.00,1.00
2103332,TOŁPA,Pielęgnacja twarzy - Kremy do twarzy,4.61,18,2.94,4.70,107.48,4.69,43,20,46.51,29,8,7,4,0,0,0,1,1,0,0,0,1,0,0,1,0,0,0,0,7,4.00,4.24,0.62,0.91,0.48,0.29,0.00,0.71
366268,ZIAJA,Pielęgnacja twarzy - Kremy do twarzy,4.95,20,3.04,4.87,23.98,3.22,28,17,60.71,25,1,0,1,0,0,0,1,0,0,0,0,1,0,0,1,0,0,0,0,10,4.90,4.57,0.78,0.88,0.32,0.10,0.00,0.90
2121873,AURA HERBALS,Tonizowanie twarzy - Toniki do twarzy,4.40,5,1.79,4.71,7.00,2.08,7,4,57.14,12,0,0,2,0,0,0,0,0,0,0,0,0,0,0,0,0,0,0,0,3,4.00,4.38,0.69,0.84,0.39,0.00,0.33,0.67
2104566,MEDIHEAL,Pielęgnacja twarzy - Maseczki,4.80,10,2.40,4.79,49.96,3.93,52,39,75.00,47,1,0,0,0,0,0,0,0,1,0,1,1,1,0,1,0,0,1,0,7,4.86,4.70,0.85,0.94,0.22,0.00,0.14,0.86
2103267,NIVEA,"Pielęgnacja twarzy - Serum, boostery i esencje",4.86,14,2.71,4.81,223.30,5.41,27,11,40.74,18,5,4,1,0,1,1,1,0,0,0,0,1,0,0,0,0,0,0,0,3,5.00,4.92,0.96,0.96,0.02,0.00,0.00,1.00
2089957,EVELINE COSMETICS,Pielęgnacja twarzy - Maseczki,4.64,11,2.48,4.73,99.86,4.61,34,14,41.18,21,5,4,4,0,0,0,1,1,0,0,0,1,0,0,0,0,0,0,1,6,4.50,4.59,0.79,0.90,0.32,0.00,0.17,0.83
114849,TOŁPA,Pielęgnacja twarzy - Kremy do twarzy,4.71,7,2.08,4.76,94.98,4.56,35,17,48.57,24,2,0,4,0,0,0,1,0,0,0,0,0,1,0,1,0,0,0,0,4,4.50,4.42,0.71,0.73,0.20,0.00,0.00,1.00
2102052,AVA LABORATORIUM,Pielęgnacja twarzy - Kremy do twarzy,4.50,10,2.40,4.69,125.98,4.84,39,19,48.72,27,11,9,1,0,0,0,1,0,0,0,0,0,0,1,0,0,0,0,0,5,4.20,4.61,0.81,0.87,0.19,0.00,0.00,1.00
2081662,HOLIKA HOLIKA,Pielęgnacja twarzy - Maseczki,5.00,4,1.61,4.82,52.13,3.97,30,19,63.33,27,3,4,0,0,0,0,0,0,1,0,0,0,0,0,1,1,0,0,0,2,5.00,4.92,0.96,0.96,0.02,0.00,0.00,1.00
248424,ISANA,Tonizowanie twarzy - Toniki do twarzy,4.45,22,3.14,4.61,5.98,1.94,12,6,50.00,13,1,0,0,1,1,1,1,0,0,0,0,0,0,0,0,0,0,0,0,10,3.90,4.13,0.57,0.71,0.44,0.20,0.00,0.80
2103206,HADA LABO TOKYO,"Pielęgnacja twarzy - Serum, boostery i esencje",5.00,1,0.69,4.79,43.33,3.79,21,12,57.14,23,0,0,2,0,0,0,0,0,0,0,0,0,0,0,1,0,0,0,0,1,5.00,4.80,0.90,0.90,,0.00,0.00,1.00
2100489,YOPE,Oczyszczanie i demakijaż twarzy - Mleczka i emulsje do demakijażu,4.31,36,3.61,4.48,15.66,2.81,35,20,57.14,26,1,0,2,0,0,0,1,0,0,0,1,0,0,0,0,0,0,0,0,10,3.90,4.27,0.63,0.87,0.38,0.10,0.30,0.60
2122342,DERMIKA,Pielęgnacja twarzy - Kremy pod oczy,5.00,2,1.10,4.80,266.60,5.59,38,18,47.37,28,7,6,1,0,1,1,1,0,0,0,0,0,0,0,1,0,0,0,0,2,5.00,4.65,0.83,0.83,0.14,0.00,0.00,1.00
2078550,COSRX,Pielęgnacja twarzy - Kremy do twarzy,5.00,1,0.69,4.79,124.99,4.84,36,20,55.56,33,3,2,0,0,0,0,1,0,1,0,1,0,1,0,1,1,0,0,0,1,5.00,4.94,0.97,0.97,,0.00,0.00,1.00
2126408,TOŁPA,Oczyszczanie i demakijaż twarzy - Żele i pianki do mycia twarzy,4.00,1,0.69,4.75,29.99,3.43,36,14,38.89,23,7,7,3,0,0,0,1,0,0,0,0,0,0,1,0,0,0,0,0,0,,,,,,,,
2112302,MEDIHEAL,Pielęgnacja twarzy - Maseczki,5.00,2,1.10,4.80,58.29,4.08,46,33,71.74,38,4,3,0,0,0,0,0,0,0,0,1,0,1,1,1,0,0,0,0,1,5.00,4.86,0.93,0.93,,0.00,0.00,1.00
349580,MANUFAKTURA PIĘKNA,Oczyszczanie i demakijaż twarzy - Oleje i masełka do demakijażu,4.65,17,2.89,4.72,22.21,3.14,7,4,57.14,11,1,0,0,0,0,0,1,0,0,0,0,0,0,0,0,0,0,0,0,10,4.50,4.29,0.64,0.80,0.41,0.10,0.10,0.80
2078555,COSRX,Tonizowanie twarzy - Toniki do twarzy,4.80,5,1.79,4.79,39.99,3.71,11,8,72.73,18,0,0,0,0,0,0,0,0,0,0,0,0,1,0,0,0,1,0,1,0,,,,,,,,
340617,ALTERRA,"Pielęgnacja twarzy - Serum, boostery i esencje",4.79,19,3.00,4.79,143.27,4.97,9,5,55.56,13,1,0,0,1,1,1,0,0,0,0,0,0,0,0,1,0,0,0,0,8,4.50,4.25,0.63,0.77,0.31,0.12,0.12,0.75
2100435,YOPE,Pielęgnacja ust - Balsamy i pomadki do ust,4.60,10,2.40,4.72,649.67,6.48,23,16,69.57,27,1,0,0,0,0,0,0,1,0,0,0,0,0,0,0,0,0,0,0,6,4.33,4.23,0.61,0.70,0.36,0.17,0.17,0.67
420354,NIVEA,Pielęgnacja ust - Balsamy i pomadki do ust,4.83,23,3.18,4.81,278.65,5.63,24,13,54.17,24,3,3,0,0,0,0,0,1,0,0,0,1,0,0,1,1,0,0,0,10,4.60,4.43,0.72,0.89,0.39,0.10,0.00,0.90
2099575,BIELENDA,Pielęgnacja ust - Balsamy i pomadki do ust,4.54,28,3.37,4.64,134.90,4.91,31,20,64.52,29,2,1,3,0,0,0,1,1,0,0,0,1,0,0,1,0,0,1,0,10,4.00,3.87,0.43,0.66,0.49,0.40,0.00,0.60
385731,ALTERRA,Oczyszczanie i demakijaż twarzy - Płyny do demakijażu,4.70,27,3.33,4.74,7.99,2.20,20,15,75.00,26,1,0,1,0,1,1,0,0,0,0,0,0,0,0,1,0,0,0,0,10,4.60,4.68,0.84,0.88,0.13,0.00,0.00,1.00
2113651,KLOO,"Pielęgnacja twarzy - Serum, boostery i esencje",5.00,10,2.40,4.85,423.30,6.05,31,13,41.94,18,1,0,2,0,0,0,1,1,0,0,0,1,0,1,0,0,0,0,0,4,5.00,4.69,0.85,0.89,0.14,0.00,0.00,1.00
2100449,PHLOV,Pielęgnacja twarzy - Maseczki,5.00,3,1.39,4.81,163.98,5.11,62,45,72.58,56,3,2,0,0,0,0,1,0,0,0,0,0,1,0,1,0,0,0,1,0,,,,,,,,
2103355,YOSKINE,"Pielęgnacja twarzy - Serum, boostery i esencje",4.80,10,2.40,4.79,226.63,5.43,40,21,52.50,31,3,2,2,0,0,0,1,0,0,0,0,0,0,0,0,0,0,0,0,6,4.67,4.34,0.67,0.88,0.52,0.17,0.00,0.83
2083926,AA,Pielęgnacja ust - Maseczki na usta,4.43,14,2.71,4.64,209.90,5.35,21,11,52.38,23,2,0,0,0,0,0,1,1,0,0,0,0,0,0,0,0,0,0,0,10,4.20,4.31,0.66,0.88,0.51,0.20,0.00,0.80
340618,ALTERRA,"Pielęgnacja twarzy - Serum, boostery i esencje",4.71,14,2.71,4.75,143.27,4.97,21,14,66.67,24,3,4,1,0,0,0,0,0,0,0,0,1,0,0,0,0,0,0,0,8,4.75,4.67,0.84,0.85,0.18,0.00,0.00,1.00
2111841,SELFIE PROJECT,Oczyszczanie i demakijaż twarzy - Żele i pianki do mycia twarzy,5.00,3,1.39,4.81,48.32,3.90,19,12,63.16,21,0,0,2,0,0,0,0,0,0,0,0,0,0,0,0,0,0,0,1,2,5.00,4.50,0.75,0.75,0.17,0.00,0.00,1.00
2110743,PERFECTA,Pielęgnacja twarzy - Maseczki,4.83,6,1.95,4.79,72.38,4.30,42,18,42.86,26,12,12,2,0,0,0,1,1,0,0,0,0,0,0,0,1,0,0,0,2,4.50,4.84,0.92,0.92,0.03,0.00,0.00,1.00
2091678,EVELINE COSMETICS,Oczyszczanie i demakijaż twarzy - Oleje i masełka do demakijażu,4.65,23,3.18,4.71,13.79,2.69,46,29,63.04,38,2,1,2,0,0,0,1,1,0,0,1,0,0,1,1,1,0,0,1,10,4.40,4.54,0.77,0.91,0.32,0.00,0.20,0.80
2125273,UZDROVISCO,Oczyszczanie i demakijaż twarzy - Mleczka i emulsje do demakijażu,5.00,1,0.69,4.79,23.33,3.19,34,16,47.06,25,3,3,2,0,0,0,1,0,0,0,1,0,0,0,0,0,0,0,0,0,,,,,,,,
2113529,EVELINE COSMETICS,"Pielęgnacja twarzy - Serum, boostery i esencje",4.90,21,3.09,4.84,126.63,4.85,41,24,58.54,35,6,5,1,0,0,0,1,0,1,1,0,1,1,1,1,0,0,0,0,7,4.86,4.62,0.81,0.82,0.12,0.00,0.00,1.00
2091733,SELFIE PROJECT,"Pielęgnacja twarzy - Serum, boostery i esencje",4.77,13,2.64,4.78,79.97,4.39,13,4,30.77,11,2,1,1,0,0,0,1,0,1,0,0,0,0,0,1,0,0,0,0,9,4.78,4.64,0.82,0.87,0.20,0.00,0.11,0.89
2092321,EVELINE COSMETICS,Pielęgnacja twarzy - Kremy do twarzy,5.00,11,2.48,4.86,59.98,4.11,55,39,70.91,50,5,5,2,0,0,0,1,0,0,0,0,0,0,1,1,1,0,1,1,5,5.00,4.79,0.89,0.87,0.05,0.00,0.00,1.00
2076382,DERMIKA,Pielęgnacja twarzy - Maseczki,4.64,11,2.48,4.73,114.14,4.75,42,22,52.38,34,7,6,1,0,0,0,1,0,0,0,0,0,0,1,0,0,0,1,0,6,4.33,4.03,0.52,0.77,0.66,0.17,0.17,0.67
2103270,NIVEA,"Pielęgnacja twarzy - Serum, boostery i esencje",4.95,22,3.14,4.87,129.97,4.88,15,8,53.33,17,1,0,1,1,1,1,1,1,1,0,0,0,0,0,1,0,0,0,0,6,4.83,4.70,0.85,0.84,0.08,0.00,0.00,1.00
381009,TOŁPA,Pielęgnacja twarzy - Maseczki,4.85,26,3.30,4.82,62.90,4.16,25,11,44.00,20,1,0,3,0,0,0,1,1,0,0,0,0,0,0,0,0,0,0,0,10,4.90,4.72,0.86,0.90,0.18,0.00,0.10,0.90
2115627,E.L.F.,Pielęgnacja ust - Serum i olejki do ust,4.75,4,1.61,4.78,605.13,6.41,27,15,55.56,21,3,4,1,0,0,0,1,1,0,0,0,0,0,0,0,0,0,1,0,1,4.00,4.84,0.92,0.92,,0.00,0.00,1.00
2110469,PERFECTA,Pielęgnacja twarzy - Maseczki,4.33,6,1.95,4.68,72.38,4.30,39,19,48.72,30,8,7,2,0,0,0,1,1,0,0,0,1,0,0,0,0,0,1,0,3,4.00,4.69,0.85,0.81,0.07,0.00,0.00,1.00
406454,ISANA,Pielęgnacja twarzy - Maseczki,4.75,44,3.81,4.76,13.69,2.69,24,11,45.83,21,1,0,2,0,1,1,1,1,0,0,0,0,0,0,0,0,0,0,0,10,4.80,4.70,0.85,0.89,0.12,0.00,0.00,1.00
2102073,MIYA COSMETICS,Oczyszczanie i demakijaż twarzy - Mleczka i emulsje do demakijażu,4.47,17,2.89,4.64,25.33,3.27,18,8,44.44,15,2,1,1,0,0,0,1,0,0,0,0,0,0,0,0,0,0,0,0,8,3.88,3.90,0.45,0.74,0.65,0.25,0.12,0.62
416434,MAX FACTOR,"Pielęgnacja twarzy - Serum, boostery i esencje",4.55,11,2.48,4.70,206.63,5.34,28,8,28.57,16,1,0,0,0,0,0,1,1,1,0,0,1,0,0,1,0,0,0,0,3,4.00,4.72,0.86,0.93,0.12,0.00,0.00,1.00
2089937,EVELINE COSMETICS,Pielęgnacja twarzy - Maseczki,4.86,14,2.71,4.81,52.38,3.98,37,23,62.16,35,2,3,3,0,0,0,0,1,1,0,0,0,1,1,0,0,0,0,0,10,5.00,4.72,0.86,0.88,0.11,0.00,0.00,1.00
366264,ZIAJA,"Pielęgnacja twarzy - Serum, boostery i esencje",4.83,35,3.58,4.81,21.10,3.10,22,12,54.55,24,7,6,1,0,0,0,1,0,0,0,0,1,0,0,1,0,0,0,0,10,5.00,4.77,0.89,0.93,0.11,0.00,0.00,1.00
2124380,ROUTINES,Oczyszczanie i demakijaż twarzy - Żele i pianki do mycia twarzy,5.00,1,0.69,4.79,29.99,3.43,37,20,54.05,29,6,6,1,0,0,0,1,1,1,0,0,0,1,0,0,0,0,0,1,0,,,,,,,,
2110771,EVELINE PRESTIGE,Pielęgnacja twarzy - Maseczki,4.75,4,1.61,4.78,56.12,4.05,78,55,70.51,64,7,6,4,0,0,0,1,1,0,0,0,1,0,1,0,0,0,1,0,2,4.50,4.88,0.94,0.94,0.04,0.00,0.00,1.00
2127010,ISANA,Pielęgnacja twarzy - Płatki pod oczy,4.00,2,1.10,4.71,1.90,1.06,24,12,50.00,21,0,0,1,0,0,0,0,0,0,0,0,0,0,0,1,0,0,0,0,2,4.00,4.12,0.56,0.56,0.18,0.00,0.00,1.00
2128063,MEDICUBE,Pielęgnacja twarzy - Kremy do twarzy,5.00,1,0.69,4.79,29.33,3.41,32,23,71.88,29,0,0,1,0,0,0,0,0,1,0,0,0,0,1,0,0,0,0,0,0,,,,,,,,
419711,ME+,"Pielęgnacja twarzy - Serum, boostery i esencje",4.64,28,3.37,4.70,103.30,4.65,8,7,87.50,18,0,0,0,0,0,0,0,0,0,0,0,1,0,0,0,0,0,1,0,10,4.20,4.30,0.65,0.85,0.47,0.10,0.00,0.90
2124005,BE.MEL,Pielęgnacja twarzy - Kremy do twarzy,5.00,2,1.10,4.80,93.98,4.55,35,20,57.14,28,5,4,1,0,0,0,1,0,1,0,0,0,1,0,0,0,0,1,1,2,5.00,4.91,0.96,0.96,0.06,0.00,0.00,1.00
2102056,AVA LABORATORIUM,Pielęgnacja twarzy - Kremy pod oczy,5.00,10,2.40,4.85,313.27,5.75,34,16,47.06,25,10,8,1,0,0,0,1,0,0,0,0,0,0,1,0,0,0,0,0,4,5.00,4.58,0.79,0.81,0.19,0.00,0.00,1.00
2100149,YOPE,Pielęgnacja ust - Balsamy i pomadki do ust,4.86,14,2.71,4.81,649.67,6.48,18,11,61.11,23,1,0,0,0,0,0,0,1,0,0,0,0,0,0,0,0,0,0,0,7,4.43,4.59,0.79,0.84,0.19,0.00,0.00,1.00
2104648,EFEKTIMA,Pielęgnacja twarzy - Maseczki,4.75,16,2.83,4.77,54.14,4.01,21,11,52.38,22,2,1,3,0,0,0,1,0,0,0,0,0,0,0,1,0,0,0,0,7,5.00,4.72,0.86,0.88,0.12,0.00,0.00,1.00
2129790,ISANA,Oczyszczanie i demakijaż twarzy - Oleje i masełka do demakijażu,5.00,1,0.69,4.79,11.49,2.52,9,7,77.78,17,0,0,0,0,0,0,0,0,0,0,0,0,1,0,0,0,0,1,0,2,5.00,4.80,0.90,0.90,0.07,0.00,0.00,1.00
2103333,TOŁPA,Pielęgnacja twarzy - Kremy do twarzy,4.88,17,2.89,4.83,107.48,4.69,37,15,40.54,26,10,10,2,0,0,0,1,1,0,0,0,1,0,0,0,0,0,1,0,8,5.00,4.73,0.86,0.88,0.08,0.00,0.00,1.00
2113524,EVELINE COSMETICS,Tonizowanie twarzy - Toniki do twarzy,5.00,3,1.39,4.81,10.66,2.46,30,14,46.67,23,4,3,3,0,0,0,1,0,1,0,0,0,1,0,1,0,0,0,0,0,,,,,,,,
2092340,BIELENDA PROFESSIONAL,Tonizowanie twarzy - Esencje i hydrolaty do twarzy,4.63,8,2.20,4.74,31.00,3.47,63,35,55.56,44,8,7,2,0,0,0,1,0,0,0,1,1,1,0,1,1,0,1,1,3,4.00,3.91,0.45,0.97,0.90,0.33,0.00,0.67
2103482,ROUTINES BY ALKMIE,"Pielęgnacja twarzy - Serum, boostery i esencje",4.86,7,2.08,4.80,123.98,4.83,27,16,59.26,27,1,1,2,0,0,0,1,0,0,0,0,1,0,0,0,0,0,0,0,2,4.50,4.41,0.70,0.70,0.19,0.00,0.00,1.00
2123750,MIYA COSMETICS,Tonizowanie twarzy - Toniki do twarzy,5.00,1,0.69,4.79,37.99,3.66,20,10,50.00,20,5,5,4,0,0,0,1,0,1,0,0,0,0,0,0,1,0,0,0,0,,,,,,,,
2103271,NIVEA,"Pielęgnacja twarzy - Serum, boostery i esencje",4.88,24,3.22,4.84,179.93,5.20,15,8,53.33,17,1,0,1,1,1,1,1,1,1,0,0,0,0,0,1,0,0,0,0,9,5.00,4.71,0.86,0.88,0.12,0.00,0.00,1.00
366394,SELFIE PROJECT,Oczyszczanie i demakijaż twarzy - Chusteczki do demakijażu,4.96,25,3.26,4.88,0.55,0.44,18,7,38.89,17,4,3,2,0,0,0,1,0,0,0,0,0,1,0,0,0,0,0,0,10,4.70,4.34,0.67,0.82,0.39,0.10,0.10,0.80
2117097,ISANA,Pielęgnacja ust - Serum i olejki do ust,4.46,13,2.64,4.66,119.90,4.79,8,4,50.00,11,2,1,0,0,0,0,1,0,0,0,0,0,0,0,0,0,0,0,0,10,4.30,4.32,0.66,0.80,0.35,0.10,0.10,0.80
2110741,YOSKINE,Pielęgnacja twarzy - Maseczki,5.00,1,0.69,4.79,79.95,4.39,36,25,69.44,38,3,2,2,0,0,0,1,0,0,0,0,0,0,0,1,0,0,0,0,1,5.00,4.78,0.89,0.89,,0.00,0.00,1.00
2113530,EVELINE COSMETICS,"Pielęgnacja twarzy - Serum, boostery i esencje",4.82,17,2.89,4.80,69.98,4.26,43,25,58.14,35,8,7,3,0,0,0,1,0,0,0,0,1,0,0,1,0,0,1,0,10,4.70,4.58,0.79,0.90,0.20,0.00,0.00,1.00
2031085,NIVEA,Oczyszczanie i demakijaż twarzy - Żele i pianki do mycia twarzy,4.94,16,2.83,4.85,14.33,2.73,12,6,50.00,13,1,0,1,0,0,0,1,0,0,0,0,0,0,0,1,0,0,0,0,9,5.00,4.64,0.82,0.83,0.12,0.00,0.00,1.00
2127443,BIAŁY JELEŃ,Oczyszczanie i demakijaż twarzy - Żele i pianki do mycia twarzy,4.50,2,1.10,4.76,3.40,1.48,15,4,26.67,8,0,0,1,0,0,0,0,0,0,0,0,0,1,0,0,0,0,0,0,1,5.00,3.81,0.41,0.41,,0.00,0.00,1.00
2078487,ROUND LAB,Pielęgnacja twarzy - Kremy do twarzy,5.00,1,0.69,4.79,187.49,5.24,39,26,66.67,34,0,0,0,0,0,0,0,0,0,0,1,0,1,0,1,0,0,0,0,0,,,,,,,,
2124004,BE.MEL,Pielęgnacja twarzy - Kremy do twarzy,5.00,1,0.69,4.79,93.98,4.55,34,18,52.94,26,3,2,1,0,0,0,1,0,0,0,0,0,0,1,0,0,0,1,1,0,,,,,,,,
2103027,CHRISTIAN LAURENT,Pielęgnacja twarzy - Kremy pod oczy,4.68,44,3.81,4.71,253.27,5.54,51,25,49.02,32,11,10,3,0,0,0,1,1,0,0,1,1,0,1,1,0,0,0,0,10,4.20,4.41,0.71,0.77,0.25,0.00,0.20,0.80
2081683,HOLIKA HOLIKA,Pielęgnacja twarzy - Maseczki,5.00,2,1.10,4.80,52.13,3.97,30,18,60.00,23,5,6,0,0,0,0,0,0,0,0,0,0,0,0,1,1,0,0,0,1,5.00,4.47,0.73,0.73,,0.00,0.00,1.00
2091682,EVELINE COSMETICS,Oczyszczanie i demakijaż twarzy - Żele i pianki do mycia twarzy,4.86,7,2.08,4.80,15.33,2.79,43,31,72.09,40,2,1,2,0,0,0,1,0,0,0,0,0,0,1,1,1,0,0,1,3,5.00,4.26,0.63,0.92,0.56,0.33,0.00,0.67
2110819,BIOTANIQE,Pielęgnacja twarzy - Maseczki,4.50,6,1.95,4.72,93.62,4.55,28,12,42.86,21,5,4,1,0,0,0,1,1,0,0,0,0,0,0,1,0,0,0,0,2,4.00,4.15,0.57,0.57,0.53,0.00,0.50,0.50
2078471,TOCOBO,Pielęgnacja twarzy - Kosmetyki z SPF,5.00,2,1.10,4.80,118.98,4.79,38,22,57.89,26,1,0,0,0,0,0,1,0,1,0,0,0,0,0,1,0,0,0,0,0,,,,,,,,
2089921,EVELINE COSMETICS,Oczyszczanie i demakijaż twarzy - Peelingi do twarzy,5.00,16,2.83,4.88,34.88,3.58,20,8,40.00,16,3,2,1,0,0,0,1,0,0,0,0,0,0,0,0,0,0,0,0,10,5.00,4.71,0.86,0.91,0.18,0.00,0.10,0.90
2085453,EFEKTIMA,Pielęgnacja twarzy - Płatki pod oczy,5.00,5,1.79,4.83,14.99,2.77,1,0,0.00,0,0,0,0,0,0,0,0,0,0,0,0,0,0,0,0,0,0,0,0,4,5.00,4.64,0.82,0.83,0.11,0.00,0.00,1.00
2110744,PERFECTA,Pielęgnacja twarzy - Maseczki,4.80,10,2.40,4.79,72.38,4.30,41,18,43.90,27,10,10,3,0,0,0,1,1,0,0,0,0,0,0,0,0,0,0,0,4,4.75,4.65,0.83,0.90,0.17,0.00,0.00,1.00
2115710,E.L.F.,Pielęgnacja ust - Serum i olejki do ust,4.00,4,1.61,4.65,605.13,6.41,21,12,57.14,21,1,0,1,0,0,0,1,1,0,0,0,0,0,0,0,0,0,1,0,3,3.67,3.96,0.48,0.32,0.41,0.00,0.67,0.33
2123827,ISANA,Pielęgnacja twarzy - Maseczki,4.83,6,1.95,4.79,6.29,1.99,13,9,69.23,19,0,0,0,0,0,0,0,0,0,0,0,0,0,0,1,1,0,0,0,5,5.00,4.73,0.86,0.87,0.12,0.00,0.00,1.00
393514,VITAMIN E,Pielęgnacja twarzy - Kremy pod oczy,4.84,19,3.00,4.81,59.93,4.11,35,20,57.14,28,0,0,1,1,1,1,0,0,0,1,0,0,0,0,0,0,0,1,0,10,4.80,4.54,0.77,0.89,0.30,0.10,0.10,0.80
385767,ALTERRA,Oczyszczanie i demakijaż twarzy - Peelingi do twarzy,4.93,15,2.77,4.85,15.58,2.81,21,12,57.14,20,3,1,0,0,1,1,1,0,0,0,0,0,0,0,0,0,0,0,0,8,4.88,4.50,0.75,0.78,0.22,0.00,0.12,0.88
2100487,YOPE,"Pielęgnacja twarzy - Serum, boostery i esencje",4.85,20,3.04,4.82,133.30,4.90,49,28,57.14,38,0,1,4,0,0,0,0,0,0,0,1,0,0,0,0,0,0,0,1,10,4.70,4.55,0.77,0.86,0.28,0.00,0.20,0.80
2089931,EVELINE COSMETICS,Pielęgnacja twarzy - Maseczki,4.86,21,3.09,4.82,47.90,3.89,37,24,64.86,33,3,1,1,0,0,0,1,0,1,1,0,1,1,0,1,0,0,1,0,10,4.90,4.78,0.89,0.91,0.10,0.00,0.00,1.00
2102020,AA,"Pielęgnacja twarzy - Serum, boostery i esencje",4.85,13,2.64,4.81,239.97,5.48,53,35,66.04,50,13,13,1,0,0,0,1,0,0,0,1,0,0,0,0,1,0,1,0,2,5.00,4.71,0.85,0.85,0.16,0.00,0.00,1.00
2077564,AA,Pielęgnacja twarzy - Kremy do twarzy,4.95,19,3.00,4.86,97.98,4.59,28,18,64.29,27,1,0,0,0,0,0,1,0,0,0,0,1,0,0,1,0,0,1,0,8,4.88,4.65,0.83,0.87,0.12,0.00,0.00,1.00
2125308,UZDROVISCO,Oczyszczanie i demakijaż twarzy - Płyny do demakijażu,4.20,5,1.79,4.67,14.99,2.77,21,12,57.14,23,1,0,0,0,0,0,1,0,0,0,0,0,0,0,1,0,0,0,1,2,3.50,4.55,0.78,0.78,0.30,0.00,0.00,1.00
366188,NAM,Pielęgnacja ust - Maseczki na usta,5.00,14,2.71,4.87,253.27,5.54,42,22,52.38,29,4,2,1,0,0,0,0,1,0,0,0,1,0,1,1,0,0,0,0,8,5.00,4.64,0.82,0.91,0.25,0.00,0.12,0.88
370199,ME+,"Pielęgnacja twarzy - Serum, boostery i esencje",5.00,6,1.95,4.83,103.30,4.65,12,5,41.67,14,0,0,1,0,0,0,0,0,0,0,0,0,0,0,0,0,0,0,0,2,5.00,4.74,0.87,0.87,0.06,0.00,0.00,1.00
385737,ISANA,Pielęgnacja twarzy - Kremy pod oczy,4.61,28,3.37,4.68,66.60,4.21,24,17,70.83,28,0,0,1,0,0,0,0,0,0,0,0,1,1,0,1,0,0,0,0,10,4.60,4.41,0.71,0.83,0.27,0.00,0.20,0.80
2124002,BE.MEL,"Pielęgnacja twarzy - Serum, boostery i esencje",5.00,2,1.10,4.80,149.97,5.02,27,15,55.56,24,4,3,1,0,0,0,1,0,0,0,0,0,0,1,1,0,0,0,1,2,5.00,4.89,0.94,0.94,0.01,0.00,0.00,1.00
2122093,AA LAAB,Pielęgnacja ust - Maseczki na usta,1.00,1,0.69,4.60,199.93,5.30,42,26,61.90,34,1,0,2,0,0,0,0,1,0,0,1,0,0,1,0,0,0,0,1,1,1.00,2.57,-0.21,-0.21,,1.00,0.00,0.00
2104557,MEDIHEAL,Pielęgnacja twarzy - Maseczki,4.90,10,2.40,4.82,62.45,4.15,34,24,70.59,32,1,0,0,0,0,0,0,0,1,0,0,0,1,0,1,1,0,0,0,6,5.00,4.34,0.67,0.76,0.29,0.00,0.17,0.83
2115440,E.L.F.,Pielęgnacja ust - Serum i olejki do ust,5.00,4,1.61,4.82,605.13,6.41,23,10,43.48,16,1,0,1,0,0,0,1,1,0,0,0,0,0,0,0,0,0,1,0,3,5.00,4.55,0.78,0.93,0.31,0.00,0.00,1.00
2124417,RESIBO,Pielęgnacja twarzy - Kremy do twarzy,5.00,1,0.69,4.79,159.97,5.08,32,19,59.38,28,3,2,2,0,0,0,1,0,0,0,0,0,0,1,1,0,0,0,0,2,4.50,4.68,0.84,0.84,0.15,0.00,0.00,1.00
366263,ZIAJA,Pielęgnacja twarzy - Kremy do twarzy,4.85,13,2.64,4.81,23.98,3.22,28,14,50.00,24,6,5,1,0,0,0,1,1,0,0,0,0,0,0,0,0,0,0,0,10,4.90,4.69,0.84,0.88,0.14,0.00,0.00,1.00
2112072,BEBIO COSMETICS,Pielęgnacja twarzy - Maseczki,4.33,6,1.95,4.68,37.90,3.66,19,7,36.84,15,2,2,2,0,0,0,1,0,0,0,0,0,0,0,1,0,0,0,0,4,4.25,4.82,0.91,0.94,0.07,0.00,0.00,1.00
2123747,MIYA COSMETICS,"Pielęgnacja twarzy - Serum, boostery i esencje",5.00,1,0.69,4.79,99.98,4.61,31,13,41.94,25,3,3,4,0,0,0,1,1,0,0,0,1,0,0,0,0,0,1,0,0,,,,,,,,
2119705,IWOSTIN,Oczyszczanie i demakijaż twarzy - Żele i pianki do mycia twarzy,5.00,2,1.10,4.80,20.00,3.04,26,10,38.46,14,1,0,4,0,0,0,1,0,0,0,0,0,0,0,0,0,0,0,1,0,,,,,,,,
2081676,HOLIKA HOLIKA,Pielęgnacja twarzy - Maseczki,5.00,2,1.10,4.80,52.13,3.97,28,16,57.14,22,3,3,0,0,0,0,0,0,0,0,0,0,1,0,0,1,0,0,0,0,,,,,,,,
348671,MANUFAKTURA PIĘKNA,"Pielęgnacja twarzy - Serum, boostery i esencje",5.00,8,2.20,4.84,159.97,5.08,11,8,72.73,21,5,4,0,0,0,0,0,0,0,0,0,0,0,0,0,0,0,1,0,3,5.00,4.45,0.72,0.89,0.34,0.00,0.33,0.67
2083010,SKIN1004,Pielęgnacja twarzy - Kremy pod oczy,5.00,2,1.10,4.80,309.95,5.74,46,30,65.22,39,0,0,0,0,0,0,0,0,1,0,1,0,1,1,1,1,0,1,0,0,,,,,,,,
132393,ISANA,Oczyszczanie i demakijaż twarzy - Chusteczki do demakijażu,4.60,43,3.78,4.66,0.19,0.17,14,4,28.57,11,1,0,4,0,0,0,1,0,0,0,0,0,0,0,0,0,0,0,0,10,4.40,4.40,0.70,0.81,0.46,0.10,0.00,0.90
2100580,LOVELY,Pielęgnacja ust - Serum i olejki do ust,4.91,33,3.53,4.86,716.33,6.58,28,7,25.00,15,7,5,0,0,0,0,1,1,0,0,0,0,0,0,0,0,0,1,0,10,5.00,4.61,0.80,0.81,0.16,0.00,0.00,1.00
381203,BARONESS,Pielęgnacja twarzy - Maseczki,4.79,14,2.71,4.79,3.69,1.55,23,10,43.48,18,1,0,2,0,1,1,1,0,0,0,0,0,1,0,1,1,0,0,0,9,4.67,4.66,0.83,0.87,0.16,0.00,0.00,1.00
2113710,UZDROVISCO,Pielęgnacja twarzy - Kremy pod oczy,5.00,3,1.39,4.81,446.60,6.10,34,20,58.82,28,1,0,0,0,0,0,0,0,0,0,0,0,0,1,1,0,0,0,0,0,,,,,,,,
2095371,MAX FACTOR,Pielęgnacja ust - Balsamy i pomadki do ust,4.63,8,2.20,4.74,499.92,6.22,37,17,45.95,24,6,6,0,0,0,0,1,1,0,0,0,0,0,1,1,0,0,1,1,3,4.67,4.59,0.80,0.95,0.31,0.00,0.00,1.00
2113534,TOŁPA,"Pielęgnacja twarzy - Serum, boostery i esencje",4.71,7,2.08,4.76,113.30,4.74,16,8,50.00,19,0,0,2,0,0,0,0,0,0,0,0,0,0,0,1,0,0,0,0,2,4.00,4.86,0.93,0.93,0.02,0.00,0.00,1.00
2104653,BIOTANIQE,Pielęgnacja twarzy - Maseczki,5.00,2,1.10,4.80,13.49,2.67,40,24,60.00,35,0,0,2,0,0,0,0,1,0,0,0,0,0,0,1,0,0,0,0,1,5.00,4.52,0.76,0.76,,0.00,0.00,1.00
2092276,HAGI,Pielęgnacja twarzy - Kremy do twarzy,5.00,3,1.39,4.81,153.98,5.04,36,17,47.22,28,4,3,2,0,0,0,1,1,0,0,0,0,0,0,1,0,0,0,0,2,5.00,4.88,0.94,0.94,0.04,0.00,0.00,1.00
2090172,SKIN627,Pielęgnacja twarzy - Maseczki,4.88,8,2.20,4.81,13.59,2.68,25,13,52.00,24,1,0,1,0,1,1,1,0,0,0,0,0,0,1,1,0,0,0,0,4,4.75,4.77,0.88,0.93,0.14,0.00,0.00,1.00
2124669,PERFECTA,"Pielęgnacja twarzy - Serum, boostery i esencje",5.00,1,0.69,4.79,98.30,4.60,45,19,42.22,29,11,11,1,0,0,0,1,1,1,0,0,1,1,0,0,0,0,0,0,1,5.00,4.90,0.95,0.95,,0.00,0.00,1.00
2108501,VT COSMETICS,"Pielęgnacja twarzy - Serum, boostery i esencje",5.00,1,0.69,4.79,599.97,6.40,43,34,79.07,43,0,0,0,0,0,0,0,0,1,0,0,0,0,0,1,1,0,0,0,1,5.00,4.92,0.96,0.96,,0.00,0.00,1.00
356855,BIOTANIQE,Oczyszczanie i demakijaż twarzy - Chusteczki do demakijażu,5.00,9,2.30,4.85,0.40,0.34,16,7,43.75,16,1,0,2,0,0,0,1,0,0,0,0,0,1,0,0,0,0,0,0,4,4.75,4.50,0.75,0.86,0.30,0.00,0.25,0.75
348669,MANUFAKTURA PIĘKNA,Tonizowanie twarzy - Esencje i hydrolaty do twarzy,4.82,11,2.48,4.80,29.99,3.43,3,1,33.33,3,0,1,2,0,0,0,0,0,0,0,0,0,0,0,0,0,0,0,0,4,5.00,4.83,0.91,0.92,0.05,0.00,0.00,1.00
2092342,BIELENDA PROFESSIONAL,Tonizowanie twarzy - Esencje i hydrolaty do twarzy,4.83,12,2.56,4.80,26.50,3.31,19,9,47.37,22,5,4,1,0,0,0,1,0,1,0,0,0,0,0,1,1,0,0,0,4,4.50,4.17,0.59,0.83,0.57,0.25,0.00,0.75
2113652,KLOO,Pielęgnacja twarzy - Kremy do twarzy,5.00,1,0.69,4.79,253.98,5.54,33,13,39.39,17,1,0,3,0,0,0,1,1,0,0,0,1,0,0,1,1,0,1,0,0,,,,,,,,
2103213,HADA LABO TOKYO,"Pielęgnacja twarzy - Serum, boostery i esencje",4.97,37,3.64,4.90,239.97,5.48,21,16,76.19,26,0,0,0,0,0,0,0,0,0,0,0,1,0,0,1,0,0,1,0,10,5.00,4.80,0.90,0.92,0.08,0.00,0.00,1.00
2115635,E.L.F.,Pielęgnacja ust - Balsamy i pomadki do ust,5.00,3,1.39,4.81,306.60,5.73,35,15,42.86,22,2,0,0,0,0,0,1,1,0,0,0,0,0,0,1,0,0,0,0,3,5.00,4.80,0.90,0.94,0.11,0.00,0.00,1.00
2112450,LOVELY,Pielęgnacja ust - Serum i olejki do ust,5.00,5,1.79,4.83,716.33,6.58,26,7,26.92,15,6,5,0,0,0,0,1,1,0,0,0,0,0,0,0,0,0,1,0,1,5.00,4.75,0.88,0.88,,0.00,0.00,1.00
2078505,BEAUTY OF JOSEON,Pielęgnacja twarzy - Maseczki,4.88,8,2.20,4.81,47.96,3.89,28,18,64.29,28,1,0,0,0,0,0,0,0,1,0,0,0,1,0,1,1,0,0,0,2,5.00,4.65,0.83,0.83,0.13,0.00,0.00,1.00
402181,ALTERRA,"Pielęgnacja twarzy - Serum, boostery i esencje",4.36,14,2.71,4.61,58.30,4.08,13,9,69.23,22,5,4,0,0,0,0,1,0,0,0,0,0,0,0,0,0,0,0,0,8,4.12,4.42,0.71,0.73,0.18,0.00,0.00,1.00
2123719,BIOTANIQE,Oczyszczanie i demakijaż twarzy - Chusteczki do demakijażu,5.00,2,1.10,4.80,0.42,0.35,20,10,50.00,19,3,2,2,0,0,0,1,0,0,0,0,0,1,0,0,0,0,0,0,0,,,,,,,,
2078554,COSRX,Tonizowanie twarzy - Toniki do twarzy,5.00,1,0.69,4.79,79.99,4.39,10,7,70.00,18,0,0,0,0,0,0,0,0,1,0,0,0,1,0,1,0,1,0,0,1,5.00,4.85,0.93,0.93,,0.00,0.00,1.00
2103030,CHRISTIAN LAURENT,"Pielęgnacja twarzy - Serum, boostery i esencje",4.95,39,3.69,4.89,159.97,5.08,56,25,44.64,35,12,11,2,0,0,0,1,1,1,0,1,1,0,1,1,0,1,0,0,10,5.00,4.74,0.87,0.89,0.10,0.00,0.00,1.00
385766,ALTERRA,Oczyszczanie i demakijaż twarzy - Żele i pianki do mycia twarzy,4.70,10,2.40,4.75,8.79,2.28,17,7,41.18,13,4,3,0,0,1,1,1,0,0,0,0,0,0,0,0,0,0,0,0,5,4.40,4.28,0.64,0.95,0.68,0.20,0.00,0.80
349584,MANUFAKTURA PIĘKNA,Oczyszczanie i demakijaż twarzy - Oleje i masełka do demakijażu,4.83,6,1.95,4.79,22.21,3.14,7,4,57.14,11,1,0,0,0,0,0,1,0,0,0,0,0,0,0,0,0,0,0,0,5,4.80,4.44,0.72,0.70,0.09,0.00,0.00,1.00
2128550,AVON,Pielęgnacja ust - Serum i olejki do ust,5.00,1,0.69,4.79,278.43,5.63,24,6,25.00,11,3,1,1,0,0,0,1,1,0,0,0,0,0,0,0,0,0,0,0,0,,,,,,,,
2110770,EVELINE COSMETICS,Oczyszczanie i demakijaż twarzy - Peelingi do twarzy,4.71,7,2.08,4.76,34.88,3.58,29,20,68.97,29,2,1,0,0,0,0,1,0,0,0,0,1,0,0,0,0,0,0,0,5,4.80,4.71,0.85,0.86,0.11,0.00,0.00,1.00
2043022,OPHARM,Oczyszczanie i demakijaż twarzy - Chusteczki do demakijażu,4.91,22,3.14,4.85,0.20,0.18,11,4,36.36,10,1,0,2,0,0,0,1,0,0,0,0,0,1,0,0,0,0,0,0,10,5.00,4.64,0.82,0.85,0.17,0.00,0.10,0.90
2115632,E.L.F.,Pielęgnacja ust - Serum i olejki do ust,5.00,4,1.61,4.82,605.13,6.41,23,10,43.48,16,1,0,1,0,0,0,1,1,0,0,0,0,0,0,0,0,0,1,0,1,5.00,4.99,1.00,1.00,,0.00,0.00,1.00
2102417,MAYBELLINE NEW YORK,Pielęgnacja ust - Balsamy i pomadki do ust,4.79,19,3.00,4.79,1535.36,7.34,45,20,44.44,28,4,4,1,0,0,0,1,1,0,0,0,0,0,0,1,0,0,1,0,6,4.67,4.61,0.80,0.90,0.28,0.00,0.17,0.83
2118891,ALTERRA,Pielęgnacja twarzy - Kremy do twarzy,4.00,10,2.40,4.52,26.98,3.33,27,21,77.78,32,0,0,2,1,1,1,0,0,0,0,0,1,0,1,1,0,0,0,1,7,3.14,3.94,0.47,0.54,0.33,0.14,0.29,0.57
411639,BIELENDA PROFESSIONAL,Pielęgnacja twarzy - Kremy do twarzy,4.85,13,2.64,4.81,109.98,4.71,41,20,48.78,27,4,4,4,0,0,0,1,0,0,0,0,1,0,0,0,0,0,1,0,5,4.80,4.56,0.78,0.85,0.19,0.00,0.00,1.00
366551,ALTERRA,Oczyszczanie i demakijaż twarzy - Żele i pianki do mycia twarzy,4.57,14,2.71,4.69,11.33,2.51,14,4,28.57,9,4,3,0,0,1,1,1,0,0,0,0,0,0,0,0,0,0,0,0,10,4.60,4.54,0.77,0.87,0.33,0.10,0.00,0.90
2105036,SOME BY MI,"Pielęgnacja twarzy - Serum, boostery i esencje",5.00,1,0.69,4.79,293.30,5.68,66,50,75.76,58,1,0,0,0,0,0,1,0,1,1,1,0,1,1,0,1,0,0,0,0,,,,,,,,
2126418,TOŁPA,Oczyszczanie i demakijaż twarzy - Mleczka i emulsje do demakijażu,5.00,1,0.69,4.79,21.24,3.10,31,15,48.39,24,3,3,3,0,0,0,1,0,0,0,0,0,0,0,0,0,0,1,1,0,,,,,,,,
349629,MANUFAKTURA PIĘKNA,Tonizowanie twarzy - Esencje i hydrolaty do twarzy,4.50,12,2.56,4.68,19.99,3.04,3,1,33.33,3,0,0,1,0,0,0,0,0,0,0,0,0,0,0,0,0,0,0,0,6,4.00,4.23,0.62,0.74,0.34,0.00,0.33,0.67
2090194,UZDROVISCO,Pielęgnacja twarzy - Maseczki,4.89,18,2.94,4.83,94.90,4.56,30,18,60.00,26,2,0,1,0,0,0,1,0,0,0,0,0,0,0,1,0,0,0,0,7,4.43,4.38,0.69,0.93,0.52,0.14,0.00,0.86
393504,VITAMIN E,Pielęgnacja twarzy - Kremy do twarzy,4.88,17,2.89,4.83,9.99,2.40,37,23,62.16,34,4,3,1,1,1,1,1,0,0,1,0,0,0,0,0,0,0,0,1,9,4.78,4.58,0.79,0.89,0.32,0.11,0.00,0.89
2102078,MIYA COSMETICS,Pielęgnacja twarzy - Kremy pod oczy,4.87,23,3.18,4.83,226.60,5.43,19,10,52.63,20,0,0,3,0,0,0,0,0,0,0,0,0,0,1,0,0,0,0,0,9,4.67,4.64,0.82,0.83,0.14,0.00,0.00,1.00
2123873,SELFIE PROJECT,Oczyszczanie i demakijaż twarzy - Żele i pianki do mycia twarzy,4.00,1,0.69,4.75,10.99,2.48,23,8,34.78,16,3,2,2,0,0,0,1,1,0,0,0,0,1,0,0,1,0,0,0,1,4.00,2.27,-0.37,-0.37,,1.00,0.00,0.00
2103026,CHRISTIAN LAURENT,Pielęgnacja twarzy - Kremy do twarzy,4.88,96,4.57,4.86,93.98,4.55,59,30,50.85,38,15,14,2,0,0,0,1,0,0,0,1,1,0,1,1,0,0,1,0,9,4.89,4.82,0.91,0.91,0.04,0.00,0.00,1.00
2078490,ROUND LAB,Tonizowanie twarzy - Toniki do twarzy,5.00,2,1.10,4.80,37.49,3.65,16,9,56.25,19,0,0,0,0,0,0,0,0,0,0,0,0,1,0,0,0,0,0,0,1,5.00,4.50,0.75,0.75,,0.00,0.00,1.00
2100571,LOVELY,Pielęgnacja ust - Balsamy i pomadki do ust,4.78,9,2.30,4.78,199.90,5.30,33,11,33.33,18,7,5,1,0,0,0,1,1,0,0,0,0,0,0,0,0,0,0,0,5,4.80,4.75,0.87,0.92,0.11,0.00,0.00,1.00
385784,ISANA,Pielęgnacja twarzy - Kremy pod oczy,4.82,17,2.89,4.80,106.60,4.68,34,23,67.65,34,0,1,3,0,0,0,0,0,0,1,0,1,0,1,1,0,0,0,0,9,4.78,4.28,0.64,0.70,0.32,0.11,0.00,0.89
2112073,BEBIO COSMETICS,Pielęgnacja twarzy - Maseczki,5.00,3,1.39,4.81,37.90,3.66,29,18,62.07,30,3,2,2,0,0,0,1,1,1,0,0,1,0,0,0,0,0,0,0,1,5.00,4.95,0.98,0.98,,0.00,0.00,1.00
2080566,COSRX,Pielęgnacja twarzy - Kremy do twarzy,5.00,1,0.69,4.79,119.98,4.80,18,11,61.11,21,0,0,1,0,0,0,0,0,0,0,0,0,1,0,1,0,0,0,0,0,,,,,,,,
2102415,MAYBELLINE NEW YORK,Pielęgnacja ust - Balsamy i pomadki do ust,4.91,11,2.48,4.83,1535.36,7.34,45,20,44.44,28,4,4,1,0,0,0,1,1,0,0,0,0,0,0,1,0,0,1,0,2,4.50,4.57,0.79,0.79,0.23,0.00,0.00,1.00
2103039,EVELINE COSMETICS,Oczyszczanie i demakijaż twarzy - Żele i pianki do mycia twarzy,4.96,23,3.18,4.88,11.42,2.52,32,17,53.12,21,3,2,1,0,0,0,1,0,0,0,0,0,1,0,0,0,0,0,0,10,5.00,4.52,0.76,0.85,0.25,0.00,0.10,0.90
2113740,VEOLI BOTANICA,Pielęgnacja twarzy - Kremy do twarzy,5.00,8,2.20,4.84,93.32,4.55,25,16,64.00,22,0,0,0,0,0,0,0,0,0,0,0,0,1,0,1,0,0,0,1,7,5.00,4.80,0.90,0.91,0.06,0.00,0.00,1.00
402180,ALTERRA,Pielęgnacja twarzy - Kremy pod oczy,4.89,9,2.30,4.82,119.93,4.80,25,14,56.00,24,0,0,2,0,1,1,0,0,0,0,0,0,0,0,0,0,0,0,0,3,5.00,4.66,0.83,0.83,0.08,0.00,0.00,1.00
2103210,GARNIER,"Pielęgnacja twarzy - Serum, boostery i esencje",4.71,7,2.08,4.76,29.99,3.43,16,8,50.00,16,1,0,0,0,0,0,1,0,0,0,0,0,1,0,1,0,0,0,0,3,4.67,4.74,0.87,0.92,0.11,0.00,0.00,1.00
2100568,LOVELY,Pielęgnacja ust - Serum i olejki do ust,4.43,14,2.71,4.64,316.50,5.76,33,16,48.48,22,9,8,1,0,0,0,1,1,0,0,0,0,0,0,0,0,0,0,0,5,3.80,4.06,0.53,0.67,0.45,0.20,0.00,0.80
2082989,SKIN1004,"Pielęgnacja twarzy - Serum, boostery i esencje",5.00,1,0.69,4.79,129.97,4.88,26,18,69.23,30,0,0,0,0,0,0,0,0,1,0,0,1,1,0,0,1,0,0,0,0,,,,,,,,
2119674,IWOSTIN,Pielęgnacja twarzy - Kosmetyki z SPF,5.00,1,0.69,4.79,149.98,5.02,45,22,48.89,25,0,0,2,0,0,0,0,1,0,0,0,1,0,0,0,0,0,0,0,0,,,,,,,,
2124638,LALARECIPE,"Pielęgnacja twarzy - Serum, boostery i esencje",5.00,1,0.69,4.79,77.41,4.36,67,51,76.12,58,2,1,0,0,0,0,1,0,1,1,0,0,0,1,1,1,0,0,0,0,,,,,,,,
2091835,LIRENE,Pielęgnacja twarzy - Kremy do twarzy,4.86,7,2.08,4.80,45.98,3.85,22,8,36.36,17,3,1,2,0,0,0,1,1,0,0,0,0,0,0,1,1,0,0,0,5,4.80,4.79,0.90,0.94,0.07,0.00,0.00,1.00
2112524,EVELINE COSMETICS,Pielęgnacja ust - Serum i olejki do ust,5.00,4,1.61,4.82,599.80,6.40,29,13,44.83,22,1,0,0,0,0,0,1,1,0,0,0,0,0,0,0,0,0,0,0,0,,,,,,,,
2091581,BIODERMA,Oczyszczanie i demakijaż twarzy - Płyny do demakijażu,5.00,7,2.08,4.84,16.00,2.83,10,6,60.00,15,0,0,1,0,0,0,0,0,0,0,0,0,0,0,0,0,0,0,0,2,5.00,4.31,0.65,0.65,0.25,0.00,0.00,1.00
2064000,FLOSLEK LABORATORIUM,Pielęgnacja twarzy - Kremy do twarzy,5.00,5,1.79,4.83,87.98,4.49,43,24,55.81,35,5,3,3,0,0,0,1,0,1,0,0,0,0,0,0,0,0,1,0,3,5.00,4.80,0.90,0.88,0.03,0.00,0.00,1.00
2115623,E.L.F.,Pielęgnacja ust - Serum i olejki do ust,5.00,2,1.10,4.80,605.13,6.41,24,11,45.83,17,1,0,1,0,0,0,1,1,0,0,0,0,0,0,0,0,0,1,0,0,,,,,,,,
2115625,E.L.F.,Pielęgnacja ust - Serum i olejki do ust,5.00,4,1.61,4.82,605.13,6.41,26,13,50.00,21,1,0,1,0,0,0,1,1,0,0,0,0,0,0,0,0,0,1,0,2,5.00,4.63,0.82,0.82,0.04,0.00,0.00,1.00
2100581,LOVELY,Pielęgnacja ust - Serum i olejki do ust,4.70,10,2.40,4.75,716.33,6.58,28,7,25.00,15,7,5,0,0,0,0,1,1,0,0,0,0,0,0,0,0,0,1,0,1,3.00,4.21,0.60,0.60,,0.00,0.00,1.00
328773,MISSHA,Pielęgnacja twarzy - Maseczki,5.00,22,3.14,4.90,26.26,3.31,32,20,62.50,26,4,2,0,0,0,0,0,0,0,0,0,0,0,0,1,0,0,0,0,9,5.00,4.86,0.93,0.94,0.05,0.00,0.00,1.00
2104852,NIVEA SUN,Pielęgnacja twarzy - Kosmetyki z SPF,4.92,13,2.64,4.84,183.30,5.22,37,10,27.03,11,0,0,1,1,1,1,0,1,0,0,0,0,0,0,1,0,0,0,0,8,5.00,4.82,0.91,0.94,0.09,0.00,0.00,1.00
2104647,EFEKTIMA,Pielęgnacja twarzy - Maseczki,4.90,10,2.40,4.82,54.14,4.01,30,17,56.67,28,3,2,3,0,0,0,1,0,0,0,1,0,0,0,0,0,0,0,0,6,4.83,4.90,0.95,0.97,0.04,0.00,0.00,1.00
2112526,EVELINE COSMETICS,Pielęgnacja ust - Serum i olejki do ust,5.00,3,1.39,4.81,599.80,6.40,29,13,44.83,22,1,0,0,0,0,0,1,1,0,0,0,0,0,0,0,0,0,0,0,1,5.00,4.74,0.87,0.87,,0.00,0.00,1.00
2113647,KLOO,Pielęgnacja twarzy - Kremy do twarzy,5.00,3,1.39,4.81,253.98,5.54,32,14,43.75,18,2,0,2,0,0,0,1,0,0,0,1,1,0,0,0,0,0,1,0,1,5.00,4.85,0.92,0.92,,0.00,0.00,1.00
2110103,YOUR KAYA,Pielęgnacja ust - Serum i olejki do ust,4.75,4,1.61,4.78,259.90,5.56,16,4,25.00,9,3,3,0,0,0,0,1,1,0,0,0,0,0,0,0,0,0,0,0,3,3.67,4.33,0.66,0.94,0.52,0.33,0.00,0.67
2126412,TOŁPA,Pielęgnacja twarzy - Kremy do twarzy,5.00,1,0.69,4.79,199.97,5.30,38,17,44.74,27,11,10,2,0,0,0,1,0,0,0,0,0,0,1,0,0,0,0,0,1,5.00,4.81,0.90,0.90,,0.00,0.00,1.00
2087486,STARS,Pielęgnacja ust - Serum i olejki do ust,4.79,14,2.71,4.79,281.12,5.64,18,6,33.33,14,2,0,1,0,0,0,1,1,0,0,0,0,0,0,0,0,0,0,0,5,4.80,4.85,0.92,0.93,0.04,0.00,0.00,1.00
2124068,AA,Pielęgnacja twarzy - Kremy do twarzy,5.00,2,1.10,4.80,129.98,4.88,48,31,64.58,42,1,0,3,0,0,0,1,0,0,0,1,0,1,1,0,0,0,1,1,1,5.00,4.89,0.95,0.95,,0.00,0.00,1.00
2115711,E.L.F.,Pielęgnacja ust - Serum i olejki do ust,5.00,4,1.61,4.82,605.13,6.41,27,13,48.15,21,1,0,1,0,0,0,1,1,0,0,0,0,0,0,0,0,0,1,0,1,5.00,3.49,0.25,0.25,,0.00,1.00,0.00
2123870,SELFIE PROJECT,Pielęgnacja twarzy - Kremy do twarzy,5.00,1,0.69,4.79,59.98,4.11,40,16,40.00,26,6,4,3,0,0,0,1,1,0,0,0,0,1,0,1,1,0,0,0,1,5.00,4.82,0.91,0.91,,0.00,0.00,1.00
348650,MISSHA,Pielęgnacja twarzy - Maseczki,4.50,6,1.95,4.72,26.26,3.31,23,14,60.87,22,0,0,0,0,0,0,0,0,0,0,0,0,0,0,1,0,0,0,0,4,4.25,4.21,0.60,0.87,0.56,0.25,0.00,0.75
2113536,TOŁPA,Pielęgnacja twarzy - Kremy do twarzy,4.92,13,2.64,4.84,73.98,4.32,24,11,45.83,22,3,2,3,0,0,0,1,1,0,0,0,0,0,0,0,0,0,0,0,5,4.80,4.74,0.87,0.88,0.08,0.00,0.00,1.00
385792,ISANA,"Pielęgnacja twarzy - Serum, boostery i esencje",4.93,15,2.77,4.85,63.30,4.16,22,10,45.45,17,4,4,2,0,0,0,1,0,0,0,0,0,0,0,1,0,0,0,0,6,5.00,4.72,0.86,0.86,0.07,0.00,0.00,1.00
348668,MANUFAKTURA PIĘKNA,Tonizowanie twarzy - Esencje i hydrolaty do twarzy,5.00,6,1.95,4.83,29.99,3.43,3,1,33.33,3,0,1,2,0,0,0,0,0,0,0,0,0,0,0,0,0,0,0,0,2,5.00,4.91,0.95,0.95,0.04,0.00,0.00,1.00
2124603,MIXA,"Pielęgnacja twarzy - Serum, boostery i esencje",5.00,1,0.69,4.79,143.30,4.97,18,11,61.11,18,1,0,1,0,0,0,0,0,0,0,0,0,1,0,1,0,0,0,0,1,5.00,4.77,0.88,0.88,,0.00,0.00,1.00
348670,MANUFAKTURA PIĘKNA,Tonizowanie twarzy - Esencje i hydrolaty do twarzy,4.79,14,2.71,4.79,29.99,3.43,3,1,33.33,3,0,1,2,0,0,0,0,0,0,0,0,0,0,0,0,0,0,0,0,7,4.57,4.45,0.72,0.79,0.23,0.00,0.14,0.86
385738,ISANA,Pielęgnacja twarzy - Kremy do twarzy,4.82,11,2.48,4.80,27.98,3.37,39,19,48.72,27,4,4,2,1,1,1,1,1,0,0,0,0,1,0,1,0,0,0,0,7,5.00,4.66,0.83,0.90,0.17,0.00,0.00,1.00
2104646,EFEKTIMA,Pielęgnacja twarzy - Maseczki,4.86,7,2.08,4.80,54.14,4.01,25,11,44.00,24,3,2,3,0,0,0,1,1,0,0,0,1,0,0,0,0,0,0,0,4,4.75,4.66,0.83,0.86,0.17,0.00,0.00,1.00
2102414,MAYBELLINE NEW YORK,Pielęgnacja ust - Balsamy i pomadki do ust,4.40,15,2.77,4.62,1535.36,7.34,45,20,44.44,28,4,4,1,0,0,0,1,1,0,0,0,0,0,0,1,0,0,1,0,9,4.11,3.89,0.45,0.37,0.48,0.22,0.33,0.44
2076996,L'ORÉAL PARIS,Oczyszczanie i demakijaż twarzy - Peelingi do twarzy,4.75,4,1.61,4.78,387.96,5.96,22,8,36.36,16,1,0,1,1,1,1,1,1,1,0,0,0,0,0,0,0,1,0,1,1,5.00,4.68,0.84,0.84,,0.00,0.00,1.00
2091734,SELFIE PROJECT,"Pielęgnacja twarzy - Serum, boostery i esencje",4.56,9,2.30,4.71,79.97,4.39,25,11,44.00,19,2,1,1,0,0,0,1,1,1,1,0,0,0,0,1,0,0,0,0,4,4.00,4.19,0.60,0.55,0.33,0.00,0.50,0.50
2078551,COSRX,Pielęgnacja twarzy - Kremy pod oczy,4.50,2,1.10,4.76,367.96,5.91,27,17,62.96,29,0,0,0,0,0,0,0,0,1,0,0,0,0,1,1,0,0,0,0,2,4.50,3.40,0.20,0.20,0.66,0.50,0.00,0.50
2112078,MOND'SUB,Pielęgnacja twarzy - Maseczki,5.00,5,1.79,4.83,7.49,2.14,24,13,54.17,21,1,0,1,0,0,0,1,0,0,0,1,1,0,0,0,0,0,0,0,3,5.00,4.63,0.82,0.79,0.15,0.00,0.00,1.00
2100582,LOVELY,Pielęgnacja ust - Serum i olejki do ust,4.86,7,2.08,4.80,316.50,5.76,33,16,48.48,22,9,8,1,0,0,0,1,1,0,0,0,0,0,0,0,0,0,0,0,3,4.67,4.76,0.88,0.94,0.13,0.00,0.00,1.00
2107615,TULI LABS,Pielęgnacja ust - Serum i olejki do ust,5.00,1,0.69,4.79,499.86,6.22,13,4,30.77,10,3,1,0,0,0,0,1,1,0,0,0,0,0,0,0,0,0,0,0,0,,,,,,,,
2113645,KLOO,Pielęgnacja twarzy - Kremy do twarzy,4.00,1,0.69,4.75,211.98,5.36,25,14,56.00,22,1,0,1,0,0,0,1,0,0,1,0,0,0,0,1,0,0,1,0,1,4.00,4.62,0.81,0.81,,0.00,0.00,1.00
2112115,SOME BY MI,Pielęgnacja twarzy - Maseczki,5.00,1,0.69,4.79,63.59,4.17,63,46,73.02,57,1,0,0,0,0,0,1,0,1,1,1,0,1,1,1,1,0,1,0,1,5.00,4.67,0.84,0.84,,0.00,0.00,1.00
394743,ZIAJA,Pielęgnacja twarzy - Kremy do twarzy,5.00,7,2.08,4.84,23.98,3.22,24,12,50.00,23,5,3,1,0,0,0,1,0,0,0,1,0,0,0,0,0,0,0,0,4,5.00,4.75,0.87,0.87,0.07,0.00,0.00,1.00
2127951,THE ORDINARY,Oczyszczanie i demakijaż twarzy - Peelingi do twarzy,5.00,2,1.10,4.80,153.30,5.04,24,12,50.00,20,0,0,3,0,0,0,0,0,0,0,0,0,1,0,1,0,1,0,1,2,5.00,4.89,0.95,0.95,0.02,0.00,0.00,1.00
2106278,BIODANCE,Pielęgnacja twarzy - Maseczki,4.80,5,1.79,4.79,17.50,2.92,61,44,72.13,52,0,0,0,0,0,0,0,0,1,0,1,0,1,0,1,0,0,0,0,1,5.00,4.47,0.73,0.73,,0.00,0.00,1.00
2125724,BIELENDA,Pielęgnacja twarzy - Kremy do twarzy,3.00,1,0.69,4.70,82.48,4.42,43,30,69.77,42,1,0,1,0,0,0,1,0,0,0,1,1,1,1,0,0,0,1,1,1,3.00,3.76,0.38,0.38,,0.00,1.00,0.00
2107611,TULI LABS,Pielęgnacja ust - Serum i olejki do ust,5.00,1,0.69,4.79,499.86,6.22,28,8,28.57,11,5,2,1,0,0,0,1,1,0,0,0,1,0,0,0,0,0,0,0,0,,,,,,,,
2115630,E.L.F.,Pielęgnacja ust - Serum i olejki do ust,5.00,2,1.10,4.80,605.13,6.41,24,11,45.83,17,1,0,1,0,0,0,1,1,0,0,0,0,0,0,0,0,0,1,0,0,,,,,,,,
394745,ZIAJA,Pielęgnacja twarzy - Kremy do twarzy,4.50,4,1.61,4.74,23.98,3.22,20,11,55.00,21,5,3,1,0,0,0,1,0,0,0,0,0,0,0,0,0,0,0,0,3,4.33,4.69,0.84,0.89,0.16,0.00,0.00,1.00
2108073,DR. ALTHEA,Oczyszczanie i demakijaż twarzy - Oleje i masełka do demakijażu,5.00,1,0.69,4.79,179.98,5.20,14,7,50.00,14,0,0,0,0,0,0,0,0,0,0,0,0,0,0,0,1,0,0,0,1,5.00,4.91,0.96,0.96,,0.00,0.00,1.00
2078470,TOCOBO,Pielęgnacja twarzy - Kosmetyki z SPF,5.00,1,0.69,4.79,292.05,5.68,50,33,66.00,40,2,0,0,0,0,0,1,1,0,0,0,0,0,0,0,0,0,0,0,0,,,,,,,,
2102979,BIELENDA,Pielęgnacja twarzy - Kremy pod oczy,4.67,3,1.39,4.77,186.60,5.23,50,30,60.00,40,0,0,4,0,0,0,0,0,0,0,0,1,0,1,1,0,0,1,0,2,4.50,4.22,0.61,0.61,0.54,0.00,0.50,0.50
400588,ZIAJA,Pielęgnacja twarzy - Kremy do twarzy,4.77,13,2.64,4.78,15.98,2.83,25,9,36.00,18,6,5,4,0,0,0,1,0,0,1,0,0,1,0,0,0,0,0,0,5,5.00,4.64,0.82,0.89,0.18,0.00,0.00,1.00
385742,ISANA,"Pielęgnacja twarzy - Serum, boostery i esencje",4.87,23,3.18,4.83,46.63,3.86,21,13,61.90,26,3,1,1,0,0,0,1,0,0,0,0,0,1,0,1,0,0,0,0,8,4.88,4.72,0.86,0.86,0.10,0.00,0.00,1.00
366559,ALTERRA,"Pielęgnacja twarzy - Serum, boostery i esencje",4.62,13,2.64,4.72,257.00,5.55,20,9,45.00,16,4,3,0,0,1,1,1,0,0,0,0,0,0,0,1,0,0,0,0,6,4.50,4.32,0.66,0.80,0.35,0.00,0.33,0.67
40528,ZIAJA,Pielęgnacja twarzy - Kremy pod oczy,4.92,12,2.56,4.83,49.93,3.93,19,14,73.68,25,1,0,1,0,0,0,0,0,0,1,0,0,1,0,0,0,0,0,0,7,4.86,4.35,0.67,0.65,0.19,0.00,0.00,1.00
385794,ISANA,Pielęgnacja twarzy - Kremy do twarzy,4.60,5,1.79,4.75,37.98,3.66,28,18,64.29,29,5,5,2,0,0,0,1,0,0,0,0,0,1,0,1,0,0,0,0,3,4.33,4.39,0.69,0.83,0.26,0.00,0.33,0.67
2115589,E.L.F.,Pielęgnacja ust - Balsamy i pomadki do ust,5.00,2,1.10,4.80,458.17,6.13,37,23,62.16,29,1,0,0,0,0,0,1,1,0,0,0,0,0,0,1,0,0,1,0,1,5.00,4.20,0.60,0.60,,0.00,0.00,1.00
2111394,NIVEA,Pielęgnacja ust - Balsamy i pomadki do ust,4.75,8,2.20,4.77,179.90,5.20,18,14,77.78,28,2,0,0,0,0,0,0,0,0,0,0,1,0,0,1,0,0,0,0,5,4.60,4.04,0.52,0.79,0.56,0.20,0.00,0.80
385732,ISANA,Pielęgnacja twarzy - Kremy do twarzy,4.75,12,2.56,4.77,24.58,3.24,45,20,44.44,30,8,7,2,0,0,0,1,0,1,0,0,0,1,0,0,0,0,1,0,6,4.67,4.83,0.91,0.94,0.06,0.00,0.00,1.00
379014,BIOTANIQE,Oczyszczanie i demakijaż twarzy - Chusteczki do demakijażu,5.00,4,1.61,4.82,0.54,0.43,13,5,38.46,13,1,0,2,0,0,0,1,0,0,0,0,0,1,0,0,0,0,0,0,4,5.00,4.71,0.86,0.91,0.14,0.00,0.00,1.00
2102065,AA,Pielęgnacja twarzy - Kosmetyki z SPF,4.82,22,3.14,4.80,269.95,5.60,22,14,63.64,17,0,0,1,0,0,0,0,0,0,0,0,1,0,0,0,0,0,1,0,6,4.50,4.75,0.88,0.91,0.09,0.00,0.00,1.00
364348,ALTERRA,Pielęgnacja ust - Maseczki na usta,4.70,10,2.40,4.75,158.17,5.07,19,15,78.95,29,2,0,0,0,0,0,1,1,0,0,0,0,0,0,0,0,0,0,0,6,4.67,4.24,0.62,0.74,0.34,0.00,0.33,0.67
2104457,YOSKINE,Pielęgnacja twarzy - Maseczki,4.40,5,1.79,4.71,8.99,2.30,47,20,42.55,31,12,12,3,0,0,0,1,0,0,0,0,0,0,0,1,0,0,0,0,4,4.25,4.22,0.61,0.89,0.63,0.25,0.00,0.75
2080915,RIMMEL,Pielęgnacja ust - Serum i olejki do ust,3.50,2,1.10,4.67,822.00,6.71,28,12,42.86,20,4,3,0,0,0,0,0,1,0,0,0,0,0,0,0,0,0,0,0,2,3.50,4.30,0.65,0.65,0.27,0.00,0.00,1.00
2107610,TULI LABS,Pielęgnacja ust - Serum i olejki do ust,5.00,3,1.39,4.81,499.86,6.22,28,8,28.57,13,2,0,0,0,0,0,1,1,0,0,0,0,0,0,0,0,0,1,0,3,5.00,4.74,0.87,0.85,0.11,0.00,0.00,1.00
385734,ISANA,Pielęgnacja twarzy - Kremy pod oczy,4.71,14,2.71,4.75,119.93,4.80,26,18,69.23,30,2,0,1,0,0,0,0,0,1,0,0,0,1,0,0,0,0,0,0,5,4.60,4.66,0.83,0.93,0.16,0.00,0.00,1.00
2124637,LALARECIPE,Pielęgnacja twarzy - Maseczki,5.00,1,0.69,4.79,1.25,0.81,51,41,80.39,51,3,2,0,0,0,0,1,1,1,0,1,1,1,0,1,0,0,0,0,0,,,,,,,,
364350,ALTERRA,Pielęgnacja ust - Maseczki na usta,4.60,10,2.40,4.72,158.17,5.07,26,15,57.69,29,10,9,1,0,0,0,1,0,0,0,0,0,0,0,0,0,0,0,0,4,4.00,4.32,0.66,0.95,0.59,0.25,0.00,0.75
2100278,NAM,Pielęgnacja ust - Maseczki na usta,4.88,24,3.22,4.84,379.90,5.94,43,19,44.19,25,3,1,3,0,0,0,1,1,0,0,0,0,0,1,1,0,0,1,0,9,4.67,4.62,0.81,0.86,0.16,0.00,0.00,1.00
385739,ISANA,Pielęgnacja twarzy - Kremy do twarzy,4.88,8,2.20,4.81,27.98,3.37,29,18,62.07,29,4,4,2,0,0,0,1,0,0,0,0,0,1,0,1,0,0,0,0,5,4.80,4.72,0.86,0.91,0.11,0.00,0.00,1.00
2102075,MIYA COSMETICS,Pielęgnacja twarzy - Kremy do twarzy,3.89,9,2.30,4.51,115.98,4.76,32,11,34.38,15,3,2,1,0,0,0,1,1,0,0,0,0,0,0,0,0,0,0,0,5,3.00,3.08,0.04,0.31,0.66,0.40,0.40,0.20
2078545,COSRX,Pielęgnacja twarzy - Preparaty punktowe,3.00,1,0.69,4.70,1.33,0.85,4,1,25.00,3,0,0,0,0,0,0,0,0,0,0,0,0,0,0,0,0,0,0,0,1,3.00,3.75,0.37,0.37,,0.00,1.00,0.00
416295,LOVELY,Pielęgnacja ust - Serum i olejki do ust,4.67,12,2.56,4.74,707.92,6.56,20,7,35.00,15,2,0,1,0,0,0,1,1,0,0,0,0,0,0,0,0,0,0,0,8,4.75,4.58,0.79,0.89,0.19,0.00,0.00,1.00
385791,ISANA,Pielęgnacja twarzy - Kremy pod oczy,4.69,13,2.64,4.75,119.93,4.80,24,13,54.17,24,0,0,5,0,0,0,0,0,0,0,0,0,0,0,1,0,0,0,0,6,5.00,4.57,0.79,0.79,0.17,0.00,0.00,1.00
404436,NAM,Pielęgnacja twarzy - Kremy pod oczy,5.00,4,1.61,4.82,233.28,5.46,19,7,36.84,13,4,3,3,0,0,0,1,0,0,0,0,0,0,1,1,0,0,0,1,1,5.00,4.85,0.92,0.92,,0.00,0.00,1.00
2119706,IWOSTIN,Pielęgnacja twarzy - Kremy do twarzy,5.00,1,0.69,4.79,174.97,5.17,43,25,58.14,35,1,0,3,0,1,1,1,0,0,1,0,1,0,0,1,0,1,0,1,0,,,,,,,,
2108272,VT COSMETICS,"Pielęgnacja twarzy - Serum, boostery i esencje",5.00,1,0.69,4.79,299.98,5.71,43,34,79.07,43,0,0,0,0,0,0,0,0,1,0,0,0,0,0,1,1,0,0,0,0,,,,,,,,
2125372,UZDROVISCO,Pielęgnacja twarzy - Kremy pod oczy,5.00,1,0.69,4.79,426.60,6.06,33,20,60.61,28,0,0,0,0,0,0,0,0,0,0,0,0,0,1,0,0,0,0,0,1,2.00,4.29,0.65,0.65,,0.00,0.00,1.00
2102076,MIYA COSMETICS,Pielęgnacja twarzy - Kremy do twarzy,4.75,8,2.20,4.77,107.98,4.69,22,9,40.91,15,3,2,3,0,0,0,1,0,0,0,0,0,0,1,0,0,0,0,0,6,4.67,4.14,0.57,0.87,0.75,0.17,0.00,0.83
385793,ISANA,Pielęgnacja twarzy - Kremy do twarzy,4.88,8,2.20,4.81,37.98,3.66,34,12,35.29,17,5,5,2,1,1,1,1,0,0,0,0,0,0,0,1,0,0,0,0,4,5.00,4.69,0.85,0.85,0.05,0.00,0.00,1.00
2121826,E.L.F.,Pielęgnacja ust - Balsamy i pomadki do ust,5.00,1,0.69,4.79,306.60,5.73,30,15,50.00,22,3,1,0,0,0,0,1,0,0,0,0,0,0,0,1,0,0,0,0,1,5.00,4.93,0.96,0.96,,0.00,0.00,1.00
2102074,MIYA COSMETICS,Tonizowanie twarzy - Esencje i hydrolaty do twarzy,5.00,8,2.20,4.84,34.99,3.58,18,7,38.89,16,3,2,3,0,0,0,1,0,0,0,0,1,0,0,0,0,0,0,0,4,5.00,4.82,0.91,0.91,0.05,0.00,0.00,1.00
2082973,SKIN1004,"Pielęgnacja twarzy - Serum, boostery i esencje",5.00,1,0.69,4.79,71.99,4.29,6,3,50.00,9,0,0,0,0,0,0,0,0,0,0,0,0,0,0,0,1,0,0,0,1,5.00,4.93,0.96,0.96,,0.00,0.00,1.00
2090192,UZDROVISCO,Pielęgnacja twarzy - Maseczki,5.00,6,1.95,4.83,94.90,4.56,27,15,55.56,25,2,0,0,0,0,0,1,1,0,0,0,1,0,0,0,0,0,0,0,3,5.00,4.86,0.93,0.91,0.05,0.00,0.00,1.00
2115638,E.L.F.,Pielęgnacja ust - Balsamy i pomadki do ust,5.00,2,1.10,4.80,306.60,5.73,35,15,42.86,22,2,0,0,0,0,0,1,1,0,0,0,0,0,0,1,0,0,0,0,1,5.00,4.45,0.72,0.72,,0.00,0.00,1.00
2102077,MIYA COSMETICS,Pielęgnacja twarzy - Kremy do twarzy,4.78,9,2.30,4.78,107.98,4.69,23,11,47.83,20,3,2,3,0,0,0,1,0,0,0,1,0,0,0,0,0,0,0,0,3,4.67,4.41,0.70,0.60,0.23,0.00,0.00,1.00
2103249,YOPE,"Pielęgnacja twarzy - Serum, boostery i esencje",5.00,20,3.04,4.89,139.97,4.95,36,25,69.44,35,2,0,0,0,0,0,1,0,0,0,0,1,0,0,0,0,0,0,0,5,5.00,4.81,0.90,0.92,0.06,0.00,0.00,1.00
416296,LOVELY,Pielęgnacja ust - Serum i olejki do ust,4.88,8,2.20,4.81,707.92,6.56,21,7,33.33,14,2,0,1,0,0,0,1,1,0,0,0,0,0,0,0,0,0,0,0,6,5.00,4.60,0.80,0.83,0.11,0.00,0.00,1.00
2103269,NIVEA,"Pielęgnacja twarzy - Serum, boostery i esencje",4.86,22,3.14,4.82,26.99,3.33,8,4,50.00,11,0,0,1,0,0,0,0,0,0,0,0,0,0,0,0,0,0,0,1,8,4.75,4.68,0.84,0.89,0.17,0.00,0.00,1.00
400540,BIELENDA,Pielęgnacja twarzy - Kremy do twarzy,5.00,5,1.79,4.83,55.98,4.04,41,25,60.98,36,4,4,2,0,0,0,1,0,0,0,1,1,0,0,0,0,0,1,0,1,5.00,4.92,0.96,0.96,,0.00,0.00,1.00
2102996,BIELENDA,Pielęgnacja twarzy - Maseczki,4.17,6,1.95,4.64,12.99,2.64,48,25,52.08,36,7,8,2,0,0,0,1,0,0,0,1,0,1,0,1,0,0,0,1,5,4.20,4.58,0.79,0.84,0.22,0.00,0.00,1.00
2104639,BIOTANIQE,Pielęgnacja twarzy - Maseczki,4.40,5,1.79,4.71,11.49,2.52,20,11,55.00,20,0,0,2,0,0,0,0,0,0,0,0,0,0,0,1,1,0,0,0,4,4.25,4.39,0.69,0.92,0.47,0.25,0.00,0.75
2119670,IWOSTIN,Pielęgnacja twarzy - Kremy do twarzy,5.00,3,1.39,4.81,174.97,5.17,32,16,50.00,27,1,0,1,0,0,0,1,0,0,0,0,1,0,0,1,0,0,1,0,1,5.00,4.84,0.92,0.92,,0.00,0.00,1.00
2112117,SOME BY MI,Pielęgnacja twarzy - Maseczki,5.00,1,0.69,4.79,55.96,4.04,43,30,69.77,40,5,3,0,0,0,0,0,0,1,0,0,1,1,0,1,0,0,0,0,1,5.00,4.94,0.97,0.97,,0.00,0.00,1.00
2076378,BIELENDA,Pielęgnacja twarzy - Maseczki,5.00,3,1.39,4.81,12.99,2.64,37,18,48.65,29,3,3,3,0,0,0,1,0,0,0,1,0,1,1,1,0,0,1,0,3,5.00,4.91,0.96,0.99,0.05,0.00,0.00,1.00
2080916,RIMMEL,Pielęgnacja ust - Serum i olejki do ust,4.50,6,1.95,4.72,822.00,6.71,28,12,42.86,20,4,3,0,0,0,0,0,1,0,0,0,0,0,0,0,0,0,0,0,1,4.00,4.68,0.84,0.84,,0.00,0.00,1.00
393509,VITAMIN E,"Pielęgnacja twarzy - Serum, boostery i esencje",4.78,18,2.94,4.78,29.98,3.43,34,17,50.00,25,4,3,2,0,0,0,1,0,0,1,0,0,0,0,0,0,0,0,0,7,4.71,4.78,0.89,0.92,0.13,0.00,0.00,1.00
418573,NO:HJ,Pielęgnacja twarzy - Maseczki,4.67,6,1.95,4.76,55.96,4.04,29,19,65.52,30,1,0,2,0,0,0,1,0,0,0,0,0,0,0,1,1,0,0,0,3,4.33,4.35,0.67,0.80,0.39,0.00,0.33,0.67
385779,ISANA,Pielęgnacja twarzy - Kremy do twarzy,4.56,9,2.30,4.71,32.98,3.53,41,18,43.90,21,5,5,4,0,0,0,1,0,0,1,0,1,0,1,1,0,0,0,0,5,4.20,4.10,0.55,0.89,0.58,0.20,0.00,0.80
2099452,AA,Pielęgnacja ust - Maseczki na usta,4.90,10,2.40,4.82,199.93,5.30,34,15,44.12,23,3,0,0,0,0,0,1,1,0,0,0,1,0,0,0,0,0,0,0,6,4.83,4.62,0.81,0.86,0.16,0.00,0.00,1.00
2107616,TULI LABS,Pielęgnacja ust - Serum i olejki do ust,5.00,1,0.69,4.79,499.86,6.22,15,5,33.33,11,2,1,0,0,0,0,1,1,0,0,0,0,0,0,0,0,0,0,0,1,5.00,4.74,0.87,0.87,,0.00,0.00,1.00
2103166,BEBIO COSMETICS,Pielęgnacja twarzy - Kremy do twarzy,4.73,11,2.48,4.76,57.48,4.07,42,24,57.14,33,3,2,2,0,0,0,1,0,0,0,1,0,0,0,0,1,0,0,0,6,4.83,4.79,0.89,0.88,0.04,0.00,0.00,1.00
2078496,BANILA CO,Oczyszczanie i demakijaż twarzy - Oleje i masełka do demakijażu,5.00,2,1.10,4.80,109.98,4.71,21,10,47.62,18,1,0,1,0,0,0,1,0,0,0,0,0,0,0,0,0,0,0,0,1,5.00,4.86,0.93,0.93,,0.00,0.00,1.00
2112320,WIBO,Pielęgnacja ust - Balsamy i pomadki do ust,5.00,4,1.61,4.82,2199.33,7.70,26,8,30.77,13,4,2,1,0,0,0,1,1,0,0,0,0,0,0,0,0,0,0,0,1,5.00,4.93,0.96,0.96,,0.00,0.00,1.00
2102994,BIELENDA,Pielęgnacja twarzy - Maseczki,4.83,6,1.95,4.79,12.99,2.64,38,21,55.26,32,6,6,3,0,0,0,1,0,0,0,0,0,1,1,1,0,0,0,0,4,5.00,4.81,0.91,0.90,0.05,0.00,0.00,1.00
163334,ZIAJA,Pielęgnacja twarzy - Kremy do twarzy,4.83,6,1.95,4.79,14.65,2.75,22,9,40.91,14,6,6,1,0,0,0,1,0,0,0,0,0,1,0,0,0,0,0,0,4,4.75,4.78,0.89,0.94,0.11,0.00,0.00,1.00
2107614,TULI LABS,Pielęgnacja ust - Serum i olejki do ust,5.00,1,0.69,4.79,499.86,6.22,18,3,16.67,7,1,0,0,0,0,0,1,1,0,0,0,0,0,0,0,0,0,0,0,0,,,,,,,,
385733,ISANA,Pielęgnacja twarzy - Kremy do twarzy,4.64,11,2.48,4.73,25.58,3.28,38,20,52.63,29,8,7,2,0,0,0,1,0,1,0,0,0,1,0,0,0,0,0,0,8,4.62,4.66,0.83,0.89,0.16,0.00,0.00,1.00
2112322,WIBO,Pielęgnacja ust - Balsamy i pomadki do ust,4.75,4,1.61,4.78,2199.33,7.70,26,8,30.77,13,4,2,1,0,0,0,1,1,0,0,0,0,0,0,0,0,0,0,0,3,5.00,4.82,0.91,0.92,0.02,0.00,0.00,1.00
394744,ZIAJA,Pielęgnacja twarzy - Kremy do twarzy,4.75,4,1.61,4.78,23.98,3.22,22,11,50.00,21,5,3,1,0,0,0,1,0,0,0,0,0,0,0,1,0,0,0,0,4,4.75,4.82,0.91,0.92,0.06,0.00,0.00,1.00
2108273,VT COSMETICS,Pielęgnacja twarzy - Maseczki,5.00,1,0.69,4.79,3.00,1.39,51,40,78.43,45,1,0,0,0,0,0,1,0,0,0,0,0,1,0,1,1,0,0,0,0,,,,,,,,
22198,ZIAJA,Pielęgnacja twarzy - Kremy do twarzy,5.00,1,0.69,4.79,9.49,2.35,25,10,40.00,18,4,3,1,0,0,0,1,0,0,0,0,0,1,0,0,0,0,0,0,0,,,,,,,,
17533,ZIAJA,Pielęgnacja twarzy - Kremy do twarzy,5.00,3,1.39,4.81,11.99,2.56,23,11,47.83,19,6,5,1,0,0,0,1,0,0,0,0,0,0,0,0,0,0,0,0,0,,,,,,,,
2083925,AA,Pielęgnacja ust - Maseczki na usta,3.60,5,1.79,4.55,209.90,5.35,35,26,74.29,39,2,0,2,0,0,0,0,1,1,0,0,0,1,0,0,0,0,0,0,5,3.60,4.26,0.63,0.54,0.28,0.00,0.20,0.80
2077732,CATCH A TIGER,Oczyszczanie i demakijaż twarzy - Żele i pianki do mycia twarzy,4.96,23,3.18,4.88,14.79,2.76,22,10,45.45,14,2,0,2,0,0,0,1,0,0,0,0,0,1,0,0,0,0,0,0,10,4.90,4.58,0.79,0.87,0.20,0.00,0.00,1.00
2100455,HAGI,"Pielęgnacja twarzy - Serum, boostery i esencje",5.00,4,1.61,4.82,256.63,5.55,36,22,61.11,34,9,7,2,0,0,0,1,0,0,0,0,1,0,0,0,0,0,1,0,2,5.00,4.88,0.94,0.94,0.03,0.00,0.00,1.00
2078546,COSRX,Pielęgnacja twarzy - Preparaty punktowe,5.00,1,0.69,4.79,1.00,0.69,6,2,33.33,5,0,0,1,0,0,0,0,0,0,0,0,0,0,0,0,0,1,0,0,0,,,,,,,,
2124153,LOVELY,Pielęgnacja ust - Peelingi do ust,4.00,1,0.69,4.75,199.92,5.30,24,8,33.33,18,8,6,0,0,0,0,1,1,0,0,0,0,0,0,0,0,0,0,0,0,,,,,,,,
393506,VITAMIN E,Pielęgnacja twarzy - Kremy do twarzy,4.50,8,2.20,4.70,9.99,2.40,39,20,51.28,28,4,3,1,1,1,1,1,0,0,1,0,0,0,0,0,0,0,0,1,6,4.33,4.64,0.82,0.88,0.20,0.00,0.00,1.00
2090177,CNF,Pielęgnacja twarzy - Maseczki,5.00,7,2.08,4.84,24.95,3.26,19,10,52.63,17,1,0,0,0,0,0,1,0,1,0,0,1,1,0,1,0,0,0,0,5,5.00,4.85,0.92,0.97,0.08,0.00,0.00,1.00
381174,BARONESS,Pielęgnacja twarzy - Maseczki,4.78,9,2.30,4.78,3.69,1.55,23,10,43.48,18,1,0,2,0,1,1,1,0,0,0,0,0,1,0,1,0,0,0,0,5,4.60,4.45,0.73,0.91,0.43,0.20,0.00,0.80
416294,LOVELY,Pielęgnacja ust - Serum i olejki do ust,5.00,2,1.10,4.80,707.92,6.56,15,7,46.67,15,2,0,1,0,0,0,1,0,0,0,0,0,0,0,0,0,0,0,0,1,5.00,4.43,0.72,0.72,,0.00,0.00,1.00
2100466,HAGI,Pielęgnacja twarzy - Kremy do twarzy,4.83,6,1.95,4.79,173.98,5.16,34,23,67.65,35,1,0,2,0,1,1,1,0,0,0,0,0,1,0,0,0,0,1,0,4,4.75,4.82,0.91,0.94,0.08,0.00,0.00,1.00
381202,BARONESS,Pielęgnacja twarzy - Maseczki,4.91,11,2.48,4.83,3.69,1.55,24,10,41.67,18,1,0,2,0,1,1,1,0,0,0,0,0,1,0,1,0,0,0,0,7,4.86,4.84,0.92,0.94,0.09,0.00,0.00,1.00
348673,MANUFAKTURA PIĘKNA,"Pielęgnacja twarzy - Serum, boostery i esencje",5.00,1,0.69,4.79,159.97,5.08,13,7,53.85,18,8,7,0,0,0,0,0,0,0,0,0,0,0,0,0,0,0,1,0,0,,,,,,,,
2115439,E.L.F.,Pielęgnacja ust - Serum i olejki do ust,5.00,2,1.10,4.80,605.13,6.41,20,14,70.00,23,1,0,1,0,0,0,1,0,0,0,0,0,0,0,0,0,0,1,0,1,5.00,4.89,0.94,0.94,,0.00,0.00,1.00
2100465,HAGI,Pielęgnacja twarzy - Kremy do twarzy,5.00,4,1.61,4.82,173.98,5.16,35,24,68.57,33,1,0,2,0,1,1,1,1,0,0,0,1,0,0,1,0,0,0,0,3,5.00,4.73,0.86,0.87,0.00,0.00,0.00,1.00
2076547,7TH HEAVEN,Pielęgnacja twarzy - Maseczki,5.00,1,0.69,4.79,49.96,3.93,27,16,59.26,19,2,1,1,0,0,0,0,0,0,0,0,0,0,0,0,0,0,0,0,2,5.00,4.97,0.99,0.99,0.00,0.00,0.00,1.00
406414,ALTERRA,Pielęgnacja twarzy - Kremy do twarzy,5.00,7,2.08,4.84,34.98,3.58,25,19,76.00,29,3,1,0,0,1,1,1,0,0,0,0,0,0,0,0,0,0,0,1,7,5.00,4.64,0.82,0.82,0.13,0.00,0.00,1.00
2112323,WIBO,Pielęgnacja ust - Balsamy i pomadki do ust,3.88,8,2.20,4.52,2199.33,7.70,26,8,30.77,13,4,2,1,0,0,0,1,1,0,0,0,0,0,0,0,0,0,0,0,3,2.33,3.21,0.11,-0.25,0.68,0.67,0.00,0.33
2106818,SOME BY MI,Pielęgnacja twarzy - Kosmetyki z SPF,5.00,3,1.39,4.81,102.98,4.64,57,31,54.39,36,3,4,0,0,0,0,0,0,1,0,0,0,1,0,1,1,0,0,0,1,5.00,4.65,0.83,0.83,,0.00,0.00,1.00
396269,BIELENDA,Pielęgnacja twarzy - Kremy do twarzy,5.00,4,1.61,4.82,55.98,4.04,38,23,60.53,34,4,4,2,0,0,0,1,0,0,0,0,1,0,0,0,0,0,1,0,2,5.00,4.77,0.89,0.89,0.09,0.00,0.00,1.00
2095365,MAX FACTOR,Pielęgnacja ust - Balsamy i pomadki do ust,4.75,4,1.61,4.78,499.92,6.22,37,17,45.95,24,6,6,0,0,0,0,1,1,0,0,0,0,0,1,1,0,0,1,1,1,4.00,4.55,0.78,0.78,,0.00,0.00,1.00
2124017,BIOTANIQE,Pielęgnacja twarzy - Kremy do twarzy,4.00,1,0.69,4.75,119.98,4.80,41,19,46.34,24,6,5,1,0,0,0,1,0,0,0,0,0,0,0,0,0,0,0,0,1,4.00,3.31,0.15,0.15,,0.00,1.00,0.00
393402,VITAMIN E,Pielęgnacja twarzy - Maseczki,4.80,10,2.40,4.79,11.99,2.56,35,17,48.57,27,4,3,1,1,1,1,1,1,0,1,0,0,1,0,0,0,0,0,0,4,4.75,4.83,0.91,0.91,0.05,0.00,0.00,1.00
2064008,FLOSLEK LABORATORIUM,Pielęgnacja twarzy - Kremy do twarzy,5.00,2,1.10,4.80,87.98,4.49,41,27,65.85,39,4,3,1,0,0,0,1,0,1,0,0,0,0,0,0,0,0,0,0,0,,,,,,,,
348666,MANUFAKTURA PIĘKNA,Tonizowanie twarzy - Esencje i hydrolaty do twarzy,4.50,4,1.61,4.74,29.99,3.43,3,1,33.33,3,0,1,2,0,0,0,0,0,0,0,0,0,0,0,0,0,0,0,0,2,4.50,4.50,0.75,0.75,0.13,0.00,0.00,1.00
2077410,ZIAJA,Pielęgnacja twarzy - Kremy do twarzy,5.00,3,1.39,4.81,26.98,3.33,24,13,54.17,23,4,2,1,0,0,0,1,0,0,0,0,0,0,0,0,0,0,0,0,1,5.00,3.56,0.28,0.28,,0.00,1.00,0.00
2119591,IWOSTIN,Pielęgnacja twarzy - Kremy do twarzy,5.00,1,0.69,4.79,239.98,5.48,35,17,48.57,21,1,0,1,0,0,0,1,0,1,0,0,1,0,0,1,0,0,0,0,0,,,,,,,,
2115636,E.L.F.,Pielęgnacja ust - Balsamy i pomadki do ust,5.00,3,1.39,4.81,306.60,5.73,35,15,42.86,22,2,0,0,0,0,0,1,1,0,0,0,0,0,0,1,0,0,0,0,2,5.00,4.84,0.92,0.92,0.07,0.00,0.00,1.00
2112297,ESFOLIO,Pielęgnacja twarzy - Maseczki,5.00,2,1.10,4.80,9.16,2.32,20,7,35.00,16,2,1,2,0,0,0,1,0,0,0,0,0,0,0,0,0,0,0,0,1,5.00,4.57,0.79,0.79,,0.00,0.00,1.00
2094810,GARNIER DELIAL AMBRE SOLAIRE,Pielęgnacja twarzy - Kremy do twarzy,5.00,1,0.69,4.79,99.98,4.61,34,11,32.35,16,0,0,2,1,1,1,0,1,0,0,0,0,0,0,0,0,0,0,0,1,5.00,4.96,0.98,0.98,,0.00,0.00,1.00
348674,MANUFAKTURA PIĘKNA,"Pielęgnacja twarzy - Serum, boostery i esencje",5.00,2,1.10,4.80,159.97,5.08,16,8,50.00,20,8,9,0,0,0,0,0,0,0,0,0,0,0,0,0,0,0,0,0,1,5.00,4.88,0.94,0.94,,0.00,0.00,1.00
2108071,DR. ALTHEA,Pielęgnacja twarzy - Kremy do twarzy,5.00,1,0.69,4.79,199.98,5.30,53,34,64.15,42,0,0,0,0,0,0,0,1,0,0,1,0,0,0,1,0,0,0,0,1,5.00,4.94,0.97,0.97,,0.00,0.00,1.00
2100454,HAGI,Pielęgnacja twarzy - Kremy do twarzy,5.00,5,1.79,4.83,153.98,5.04,35,18,51.43,25,7,7,3,0,1,1,1,1,0,0,0,1,0,0,0,0,0,0,0,3,5.00,4.81,0.90,0.92,0.08,0.00,0.00,1.00
2115441,E.L.F.,Pielęgnacja ust - Balsamy i pomadki do ust,4.67,3,1.39,4.77,306.60,5.73,35,15,42.86,22,2,0,0,0,0,0,1,1,0,0,0,0,0,0,1,0,0,0,0,2,4.50,4.73,0.87,0.87,0.03,0.00,0.00,1.00
132465,ALTERRA,Pielęgnacja twarzy - Kremy pod oczy,4.89,9,2.30,4.82,143.27,4.97,28,21,75.00,31,3,0,0,0,1,1,1,0,0,0,0,0,0,0,0,0,0,0,0,4,4.75,4.77,0.89,0.94,0.14,0.00,0.00,1.00
418572,NO:HJ,Pielęgnacja twarzy - Maseczki,5.00,1,0.69,4.79,55.96,4.04,29,19,65.52,29,2,0,2,0,0,0,1,0,0,0,0,0,0,0,1,1,0,0,0,1,5.00,4.95,0.97,0.97,,0.00,0.00,1.00
2107608,TULI LABS,Pielęgnacja ust - Serum i olejki do ust,5.00,1,0.69,4.79,499.86,6.22,28,8,28.57,13,2,0,0,0,0,0,1,1,0,0,0,0,0,0,0,0,0,1,0,1,5.00,4.58,0.79,0.79,,0.00,0.00,1.00
2124600,TOŁPA,"Pielęgnacja twarzy - Serum, boostery i esencje",5.00,1,0.69,4.79,79.98,4.39,52,24,46.15,33,13,13,5,0,0,0,1,0,1,0,0,0,0,1,0,0,1,1,0,1,5.00,4.56,0.78,0.78,,0.00,0.00,1.00
402179,ALTERRA,Pielęgnacja twarzy - Kremy do twarzy,4.67,3,1.39,4.77,33.98,3.55,27,13,48.15,22,5,4,1,0,1,1,1,0,0,0,0,0,0,0,0,0,0,0,0,2,4.50,4.59,0.80,0.80,0.20,0.00,0.00,1.00
402504,EWA SCHMITT,Pielęgnacja twarzy - Maseczki,4.67,6,1.95,4.76,9.99,2.40,3,0,0.00,0,0,0,0,0,0,0,0,0,0,0,0,0,0,0,0,0,0,0,0,3,4.33,4.03,0.52,0.71,0.42,0.33,0.00,0.67
404272,NAM,Pielęgnacja ust - Balsamy i pomadki do ust,4.67,6,1.95,4.76,253.27,5.54,52,25,48.08,35,10,8,1,0,0,0,1,1,0,0,0,0,0,1,1,0,0,0,0,3,4.33,4.60,0.80,0.95,0.27,0.00,0.00,1.00
416032,B. BY SUPERDRUG,Pielęgnacja twarzy - Kremy pod oczy,4.00,8,2.20,4.56,153.27,5.04,37,20,54.05,26,0,0,2,0,0,0,0,1,1,0,0,0,0,1,0,0,0,0,0,5,3.60,3.92,0.46,0.54,0.56,0.20,0.00,0.80
2100570,LOVELY,Pielęgnacja ust - Balsamy i pomadki do ust,5.00,2,1.10,4.80,223.00,5.41,42,14,33.33,22,8,6,1,0,0,0,1,1,0,0,0,0,0,0,0,0,0,0,0,1,5.00,4.90,0.95,0.95,,0.00,0.00,1.00
2064002,FLOSLEK LABORATORIUM,"Pielęgnacja twarzy - Serum, boostery i esencje",5.00,1,0.69,4.79,139.97,4.95,18,11,61.11,22,0,0,2,0,0,0,0,0,1,0,0,1,0,0,0,0,0,0,0,1,5.00,4.89,0.95,0.95,,0.00,0.00,1.00
2112525,EVELINE COSMETICS,Pielęgnacja ust - Serum i olejki do ust,4.20,5,1.79,4.67,599.80,6.40,29,13,44.83,22,1,0,0,0,0,0,1,1,0,0,0,0,0,0,0,0,0,0,0,3,3.67,3.86,0.43,0.95,0.91,0.33,0.00,0.67
2100569,LOVELY,Pielęgnacja ust - Balsamy i pomadki do ust,4.50,6,1.95,4.72,312.38,5.75,33,13,39.39,26,8,6,0,0,0,0,1,1,0,0,0,0,0,0,0,0,0,0,0,2,4.50,4.87,0.94,0.94,0.05,0.00,0.00,1.00
24676,ZIAJA,Pielęgnacja twarzy - Kremy do twarzy,5.00,10,2.40,4.85,16.98,2.89,22,10,45.45,16,6,5,1,0,0,0,1,0,0,0,0,0,1,0,0,0,0,0,0,9,5.00,4.77,0.89,0.90,0.06,0.00,0.00,1.00
2031154,ESFOLIO,Pielęgnacja twarzy - Maseczki,5.00,2,1.10,4.80,15.16,2.78,21,5,23.81,10,3,2,2,1,1,1,1,0,1,0,0,0,0,0,1,0,0,0,0,2,5.00,4.87,0.94,0.94,0.03,0.00,0.00,1.00
2090170,SKIN627,Pielęgnacja twarzy - Maseczki,4.29,7,2.08,4.65,13.59,2.68,30,17,56.67,27,1,0,1,0,1,1,1,0,0,0,1,0,1,0,1,0,0,0,0,5,4.00,4.34,0.67,0.81,0.42,0.20,0.00,0.80
385783,ISANA,Pielęgnacja twarzy - Kremy do twarzy,5.00,2,1.10,4.80,33.98,3.55,35,21,60.00,31,4,4,4,0,0,0,1,0,0,1,0,1,0,1,1,0,0,0,0,2,5.00,4.84,0.92,0.92,0.06,0.00,0.00,1.00
2078534,COSRX,Pielęgnacja twarzy - Maseczki,5.00,5,1.79,4.83,103.32,4.65,22,11,50.00,22,0,0,0,0,0,0,0,0,1,0,0,0,0,0,0,0,0,0,0,3,5.00,4.85,0.93,0.90,0.05,0.00,0.00,1.00
2087484,STARS,Pielęgnacja ust - Serum i olejki do ust,5.00,5,1.79,4.83,281.12,5.64,19,6,31.58,14,2,0,1,0,0,0,1,1,0,0,0,0,0,0,0,0,0,0,0,3,5.00,4.51,0.75,0.84,0.22,0.00,0.00,1.00
2078498,BANILA CO,Oczyszczanie i demakijaż twarzy - Oleje i masełka do demakijażu,5.00,1,0.69,4.79,66.66,4.21,21,10,47.62,18,1,0,1,0,0,0,1,0,0,0,0,0,0,0,0,0,0,0,0,0,,,,,,,,
393511,VITAMIN E,"Pielęgnacja twarzy - Serum, boostery i esencje",5.00,5,1.79,4.83,33.30,3.54,12,7,58.33,18,4,3,0,0,0,0,1,0,0,0,0,0,0,0,0,0,0,0,0,4,5.00,4.84,0.92,0.92,0.05,0.00,0.00,1.00
2113640,PERFECTA,Pielęgnacja twarzy - Kremy do twarzy,5.00,3,1.39,4.81,57.98,4.08,37,21,56.76,33,6,6,1,0,0,0,1,0,0,0,0,1,1,0,0,0,0,0,0,1,5.00,4.89,0.95,0.95,,0.00,0.00,1.00
400622,ZIAJA,Pielęgnacja twarzy - Kremy do twarzy,4.50,2,1.10,4.76,13.38,2.67,24,9,37.50,15,6,5,1,0,0,0,1,0,0,1,0,0,1,0,0,0,0,0,0,1,4.00,4.82,0.91,0.91,,0.00,0.00,1.00
155247,ZIAJA,Pielęgnacja twarzy - Kremy do twarzy,4.56,9,2.30,4.71,14.65,2.75,21,9,42.86,14,5,4,1,0,0,0,1,0,0,0,0,0,1,0,0,0,0,0,0,5,4.20,4.42,0.71,0.86,0.32,0.00,0.20,0.80
2112324,WIBO,Pielęgnacja ust - Balsamy i pomadki do ust,5.00,2,1.10,4.80,2199.33,7.70,26,8,30.77,13,4,2,1,0,0,0,1,1,0,0,0,0,0,0,0,0,0,0,0,2,5.00,4.63,0.82,0.82,0.08,0.00,0.00,1.00
402178,ALTERRA,Pielęgnacja twarzy - Kremy do twarzy,4.80,5,1.79,4.79,33.98,3.55,34,17,50.00,27,7,6,1,0,0,0,1,0,0,0,0,0,0,0,0,0,0,0,0,1,4.00,4.62,0.81,0.81,,0.00,0.00,1.00
2106034,AXIS-Y,"Pielęgnacja twarzy - Serum, boostery i esencje",5.00,1,0.69,4.79,179.98,5.20,25,15,60.00,26,0,0,1,0,0,0,0,0,1,0,0,0,0,0,1,0,0,1,0,1,5.00,4.95,0.98,0.98,,0.00,0.00,1.00
2112447,PUPA MILANO,Pielęgnacja ust - Maseczki na usta,5.00,1,0.69,4.79,999.92,6.91,28,20,71.43,33,3,1,0,0,0,0,0,1,0,0,0,1,0,0,0,0,0,1,0,0,,,,,,,,
2113641,PERFECTA,Pielęgnacja twarzy - Kremy do twarzy,4.67,6,1.95,4.76,57.98,4.08,44,26,59.09,36,7,7,2,0,0,0,1,0,0,0,1,1,0,1,0,0,0,1,1,2,5.00,4.78,0.89,0.89,0.08,0.00,0.00,1.00
2112321,WIBO,Pielęgnacja ust - Balsamy i pomadki do ust,5.00,3,1.39,4.81,2199.33,7.70,26,8,30.77,13,4,2,1,0,0,0,1,1,0,0,0,0,0,0,0,0,0,0,0,3,5.00,4.44,0.72,0.76,0.17,0.00,0.00,1.00
2110867,ABIB,Pielęgnacja twarzy - Płatki pod oczy,5.00,2,1.10,4.80,1.10,0.74,41,27,65.85,34,0,0,0,0,0,0,0,0,1,0,0,1,1,1,1,0,0,0,0,2,5.00,4.69,0.84,0.84,0.12,0.00,0.00,1.00
2121825,E.L.F.,Pielęgnacja ust - Serum i olejki do ust,5.00,1,0.69,4.79,605.13,6.41,31,18,58.06,27,7,5,1,0,0,0,1,1,0,0,0,0,0,1,0,0,0,1,0,0,,,,,,,,
2103187,BEBIO COSMETICS,Pielęgnacja twarzy - Kremy do twarzy,4.33,3,1.39,4.72,57.48,4.07,30,20,66.67,31,1,0,0,0,0,0,1,0,0,0,0,1,0,0,0,0,0,0,0,3,4.33,3.88,0.44,0.77,0.62,0.33,0.00,0.67
2083045,PURITO,Pielęgnacja twarzy - Kosmetyki z SPF,5.00,1,0.69,4.79,166.65,5.12,31,13,41.94,18,0,0,0,0,0,0,0,0,0,0,1,0,1,0,0,1,0,0,0,1,5.00,4.73,0.86,0.86,,0.00,0.00,1.00
2103188,BIELENDA PROFESSIONAL,Pielęgnacja twarzy - Kosmetyki z SPF,5.00,4,1.61,4.82,87.98,4.49,50,18,36.00,23,15,16,2,0,0,0,1,1,1,0,0,1,0,0,0,0,0,1,0,1,5.00,4.78,0.89,0.89,,0.00,0.00,1.00
2103144,BEBIO COSMETICS,"Pielęgnacja twarzy - Serum, boostery i esencje",4.78,9,2.30,4.78,86.63,4.47,37,19,51.35,24,3,2,1,0,0,0,1,0,0,0,1,0,0,0,0,0,0,0,0,6,4.67,4.53,0.76,0.84,0.24,0.00,0.17,0.83
2080918,RIMMEL,Pielęgnacja ust - Serum i olejki do ust,4.71,7,2.08,4.76,822.00,6.71,28,12,42.86,20,4,3,0,0,0,0,0,1,0,0,0,0,0,0,0,0,0,0,0,3,4.33,4.00,0.50,0.66,0.44,0.33,0.00,0.67
2104893,MIXSOON,Oczyszczanie i demakijaż twarzy - Żele i pianki do mycia twarzy,5.00,1,0.69,4.79,46.66,3.86,21,9,42.86,12,0,0,1,0,0,0,0,0,0,0,0,0,0,0,0,1,1,0,0,0,,,,,,,,
416208,NAM,Pielęgnacja ust - Serum i olejki do ust,2.00,1,0.69,4.65,904.52,6.81,24,18,75.00,29,4,2,1,0,0,0,1,0,0,0,0,0,0,0,0,0,0,1,0,1,2.00,3.11,0.05,0.05,,1.00,0.00,0.00
385765,ALTERRA,Oczyszczanie i demakijaż twarzy - Mleczka i emulsje do demakijażu,5.00,8,2.20,4.84,8.33,2.23,22,14,63.64,23,3,1,0,0,1,1,1,0,0,0,0,0,0,0,0,0,0,0,0,4,5.00,4.81,0.90,0.93,0.10,0.00,0.00,1.00
2113646,KLOO,"Pielęgnacja twarzy - Serum, boostery i esencje",5.00,1,0.69,4.79,153.98,5.04,17,9,52.94,16,1,1,1,0,0,0,1,0,0,0,0,0,0,0,0,0,0,0,1,0,,,,,,,,
2103145,BEBIO COSMETICS,"Pielęgnacja twarzy - Serum, boostery i esencje",4.55,11,2.48,4.70,86.63,4.47,25,10,40.00,20,2,2,2,0,0,0,1,0,0,0,0,0,0,0,1,0,0,0,0,6,4.17,4.25,0.62,0.79,0.56,0.17,0.00,0.83
2078537,COSRX,"Pielęgnacja twarzy - Serum, boostery i esencje",5.00,2,1.10,4.80,379.95,5.94,15,9,60.00,19,0,0,0,0,0,0,0,0,1,0,0,0,0,0,0,0,0,0,0,1,5.00,4.58,0.79,0.79,,0.00,0.00,1.00
2084703,BIODERMA,Oczyszczanie i demakijaż twarzy - Płyny do demakijażu,5.00,2,1.10,4.80,16.00,2.83,15,8,53.33,15,1,0,1,0,0,0,1,0,0,0,0,0,0,0,0,0,0,0,0,1,5.00,4.76,0.88,0.88,,0.00,0.00,1.00
2097211,SELFIE PROJECT,Oczyszczanie i demakijaż twarzy - Chusteczki do demakijażu,5.00,1,0.69,4.79,0.38,0.32,15,5,33.33,11,1,1,5,0,0,0,1,0,0,0,0,0,1,0,0,0,0,1,0,0,,,,,,,,
2090181,CNF,Pielęgnacja twarzy - Maseczki,5.00,2,1.10,4.80,24.95,3.26,22,12,54.55,19,1,1,1,0,0,0,1,0,1,0,0,1,1,0,1,0,0,0,0,1,5.00,4.99,0.99,0.99,,0.00,0.00,1.00
2114213,BIODANCE,Pielęgnacja twarzy - Kremy do twarzy,5.00,1,0.69,4.79,319.98,5.77,43,32,74.42,41,0,0,0,0,0,0,0,0,1,0,1,0,1,0,1,0,0,0,0,0,,,,,,,,
132461,ALTERRA,Pielęgnacja twarzy - Kremy do twarzy,4.80,5,1.79,4.79,34.98,3.58,26,18,69.23,27,3,1,0,0,1,1,1,0,0,0,0,0,0,0,0,0,0,0,0,4,5.00,4.72,0.86,0.88,0.04,0.00,0.00,1.00
2116046,AXIS-Y,Pielęgnacja twarzy - Kremy pod oczy,5.00,1,0.69,4.79,999.90,6.91,39,29,74.36,34,0,0,0,0,0,0,0,0,1,0,1,0,0,1,1,1,0,0,0,0,,,,,,,,
2090641,AVENE,Pielęgnacja twarzy - Kosmetyki z SPF,5.00,1,0.69,4.79,499.95,6.22,25,11,44.00,16,1,0,1,0,0,0,0,1,0,0,0,0,0,0,0,0,0,0,0,0,,,,,,,,
366572,NIVEA,Oczyszczanie i demakijaż twarzy - Chusteczki do demakijażu,5.00,1,0.69,4.79,0.92,0.65,27,7,25.93,13,13,13,2,0,0,0,1,0,0,0,0,0,1,0,0,0,0,0,0,0,,,,,,,,
336322,ALTERRA,Pielęgnacja ust - Balsamy i pomadki do ust,4.33,6,1.95,4.68,189.80,5.25,15,8,53.33,18,1,0,0,0,0,0,1,1,0,0,0,0,0,0,0,0,0,0,0,3,4.00,3.90,0.45,0.52,0.19,0.00,0.33,0.67
2083018,SKIN1004,Oczyszczanie i demakijaż twarzy - Oleje i masełka do demakijażu,5.00,1,0.69,4.79,73.30,4.31,13,9,69.23,21,5,5,0,0,0,0,0,0,0,0,0,0,0,0,0,1,0,0,0,0,,,,,,,,
394746,ZIAJA,"Pielęgnacja twarzy - Serum, boostery i esencje",5.00,1,0.69,4.79,44.97,3.83,16,7,43.75,18,4,3,1,0,0,0,1,0,0,0,0,0,0,0,1,0,0,0,0,0,,,,,,,,
408368,CETTUA,Pielęgnacja twarzy - Maseczki,5.00,2,1.10,4.80,12.99,2.64,39,28,71.79,34,1,0,0,0,0,0,1,0,0,0,0,0,0,1,0,0,0,0,0,2,5.00,4.66,0.83,0.83,0.11,0.00,0.00,1.00
2116192,EVERYBODY LONDON,Tonizowanie twarzy - Esencje i hydrolaty do twarzy,4.67,3,1.39,4.77,24.99,3.26,22,16,72.73,26,1,0,1,0,0,0,1,0,1,0,0,0,0,0,1,1,0,0,0,2,4.50,4.84,0.92,0.92,0.04,0.00,0.00,1.00
2105034,SOME BY MI,"Pielęgnacja twarzy - Serum, boostery i esencje",5.00,1,0.69,4.79,139.98,4.95,64,53,82.81,63,8,5,0,0,1,1,0,0,1,0,0,0,0,0,0,1,0,0,1,1,5.00,4.82,0.91,0.91,,0.00,0.00,1.00
2100286,NAM,Pielęgnacja ust - Maseczki na usta,5.00,2,1.10,4.80,266.61,5.59,56,22,39.29,28,8,6,2,0,0,0,1,1,0,0,0,1,0,1,1,0,0,1,0,0,,,,,,,,
400621,ZIAJA,Pielęgnacja twarzy - Kremy do twarzy,5.00,3,1.39,4.81,9.49,2.35,19,9,47.37,18,1,0,1,0,0,0,1,0,0,0,0,0,0,0,0,0,0,0,0,3,5.00,4.78,0.89,0.92,0.07,0.00,0.00,1.00
2114237,MEDICUBE,Pielęgnacja twarzy - Kremy do twarzy,5.00,1,0.69,4.79,118.17,4.78,48,31,64.58,34,1,0,0,0,0,0,1,0,1,0,0,0,0,0,1,0,0,1,0,1,5.00,4.93,0.97,0.97,,0.00,0.00,1.00
402175,ALTERRA,"Pielęgnacja twarzy - Serum, boostery i esencje",4.75,4,1.61,4.78,61.63,4.14,19,8,42.11,16,3,3,3,0,0,0,1,0,0,0,0,1,0,0,0,0,0,0,0,2,4.50,4.47,0.73,0.73,0.13,0.00,0.00,1.00
366563,NIVEA,Oczyszczanie i demakijaż twarzy - Chusteczki do demakijażu,4.67,3,1.39,4.77,0.92,0.65,32,9,28.12,15,12,12,2,1,1,1,1,0,0,0,0,0,1,0,0,0,0,0,0,1,5.00,4.58,0.79,0.79,,0.00,0.00,1.00
366550,ALTERRA,Pielęgnacja twarzy - Kremy do twarzy,4.67,9,2.30,4.75,25.98,3.30,17,12,70.59,20,0,0,0,1,1,1,0,0,0,0,0,0,0,0,0,0,0,0,0,6,4.67,4.22,0.61,0.74,0.37,0.17,0.17,0.67
328775,MISSHA,Pielęgnacja twarzy - Maseczki,5.00,3,1.39,4.81,26.26,3.31,34,22,64.71,28,2,2,0,0,0,0,0,0,0,0,0,0,0,0,1,0,0,0,0,2,5.00,4.94,0.97,0.97,0.01,0.00,0.00,1.00
2090223,ERNE,Pielęgnacja twarzy - Maseczki,4.50,2,1.10,4.76,6.19,1.97,14,6,42.86,14,0,0,2,0,0,0,0,0,0,0,0,0,0,1,0,1,0,0,0,1,4.00,3.54,0.27,0.27,,0.00,1.00,0.00
2087485,STARS,Pielęgnacja ust - Serum i olejki do ust,5.00,3,1.39,4.81,281.12,5.64,17,6,35.29,13,2,0,1,0,0,0,1,1,0,0,0,0,0,0,0,0,0,0,0,1,5.00,4.69,0.85,0.85,,0.00,0.00,1.00
2112307,ESFOLIO,Pielęgnacja twarzy - Maseczki,5.00,1,0.69,4.79,9.16,2.32,26,11,42.31,20,3,2,2,0,1,1,1,0,1,0,0,0,0,0,1,0,0,0,0,1,5.00,4.57,0.79,0.79,,0.00,0.00,1.00
2097210,SELFIE PROJECT,Oczyszczanie i demakijaż twarzy - Chusteczki do demakijażu,5.00,2,1.10,4.80,0.38,0.32,19,8,42.11,18,2,2,6,0,0,0,1,0,0,0,0,0,0,0,0,0,1,0,1,2,5.00,4.94,0.97,0.97,0.00,0.00,0.00,1.00
416207,NAM,Pielęgnacja ust - Serum i olejki do ust,3.00,1,0.69,4.70,904.52,6.81,24,18,75.00,29,4,2,1,0,0,0,1,0,0,0,0,0,0,0,0,0,0,1,0,1,3.00,2.43,-0.28,-0.28,,1.00,0.00,0.00
2110702,BEAUTY OF JOSEON,Pielęgnacja twarzy - Maseczki,5.00,3,1.39,4.81,60.71,4.12,24,11,45.83,20,0,0,0,0,0,0,0,1,0,0,0,0,0,0,0,0,0,0,0,0,,,,,,,,
2103170,BEBIO COSMETICS,"Pielęgnacja twarzy - Serum, boostery i esencje",4.89,9,2.30,4.82,86.63,4.47,22,9,40.91,16,4,3,0,0,0,0,1,0,0,0,0,1,0,0,1,0,0,0,0,5,4.80,4.82,0.91,0.95,0.10,0.00,0.00,1.00
2031153,ESFOLIO,Pielęgnacja twarzy - Maseczki,5.00,3,1.39,4.81,15.16,2.78,25,8,32.00,13,3,2,2,1,1,1,1,0,0,1,0,0,0,0,1,0,0,0,0,2,5.00,4.84,0.92,0.92,0.05,0.00,0.00,1.00
336320,ALTERRA,Pielęgnacja ust - Balsamy i pomadki do ust,4.50,2,1.10,4.76,189.80,5.25,16,8,50.00,18,3,2,0,0,0,0,1,1,0,0,0,0,0,0,0,0,0,0,0,1,4.00,4.52,0.76,0.76,,0.00,0.00,1.00
2095452,HARUHARU WONDER,Oczyszczanie i demakijaż twarzy - Żele i pianki do mycia twarzy,5.00,1,0.69,4.79,84.99,4.45,24,12,50.00,16,0,0,0,0,0,0,0,0,0,0,0,0,0,0,0,0,0,0,0,0,,,,,,,,
2095364,MAX FACTOR,Pielęgnacja ust - Balsamy i pomadki do ust,4.00,3,1.39,4.68,499.92,6.22,37,17,45.95,24,6,6,0,0,0,0,1,1,0,0,0,0,0,1,1,0,0,1,1,3,4.00,4.35,0.68,0.86,0.44,0.00,0.33,0.67
366860,ALTERRA,Pielęgnacja twarzy - Kremy pod oczy,5.00,2,1.10,4.80,96.60,4.58,17,12,70.59,22,0,0,0,1,1,1,0,0,0,0,0,0,0,0,0,0,0,0,0,2,5.00,4.83,0.91,0.91,0.00,0.00,0.00,1.00
2115637,E.L.F.,Pielęgnacja ust - Balsamy i pomadki do ust,5.00,2,1.10,4.80,306.60,5.73,35,15,42.86,22,2,0,0,0,0,0,1,1,0,0,0,0,0,0,1,0,0,0,0,0,,,,,,,,
2055045,BIELENDA PROFESSIONAL,Pielęgnacja twarzy - Kremy do twarzy,5.00,2,1.10,4.80,189.98,5.25,45,21,46.67,33,11,11,4,0,0,0,1,0,0,0,0,1,0,1,0,0,0,1,0,2,5.00,4.80,0.90,0.90,0.03,0.00,0.00,1.00
425387,AA WINGS OF COLOR,Pielęgnacja ust - Serum i olejki do ust,4.50,2,1.10,4.76,555.33,6.32,13,8,61.54,16,1,1,0,0,0,0,0,0,0,0,0,0,0,0,0,0,0,0,0,0,,,,,,,,
2110751,EVELINE COSMETICS,Pielęgnacja twarzy - Maseczki,5.00,3,1.39,4.81,33.62,3.54,36,19,52.78,29,4,4,1,0,0,0,1,1,0,0,0,0,1,0,1,0,0,1,0,2,5.00,4.84,0.92,0.92,0.01,0.00,0.00,1.00
2078538,COSRX,"Pielęgnacja twarzy - Serum, boostery i esencje",5.00,1,0.69,4.79,379.95,5.94,43,27,62.79,34,0,0,0,0,1,1,0,0,0,0,1,0,0,0,1,0,0,0,1,0,,,,,,,,
2112300,ESFOLIO,Pielęgnacja twarzy - Maseczki,5.00,1,0.69,4.79,9.16,2.32,25,12,48.00,22,2,2,2,1,1,1,0,0,0,0,0,0,0,0,0,0,0,0,0,1,5.00,4.52,0.76,0.76,,0.00,0.00,1.00
2108274,VT COSMETICS,Pielęgnacja twarzy - Preparaty punktowe,5.00,1,0.69,4.79,0.58,0.46,7,2,28.57,5,0,0,0,0,0,0,0,0,0,0,0,0,0,0,0,0,0,0,0,1,5.00,4.55,0.78,0.78,,0.00,0.00,1.00
171036,ALTERRA,"Pielęgnacja twarzy - Serum, boostery i esencje",4.50,4,1.61,4.74,79.97,4.39,14,9,64.29,20,2,0,0,0,1,1,1,0,0,0,0,0,0,0,1,0,0,0,0,2,4.00,4.81,0.91,0.91,0.05,0.00,0.00,1.00
2113644,PERFECTA,Pielęgnacja twarzy - Kremy pod oczy,4.25,4,1.61,4.69,103.30,4.65,24,13,54.17,25,0,0,2,0,0,0,0,0,0,0,0,0,0,0,0,0,0,0,0,2,4.00,4.38,0.69,0.69,0.09,0.00,0.00,1.00
2077000,FLUFF,"Pielęgnacja twarzy - Serum, boostery i esencje",5.00,1,0.69,4.79,109.97,4.71,18,7,38.89,15,1,0,2,0,0,0,1,0,1,0,0,0,0,0,0,0,0,0,0,0,,,,,,,,
2077002,FLUFF,"Pielęgnacja twarzy - Serum, boostery i esencje",5.00,1,0.69,4.79,109.97,4.71,23,7,30.43,15,4,4,3,0,0,0,1,0,1,0,0,0,0,0,0,0,1,0,0,1,5.00,4.79,0.89,0.89,,0.00,0.00,1.00
2078544,COSRX,Pielęgnacja twarzy - Preparaty punktowe,5.00,1,0.69,4.79,1.00,0.69,4,1,25.00,3,0,0,0,0,0,0,0,0,0,0,0,0,0,0,0,0,0,0,0,0,,,,,,,,
2077395,BIELENDA PROFESSIONAL,Pielęgnacja twarzy - Kremy do twarzy,4.50,2,1.10,4.76,87.98,4.49,65,35,53.85,46,11,12,2,0,0,0,1,0,0,0,1,1,0,1,1,1,0,1,1,1,5.00,4.92,0.96,0.96,,0.00,0.00,1.00
336343,ALTERRA,Oczyszczanie i demakijaż twarzy - Płyny do demakijażu,5.00,4,1.61,4.82,9.49,2.35,11,3,27.27,8,3,2,1,0,0,0,1,0,0,0,0,0,0,0,0,0,0,0,0,3,5.00,4.66,0.83,0.79,0.08,0.00,0.00,1.00
381207,BARONESS,Pielęgnacja twarzy - Maseczki,4.83,6,1.95,4.79,3.69,1.55,20,8,40.00,14,1,0,2,0,1,1,1,0,0,0,0,0,1,0,1,0,0,0,0,7,4.86,4.75,0.87,0.90,0.10,0.00,0.00,1.00
425389,AA WINGS OF COLOR,Pielęgnacja ust - Serum i olejki do ust,5.00,2,1.10,4.80,555.33,6.32,13,8,61.54,16,1,1,0,0,0,0,0,0,0,0,0,0,0,0,0,0,0,0,0,0,,,,,,,,
2109030,SELFIE PROJECT,Pielęgnacja twarzy - Preparaty punktowe,4.50,2,1.10,4.76,0.94,0.66,10,5,50.00,11,0,0,0,0,0,0,0,0,0,0,0,1,0,0,0,0,0,0,0,1,5.00,4.95,0.98,0.98,,0.00,0.00,1.00
2111959,ESSENCE,Pielęgnacja ust - Balsamy i pomadki do ust,4.00,1,0.69,4.75,134.90,4.91,27,10,37.04,15,2,1,1,0,0,0,0,1,0,0,0,0,0,1,0,0,0,1,0,1,4.00,4.98,0.99,0.99,,0.00,0.00,1.00
2107612,TULI LABS,Pielęgnacja ust - Serum i olejki do ust,5.00,1,0.69,4.79,499.86,6.22,23,5,21.74,10,10,8,0,0,0,0,1,1,0,0,0,0,0,0,0,0,0,0,0,1,5.00,4.67,0.83,0.83,,0.00,0.00,1.00
416209,NAM,Pielęgnacja ust - Serum i olejki do ust,4.00,2,1.10,4.71,904.52,6.81,33,18,54.55,29,11,10,2,0,0,0,1,1,0,0,0,0,0,0,0,0,0,1,0,1,3.00,3.47,0.23,0.23,,0.00,1.00,0.00
2102795,ESSENCE,Pielęgnacja twarzy - Preparaty punktowe,4.67,3,1.39,4.77,0.31,0.27,9,4,44.44,9,0,0,1,0,0,0,0,0,0,0,0,0,0,0,1,0,1,0,0,0,,,,,,,,
2113642,PERFECTA,"Pielęgnacja twarzy - Serum, boostery i esencje",4.80,5,1.79,4.79,103.30,4.65,26,12,46.15,24,7,7,1,0,0,0,1,0,0,0,0,0,0,0,0,0,0,0,0,2,5.00,4.82,0.91,0.91,0.08,0.00,0.00,1.00
2082976,SKIN1004,Pielęgnacja twarzy - Kremy do twarzy,5.00,2,1.10,4.80,119.97,4.80,41,31,75.61,44,1,1,0,0,0,0,0,0,1,0,1,0,1,0,1,1,0,1,0,1,5.00,4.62,0.81,0.81,,0.00,0.00,1.00
2117124,BIODANCE,Pielęgnacja twarzy - Maseczki,5.00,1,0.69,4.79,19.99,3.04,46,32,69.57,39,0,0,0,0,0,0,0,0,1,0,0,0,0,0,1,0,0,0,0,1,5.00,4.34,0.67,0.67,,0.00,0.00,1.00
406411,ALTERRA,Pielęgnacja twarzy - Kremy pod oczy,4.63,8,2.20,4.74,119.93,4.80,38,23,60.53,33,8,6,1,0,1,1,1,0,0,0,0,0,0,0,0,0,0,0,0,4,4.50,4.18,0.59,0.64,0.25,0.00,0.25,0.75
2128169,THE ORDINARY,"Pielęgnacja twarzy - Serum, boostery i esencje",5.00,1,0.69,4.79,123.32,4.82,23,12,52.17,23,1,0,2,0,0,0,0,0,0,0,0,0,1,0,1,0,0,0,0,0,,,,,,,,
2077417,DERMIKA,Pielęgnacja twarzy - Kremy do twarzy,5.00,3,1.39,4.81,119.98,4.80,40,26,65.00,37,0,0,1,0,0,0,0,0,0,0,1,1,0,0,0,0,0,1,0,0,,,,,,,,
2103186,BIELENDA PROFESSIONAL,"Pielęgnacja twarzy - Serum, boostery i esencje",5.00,2,1.10,4.80,146.63,4.99,49,25,51.02,36,13,14,1,0,1,1,0,1,1,0,0,1,0,0,0,0,0,0,1,0,,,,,,,,
2110831,SOME BY MI,Pielęgnacja twarzy - Maseczki,5.00,1,0.69,4.79,4.00,1.61,53,39,73.58,47,3,4,0,0,0,0,0,0,1,0,0,1,1,1,1,0,0,0,0,1,5.00,4.58,0.79,0.79,,0.00,0.00,1.00
2095453,HARUHARU WONDER,Oczyszczanie i demakijaż twarzy - Oleje i masełka do demakijażu,4.00,1,0.69,4.75,56.66,4.05,8,7,87.50,19,0,0,0,0,0,0,0,0,0,0,0,0,0,0,0,0,0,0,0,0,,,,,,,,
2111318,TIRTIR,Tonizowanie twarzy - Toniki do twarzy,5.00,2,1.10,4.80,86.66,4.47,44,36,81.82,47,1,0,1,0,0,0,0,0,1,0,1,0,1,1,1,1,0,0,0,2,5.00,4.79,0.89,0.89,0.09,0.00,0.00,1.00
2091575,NUXE,Pielęgnacja twarzy - Kremy do twarzy,5.00,1,0.69,4.79,119.98,4.80,38,16,42.11,26,6,5,3,0,0,0,1,0,0,0,0,0,0,0,0,0,0,0,0,1,5.00,4.03,0.52,0.52,,0.00,0.00,1.00
2077001,FLUFF,"Pielęgnacja twarzy - Serum, boostery i esencje",5.00,1,0.69,4.79,109.97,4.71,21,6,28.57,13,4,3,2,0,0,0,1,1,1,0,0,0,0,0,0,0,0,0,1,0,,,,,,,,
2077418,DERMIKA,Pielęgnacja twarzy - Kremy do twarzy,5.00,3,1.39,4.81,119.98,4.80,33,20,60.61,30,0,0,1,0,0,0,0,0,0,0,1,1,0,0,0,0,0,1,0,2,5.00,4.85,0.92,0.92,0.10,0.00,0.00,1.00
2078549,COSRX,"Pielęgnacja twarzy - Serum, boostery i esencje",5.00,2,1.10,4.80,266.63,5.59,11,7,63.64,16,0,0,0,0,0,0,0,0,0,0,0,0,1,0,1,0,0,0,0,1,5.00,4.62,0.81,0.81,,0.00,0.00,1.00
2108080,VT COSMETICS,"Pielęgnacja twarzy - Serum, boostery i esencje",5.00,1,0.69,4.79,239.98,5.48,30,21,70.00,30,0,0,0,0,0,0,0,1,1,0,0,0,0,0,1,1,0,0,0,0,,,,,,,,
2095372,MAX FACTOR,Pielęgnacja ust - Balsamy i pomadki do ust,4.00,1,0.69,4.75,499.92,6.22,37,17,45.95,24,6,6,0,0,0,0,1,1,0,0,0,0,0,1,1,0,0,1,1,0,,,,,,,,
2077393,DERMIKA,Pielęgnacja twarzy - Kremy do twarzy,4.67,3,1.39,4.77,129.98,4.88,41,25,60.98,36,2,1,1,0,0,0,1,0,1,0,0,1,0,0,1,0,0,1,0,1,4.00,4.64,0.82,0.82,,0.00,0.00,1.00
2081154,STARA MYDLARNIA,Oczyszczanie i demakijaż twarzy - Żele i pianki do mycia twarzy,5.00,3,1.39,4.81,12.40,2.60,27,9,33.33,11,4,3,1,0,0,0,1,1,0,0,0,0,1,0,0,0,0,0,0,3,5.00,4.84,0.92,0.94,0.05,0.00,0.00,1.00
2083005,SKIN1004,"Pielęgnacja twarzy - Serum, boostery i esencje",5.00,1,0.69,4.79,139.98,4.95,44,25,56.82,34,0,0,0,0,0,0,0,0,1,0,1,0,1,0,1,1,0,0,0,1,5.00,4.86,0.93,0.93,,0.00,0.00,1.00
401053,FLOSLEK LABORATORIUM,Pielęgnacja twarzy - Kremy do twarzy,5.00,1,0.69,4.79,57.98,4.08,27,16,59.26,27,1,0,2,0,0,0,1,0,0,0,0,0,1,0,0,0,0,1,1,1,5.00,4.66,0.83,0.83,,0.00,0.00,1.00
2077419,DERMIKA,Pielęgnacja twarzy - Kremy do twarzy,4.75,4,1.61,4.78,119.98,4.80,39,26,66.67,35,0,0,1,0,0,0,0,0,0,0,1,1,0,0,0,0,0,1,0,3,5.00,4.50,0.75,0.73,0.05,0.00,0.00,1.00
2095447,HARUHARU WONDER,Pielęgnacja twarzy - Kosmetyki z SPF,5.00,2,1.10,4.80,199.98,5.30,50,23,46.00,27,1,0,0,0,0,0,0,0,1,0,1,0,0,0,0,0,0,0,0,0,,,,,,,,
381196,BARONESS,Pielęgnacja twarzy - Maseczki,5.00,3,1.39,4.81,3.69,1.55,23,10,43.48,18,1,0,2,0,1,1,1,0,0,0,0,0,1,0,1,0,0,0,0,2,5.00,4.72,0.86,0.86,0.19,0.00,0.00,1.00
402174,ALTERRA,"Pielęgnacja twarzy - Serum, boostery i esencje",4.67,3,1.39,4.77,61.63,4.14,17,8,47.06,18,4,3,3,0,0,0,1,0,0,0,0,0,0,0,1,0,0,0,0,2,4.50,4.71,0.86,0.86,0.02,0.00,0.00,1.00
408362,QURET,Pielęgnacja twarzy - Maseczki,5.00,1,0.69,4.79,6.99,2.08,27,20,74.07,28,1,0,0,0,0,0,0,0,0,0,0,0,0,0,1,0,0,0,0,0,,,,,,,,
2113717,UZDROVISCO,Pielęgnacja twarzy - Kremy pod oczy,5.00,2,1.10,4.80,446.60,6.10,39,20,51.28,26,3,3,2,0,0,0,0,0,0,0,1,0,0,0,0,0,0,1,1,2,5.00,4.91,0.96,0.96,0.01,0.00,0.00,1.00
2108505,VT COSMETICS,Pielęgnacja twarzy - Maseczki,4.50,2,1.10,4.76,24.99,3.26,41,31,75.61,39,0,0,0,0,0,0,0,0,1,0,1,0,1,1,1,1,0,1,0,1,4.00,3.73,0.37,0.37,,0.00,1.00,0.00
2077391,DERMIKA,Pielęgnacja twarzy - Kremy do twarzy,4.67,3,1.39,4.77,129.98,4.88,41,22,53.66,33,2,1,1,0,0,0,1,0,1,0,1,1,0,0,0,0,0,1,0,3,4.67,4.71,0.86,0.85,0.02,0.00,0.00,1.00
2117125,BIODANCE,Pielęgnacja twarzy - Maseczki,5.00,1,0.69,4.79,19.99,3.04,43,30,69.77,36,0,0,0,0,0,0,0,0,0,0,0,0,1,0,0,1,0,0,0,0,,,,,,,,
2117334,TISANE,Pielęgnacja ust - Balsamy i pomadki do ust,5.00,2,1.10,4.80,418.37,6.04,29,20,68.97,33,1,0,2,0,0,0,0,0,0,0,0,0,0,1,0,0,0,0,0,2,5.00,4.69,0.85,0.85,0.15,0.00,0.00,1.00
2055047,BIELENDA PROFESSIONAL,Pielęgnacja twarzy - Kremy do twarzy,5.00,1,0.69,4.79,189.98,5.25,52,33,63.46,43,4,4,4,0,0,0,1,0,0,0,0,1,0,1,1,0,0,1,0,1,5.00,4.51,0.75,0.75,,0.00,0.00,1.00
2084839,ALTERRA,"Pielęgnacja twarzy - Serum, boostery i esencje",5.00,1,0.69,4.79,59.97,4.11,26,11,42.31,20,6,5,2,1,1,1,1,1,0,0,0,1,0,0,0,0,0,0,1,1,5.00,4.93,0.96,0.96,,0.00,0.00,1.00
2103185,BIELENDA PROFESSIONAL,Pielęgnacja twarzy - Kremy do twarzy,4.67,3,1.39,4.77,87.98,4.49,31,18,58.06,27,0,0,1,0,0,0,0,0,0,0,0,0,0,0,0,0,1,0,1,0,,,,,,,,
199693,ALTERRA,Pielęgnacja twarzy - Kremy do twarzy,4.50,2,1.10,4.76,23.98,3.22,26,17,65.38,27,4,3,0,0,1,1,1,0,0,0,0,0,0,0,1,0,0,0,0,1,5.00,4.91,0.96,0.96,,0.00,0.00,1.00
2108193,ALTERRA,Pielęgnacja twarzy - Kremy pod oczy,4.00,1,0.69,4.75,119.93,4.80,30,18,60.00,28,3,0,1,0,0,0,0,0,0,0,0,1,0,0,0,0,0,0,0,0,,,,,,,,
2091559,NUXE,Oczyszczanie i demakijaż twarzy - Płyny do demakijażu,5.00,1,0.69,4.79,26.99,3.33,14,7,50.00,15,1,0,2,0,0,0,1,0,0,0,0,0,0,0,0,0,0,0,0,0,,,,,,,,
2101172,ALTERRA,"Pielęgnacja twarzy - Serum, boostery i esencje",5.00,3,1.39,4.81,63.30,4.16,14,7,50.00,14,1,0,2,0,0,0,0,0,0,0,0,0,0,0,0,0,0,0,0,1,5.00,4.31,0.66,0.66,,0.00,0.00,1.00
2077392,DERMIKA,Pielęgnacja twarzy - Kremy do twarzy,4.33,3,1.39,4.72,129.98,4.88,40,24,60.00,36,2,1,1,0,0,0,1,0,1,0,0,1,0,0,0,0,0,1,0,2,4.00,4.15,0.58,0.58,0.49,0.00,0.50,0.50
406412,ALTERRA,Pielęgnacja twarzy - Kremy do twarzy,4.29,7,2.08,4.65,34.98,3.58,37,22,59.46,32,8,6,1,0,1,1,1,0,0,0,0,0,0,0,0,0,0,0,0,6,4.17,4.35,0.67,0.94,0.68,0.17,0.00,0.83
406413,ALTERRA,Pielęgnacja twarzy - Kremy do twarzy,5.00,5,1.79,4.83,34.98,3.58,40,22,55.00,32,8,6,1,0,1,1,1,1,0,0,0,0,0,0,0,0,0,0,0,3,5.00,4.73,0.86,0.93,0.15,0.00,0.00,1.00
2113716,UZDROVISCO,Pielęgnacja twarzy - Kremy pod oczy,5.00,2,1.10,4.80,446.60,6.10,36,23,63.89,34,3,3,2,0,0,0,0,0,0,0,0,0,0,0,0,0,0,1,1,0,,,,,,,,
2108503,VT COSMETICS,Pielęgnacja twarzy - Maseczki,4.00,1,0.69,4.75,23.99,3.22,37,26,70.27,35,0,0,0,0,0,0,0,0,1,0,1,0,0,0,1,1,0,1,0,0,,,,,,,,
2115590,E.L.F.,Pielęgnacja ust - Balsamy i pomadki do ust,5.00,2,1.10,4.80,458.17,6.13,37,23,62.16,29,1,0,0,0,0,0,1,1,0,0,0,0,0,0,1,0,0,1,0,1,5.00,4.57,0.79,0.79,,0.00,0.00,1.00
250909,ALTERRA,Pielęgnacja twarzy - Kremy do twarzy,4.00,1,0.69,4.75,23.98,3.22,26,17,65.38,27,4,3,0,1,1,1,1,0,0,0,0,0,0,0,1,0,0,0,0,1,4.00,4.96,0.98,0.98,,0.00,0.00,1.00
2113190,ESSENCE,Pielęgnacja ust - Maseczki na usta,5.00,1,0.69,4.79,168.62,5.13,30,8,26.67,11,3,3,2,0,0,0,1,1,0,0,0,0,0,0,1,0,0,0,0,1,5.00,4.42,0.71,0.71,,0.00,0.00,1.00
2126308,ESSENCE,Pielęgnacja ust - Balsamy i pomadki do ust,5.00,1,0.69,4.79,134.90,4.91,27,10,37.04,15,2,1,1,0,0,0,0,1,0,0,0,0,0,1,0,0,0,1,0,0,,,,,,,,
2095837,PHYSIOGEL,Pielęgnacja twarzy - Kremy do twarzy,5.00,1,0.69,4.79,149.98,5.02,16,9,56.25,20,0,0,0,0,0,0,0,0,0,0,0,0,0,0,0,0,0,1,0,0,,,,,,,,
2091556,NUXE,Pielęgnacja twarzy - Maseczki,5.00,1,0.69,4.79,46.66,3.86,16,8,50.00,15,1,0,1,1,1,1,1,0,0,0,0,0,0,0,0,0,0,0,0,1,5.00,4.37,0.68,0.68,,0.00,0.00,1.00
2124886,SKIN1004,"Pielęgnacja twarzy - Serum, boostery i esencje",5.00,1,0.69,4.79,199.97,5.30,23,15,65.22,28,0,0,0,0,0,0,0,0,0,0,0,0,0,0,0,1,0,0,0,1,5.00,4.96,0.98,0.98,,0.00,0.00,1.00
2102981,BIELENDA,Tonizowanie twarzy - Toniki do twarzy,5.00,1,0.69,4.79,6.50,2.01,35,18,51.43,29,6,6,4,0,0,0,1,0,0,0,0,0,0,1,1,0,0,0,1,1,5.00,4.64,0.82,0.82,,0.00,0.00,1.00
2110620,TIRTIR,Tonizowanie twarzy - Toniki do twarzy,5.00,2,1.10,4.80,119.98,4.80,44,36,81.82,47,1,0,1,0,0,0,0,0,1,0,1,0,1,1,1,1,0,0,0,1,5.00,4.99,0.99,0.99,,0.00,0.00,1.00
2102988,BIELENDA,Pielęgnacja twarzy - Kremy do twarzy,4.00,1,0.69,4.75,50.98,3.95,54,26,48.15,38,12,13,4,0,0,0,1,0,1,0,0,1,0,1,1,0,0,1,1,1,4.00,4.68,0.84,0.84,,0.00,0.00,1.00
163376,PANI WALEWSKA,Pielęgnacja twarzy - Kremy do twarzy,5.00,1,0.69,4.79,44.98,3.83,18,7,38.89,15,1,0,1,0,0,0,1,0,0,0,0,0,0,0,0,0,0,1,0,2,5.00,4.51,0.76,0.76,0.03,0.00,0.00,1.00
414273,ALTERRA,"Pielęgnacja twarzy - Serum, boostery i esencje",5.00,1,0.69,4.79,59.97,4.11,28,12,42.86,20,7,6,2,1,1,1,1,1,0,0,0,1,0,0,0,0,0,0,1,1,5.00,4.46,0.73,0.73,,0.00,0.00,1.00
2110470,EFEKTIMA,Pielęgnacja twarzy - Maseczki,5.00,1,0.69,4.79,12.99,2.64,34,26,76.47,38,2,1,0,0,0,0,0,1,0,0,1,0,1,1,1,1,0,0,0,0,,,,,,,,
2104887,MIXSOON,Tonizowanie twarzy - Esencje i hydrolaty do twarzy,5.00,1,0.69,4.79,127.99,4.86,1,1,100.00,3,0,0,0,0,0,0,0,0,0,0,0,0,0,0,0,1,0,0,0,1,5.00,4.96,0.98,0.98,,0.00,0.00,1.00
2082990,SKIN1004,"Pielęgnacja twarzy - Serum, boostery i esencje",5.00,3,1.39,4.81,139.99,4.95,26,18,69.23,30,0,0,0,0,0,0,0,0,1,0,0,1,1,0,0,1,0,0,0,1,5.00,4.85,0.92,0.92,,0.00,0.00,1.00
2102989,BIELENDA,Pielęgnacja twarzy - Kremy do twarzy,5.00,1,0.69,4.79,50.98,3.95,55,28,50.91,41,12,13,4,0,0,0,1,0,0,0,1,1,0,1,1,0,0,1,0,1,5.00,4.76,0.88,0.88,,0.00,0.00,1.00
2083024,PURITO,Pielęgnacja twarzy - Kremy do twarzy,4.50,2,1.10,4.76,233.27,5.46,38,28,73.68,40,0,0,0,0,0,0,0,0,1,0,1,0,0,0,1,1,0,1,0,1,5.00,4.85,0.92,0.92,,0.00,0.00,1.00
2112446,PUPA MILANO,Pielęgnacja ust - Peelingi do ust,5.00,1,0.69,4.79,1210.42,7.10,24,10,41.67,15,2,1,0,0,0,0,0,1,0,0,0,0,0,0,1,0,0,0,0,1,5.00,4.61,0.81,0.81,,0.00,0.00,1.00
2083035,SKIN1004,Pielęgnacja twarzy - Kosmetyki z SPF,3.00,1,0.69,4.70,259.98,5.56,43,21,48.84,29,0,0,0,0,0,0,0,1,1,0,0,0,0,0,1,1,0,0,0,1,3.00,1.91,-0.54,-0.54,,1.00,0.00,0.00
2082818,PURITO,Pielęgnacja twarzy - Kremy do twarzy,5.00,1,0.69,4.79,124.99,4.84,27,16,59.26,24,0,0,0,0,0,0,0,0,0,0,1,0,1,0,0,0,0,1,0,1,5.00,4.77,0.89,0.89,,0.00,0.00,1.00
2102978,BIELENDA,"Pielęgnacja twarzy - Serum, boostery i esencje",5.00,2,1.10,4.80,53.32,3.99,40,19,47.50,24,4,3,3,0,0,0,1,0,0,0,0,1,0,1,1,0,0,0,0,1,5.00,4.64,0.82,0.82,,0.00,0.00,1.00
2082997,SKIN1004,"Pielęgnacja twarzy - Serum, boostery i esencje",5.00,1,0.69,4.79,119.99,4.80,32,22,68.75,30,0,0,0,0,0,0,0,0,0,0,0,0,1,1,1,1,0,0,0,0,,,,,,,,
2083092,PURITO,Pielęgnacja twarzy - Kosmetyki z SPF,1.00,1,0.69,4.60,166.65,5.12,47,26,55.32,31,0,0,0,0,0,0,0,0,1,0,0,0,1,0,1,1,0,0,0,1,1.00,3.68,0.34,0.34,,0.00,1.00,0.00
2106778,ANUA,"Pielęgnacja twarzy - Serum, boostery i esencje",5.00,1,0.69,4.79,36.66,3.63,35,24,68.57,33,1,0,0,0,0,0,1,0,1,0,1,0,1,0,1,0,1,0,0,1,5.00,4.53,0.76,0.76,,0.00,0.00,1.00
420939,EFEKTIMA,Pielęgnacja twarzy - Kremy pod oczy,5.00,2,1.10,4.80,166.60,5.12,35,18,51.43,29,6,4,5,0,0,0,1,0,0,0,0,0,0,0,0,0,0,0,0,2,5.00,4.78,0.89,0.89,0.06,0.00,0.00,1.00
2082975,SKIN1004,Pielęgnacja twarzy - Kremy do twarzy,5.00,1,0.69,4.79,117.32,4.77,35,19,54.29,24,0,0,0,0,0,0,0,0,0,0,1,0,0,0,1,1,0,0,0,1,5.00,4.93,0.97,0.97,,0.00,0.00,1.00
2083025,PURITO,Pielęgnacja twarzy - Kremy do twarzy,5.00,1,0.69,4.79,199.98,5.30,38,28,73.68,40,0,0,0,0,0,0,0,0,1,0,1,0,0,0,1,1,0,1,0,0,,,,,,,,
2127646,LANEIGE,Pielęgnacja ust - Maseczki na usta,5.00,3,1.39,4.81,499.95,6.22,36,18,50.00,26,1,0,0,0,0,0,1,1,0,0,0,1,0,0,0,0,0,0,0,2,5.00,4.90,0.95,0.95,0.03,0.00,0.00,1.00
2121691,GENABELLE,Pielęgnacja twarzy - Kremy do twarzy,5.00,1,0.69,4.79,147.13,5.00,44,33,75.00,42,1,0,0,0,0,0,1,1,1,0,1,0,1,1,1,1,0,0,0,1,5.00,4.67,0.84,0.84,,0.00,0.00,1.00
2104565,YEAUTY,Pielęgnacja twarzy - Maseczki,4.00,4,1.61,4.65,5.79,1.92,23,13,56.52,24,2,1,2,0,0,0,1,0,1,0,0,0,0,0,1,0,0,0,0,2,3.00,3.82,0.41,0.41,0.80,0.50,0.00,0.50
2108789,HOLIKA HOLIKA,Pielęgnacja twarzy - Maseczki,5.00,1,0.69,4.79,85.69,4.46,42,28,66.67,38,0,0,0,0,0,0,0,0,1,0,0,0,1,1,1,0,0,0,0,1,5.00,4.64,0.82,0.82,,0.00,0.00,1.00
2104563,YEAUTY,Pielęgnacja twarzy - Maseczki,5.00,6,1.95,4.83,5.79,1.92,29,17,58.62,28,4,2,0,0,0,0,1,0,1,0,0,1,1,0,1,0,0,0,0,3,5.00,4.76,0.88,0.95,0.15,0.00,0.00,1.00
271191,PANI WALEWSKA,Pielęgnacja twarzy - Kremy do twarzy,5.00,1,0.69,4.79,44.98,3.83,24,11,45.83,21,1,0,1,0,0,0,1,0,0,0,0,0,0,0,1,0,0,1,0,0,,,,,,,,
401042,FLOSLEK LABORATORIUM,Pielęgnacja twarzy - Kremy do twarzy,5.00,1,0.69,4.79,63.98,4.17,31,20,64.52,31,1,0,2,0,0,0,0,0,0,0,0,0,1,1,1,0,0,0,0,1,5.00,4.68,0.84,0.84,,0.00,0.00,1.00
2115633,E.L.F.,Pielęgnacja ust - Serum i olejki do ust,5.00,2,1.10,4.80,605.13,6.41,23,10,43.48,16,1,0,1,0,0,0,1,1,0,0,0,0,0,0,0,0,0,1,0,1,5.00,4.94,0.97,0.97,,0.00,0.00,1.00
401041,FLOSLEK LABORATORIUM,Pielęgnacja twarzy - Kremy do twarzy,5.00,2,1.10,4.80,63.98,4.17,21,8,38.10,19,3,2,2,0,0,0,1,0,0,0,0,0,1,0,0,0,0,0,0,0,,,,,,,,
2089993,ESSENCE,Pielęgnacja ust - Serum i olejki do ust,5.00,1,0.69,4.79,47.99,3.89,25,6,24.00,14,6,6,2,0,0,0,1,1,0,0,0,0,0,0,1,0,0,0,0,0,,,,,,,,
2031076,ZIAJA,Pielęgnacja twarzy - Maseczki,5.00,1,0.69,4.79,23.62,3.20,28,11,39.29,19,3,1,1,0,0,0,1,1,0,0,1,0,0,0,1,0,0,0,0,1,5.00,4.84,0.92,0.92,,0.00,0.00,1.00
338507,MANUFAKTURA PIĘKNA,Pielęgnacja ust - Peelingi do ust,5.00,1,0.69,4.79,83.27,4.43,15,13,86.67,25,1,0,0,0,0,0,0,1,0,0,0,0,0,0,0,0,0,0,0,1,5.00,3.93,0.46,0.46,,0.00,0.00,1.00
401049,FLOSLEK LABORATORIUM,Pielęgnacja twarzy - Kremy pod oczy,5.00,1,0.69,4.79,66.63,4.21,27,16,59.26,26,1,0,2,0,0,0,1,0,0,0,0,0,1,0,0,0,0,1,0,0,,,,,,,,
348694,MANUFAKTURA PIĘKNA,Pielęgnacja twarzy - Maseczki,5.00,1,0.69,4.79,58.72,4.09,5,4,80.00,12,0,0,0,0,0,0,0,1,0,0,0,0,0,0,0,0,0,0,0,1,5.00,4.53,0.76,0.76,,0.00,0.00,1.00
2083043,SKIN1004,Pielęgnacja twarzy - Maseczki,5.00,1,0.69,4.79,59.96,4.11,29,15,51.72,23,2,0,0,0,0,0,0,0,0,0,0,0,0,0,1,1,0,0,0,0,,,,,,,,
2090178,CNF,Pielęgnacja twarzy - Maseczki,5.00,2,1.10,4.80,24.95,3.26,20,11,55.00,18,1,0,0,0,0,0,1,0,1,0,0,1,1,0,1,0,0,0,0,2,5.00,4.92,0.96,0.96,0.04,0.00,0.00,1.00
420942,EFEKTIMA,Pielęgnacja twarzy - Kremy pod oczy,5.00,1,0.69,4.79,166.60,5.12,32,17,53.12,27,4,4,5,0,0,0,1,0,0,0,0,0,0,0,1,0,0,0,0,1,5.00,4.95,0.98,0.98,,0.00,0.00,1.00
2102980,BIELENDA,Oczyszczanie i demakijaż twarzy - Płyny do demakijażu,5.00,1,0.69,4.79,4.62,1.73,27,11,40.74,20,3,2,4,0,0,0,1,0,0,0,0,0,0,1,1,0,0,0,0,0,,,,,,,,
2086715,MOND'SUB,Pielęgnacja twarzy - Maseczki,5.00,1,0.69,4.79,23.54,3.20,23,12,52.17,25,2,0,2,0,0,0,1,0,0,0,0,0,0,0,1,0,0,0,0,0,,,,,,,,
356080,BEE NATURAL,Pielęgnacja ust - Balsamy i pomadki do ust,5.00,2,1.10,4.80,404.52,6.01,14,10,71.43,24,4,3,0,0,0,0,0,0,0,0,0,0,0,0,0,0,0,0,0,1,5.00,4.58,0.79,0.79,,0.00,0.00,1.00
2088403,ROM&ND,Pielęgnacja ust - Balsamy i pomadki do ust,5.00,1,0.69,4.79,656.86,6.49,34,13,38.24,16,3,2,0,0,0,0,1,1,0,0,0,0,0,0,0,0,0,0,0,0,,,,,,,,
2083014,SKIN1004,Tonizowanie twarzy - Toniki do twarzy,5.00,1,0.69,4.79,116.63,4.77,15,6,40.00,12,0,0,0,0,0,0,0,0,1,0,0,0,0,0,1,1,0,0,0,0,,,,,,,,
2092262,NATURALME,Pielęgnacja twarzy - Kremy do twarzy,5.00,1,0.69,4.79,99.98,4.61,42,26,61.90,37,5,4,2,0,0,0,1,1,0,0,0,1,1,1,1,0,0,0,0,1,5.00,4.80,0.90,0.90,,0.00,0.00,1.00
2119125,EQQUALBERRY,Tonizowanie twarzy - Toniki do twarzy,5.00,1,0.69,4.79,45.45,3.84,35,29,82.86,41,0,0,0,0,0,0,0,0,0,0,0,0,0,0,1,1,0,0,0,0,,,,,,,,
2126670,TISANE,Pielęgnacja ust - Balsamy i pomadki do ust,5.00,1,0.69,4.79,382.77,5.95,16,13,81.25,25,1,0,0,0,0,0,0,0,0,0,0,0,0,0,0,0,0,0,0,0,,,,,,,,
2031077,ZIAJA,Pielęgnacja twarzy - Maseczki,5.00,1,0.69,4.79,23.62,3.20,37,15,40.54,25,6,4,1,0,0,0,1,1,0,0,1,0,0,0,0,0,0,0,0,1,5.00,3.98,0.49,0.49,,0.00,0.00,1.00
401036,FLOSLEK LABORATORIUM,"Pielęgnacja twarzy - Serum, boostery i esencje",5.00,2,1.10,4.80,73.30,4.31,24,9,37.50,18,5,4,3,0,0,0,1,0,0,0,0,0,1,0,1,1,0,0,0,1,5.00,4.78,0.89,0.89,,0.00,0.00,1.00
2079439,CATRICE,Pielęgnacja ust - Serum i olejki do ust,5.00,1,0.69,4.79,474.75,6.16,13,5,38.46,12,1,0,0,0,0,0,0,1,0,0,0,0,0,0,0,0,0,0,0,1,5.00,4.43,0.72,0.72,,0.00,0.00,1.00
2121845,E.L.F.,Pielęgnacja ust - Serum i olejki do ust,5.00,1,0.69,4.79,605.13,6.41,31,18,58.06,27,7,5,1,0,0,0,1,1,0,0,0,0,0,1,0,0,0,1,0,0,,,,,,,,
2110606,TIRTIR,Pielęgnacja twarzy - Kremy do twarzy,5.00,2,1.10,4.80,239.98,5.48,38,27,71.05,39,1,0,0,0,0,0,0,0,0,0,1,0,0,0,0,1,0,0,0,1,5.00,4.90,0.95,0.95,,0.00,0.00,1.00
338510,MANUFAKTURA PIĘKNA,Pielęgnacja ust - Balsamy i pomadki do ust,5.00,1,0.69,4.79,83.27,4.43,14,13,92.86,27,1,0,0,0,0,0,0,1,0,0,0,0,0,0,0,0,0,0,0,0,,,,,,,,
163373,PANI WALEWSKA,Pielęgnacja twarzy - Kremy do twarzy,5.00,1,0.69,4.79,44.98,3.83,29,16,55.17,26,1,0,2,0,0,0,1,0,0,1,0,0,0,0,0,0,0,1,0,0,,,,,,,,
2121694,GENABELLE,Tonizowanie twarzy - Toniki do twarzy,5.00,1,0.69,4.79,34.33,3.56,36,27,75.00,36,0,0,0,0,0,0,0,0,1,0,0,0,1,1,1,1,0,0,0,1,5.00,4.79,0.89,0.89,,0.00,0.00,1.00
2098727,SELFIE PROJECT,Pielęgnacja twarzy - Płatki pod oczy,5.00,1,0.69,4.79,2.00,1.10,23,9,39.13,18,0,0,1,0,0,0,0,1,0,0,0,0,0,0,0,0,0,0,0,1,5.00,4.94,0.97,0.97,,0.00,0.00,1.00
2110483,TIRTIR,"Pielęgnacja twarzy - Serum, boostery i esencje",5.00,1,0.69,4.79,259.98,5.56,28,21,75.00,28,1,0,0,0,0,0,0,0,0,0,0,0,1,1,1,1,0,0,0,1,5.00,3.40,0.20,0.20,,0.00,1.00,0.00
350013,LIP SMACKER,Pielęgnacja ust - Balsamy i pomadki do ust,5.00,1,0.69,4.79,274.75,5.62,23,15,65.22,25,2,0,0,0,0,0,0,1,0,0,0,0,0,0,0,0,0,0,0,0,,,,,,,,
2102977,BIELENDA,Pielęgnacja twarzy - Kremy do twarzy,5.00,1,0.69,4.79,50.98,3.95,43,21,48.84,31,11,14,2,0,0,0,0,0,0,0,0,0,0,1,1,0,0,0,0,1,5.00,4.19,0.59,0.59,,0.00,0.00,1.00
2088106,CARBON THEORY LABS,Oczyszczanie i demakijaż twarzy - Peelingi do twarzy,5.00,1,0.69,4.79,39.99,3.71,23,15,65.22,24,1,2,2,0,0,0,0,1,0,0,0,0,0,0,0,0,0,0,0,1,5.00,4.73,0.87,0.87,,0.00,0.00,1.00
2088834,ROM&ND,Pielęgnacja twarzy - Kosmetyki z SPF,5.00,2,1.10,4.80,131.98,4.89,35,14,40.00,18,2,3,0,0,0,0,0,0,0,0,0,0,0,0,0,0,0,0,0,1,5.00,4.04,0.52,0.52,,0.00,0.00,1.00
2094328,BEE NATURAL,Pielęgnacja ust - Balsamy i pomadki do ust,5.00,2,1.10,4.80,404.52,6.01,10,9,90.00,22,1,0,0,0,0,0,0,0,0,0,0,0,0,0,0,0,0,0,0,2,5.00,4.83,0.91,0.91,0.07,0.00,0.00,1.00
2098726,SELFIE PROJECT,Pielęgnacja twarzy - Płatki pod oczy,5.00,1,0.69,4.79,2.00,1.10,24,8,33.33,17,0,0,1,0,0,0,0,1,1,0,0,0,0,0,0,0,0,0,0,1,5.00,4.93,0.96,0.96,,0.00,0.00,1.00
2118254,LUMENE,Pielęgnacja twarzy - Kremy do twarzy,1.00,1,0.69,4.60,259.98,5.56,47,21,44.68,26,9,7,1,0,0,0,1,1,0,0,0,1,1,0,1,0,0,0,0,1,1.00,1.94,-0.53,-0.53,,1.00,0.00,0.00
2092253,NATURALME,"Pielęgnacja twarzy - Serum, boostery i esencje",5.00,1,0.69,4.79,216.63,5.38,48,33,68.75,44,5,4,2,0,0,0,1,0,0,1,1,0,1,1,1,0,0,1,0,1,5.00,4.92,0.96,0.96,,0.00,0.00,1.00
401040,FLOSLEK LABORATORIUM,Pielęgnacja twarzy - Kremy do twarzy,5.00,1,0.69,4.79,45.98,3.85,34,20,58.82,32,6,4,3,0,0,0,1,0,0,0,0,0,0,0,1,1,0,0,0,1,5.00,4.87,0.94,0.94,,0.00,0.00,1.00
2104562,YEAUTY,Pielęgnacja twarzy - Maseczki,5.00,4,1.61,4.82,5.79,1.92,28,16,57.14,27,4,2,1,0,0,0,1,0,1,0,0,1,1,0,1,0,0,0,0,3,5.00,4.75,0.88,0.88,0.10,0.00,0.00,1.00
2092260,NATURALME,Pielęgnacja twarzy - Kremy do twarzy,5.00,1,0.69,4.79,99.98,4.61,45,28,62.22,39,5,4,2,0,0,0,1,1,0,0,1,1,1,0,1,1,0,0,0,1,5.00,4.92,0.96,0.96,,0.00,0.00,1.00
2083031,ZOMBIE BEAUTY BY SKIN1004,Pielęgnacja twarzy - Maseczki,5.00,1,0.69,4.79,43.99,3.81,41,25,60.98,32,1,0,0,0,0,0,1,1,0,0,1,0,0,0,1,1,0,1,0,1,5.00,4.80,0.90,0.90,,0.00,0.00,1.00
2114526,SORAYA,Pielęgnacja twarzy - Kremy do twarzy,4.00,1,0.69,4.75,43.98,3.81,51,26,50.98,36,12,12,1,0,0,0,1,0,0,1,0,1,0,1,1,0,0,1,0,0,,,,,,,,
2092261,NATURALME,Pielęgnacja twarzy - Kremy do twarzy,5.00,1,0.69,4.79,99.98,4.61,43,30,69.77,41,5,4,2,0,0,0,1,0,1,0,0,0,1,0,1,1,0,1,0,0,,,,,,,,
348693,MANUFAKTURA PIĘKNA,Pielęgnacja twarzy - Maseczki,5.00,1,0.69,4.79,58.72,4.09,4,3,75.00,9,0,0,0,0,0,0,0,1,0,0,0,0,0,0,0,0,0,0,0,1,5.00,4.62,0.81,0.81,,0.00,0.00,1.00
2086713,MOND'SUB,Pielęgnacja twarzy - Maseczki,5.00,2,1.10,4.80,23.54,3.20,21,10,47.62,21,2,1,1,0,0,0,1,0,0,0,0,0,0,0,1,0,0,0,0,0,,,,,,,,
2096515,SO!FLOW BY VIS PLANTIS,Pielęgnacja twarzy - Kremy do twarzy,5.00,1,0.69,4.79,89.98,4.51,34,23,67.65,33,3,2,2,0,0,0,1,0,1,0,0,1,0,0,0,0,0,1,1,1,5.00,4.52,0.76,0.76,,0.00,0.00,1.00
2108081,SORAYA,Oczyszczanie i demakijaż twarzy - Płyny do demakijażu,4.00,1,0.69,4.75,3.75,1.56,15,7,46.67,16,1,0,2,0,0,0,1,0,0,1,0,0,0,1,1,0,0,0,1,1,4.00,4.90,0.95,0.95,,0.00,0.00,1.00
2092255,NATURALME,"Pielęgnacja twarzy - Serum, boostery i esencje",5.00,1,0.69,4.79,216.63,5.38,40,23,57.50,33,5,4,2,0,0,0,1,1,0,0,0,1,1,0,1,0,0,0,0,1,5.00,4.89,0.94,0.94,,0.00,0.00,1.00
2121693,GENABELLE,"Pielęgnacja twarzy - Serum, boostery i esencje",5.00,1,0.69,4.79,399.97,5.99,40,26,65.00,33,1,0,0,0,0,0,1,1,1,0,0,1,0,1,1,0,0,0,0,0,,,,,,,,
2092264,NATURALME,"Pielęgnacja twarzy - Serum, boostery i esencje",5.00,1,0.69,4.79,99.98,4.61,44,32,72.73,43,5,4,2,0,0,0,1,0,0,1,1,0,1,0,1,0,0,0,0,1,5.00,4.94,0.97,0.97,,0.00,0.00,1.00
2083020,PURITO,Tonizowanie twarzy - Toniki do twarzy,5.00,1,0.69,4.79,54.99,4.03,25,13,52.00,20,6,7,0,0,0,0,0,0,0,0,0,0,1,0,1,1,0,0,0,0,,,,,,,,
2086137,EASY LIVIN',Pielęgnacja twarzy - Płatki pod oczy,4.00,1,0.69,4.75,69.99,4.26,1,0,0.00,0,0,0,0,0,0,0,0,0,0,0,0,0,0,0,0,0,0,0,0,0,,,,,,,,
2092266,NATURALME,"Pielęgnacja twarzy - Serum, boostery i esencje",4.50,2,1.10,4.76,99.98,4.61,51,32,62.75,43,5,4,2,0,0,0,1,1,0,0,1,0,1,0,1,0,0,0,1,2,4.50,4.45,0.72,0.72,0.16,0.00,0.00,1.00
2059082,NATURALME,Pielęgnacja twarzy - Kremy do twarzy,5.00,1,0.69,4.79,99.98,4.61,27,22,81.48,33,0,0,2,0,0,0,0,0,0,0,0,1,1,0,0,0,0,1,1,0,,,,,,,,
2089864,UZDROVISCO,Pielęgnacja twarzy - Kremy do twarzy,4.00,1,0.69,4.75,103.98,4.65,39,19,48.72,22,1,1,2,0,0,0,1,0,0,0,0,0,0,0,1,0,0,0,1,1,4.00,4.20,0.60,0.60,,0.00,0.00,1.00
2088402,ROM&ND,Pielęgnacja ust - Balsamy i pomadki do ust,5.00,1,0.69,4.79,656.86,6.49,33,13,39.39,16,3,2,0,0,0,0,1,1,0,0,0,0,0,0,0,0,0,0,0,0,,,,,,,,
2117575,ISNTREE,Oczyszczanie i demakijaż twarzy - Żele i pianki do mycia twarzy,5.00,1,0.69,4.79,399.93,5.99,11,7,63.64,16,0,0,0,0,0,0,0,0,0,0,0,0,0,0,0,0,0,0,0,1,5.00,4.86,0.93,0.93,,0.00,0.00,1.00
2110497,IT'S SKIN,Pielęgnacja twarzy - Maseczki,5.00,1,0.69,4.79,5.39,1.85,24,12,50.00,16,1,0,1,0,1,1,1,0,0,0,0,0,0,0,0,0,0,0,0,1,5.00,4.94,0.97,0.97,,0.00,0.00,1.00
2111324,TIRTIR,"Pielęgnacja twarzy - Serum, boostery i esencje",4.00,2,1.10,4.71,399.97,5.99,18,14,77.78,22,0,0,0,0,0,0,0,0,0,0,0,1,0,1,0,1,0,0,0,1,3.00,4.07,0.53,0.53,,0.00,0.00,1.00
2093877,FRULATTE,Pielęgnacja twarzy - Kremy do twarzy,5.00,1,0.69,4.79,105.98,4.67,34,23,67.65,33,1,0,3,0,0,0,1,0,1,0,0,1,0,1,1,0,0,1,0,0,,,,,,,,
2093918,SATTVA,"Pielęgnacja twarzy - Serum, boostery i esencje",5.00,1,0.69,4.79,79.98,4.39,1,1,100.00,3,1,0,0,0,0,0,0,0,0,0,0,0,0,0,0,0,0,0,0,1,5.00,4.30,0.65,0.65,,0.00,0.00,1.00
2113019,PYUNKANG YUL,Tonizowanie twarzy - Toniki do twarzy,5.00,1,0.69,4.79,36.99,3.64,7,3,42.86,8,0,0,0,0,0,0,0,0,0,0,0,0,0,0,0,0,0,0,0,1,5.00,4.43,0.72,0.72,,0.00,0.00,1.00
2104564,YEAUTY,Pielęgnacja twarzy - Maseczki,5.00,1,0.69,4.79,5.79,1.92,22,14,63.64,24,2,0,1,0,0,0,1,0,1,0,0,1,1,0,1,0,0,0,0,0,,,,,,,,
2111323,TIRTIR,Pielęgnacja twarzy - Kremy pod oczy,5.00,2,1.10,4.80,733.27,6.60,58,36,62.07,45,1,0,0,0,0,0,1,0,1,0,0,1,1,1,0,0,0,1,0,2,5.00,4.85,0.93,0.93,0.02,0.00,0.00,1.00
2078452,MISSHA,Pielęgnacja twarzy - Maseczki,5.00,1,0.69,4.79,24.96,3.26,33,18,54.55,29,2,1,0,0,0,0,1,0,0,0,1,0,0,0,1,1,0,0,0,1,5.00,4.36,0.68,0.68,,0.00,0.00,1.00
2101269,LIP SMACKER,Pielęgnacja ust - Balsamy i pomadki do ust,5.00,1,0.69,4.79,624.75,6.44,27,16,59.26,26,2,0,1,0,0,0,0,1,0,0,0,0,0,0,0,0,0,0,0,0,,,,,,,,
2078424,A'PIEU,Pielęgnacja twarzy - Maseczki,5.00,1,0.69,4.79,38.05,3.66,28,18,64.29,25,1,0,0,0,0,0,1,0,0,0,0,0,0,0,1,0,0,0,0,1,5.00,4.96,0.98,0.98,,0.00,0.00,1.00
2086323,JELP,Pielęgnacja ust - Balsamy i pomadki do ust,5.00,1,0.69,4.79,317.95,5.76,16,10,62.50,21,2,0,0,0,0,0,1,0,0,0,0,0,0,0,0,0,0,0,0,1,5.00,4.84,0.92,0.92,,0.00,0.00,1.00
2110583,IT'S SKIN,Pielęgnacja twarzy - Maseczki,5.00,1,0.69,4.79,5.39,1.85,30,15,50.00,22,3,2,1,0,0,0,1,0,0,0,0,0,1,0,1,0,0,0,0,1,5.00,4.98,0.99,0.99,,0.00,0.00,1.00
2113409,DASIQUE,Pielęgnacja ust - Balsamy i pomadki do ust,5.00,1,0.69,4.79,1015.23,6.92,28,7,25.00,11,3,2,0,0,0,0,1,1,0,0,0,0,0,0,0,0,0,0,0,0,,,,,,,,
2092254,NATURALME,"Pielęgnacja twarzy - Serum, boostery i esencje",5.00,1,0.69,4.79,216.63,5.38,47,33,70.21,43,5,4,2,0,0,0,1,0,0,1,0,0,1,0,1,1,0,1,0,1,5.00,4.95,0.97,0.97,,0.00,0.00,1.00
2078353,A'PIEU,Pielęgnacja twarzy - Maseczki,5.00,1,0.69,4.79,38.05,3.66,28,18,64.29,25,1,0,0,0,0,0,1,0,0,0,0,0,0,0,1,0,0,0,0,1,5.00,4.97,0.98,0.98,,0.00,0.00,1.00
2096316,SINOZ,Oczyszczanie i demakijaż twarzy - Żele i pianki do mycia twarzy,4.00,2,1.10,4.71,11.75,2.55,30,12,40.00,13,2,0,0,0,0,0,1,0,0,0,0,0,1,0,0,0,0,0,0,1,3.00,1.95,-0.53,-0.53,,1.00,0.00,0.00
350019,LIP SMACKER,Pielęgnacja ust - Balsamy i pomadki do ust,1.00,1,0.69,4.60,224.75,5.42,24,15,62.50,25,2,0,0,0,0,0,0,1,0,0,0,0,0,0,0,0,0,0,0,1,1.00,2.74,-0.13,-0.13,,1.00,0.00,0.00
2088835,ROM&ND,Pielęgnacja twarzy - Kosmetyki z SPF,5.00,1,0.69,4.79,131.98,4.89,48,23,47.92,27,4,3,0,0,0,0,0,1,0,0,0,0,0,0,0,0,0,0,0,0,,,,,,,,
2110493,IT'S SKIN,Pielęgnacja twarzy - Maseczki,5.00,1,0.69,4.79,5.39,1.85,28,18,64.29,24,1,0,1,0,0,0,1,0,1,0,0,0,1,0,1,0,0,0,0,1,5.00,4.86,0.93,0.93,,0.00,0.00,1.00
2117019,E.L.F.,Tonizowanie twarzy - Toniki do twarzy,5.00,1,0.69,4.79,31.33,3.48,30,16,53.33,25,0,0,3,0,0,0,0,0,1,0,1,0,0,0,1,0,0,0,1,1,5.00,4.49,0.75,0.75,,0.00,0.00,1.00
2111947,CATRICE,Pielęgnacja ust - Balsamy i pomadki do ust,5.00,1,0.69,4.79,154.90,5.05,29,14,48.28,22,3,3,1,0,0,0,1,1,0,0,0,0,0,1,1,0,0,0,0,0,,,,,,,,
2111946,CATRICE,Pielęgnacja ust - Balsamy i pomadki do ust,5.00,1,0.69,4.79,154.90,5.05,37,16,43.24,24,8,8,1,0,0,0,1,1,0,0,0,0,0,1,1,0,0,0,0,1,5.00,4.44,0.72,0.72,,0.00,0.00,1.00
2111948,CATRICE,Pielęgnacja ust - Balsamy i pomadki do ust,5.00,1,0.69,4.79,154.90,5.05,29,14,48.28,23,5,4,0,0,0,0,1,1,0,0,0,0,0,1,1,0,0,0,0,0,,,,,,,,
285871,A'PIEU,Pielęgnacja twarzy - Maseczki,5.00,1,0.69,4.79,38.05,3.66,28,18,64.29,25,1,0,0,0,0,0,1,0,0,0,0,0,0,0,1,0,0,0,0,1,5.00,4.84,0.92,0.92,,0.00,0.00,1.00
2095449,HARUHARU WONDER,Tonizowanie twarzy - Toniki do twarzy,5.00,1,0.69,4.79,59.99,4.11,27,15,55.56,21,1,2,0,0,1,1,0,0,0,0,0,0,0,0,1,0,0,0,0,1,5.00,4.98,0.99,0.99,,0.00,0.00,1.00
2086010,ISADORA,Pielęgnacja ust - Balsamy i pomadki do ust,5.00,1,0.69,4.79,3749.38,8.23,26,9,34.62,19,0,0,0,0,0,0,0,1,0,0,0,0,0,0,0,0,0,0,0,0,,,,,,,,
157211,SORAYA,Pielęgnacja twarzy - Kremy do twarzy,4.87,54,4.01,4.85,13.98,2.71,34,18,52.94,30,6,5,3,0,0,0,1,0,0,1,0,1,0,0,0,0,0,0,0,10,4.70,4.52,0.76,0.86,0.30,0.10,0.00,0.90
171099,BLISTEX,Pielęgnacja ust - Balsamy i pomadki do ust,4.90,82,4.42,4.88,191.50,5.26,40,21,52.50,29,5,4,0,1,1,1,0,0,0,0,0,0,0,0,0,0,0,0,0,10,4.90,4.72,0.86,0.93,0.11,0.00,0.00,1.00
171104,BLISTEX,Pielęgnacja ust - Balsamy i pomadki do ust,4.90,62,4.14,4.87,270.35,5.60,24,19,79.17,32,8,7,1,0,0,0,1,1,0,0,0,0,0,0,0,0,0,0,0,10,5.00,4.49,0.74,0.88,0.25,0.00,0.20,0.80
171112,BLISTEX,Pielęgnacja ust - Balsamy i pomadki do ust,4.82,66,4.20,4.81,235.06,5.46,19,12,63.16,25,1,1,1,0,0,0,0,1,0,0,0,0,0,0,0,0,0,0,0,10,5.00,4.70,0.85,0.89,0.16,0.00,0.00,1.00
2031027,BIELENDA,Pielęgnacja twarzy - Kremy do twarzy,4.88,104,4.65,4.86,33.98,3.55,36,22,61.11,30,0,0,2,0,0,0,0,0,0,0,1,1,1,0,1,0,0,1,0,10,4.90,4.82,0.91,0.93,0.06,0.00,0.00,1.00
2031143,KIMOCO,Pielęgnacja twarzy - Kosmetyki z SPF,3.88,8,2.20,4.52,54.27,4.01,29,11,37.93,14,1,0,0,0,0,0,1,1,0,0,0,0,0,0,1,1,0,0,0,4,3.00,3.86,0.43,0.46,0.64,0.50,0.00,0.50
2045031,RESIBO,"Pielęgnacja twarzy - Serum, boostery i esencje",4.89,27,3.33,4.84,175.96,5.18,51,37,72.55,46,1,1,2,0,0,0,1,0,1,0,0,0,1,1,1,0,0,0,1,10,4.80,4.64,0.82,0.93,0.21,0.00,0.00,1.00
2047000,RESIBO,"Pielęgnacja twarzy - Serum, boostery i esencje",4.95,22,3.14,4.87,146.63,4.99,27,15,55.56,23,3,2,2,0,0,0,1,0,0,0,0,1,0,0,0,0,0,0,0,10,5.00,4.68,0.84,0.88,0.16,0.00,0.00,1.00
2052010,BIELENDA,Pielęgnacja twarzy - Kremy do twarzy,4.83,169,5.14,4.83,56.63,4.05,45,21,46.67,24,0,0,2,0,0,0,0,1,0,0,1,1,1,0,1,0,0,1,1,10,5.00,4.61,0.81,0.85,0.15,0.00,0.00,1.00
2064001,FLOSLEK LABORATORIUM,Pielęgnacja twarzy - Kremy do twarzy,5.00,6,1.95,4.83,87.98,4.49,45,18,40.00,25,5,3,3,0,0,0,1,1,1,0,0,0,0,0,0,0,0,0,0,3,5.00,4.88,0.94,0.94,0.01,0.00,0.00,1.00
2076063,AA,Pielęgnacja twarzy - Kremy do twarzy,4.82,33,3.53,4.81,122.47,4.82,41,15,36.59,20,1,0,1,0,0,0,1,1,0,0,0,1,0,0,0,0,0,0,0,10,4.90,4.69,0.84,0.85,0.15,0.00,0.00,1.00
2076637,MEDIHEAL,Pielęgnacja twarzy - Maseczki,4.83,87,4.48,4.82,44.30,3.81,32,21,65.62,29,0,0,1,0,0,0,0,0,0,0,0,0,0,0,1,1,0,0,0,10,5.00,4.79,0.90,0.91,0.09,0.00,0.00,1.00
2077724,CATCH A TIGER,Pielęgnacja twarzy - Preparaty punktowe,4.59,76,4.34,4.63,92.90,4.54,17,10,58.82,17,1,0,3,0,0,0,0,0,0,0,0,0,1,0,1,0,1,0,0,10,4.20,4.37,0.69,0.82,0.33,0.10,0.10,0.80
2077729,CATCH A TIGER,Pielęgnacja twarzy - Kosmetyki z SPF,4.30,57,4.06,4.43,68.72,4.24,43,18,41.86,21,2,0,2,0,0,0,1,1,0,0,0,0,0,0,1,1,0,0,0,10,3.90,4.30,0.65,0.87,0.43,0.10,0.10,0.80
2077733,CATCH A TIGER,Pielęgnacja twarzy - Kremy do twarzy,4.86,28,3.37,4.83,54.97,4.02,45,23,51.11,32,9,6,4,0,0,0,1,0,0,0,1,1,0,0,1,0,0,1,0,10,4.90,4.71,0.85,0.89,0.13,0.00,0.00,1.00
2078293,ROUTINES BY ALKMIE,Pielęgnacja twarzy - Kosmetyki z SPF,4.79,19,3.00,4.79,137.98,4.93,41,23,56.10,27,1,0,0,0,0,0,1,0,0,0,0,0,1,0,1,0,0,0,0,6,4.33,3.70,0.35,0.28,0.31,0.17,0.50,0.33
2078473,TOCOBO,Pielęgnacja twarzy - Kremy do twarzy,5.00,3,1.39,4.81,127.98,4.86,48,25,52.08,33,4,3,0,0,0,0,1,0,0,0,1,0,1,0,1,0,0,1,0,1,5.00,4.90,0.95,0.95,,0.00,0.00,1.00
2078502,BEAUTY OF JOSEON,Oczyszczanie i demakijaż twarzy - Oleje i masełka do demakijażu,4.71,17,2.89,4.75,23.33,3.19,25,20,80.00,30,0,0,0,0,0,0,0,0,0,0,0,0,0,0,0,0,0,0,0,6,4.67,4.20,0.60,0.84,0.51,0.17,0.17,0.67
2078508,BEAUTY OF JOSEON,Tonizowanie twarzy - Esencje i hydrolaty do twarzy,5.00,8,2.20,4.84,30.66,3.46,24,17,70.83,27,0,0,0,0,0,0,0,0,1,0,0,0,1,0,1,0,0,0,0,3,5.00,4.68,0.84,0.86,0.04,0.00,0.00,1.00
2078514,BEAUTY OF JOSEON,"Pielęgnacja twarzy - Serum, boostery i esencje",5.00,4,1.61,4.82,133.30,4.90,28,19,67.86,27,0,0,0,0,0,0,0,0,1,0,0,0,0,0,1,1,0,0,0,0,,,,,,,,
2078536,COSRX,"Pielęgnacja twarzy - Serum, boostery i esencje",5.00,1,0.69,4.79,379.95,5.94,34,26,76.47,34,0,0,0,0,0,0,0,1,1,0,0,1,1,0,1,0,0,1,0,0,,,,,,,,
2078541,COSRX,Pielęgnacja twarzy - Preparaty punktowe,5.00,9,2.30,4.85,1.00,0.69,6,2,33.33,5,0,0,0,0,0,0,0,0,0,0,0,0,0,0,0,0,0,0,0,7,5.00,4.43,0.71,0.79,0.21,0.00,0.14,0.86
2082915,SKIN1004,"Pielęgnacja twarzy - Serum, boostery i esencje",4.89,19,3.00,4.83,109.97,4.71,6,3,50.00,9,0,0,0,0,0,0,0,0,0,0,0,0,0,0,0,1,0,0,0,8,4.75,4.64,0.82,0.96,0.40,0.12,0.00,0.88
2082995,SKIN1004,"Pielęgnacja twarzy - Serum, boostery i esencje",5.00,6,1.95,4.83,109.97,4.71,32,22,68.75,30,0,0,0,0,0,0,0,0,0,0,0,0,1,1,1,1,0,0,0,4,5.00,4.84,0.92,0.93,0.06,0.00,0.00,1.00
2083004,SKIN1004,Tonizowanie twarzy - Toniki do twarzy,5.00,3,1.39,4.81,34.76,3.58,40,23,57.50,31,1,0,0,0,0,0,0,0,0,0,1,0,1,0,1,1,0,0,0,1,5.00,4.85,0.93,0.93,,0.00,0.00,1.00
2083008,SKIN1004,Pielęgnacja twarzy - Kremy do twarzy,5.00,10,2.40,4.85,155.98,5.06,56,29,51.79,38,0,0,0,0,0,0,0,0,1,0,1,0,0,0,1,1,0,1,0,7,5.00,4.83,0.91,0.94,0.07,0.00,0.00,1.00
2083015,SKIN1004,Oczyszczanie i demakijaż twarzy - Żele i pianki do mycia twarzy,5.00,10,2.40,4.85,49.59,3.92,23,9,39.13,13,0,0,1,0,0,0,0,0,0,0,0,0,0,0,1,1,0,0,0,4,5.00,4.74,0.87,0.89,0.05,0.00,0.00,1.00
2083040,SKIN1004,Pielęgnacja twarzy - Maseczki,5.00,2,1.10,4.80,109.97,4.71,46,38,82.61,48,0,0,0,0,0,0,0,0,1,0,1,0,1,0,1,1,0,0,0,1,5.00,4.80,0.90,0.90,,0.00,0.00,1.00
2083936,VASELINE,Pielęgnacja ust - Balsamy i pomadki do ust,4.87,67,4.22,4.85,249.79,5.52,17,15,88.24,28,1,0,0,0,0,0,0,0,0,0,0,0,1,0,0,0,0,0,0,10,4.40,4.37,0.68,0.81,0.44,0.10,0.10,0.80
2086718,MOND'SUB,Pielęgnacja twarzy - Maseczki,5.00,1,0.69,4.79,8.99,2.30,26,11,42.31,24,1,0,0,0,0,0,1,1,0,0,0,0,0,1,1,0,0,0,0,0,,,,,,,,
2090171,SKIN627,Pielęgnacja twarzy - Maseczki,4.60,5,1.79,4.75,13.59,2.68,25,13,52.00,24,1,0,1,0,1,1,1,0,0,1,0,0,0,0,1,0,0,0,0,2,4.50,4.65,0.82,0.82,0.20,0.00,0.00,1.00
2090173,SKIN627,Pielęgnacja twarzy - Maseczki,4.75,12,2.56,4.77,13.59,2.68,24,12,50.00,23,1,0,1,0,1,1,1,0,0,0,0,0,0,0,1,0,0,1,0,5,4.60,4.61,0.80,0.74,0.12,0.00,0.00,1.00
2090174,SKIN627,Pielęgnacja twarzy - Maseczki,4.89,9,2.30,4.82,13.59,2.68,25,13,52.00,24,1,0,1,0,1,1,1,0,0,0,0,0,0,0,1,1,0,0,0,7,4.86,4.76,0.88,0.92,0.13,0.00,0.00,1.00
2090175,SKIN627,Pielęgnacja twarzy - Maseczki,4.86,7,2.08,4.80,13.59,2.68,27,13,48.15,24,4,2,1,0,1,1,1,0,1,0,0,0,0,0,1,0,0,0,0,6,4.83,4.71,0.86,0.87,0.13,0.00,0.00,1.00
2091661,LIRENE,Pielęgnacja twarzy - Kosmetyki z SPF,4.89,9,2.30,4.82,59.98,4.11,40,12,30.00,14,2,1,2,0,0,0,1,1,0,0,0,0,0,0,0,1,0,0,0,1,5.00,4.89,0.94,0.94,,0.00,0.00,1.00
2091830,RESIBO,"Pielęgnacja twarzy - Serum, boostery i esencje",4.71,14,2.71,4.75,173.30,5.16,39,21,53.85,28,5,3,2,0,0,0,1,0,0,0,0,0,1,0,0,0,0,1,0,5,4.20,4.07,0.54,0.51,0.40,0.20,0.20,0.60
2100181,ORGANIQUE,Pielęgnacja twarzy - Kremy do twarzy,5.00,1,0.69,4.79,233.30,5.46,45,24,53.33,27,1,0,3,0,0,0,1,1,0,0,0,0,1,0,0,0,0,1,0,0,,,,,,,,
2100285,NAM,Pielęgnacja ust - Maseczki na usta,4.50,2,1.10,4.76,266.61,5.59,47,19,40.43,25,7,5,2,0,0,0,1,1,0,0,0,0,0,1,0,0,0,0,0,2,4.50,4.48,0.74,0.74,0.28,0.00,0.00,1.00
2100490,YOPE,Tonizowanie twarzy - Toniki do twarzy,4.86,141,4.96,4.85,15.66,2.81,29,21,72.41,34,1,0,3,0,0,0,1,0,0,0,0,0,0,0,0,0,0,0,1,10,4.60,4.61,0.80,0.92,0.38,0.10,0.00,0.90
2101266,EVELINE COSMETICS,Pielęgnacja twarzy - Kremy do twarzy,4.75,77,4.36,4.76,49.97,3.93,48,20,41.67,24,11,11,2,0,0,0,1,1,0,0,0,1,0,0,0,0,0,0,0,9,4.56,4.31,0.66,0.71,0.33,0.11,0.11,0.78
2101985,AA,Pielęgnacja twarzy - Preparaty punktowe,4.55,114,4.74,4.58,0.35,0.30,12,8,66.67,17,0,0,0,0,0,0,0,0,1,0,1,0,0,0,0,0,0,0,1,10,4.40,4.33,0.67,0.78,0.33,0.10,0.20,0.70
2102019,AA,Pielęgnacja twarzy - Kosmetyki z SPF,4.73,59,4.09,4.74,153.98,5.04,67,29,43.28,33,12,13,1,0,0,0,1,1,0,0,1,1,1,0,0,0,0,1,0,10,4.80,4.55,0.77,0.84,0.26,0.10,0.00,0.90
2102023,AA,Oczyszczanie i demakijaż twarzy - Oleje i masełka do demakijażu,4.81,48,3.89,4.80,12.74,2.62,40,27,67.50,37,0,0,3,0,0,0,0,0,1,0,1,0,1,0,0,0,1,0,0,10,4.80,4.50,0.75,0.85,0.26,0.00,0.10,0.90
2102025,AA,Pielęgnacja twarzy - Kosmetyki z SPF,4.63,19,3.00,4.71,74.97,4.33,60,33,55.00,39,1,0,4,0,0,0,1,1,1,0,1,0,0,0,1,1,1,0,0,6,4.33,4.64,0.82,0.90,0.24,0.00,0.17,0.83
2102026,AA,Pielęgnacja twarzy - Kremy do twarzy,4.81,36,3.61,4.80,59.98,4.11,46,31,67.39,37,1,0,3,0,0,0,1,0,1,0,1,0,1,0,0,0,1,1,0,10,4.60,4.56,0.78,0.90,0.33,0.10,0.00,0.90
2102028,KIMOCO,"Pielęgnacja twarzy - Serum, boostery i esencje",4.54,69,4.25,4.59,226.63,5.43,49,34,69.39,43,4,3,0,0,0,0,1,0,0,0,1,0,0,1,0,1,0,1,0,9,4.33,4.69,0.85,0.93,0.20,0.00,0.11,0.89
2102072,MIYA COSMETICS,Oczyszczanie i demakijaż twarzy - Oleje i masełka do demakijażu,4.22,9,2.30,4.61,37.99,3.66,12,9,75.00,22,2,1,0,0,0,0,1,0,0,0,0,0,0,0,0,0,0,0,0,7,4.00,4.25,0.62,0.82,0.32,0.00,0.29,0.71
2102954,BIELENDA,Pielęgnacja twarzy - Kremy do twarzy,4.76,87,4.48,4.76,103.30,4.65,55,27,49.09,33,1,1,1,0,0,0,0,1,0,0,1,1,0,0,1,0,0,1,1,10,4.70,4.49,0.74,0.75,0.13,0.00,0.00,1.00
2102974,BIELENDA,"Pielęgnacja twarzy - Serum, boostery i esencje",4.80,49,3.91,4.79,58.30,4.08,42,18,42.86,28,9,10,3,0,0,0,0,1,1,0,0,1,0,0,1,0,0,0,0,10,4.80,4.82,0.91,0.93,0.07,0.00,0.00,1.00
2103032,CHRISTIAN LAURENT,Pielęgnacja twarzy - Kremy do twarzy,4.70,20,3.04,4.74,115.98,4.76,66,29,43.94,32,14,13,2,0,0,0,1,1,0,0,1,1,0,1,1,0,0,0,0,9,4.56,4.56,0.78,0.91,0.34,0.11,0.00,0.89
2103146,BEBIO COSMETICS,Tonizowanie twarzy - Toniki do twarzy,4.77,30,3.43,4.78,15.99,2.83,19,7,36.84,16,7,6,0,0,0,0,1,0,0,0,0,1,0,0,0,0,0,0,0,10,4.60,4.69,0.84,0.93,0.17,0.00,0.00,1.00
2103169,BEBIO COSMETICS,Pielęgnacja twarzy - Kosmetyki z SPF,4.38,13,2.64,4.62,69.97,4.26,45,21,46.67,28,1,0,2,0,0,0,1,1,0,0,0,0,0,0,0,0,0,0,0,6,3.67,3.79,0.40,0.53,0.51,0.33,0.17,0.50
2103898,MIYA COSMETICS,Pielęgnacja twarzy - Kremy pod oczy,4.67,12,2.56,4.74,333.27,5.81,34,13,38.24,16,0,0,1,0,0,0,0,1,1,0,0,1,0,0,0,0,0,1,0,1,5.00,4.60,0.80,0.80,,0.00,0.00,1.00
2104273,ISANA,Pielęgnacja twarzy - Płatki pod oczy,4.88,57,4.06,4.85,0.39,0.33,20,8,40.00,18,1,0,2,0,0,0,1,1,0,0,0,0,0,0,1,0,0,0,0,10,4.80,4.78,0.89,0.96,0.15,0.00,0.00,1.00
2104478,BIELENDA,Tonizowanie twarzy - Toniki do twarzy,4.63,59,4.09,4.67,15.99,2.83,36,15,41.67,24,10,10,3,0,0,0,1,1,1,0,0,1,1,0,1,0,0,0,0,10,4.20,4.21,0.60,0.75,0.38,0.10,0.20,0.70
2104551,MEDIHEAL,Pielęgnacja twarzy - Maseczki,4.88,131,4.88,4.87,38.11,3.67,63,50,79.37,57,0,0,0,0,0,0,0,0,0,0,1,1,1,0,1,1,0,0,0,10,5.00,4.80,0.90,0.93,0.07,0.00,0.00,1.00
2104556,MEDIHEAL,Pielęgnacja twarzy - Maseczki,5.00,15,2.77,4.88,62.45,4.15,45,36,80.00,48,2,2,0,0,0,0,0,1,1,0,0,1,1,0,1,0,1,0,0,9,5.00,4.76,0.88,0.94,0.10,0.00,0.00,1.00
2104567,MEDIHEAL,Pielęgnacja twarzy - Maseczki,4.85,13,2.64,4.81,49.96,3.93,48,37,77.08,44,0,0,0,0,0,0,0,0,1,1,1,0,1,1,0,0,1,0,0,6,4.83,4.90,0.95,0.95,0.04,0.00,0.00,1.00
2104568,MEDIHEAL,Pielęgnacja twarzy - Maseczki,5.00,7,2.08,4.84,49.96,3.93,46,37,80.43,45,0,0,0,0,0,0,0,0,1,0,0,0,1,0,1,0,0,0,0,4,5.00,4.79,0.89,0.91,0.08,0.00,0.00,1.00
2104569,MEDIHEAL,Pielęgnacja twarzy - Maseczki,4.90,49,3.91,4.87,49.96,3.93,42,31,73.81,38,0,0,0,0,0,0,0,0,0,0,0,0,1,0,0,1,0,0,0,10,5.00,4.78,0.89,0.91,0.08,0.00,0.00,1.00
2104572,MEDIHEAL,Pielęgnacja twarzy - Maseczki,5.00,5,1.79,4.83,76.63,4.35,32,20,62.50,28,3,2,0,0,0,0,0,0,0,1,1,0,0,0,1,0,0,0,0,3,5.00,4.61,0.80,0.82,0.20,0.00,0.00,1.00
2105275,YEPPDA,Pielęgnacja twarzy - Maseczki,5.00,2,1.10,4.80,15.52,2.80,22,8,36.36,13,1,1,2,0,0,0,1,0,0,0,0,0,0,0,1,1,1,0,1,0,,,,,,,,
2105967,SUNOZON,Pielęgnacja twarzy - Kosmetyki z SPF,4.47,17,2.89,4.64,29.98,3.43,20,6,30.00,10,0,0,1,0,0,0,0,0,1,0,0,0,0,0,0,0,0,0,0,10,4.40,3.84,0.42,0.52,0.51,0.20,0.20,0.60
2105968,SUNOZON,Pielęgnacja twarzy - Kosmetyki z SPF,4.83,24,3.22,4.81,33.98,3.55,21,7,33.33,11,0,0,1,0,0,0,0,0,0,0,1,0,0,0,0,0,0,0,0,10,4.70,4.35,0.67,0.72,0.29,0.00,0.20,0.80
2106652,CLARINS,"Pielęgnacja twarzy - Serum, boostery i esencje",5.00,2,1.10,4.80,1433.30,7.27,57,40,70.18,48,1,0,2,0,0,0,1,1,0,0,0,0,0,1,1,0,0,1,0,1,5.00,4.94,0.97,0.97,,0.00,0.00,1.00
2107508,SOME BY MI,Pielęgnacja twarzy - Kremy do twarzy,5.00,1,0.69,4.79,99.98,4.61,41,28,68.29,36,3,3,0,0,0,0,0,0,1,0,1,0,0,0,0,1,0,1,0,0,,,,,,,,
2107840,BIODANCE,Pielęgnacja twarzy - Maseczki,4.92,52,3.97,4.88,10.99,2.48,34,22,64.71,27,0,0,0,0,0,0,0,0,1,0,0,0,0,0,1,0,0,0,0,10,4.90,4.53,0.76,0.79,0.20,0.00,0.10,0.90
2107841,BIODANCE,Pielęgnacja twarzy - Maseczki,5.00,3,1.39,4.81,10.99,2.48,61,44,72.13,52,0,0,0,0,0,0,0,0,1,0,1,0,1,0,1,0,0,0,0,2,5.00,4.76,0.88,0.88,0.07,0.00,0.00,1.00
2109577,NATURAVERDE,Pielęgnacja ust - Balsamy i pomadki do ust,4.96,27,3.33,4.88,279.80,5.64,22,14,63.64,28,2,1,0,0,0,0,0,0,0,0,0,0,0,0,0,0,0,0,0,10,4.90,4.49,0.74,0.81,0.24,0.00,0.10,0.90
2109628,HISKIN,Tonizowanie twarzy - Esencje i hydrolaty do twarzy,4.25,12,2.56,4.58,14.49,2.74,10,5,50.00,13,0,0,2,0,0,0,0,0,0,0,0,0,1,0,0,0,0,0,0,6,3.67,3.79,0.39,0.62,0.56,0.33,0.00,0.67
2110600,TIRTIR,Pielęgnacja twarzy - Maseczki,5.00,1,0.69,4.79,4.00,1.61,30,21,70.00,30,0,0,0,0,0,0,0,0,1,0,0,0,0,0,1,0,0,0,0,1,5.00,4.97,0.99,0.99,,0.00,0.00,1.00
2110699,BEAUTY OF JOSEON,Tonizowanie twarzy - Toniki do twarzy,5.00,5,1.79,4.83,53.33,4.00,30,19,63.33,24,0,0,0,0,0,0,0,1,0,0,1,0,1,0,1,1,0,0,0,1,5.00,4.92,0.96,0.96,,0.00,0.00,1.00
2110785,BIELENDA,Pielęgnacja twarzy - Maseczki,4.74,58,4.08,4.75,6.99,2.08,31,16,51.61,27,1,0,0,0,0,0,1,1,0,0,0,0,0,1,1,0,0,0,0,10,4.60,4.38,0.69,0.80,0.31,0.00,0.20,0.80
2110798,EFEKTIMA,Pielęgnacja twarzy - Maseczki,4.75,84,4.44,4.76,0.37,0.31,43,25,58.14,38,2,1,2,0,0,0,0,1,0,1,0,0,1,0,1,1,0,0,0,3,5.00,4.69,0.85,0.95,0.18,0.00,0.00,1.00
2110829,MEDIHEAL,Pielęgnacja twarzy - Maseczki,4.91,11,2.48,4.83,58.29,4.08,45,27,60.00,32,1,0,0,0,0,0,1,0,0,0,1,0,1,0,0,0,0,0,0,8,4.88,4.80,0.90,0.94,0.11,0.00,0.00,1.00
2110839,ERNE,Pielęgnacja twarzy - Preparaty punktowe,4.67,81,4.41,4.69,1.28,0.82,14,11,78.57,21,2,0,0,0,0,0,0,0,1,0,0,1,0,0,1,1,0,0,0,10,4.50,4.39,0.69,0.83,0.40,0.10,0.10,0.80
2110841,ERNE,Pielęgnacja twarzy - Preparaty punktowe,4.52,63,4.16,4.58,1.28,0.82,14,11,78.57,21,2,0,0,0,0,0,0,0,1,0,0,1,0,0,1,1,0,0,0,10,4.60,4.26,0.63,0.67,0.32,0.10,0.00,0.90
2111393,NIVEA,Pielęgnacja ust - Balsamy i pomadki do ust,4.38,8,2.20,4.67,179.90,5.20,25,13,52.00,26,2,0,0,0,0,0,0,1,0,0,0,1,0,0,1,0,0,0,0,4,4.00,4.26,0.63,0.63,0.23,0.00,0.25,0.75
2112284,MEDIHEAL,Pielęgnacja twarzy - Maseczki,4.95,19,3.00,4.86,58.29,4.08,44,34,77.27,43,0,0,0,0,0,0,0,0,1,0,1,0,1,0,1,0,0,1,0,10,5.00,4.84,0.92,0.94,0.10,0.00,0.00,1.00
2113622,YOUR KAYA,Oczyszczanie i demakijaż twarzy - Żele i pianki do mycia twarzy,4.82,11,2.48,4.80,10.74,2.46,29,10,34.48,13,9,8,2,0,0,0,1,0,0,0,0,0,1,0,0,0,0,0,0,5,4.60,4.08,0.54,0.64,0.49,0.20,0.00,0.80
2113623,YOUR KAYA,Oczyszczanie i demakijaż twarzy - Żele i pianki do mycia twarzy,4.84,31,3.47,4.82,14.33,2.73,27,10,37.04,15,7,6,3,0,0,0,1,0,0,0,0,0,1,0,0,0,0,0,1,9,4.56,4.62,0.81,0.96,0.28,0.00,0.11,0.89
2113624,YOUR KAYA,Oczyszczanie i demakijaż twarzy - Mleczka i emulsje do demakijażu,4.93,15,2.77,4.85,29.99,3.43,28,13,46.43,23,11,10,0,0,0,0,1,0,0,0,0,1,0,0,0,0,0,1,0,7,5.00,4.69,0.84,0.95,0.22,0.00,0.14,0.86
2113626,YOUR KAYA,Oczyszczanie i demakijaż twarzy - Żele i pianki do mycia twarzy,3.00,3,1.39,4.55,35.99,3.61,22,17,77.27,28,0,0,0,0,0,0,0,0,0,0,0,1,1,0,0,0,0,1,0,5,2.20,2.98,-0.01,-0.36,0.63,0.60,0.20,0.20
2113749,BIELENDA,"Pielęgnacja twarzy - Serum, boostery i esencje",4.57,7,2.08,4.73,75.53,4.34,56,30,53.57,35,9,9,3,0,0,0,1,0,0,0,0,1,1,0,0,0,0,1,1,4,4.75,4.12,0.56,0.53,0.26,0.00,0.25,0.75
2113771,SORAYA,"Pielęgnacja twarzy - Serum, boostery i esencje",5.00,3,1.39,4.81,38.30,3.67,23,11,47.83,20,4,3,1,0,0,0,1,0,0,0,0,0,1,0,1,0,0,0,0,0,,,,,,,,
2113772,SORAYA,"Pielęgnacja twarzy - Serum, boostery i esencje",4.67,3,1.39,4.77,38.30,3.67,43,23,53.49,33,8,8,1,0,0,0,1,0,0,0,1,0,0,0,0,0,0,0,0,1,5.00,4.70,0.85,0.85,,0.00,0.00,1.00
2114229,TULI LABS,Pielęgnacja ust - Serum i olejki do ust,5.00,1,0.69,4.79,499.86,6.22,21,4,19.05,10,2,0,0,0,0,0,1,1,0,0,0,0,0,0,0,0,0,0,0,1,5.00,4.90,0.95,0.95,,0.00,0.00,1.00
2114243,MEDICUBE,Pielęgnacja twarzy - Kremy do twarzy,5.00,1,0.69,4.79,119.98,4.80,61,39,63.93,49,2,0,1,0,0,0,1,0,1,0,0,0,1,1,1,0,1,0,0,1,5.00,4.59,0.80,0.80,,0.00,0.00,1.00
2114514,EVERYBODY LONDON,Tonizowanie twarzy - Toniki do twarzy,4.47,19,3.00,4.63,39.99,3.71,14,8,57.14,15,0,0,1,0,0,0,0,1,0,0,0,0,0,0,1,0,0,0,0,10,4.00,4.15,0.58,0.85,0.59,0.20,0.10,0.70
2114809,MIXA,Pielęgnacja twarzy - Kosmetyki z SPF,4.78,9,2.30,4.78,91.22,4.52,30,8,26.67,10,0,0,1,1,1,1,0,0,1,0,0,0,0,0,0,0,1,0,0,3,4.67,4.67,0.83,0.85,0.15,0.00,0.00,1.00
2114810,MIXA,Pielęgnacja twarzy - Preparaty punktowe,5.00,2,1.10,4.80,126.60,4.85,17,9,52.94,16,0,0,1,0,0,0,0,1,1,0,0,0,0,0,0,0,1,0,1,2,3.50,4.20,0.60,0.60,0.30,0.00,0.50,0.50
2114956,BEAUTY DROPS COSMETICS,"Pielęgnacja twarzy - Serum, boostery i esencje",5.00,5,1.79,4.83,123.30,4.82,16,10,62.50,20,0,0,0,0,0,0,0,0,0,0,0,1,0,0,0,0,0,0,0,3,5.00,4.34,0.67,0.74,0.26,0.00,0.33,0.67
2114958,BEAUTY DROPS COSMETICS,"Pielęgnacja twarzy - Serum, boostery i esencje",4.89,9,2.30,4.82,123.30,4.82,25,23,92.00,34,0,0,0,0,0,0,0,0,0,0,0,0,0,0,1,0,0,0,0,4,5.00,4.92,0.96,0.97,0.04,0.00,0.00,1.00
2119672,IWOSTIN,Oczyszczanie i demakijaż twarzy - Płyny do demakijażu,5.00,2,1.10,4.80,17.67,2.93,23,12,52.17,21,0,0,3,0,0,0,0,0,0,0,0,0,1,1,1,0,0,0,0,0,,,,,,,,
2119711,IWOSTIN,Pielęgnacja twarzy - Kremy do twarzy,5.00,2,1.10,4.80,138.73,4.94,47,23,48.94,29,1,0,3,0,0,0,1,1,0,0,0,1,1,0,0,0,0,1,0,0,,,,,,,,
2119713,IWOSTIN,Pielęgnacja twarzy - Kosmetyki z SPF,5.00,1,0.69,4.79,187.47,5.24,32,11,34.38,15,0,0,1,0,0,0,0,0,0,0,0,0,0,0,0,0,0,0,0,0,,,,,,,,
2120592,ISANA,Pielęgnacja twarzy - Maseczki,4.89,19,3.00,4.83,5.19,1.82,38,26,68.42,33,1,0,0,0,0,0,1,0,0,0,0,0,1,0,1,1,0,0,0,9,4.78,4.74,0.87,0.90,0.16,0.00,0.00,1.00
2120593,ISANA,Tonizowanie twarzy - Toniki do twarzy,4.94,33,3.53,4.88,0.40,0.34,34,27,79.41,35,1,0,0,0,0,0,1,0,1,0,0,0,1,0,1,1,1,0,1,10,4.90,4.58,0.79,0.86,0.27,0.00,0.10,0.90
2122095,SELFIE PROJECT,Pielęgnacja ust - Serum i olejki do ust,5.00,6,1.95,4.83,158.25,5.07,24,8,33.33,16,4,2,1,0,0,0,1,1,0,0,0,0,0,1,0,0,0,1,0,3,5.00,4.72,0.86,0.89,0.08,0.00,0.00,1.00
2123746,MIYA COSMETICS,Pielęgnacja twarzy - Kosmetyki z SPF,5.00,1,0.69,4.79,119.98,4.80,37,13,35.14,17,5,4,3,0,0,0,1,1,1,0,0,0,0,0,0,0,0,0,0,4,4.00,4.48,0.74,0.89,0.34,0.00,0.25,0.75
2124575,L'ORÉAL PARIS,Pielęgnacja twarzy - Kremy do twarzy,5.00,3,1.39,4.81,159.98,5.08,34,16,47.06,28,6,5,2,0,0,0,1,1,1,0,0,1,1,0,1,0,0,0,0,3,5.00,4.80,0.90,0.91,0.03,0.00,0.00,1.00
2124766,EVELINE COSMETICS,"Pielęgnacja twarzy - Serum, boostery i esencje",5.00,5,1.79,4.83,10.66,2.46,56,29,51.79,37,7,7,4,0,0,0,0,0,1,0,1,0,1,0,1,0,0,0,0,7,4.86,4.82,0.91,0.92,0.07,0.00,0.00,1.00
2124772,EVELINE COSMETICS,Pielęgnacja twarzy - Kremy do twarzy,4.00,6,1.95,4.60,64.97,4.19,60,33,55.00,37,0,0,4,0,0,0,0,0,0,0,1,0,1,0,1,0,0,0,0,8,4.00,4.09,0.54,0.79,0.49,0.25,0.00,0.75
2124815,CATCH A TIGER,Pielęgnacja twarzy - Maseczki,4.60,5,1.79,4.75,63.98,4.17,37,16,43.24,23,5,3,3,0,0,0,1,1,0,0,0,0,1,0,0,0,1,0,0,7,4.71,4.52,0.76,0.78,0.20,0.00,0.00,1.00
2125804,BIELENDA,Oczyszczanie i demakijaż twarzy - Peelingi do twarzy,3.33,6,1.95,4.45,17.99,2.94,32,18,56.25,29,0,1,4,0,0,0,0,0,1,0,0,0,1,0,0,0,0,0,0,10,3.10,4.22,0.61,0.70,0.36,0.10,0.20,0.70
2125806,BIELENDA,Oczyszczanie i demakijaż twarzy - Żele i pianki do mycia twarzy,5.00,3,1.39,4.81,10.76,2.46,33,17,51.52,23,1,3,3,0,0,0,0,1,1,0,0,1,0,0,0,0,1,0,0,2,5.00,4.81,0.90,0.90,0.06,0.00,0.00,1.00
2125807,BIELENDA,Oczyszczanie i demakijaż twarzy - Peelingi do twarzy,5.00,1,0.69,4.79,11.53,2.53,32,18,56.25,29,0,1,4,0,0,0,0,0,1,0,0,0,1,0,0,0,0,0,0,1,4.00,4.53,0.76,0.76,,0.00,0.00,1.00
2125815,BIELENDA,Pielęgnacja twarzy - Kremy do twarzy,4.00,3,1.39,4.68,54.97,4.02,51,25,49.02,30,1,2,4,0,0,0,0,1,1,0,0,1,0,0,1,0,0,1,0,2,3.50,4.05,0.53,0.53,0.65,0.50,0.00,0.50
2125817,BIELENDA,Pielęgnacja twarzy - Preparaty punktowe,4.00,3,1.39,4.68,0.47,0.39,11,7,63.64,16,0,0,0,0,0,0,0,0,1,0,0,0,0,0,0,1,0,0,1,4,4.00,4.41,0.70,0.84,0.36,0.00,0.25,0.75
2128166,THE ORDINARY,Pielęgnacja twarzy - Kremy pod oczy,5.00,1,0.69,4.79,146.63,4.99,26,12,46.15,21,0,1,3,0,0,0,0,1,0,0,0,0,0,0,1,0,0,0,1,1,5.00,4.96,0.98,0.98,,0.00,0.00,1.00
2129794,ISANA,"Pielęgnacja twarzy - Serum, boostery i esencje",4.50,4,1.61,4.74,54.97,4.02,44,32,72.73,41,2,1,0,0,0,0,1,0,1,0,0,0,1,0,1,1,0,0,0,4,4.50,4.51,0.75,0.77,0.20,0.00,0.00,1.00
2129796,ISANA,Pielęgnacja twarzy - Kremy pod oczy,5.00,1,0.69,4.79,99.93,4.61,43,25,58.14,32,1,0,0,0,0,0,1,0,1,0,0,0,1,1,1,0,0,0,0,2,5.00,4.54,0.77,0.77,0.29,0.00,0.00,1.00
2129797,ISANA,Pielęgnacja twarzy - Kremy do twarzy,5.00,5,1.79,4.83,33.98,3.55,40,31,77.50,40,1,0,0,0,0,0,1,0,1,0,1,0,1,0,1,1,0,0,0,2,5.00,4.84,0.92,0.92,0.06,0.00,0.00,1.00
2129798,ISANA,Pielęgnacja ust - Maseczki na usta,5.00,2,1.10,4.80,106.60,4.68,23,11,47.83,21,2,1,0,0,0,0,1,1,0,0,0,0,0,0,1,0,0,0,0,1,5.00,4.98,0.99,0.99,,0.00,0.00,1.00
2129799,ISANA,Pielęgnacja twarzy - Maseczki,5.00,3,1.39,4.81,7.49,2.14,25,15,60.00,24,1,0,0,0,0,0,1,0,1,0,0,0,1,0,1,1,0,0,0,2,5.00,4.53,0.77,0.77,0.03,0.00,0.00,1.00
2129801,ISANA,Pielęgnacja twarzy - Kosmetyki z SPF,5.00,7,2.08,4.84,43.98,3.81,44,24,54.55,28,1,0,0,0,0,0,1,0,1,0,0,0,1,0,0,1,0,0,0,6,5.00,4.57,0.79,0.80,0.16,0.00,0.00,1.00
2130612,ISANA,Pielęgnacja twarzy - Kremy pod oczy,5.00,2,1.10,4.80,426.33,6.06,24,14,58.33,27,1,0,0,0,0,0,1,1,0,0,0,1,0,0,1,0,0,0,0,1,5.00,4.63,0.82,0.82,,0.00,0.00,1.00
218294,GARNIER,Oczyszczanie i demakijaż twarzy - Płyny do demakijażu,4.91,55,4.03,4.88,5.00,1.79,7,1,14.29,3,0,0,0,0,0,0,0,0,0,0,0,0,0,0,0,0,0,0,0,10,5.00,4.62,0.81,0.86,0.17,0.00,0.00,1.00
275101,CHRISTIAN LAURENT,Pielęgnacja twarzy - Kremy pod oczy,4.88,116,4.76,4.87,189.95,5.25,42,23,54.76,33,0,0,3,1,1,1,0,1,1,0,0,0,1,0,1,0,0,0,0,10,4.80,4.62,0.81,0.86,0.24,0.00,0.10,0.90
279187,L'ORÉAL PARIS,Pielęgnacja twarzy - Kremy do twarzy,4.91,103,4.64,4.89,72.98,4.30,56,24,42.86,33,5,4,2,0,0,0,1,1,1,1,0,1,0,1,1,0,1,0,0,9,5.00,4.80,0.90,0.96,0.11,0.00,0.00,1.00
313645,BIELENDA,Oczyszczanie i demakijaż twarzy - Płyny do demakijażu,4.85,91,4.52,4.84,2.30,1.19,15,6,40.00,15,2,1,3,0,0,0,1,0,0,0,0,0,1,0,1,0,0,0,0,10,4.90,4.74,0.87,0.88,0.11,0.00,0.00,1.00
322675,JANDA,Oczyszczanie i demakijaż twarzy - Płyny do demakijażu,4.85,100,4.62,4.84,3.87,1.58,12,7,58.33,17,0,0,2,0,0,0,0,0,0,0,0,0,0,0,1,0,0,0,1,10,4.40,4.24,0.62,0.73,0.37,0.20,0.00,0.80
325303,PERFECTA,Depilacja twarzy - Plastry i kremy do depilacji,4.38,29,3.40,4.54,0.67,0.51,14,5,35.71,11,1,0,0,0,0,0,1,1,0,0,0,0,0,0,0,0,0,0,0,10,4.40,4.09,0.54,0.77,0.48,0.20,0.10,0.70
325593,L'ORÉAL PARIS,Pielęgnacja twarzy - Kremy do twarzy,4.69,67,4.22,4.71,71.98,4.29,51,20,39.22,27,8,7,3,1,1,1,1,1,1,0,0,0,1,0,1,0,1,0,0,10,4.20,4.49,0.74,0.89,0.39,0.10,0.00,0.90
328679,MISSHA,Pielęgnacja twarzy - Maseczki,4.83,12,2.56,4.80,26.26,3.31,29,20,68.97,27,3,2,0,0,0,0,0,0,0,0,0,0,0,0,1,0,0,0,0,8,4.75,4.73,0.87,0.90,0.12,0.00,0.00,1.00
348648,MISSHA,Pielęgnacja twarzy - Maseczki,4.89,9,2.30,4.82,26.26,3.31,19,11,57.89,19,0,0,0,0,0,0,0,0,0,0,0,0,0,0,1,0,0,0,0,4,5.00,4.84,0.92,0.91,0.04,0.00,0.00,1.00
349141,MEDIHEAL,Pielęgnacja twarzy - Maseczki,4.94,16,2.83,4.85,44.30,3.81,30,17,56.67,25,1,1,1,0,0,0,0,0,1,0,0,0,0,0,1,0,0,0,0,8,5.00,4.81,0.90,0.94,0.10,0.00,0.00,1.00
349924,QURET,Pielęgnacja twarzy - Maseczki,4.91,33,3.53,4.86,23.96,3.22,43,25,58.14,32,1,0,2,0,1,1,1,0,0,0,0,0,1,0,1,0,0,0,0,10,5.00,4.53,0.76,0.89,0.39,0.10,0.00,0.90
350016,LIP SMACKER,Pielęgnacja ust - Balsamy i pomadki do ust,5.00,1,0.69,4.79,274.75,5.62,23,15,65.22,25,2,0,0,0,0,0,0,1,0,0,0,0,0,0,0,0,0,0,0,1,5.00,4.78,0.89,0.89,,0.00,0.00,1.00
366555,ALTERRA,Oczyszczanie i demakijaż twarzy - Mleczka i emulsje do demakijażu,4.83,6,1.95,4.79,8.99,2.30,21,14,66.67,23,3,0,0,0,1,1,1,0,0,0,0,0,0,0,0,0,0,0,0,5,4.80,4.65,0.82,0.90,0.22,0.00,0.00,1.00
379436,MISSHA,Pielęgnacja twarzy - Maseczki,5.00,5,1.79,4.83,26.26,3.31,30,17,56.67,21,1,0,0,0,0,0,0,0,0,0,0,0,0,0,1,0,0,0,0,3,5.00,4.82,0.91,0.94,0.09,0.00,0.00,1.00
379608,ESFOLIO,Pielęgnacja twarzy - Maseczki,4.75,8,2.20,4.77,32.11,3.50,28,12,42.86,18,1,0,2,0,0,0,1,1,1,0,0,0,1,0,1,0,0,0,0,0,,,,,,,,
381360,NIVEA,Pielęgnacja twarzy - Kremy do twarzy,4.83,76,4.34,4.82,134.97,4.91,33,10,30.30,12,1,0,1,1,1,1,1,1,0,0,0,0,0,0,1,0,0,0,0,10,4.90,4.54,0.77,0.88,0.22,0.00,0.10,0.90
385764,ALTERRA,Oczyszczanie i demakijaż twarzy - Płyny do demakijażu,4.43,7,2.08,4.69,6.33,1.99,20,7,35.00,15,7,7,1,0,1,1,1,0,0,0,0,0,0,0,0,0,0,0,0,4,4.25,4.68,0.84,0.86,0.10,0.00,0.00,1.00
400589,ZIAJA,Pielęgnacja twarzy - Kremy do twarzy,4.84,79,4.38,4.83,24.98,3.26,28,8,28.57,15,9,8,1,0,0,0,1,0,0,0,0,0,0,0,0,0,0,0,0,10,4.90,4.81,0.90,0.91,0.08,0.00,0.00,1.00
408268,L'ORÉAL PARIS,Pielęgnacja twarzy - Kremy do twarzy,4.94,103,4.64,4.91,90.98,4.52,25,8,32.00,11,1,0,0,1,1,1,1,0,0,0,0,1,0,0,1,0,0,0,0,10,4.90,4.72,0.86,0.86,0.07,0.00,0.00,1.00
409926,HADA LABO TOKYO,Pielęgnacja twarzy - Maseczki,4.90,20,3.04,4.84,44.95,3.83,31,20,64.52,33,0,0,3,0,0,0,0,1,0,1,0,0,0,0,1,0,0,1,0,8,5.00,4.78,0.89,0.89,0.09,0.00,0.00,1.00
416033,B. BY SUPERDRUG,Pielęgnacja twarzy - Kremy do twarzy,4.57,7,2.08,4.73,46.98,3.87,39,14,35.90,15,3,2,2,0,0,0,1,1,0,0,0,0,0,1,0,0,0,0,0,2,3.50,4.36,0.68,0.68,0.18,0.00,0.00,1.00
416034,B. BY SUPERDRUG,Pielęgnacja twarzy - Kremy do twarzy,4.67,3,1.39,4.77,47.98,3.89,34,17,50.00,25,3,1,2,0,0,0,1,0,0,0,0,0,0,1,0,0,0,1,0,1,4.00,4.64,0.82,0.82,,0.00,0.00,1.00
417988,YOPE,Tonizowanie twarzy - Toniki do twarzy,4.84,44,3.81,4.82,15.99,2.83,22,11,50.00,20,3,2,2,0,0,0,1,0,0,0,0,0,0,0,0,0,0,0,0,10,4.40,4.39,0.70,0.91,0.52,0.10,0.10,0.80
420940,EFEKTIMA,Pielęgnacja twarzy - Kremy pod oczy,5.00,1,0.69,4.79,166.60,5.12,34,19,55.88,31,5,4,5,0,0,0,1,0,1,0,0,0,0,0,0,0,0,0,1,0,,,,,,,,
