id,aspect,aspect_group,mentions_count,reviews_count,mean_expected_rating,mean_sentiment_score,negative_share,positive_share,rule_based_share
21,effectiveness,performance,3,3,4.61,0.80,0.00,1.00,0.33
21,absorption_finish,sensory,2,2,4.68,0.84,0.00,1.00,0.50
21,application,sensory,2,2,4.67,0.84,0.00,1.00,0.00
21,formula_composition,formula,2,2,4.83,0.91,0.00,1.00,0.00
21,texture_consistency,sensory,2,2,4.59,0.80,0.00,1.00,0.00
21,hydration_nourishment,performance,1,1,4.71,0.86,0.00,1.00,0.00
21,scent,sensory,1,1,4.56,0.78,0.00,1.00,0.00
21,skin_tolerance,performance,1,1,4.83,0.91,0.00,1.00,0.00
1069,skin_tolerance,performance,3,2,4.66,0.83,0.00,1.00,0.75
1069,effectiveness,performance,2,2,4.27,0.64,0.00,1.00,0.00
1069,price_value,economic,2,2,4.80,0.90,0.00,1.00,0.00
1069,cleansing_makeup_removal,performance,1,1,4.85,0.93,0.00,1.00,0.00
1069,scent,sensory,1,1,4.91,0.96,0.00,1.00,0.00
3735,hydration_nourishment,performance,2,2,4.47,0.73,0.00,1.00,0.00
3735,absorption_finish,sensory,1,1,4.18,0.59,0.00,1.00,0.00
3735,application,sensory,1,1,4.56,0.78,0.00,1.00,0.00
3735,scent,sensory,1,1,3.34,0.17,0.00,0.00,0.00
3735,skin_tolerance,performance,1,1,4.60,0.80,0.00,1.00,0.00
3735,texture_consistency,sensory,1,1,4.49,0.74,0.00,1.00,0.00
4641,effectiveness,performance,3,3,4.80,0.90,0.00,1.00,0.33
4641,hydration_nourishment,performance,3,3,4.91,0.95,0.00,1.00,0.00
4641,skin_tolerance,performance,3,3,4.12,0.56,0.33,0.67,0.00
4641,texture_consistency,sensory,3,3,3.70,0.35,0.33,0.67,0.33
4641,application,sensory,2,2,4.72,0.86,0.00,1.00,0.50
4641,formula_composition,formula,2,2,4.86,0.93,0.00,1.00,0.00
4641,absorption_finish,sensory,1,1,4.76,0.88,0.00,1.00,0.00
4641,packaging,packaging,1,1,4.65,0.83,0.00,1.00,0.00
4641,price_value,economic,1,1,4.61,0.81,0.00,1.00,0.00
7954,application,sensory,3,3,4.58,0.79,0.00,1.00,0.00
7954,effectiveness,performance,3,3,4.69,0.84,0.00,1.00,0.00
7954,price_value,economic,2,2,4.37,0.69,0.00,1.00,0.00
7954,texture_consistency,sensory,2,2,4.37,0.68,0.00,1.00,0.00
7954,absorption_finish,sensory,1,1,4.60,0.80,0.00,1.00,1.00
7954,cleansing_makeup_removal,performance,1,1,4.74,0.87,0.00,1.00,0.00
7954,hydration_nourishment,performance,1,1,4.88,0.94,0.00,1.00,0.00
7954,pore_clogging,performance,1,1,4.60,0.80,0.00,1.00,1.00
7954,skin_tolerance,performance,1,1,4.59,0.80,0.00,1.00,0.00
9399,application,sensory,4,4,4.72,0.86,0.00,1.00,0.25
9399,effectiveness,performance,3,3,4.61,0.80,0.00,1.00,0.33
9399,hydration_nourishment,performance,2,2,4.69,0.85,0.00,1.00,0.00
9399,packaging,packaging,2,2,3.86,0.43,0.00,0.50,0.00
9399,scent,sensory,2,2,4.77,0.88,0.00,1.00,0.00
9399,skin_tolerance,performance,2,2,4.77,0.88,0.00,1.00,0.00
9399,texture_consistency,sensory,2,2,3.09,0.04,0.50,0.50,0.50
9399,absorption_finish,sensory,1,1,4.30,0.65,0.00,1.00,0.00
10999,hydration_nourishment,performance,2,2,4.66,0.83,0.00,1.00,0.00
10999,price_value,economic,1,1,4.92,0.96,0.00,1.00,0.00
10999,scent,sensory,1,1,4.12,0.56,0.00,1.00,0.00
11790,hydration_nourishment,performance,3,3,4.83,0.92,0.00,1.00,0.00
13161,hydration_nourishment,performance,4,4,4.83,0.92,0.00,1.00,0.00
13161,application,sensory,3,3,4.75,0.88,0.00,1.00,0.00
13161,effectiveness,performance,2,2,4.82,0.91,0.00,1.00,0.00
13161,texture_consistency,sensory,2,2,4.20,0.60,0.00,0.50,0.00
13161,efficiency,economic,1,1,4.78,0.89,0.00,1.00,0.00
13161,scent,sensory,1,1,4.06,0.53,0.00,1.00,0.00
13161,skin_tolerance,performance,1,1,4.60,0.80,0.00,1.00,1.00
13162,skin_tolerance,performance,4,4,4.67,0.84,0.00,1.00,0.50
13162,application,sensory,3,3,4.82,0.91,0.00,1.00,0.00
13162,effectiveness,performance,3,3,4.59,0.79,0.00,1.00,0.33
13162,formula_composition,formula,1,1,4.90,0.95,0.00,1.00,0.00
13162,hydration_nourishment,performance,1,1,4.93,0.97,0.00,1.00,0.00
13162,pore_clogging,performance,1,1,4.60,0.80,0.00,1.00,1.00
13162,price_value,economic,1,1,4.83,0.92,0.00,1.00,0.00
13165,hydration_nourishment,performance,4,4,4.89,0.95,0.00,1.00,0.00
13165,scent,sensory,3,3,4.42,0.71,0.00,1.00,0.00
13165,application,sensory,2,2,4.70,0.85,0.00,1.00,0.00
13165,skin_tolerance,performance,2,2,4.71,0.86,0.00,1.00,0.00
13165,texture_consistency,sensory,2,2,2.95,-0.03,0.50,0.50,0.50
13165,absorption_finish,sensory,1,1,4.76,0.88,0.00,1.00,0.00
13165,cleansing_makeup_removal,performance,1,1,4.86,0.93,0.00,1.00,0.00
13165,effectiveness,performance,1,1,4.87,0.93,0.00,1.00,0.00
13165,packaging,packaging,1,1,4.75,0.87,0.00,1.00,0.00
13737,application,sensory,3,3,4.69,0.84,0.00,1.00,0.00
13737,effectiveness,performance,3,3,4.73,0.86,0.00,1.00,0.00
13737,hydration_nourishment,performance,3,3,4.71,0.86,0.00,1.00,0.00
13737,formula_composition,formula,1,1,4.78,0.89,0.00,1.00,0.00
13737,packaging,packaging,1,1,4.75,0.87,0.00,1.00,0.00
13737,pore_clogging,performance,1,1,4.60,0.80,0.00,1.00,1.00
13737,scent,sensory,1,1,4.83,0.91,0.00,1.00,0.00
13738,texture_consistency,sensory,2,2,4.51,0.76,0.00,1.00,0.00
13738,effectiveness,performance,1,1,4.93,0.96,0.00,1.00,0.00
13738,formula_composition,formula,1,1,4.63,0.82,0.00,1.00,0.00
13738,hydration_nourishment,performance,1,1,4.89,0.95,0.00,1.00,0.00
13738,price_value,economic,1,1,4.91,0.95,0.00,1.00,0.00
13738,skin_tolerance,performance,1,1,4.63,0.82,0.00,1.00,0.00
14430,cleansing_makeup_removal,performance,2,2,4.83,0.91,0.00,1.00,0.00
14430,effectiveness,performance,1,1,4.88,0.94,0.00,1.00,0.00
14430,hydration_nourishment,performance,1,1,3.86,0.43,0.00,1.00,0.00
14430,packaging,packaging,1,1,4.53,0.77,0.00,1.00,0.00
14430,pore_clogging,performance,1,1,1.40,-0.80,1.00,0.00,1.00
14430,price_value,economic,1,1,3.77,0.38,0.00,0.00,0.00
14430,scent,sensory,1,1,4.91,0.95,0.00,1.00,0.00
14430,texture_consistency,sensory,1,1,3.86,0.43,0.00,1.00,0.00
15589,price_value,economic,3,3,4.77,0.88,0.00,1.00,0.00
15589,hydration_nourishment,performance,2,2,4.82,0.91,0.00,1.00,0.00
15589,scent,sensory,2,2,4.72,0.86,0.00,1.00,0.00
15589,absorption_finish,sensory,1,1,4.50,0.75,0.00,1.00,0.00
15589,effectiveness,performance,1,1,4.60,0.80,0.00,1.00,1.00
15589,efficiency,economic,1,1,4.69,0.84,0.00,1.00,0.00
15589,texture_consistency,sensory,1,1,4.50,0.75,0.00,1.00,0.00
16908,application,sensory,3,3,4.44,0.72,0.00,1.00,0.00
16908,absorption_finish,sensory,1,1,1.40,-0.80,1.00,0.00,1.00
16908,hydration_nourishment,performance,1,1,1.40,-0.80,1.00,0.00,1.00
21119,cleansing_makeup_removal,performance,1,1,4.88,0.94,0.00,1.00,0.00
21119,effectiveness,performance,1,1,4.84,0.92,0.00,1.00,0.00
21119,texture_consistency,sensory,1,1,4.65,0.83,0.00,1.00,0.00
21699,hydration_nourishment,performance,3,3,4.79,0.90,0.00,1.00,0.00
21699,skin_tolerance,performance,3,3,4.60,0.80,0.00,1.00,1.00
21699,cleansing_makeup_removal,performance,1,1,4.89,0.94,0.00,1.00,0.00
21699,formula_composition,formula,1,1,4.53,0.76,0.00,1.00,0.00
21788,hydration_nourishment,performance,3,3,4.77,0.88,0.00,1.00,0.00
21788,cleansing_makeup_removal,performance,2,2,4.18,0.59,0.00,0.50,0.00
21788,texture_consistency,sensory,2,2,4.00,0.50,0.50,0.50,0.00
21788,price_value,economic,1,1,4.98,0.99,0.00,1.00,0.00
21788,scent,sensory,1,1,4.35,0.68,0.00,1.00,0.00
21793,efficiency,economic,1,1,4.93,0.96,0.00,1.00,0.00
21793,scent,sensory,1,1,4.93,0.96,0.00,1.00,0.00
22199,cleansing_makeup_removal,performance,4,4,4.70,0.85,0.00,1.00,0.00
22199,skin_tolerance,performance,2,2,4.60,0.80,0.00,1.00,1.00
22199,effectiveness,performance,1,1,4.36,0.68,0.00,1.00,0.00
22199,hydration_nourishment,performance,1,1,4.60,0.80,0.00,1.00,1.00
23484,texture_consistency,sensory,5,5,4.01,0.51,0.20,0.80,0.20
23484,hydration_nourishment,performance,3,3,4.87,0.94,0.00,1.00,0.00
23484,scent,sensory,3,3,4.70,0.85,0.00,1.00,0.00
23484,absorption_finish,sensory,2,2,4.68,0.84,0.00,1.00,0.50
23484,effectiveness,performance,2,2,4.60,0.80,0.00,1.00,0.50
23484,application,sensory,1,1,4.57,0.79,0.00,1.00,0.00
23484,cleansing_makeup_removal,performance,1,1,4.74,0.87,0.00,1.00,0.00
23484,formula_composition,formula,1,1,4.71,0.86,0.00,1.00,0.00
23484,price_value,economic,1,1,4.62,0.81,0.00,1.00,0.00
23644,hydration_nourishment,performance,1,1,4.49,0.75,0.00,1.00,0.00
23644,price_value,economic,1,1,4.74,0.87,0.00,1.00,0.00
23644,texture_consistency,sensory,1,1,1.40,-0.80,1.00,0.00,1.00
24676,application,sensory,5,5,4.66,0.83,0.00,1.00,0.20
24676,effectiveness,performance,5,5,4.70,0.85,0.00,1.00,0.00
24676,hydration_nourishment,performance,3,3,4.84,0.92,0.00,1.00,0.00
24676,absorption_finish,sensory,1,1,4.88,0.94,0.00,1.00,0.00
24676,efficiency,economic,1,1,4.68,0.84,0.00,1.00,0.00
24676,packaging,packaging,1,1,4.36,0.68,0.00,1.00,0.00
24676,price_value,economic,1,1,4.75,0.88,0.00,1.00,0.00
24676,skin_tolerance,performance,1,1,4.60,0.80,0.00,1.00,1.00
26900,hydration_nourishment,performance,6,6,4.89,0.94,0.00,1.00,0.00
26900,texture_consistency,sensory,3,3,3.61,0.31,0.33,0.67,0.33
26900,formula_composition,formula,2,2,4.82,0.91,0.00,1.00,0.00
26900,skin_tolerance,performance,2,2,4.53,0.77,0.00,1.00,0.50
26900,absorption_finish,sensory,1,1,4.60,0.80,0.00,1.00,1.00
26900,application,sensory,1,1,4.65,0.82,0.00,1.00,0.00
26900,cleansing_makeup_removal,performance,1,1,4.71,0.86,0.00,1.00,0.00
26900,price_value,economic,1,1,4.90,0.95,0.00,1.00,0.00
26900,scent,sensory,1,1,4.82,0.91,0.00,1.00,0.00
27742,hydration_nourishment,performance,4,4,4.78,0.89,0.00,1.00,0.00
30004,cleansing_makeup_removal,performance,1,1,4.76,0.88,0.00,1.00,0.00
30004,effectiveness,performance,1,1,4.91,0.96,0.00,1.00,0.00
30093,scent,sensory,2,2,1.85,-0.57,1.00,0.00,0.50
30093,effectiveness,performance,1,1,4.30,0.65,0.00,1.00,0.00
30770,skin_tolerance,performance,3,3,4.69,0.85,0.00,1.00,0.67
30770,cleansing_makeup_removal,performance,2,2,4.93,0.96,0.00,1.00,0.00
30770,packaging,packaging,2,2,4.56,0.78,0.00,1.00,0.00
30770,application,sensory,1,1,4.56,0.78,0.00,1.00,0.00
30770,texture_consistency,sensory,1,1,4.56,0.78,0.00,1.00,0.00
31158,effectiveness,performance,5,4,4.69,0.84,0.00,1.00,0.00
31158,texture_consistency,sensory,5,5,3.84,0.42,0.20,0.80,0.20
31158,absorption_finish,sensory,2,2,4.60,0.80,0.00,1.00,1.00
31158,application,sensory,2,2,4.79,0.89,0.00,1.00,0.00
31158,hydration_nourishment,performance,2,2,4.56,0.78,0.00,1.00,0.00
31158,cleansing_makeup_removal,performance,1,1,4.71,0.86,0.00,1.00,0.00
31158,formula_composition,formula,1,1,4.73,0.86,0.00,1.00,0.00
32800,hydration_nourishment,performance,6,5,4.37,0.68,0.20,0.80,0.10
32800,price_value,economic,2,2,3.17,0.08,0.50,0.50,0.50
32800,scent,sensory,1,1,4.94,0.97,0.00,1.00,0.00
39518,cleansing_makeup_removal,performance,4,4,4.80,0.90,0.00,1.00,0.00
39518,skin_tolerance,performance,4,3,4.58,0.79,0.00,1.00,0.50
39518,effectiveness,performance,1,1,4.70,0.85,0.00,1.00,0.00
39518,hydration_nourishment,performance,1,1,4.97,0.99,0.00,1.00,0.00
39520,scent,sensory,4,3,4.02,0.51,0.00,0.67,0.00
39520,skin_tolerance,performance,4,3,4.64,0.82,0.00,1.00,0.50
39520,cleansing_makeup_removal,performance,3,2,4.51,0.76,0.00,1.00,0.00
39520,application,sensory,2,2,4.66,0.83,0.00,1.00,0.00
39520,effectiveness,performance,2,1,4.79,0.89,0.00,1.00,0.00
39520,formula_composition,formula,2,2,4.55,0.78,0.00,1.00,0.00
39520,texture_consistency,sensory,2,2,4.76,0.88,0.00,1.00,0.00
39520,efficiency,economic,1,1,4.58,0.79,0.00,1.00,0.00
39520,hydration_nourishment,performance,1,1,4.81,0.91,0.00,1.00,0.00
39520,price_value,economic,1,1,4.95,0.98,0.00,1.00,0.00
40421,hydration_nourishment,performance,4,4,4.88,0.94,0.00,1.00,0.00
40421,absorption_finish,sensory,2,2,4.81,0.90,0.00,1.00,0.00
40421,application,sensory,2,2,4.67,0.84,0.00,1.00,0.00
40421,effectiveness,performance,2,2,4.61,0.80,0.00,1.00,0.00
40421,skin_tolerance,performance,2,2,4.75,0.87,0.00,1.00,0.50
40421,formula_composition,formula,1,1,4.90,0.95,0.00,1.00,0.00
40421,packaging,packaging,1,1,4.72,0.86,0.00,1.00,0.00
40421,texture_consistency,sensory,1,1,1.40,-0.80,1.00,0.00,1.00
40528,effectiveness,performance,3,2,3.98,0.49,0.00,1.00,0.00
40528,absorption_finish,sensory,1,1,4.79,0.89,0.00,1.00,0.00
40528,cleansing_makeup_removal,performance,1,1,3.51,0.26,0.00,0.00,0.00
40836,cleansing_makeup_removal,performance,5,2,4.46,0.73,0.00,1.00,0.00
40836,price_value,economic,2,2,4.35,0.68,0.00,1.00,0.00
40836,hydration_nourishment,performance,1,1,4.60,0.80,0.00,1.00,1.00
40836,skin_tolerance,performance,1,1,4.60,0.80,0.00,1.00,1.00
44783,cleansing_makeup_removal,performance,6,5,4.67,0.84,0.00,1.00,0.00
44783,packaging,packaging,3,3,4.52,0.76,0.00,1.00,0.00
44783,effectiveness,performance,2,2,3.68,0.34,0.50,0.50,0.00
44783,formula_composition,formula,2,2,4.79,0.89,0.00,1.00,0.00
44783,price_value,economic,2,2,4.50,0.75,0.00,1.00,0.00
44783,application,sensory,1,1,4.64,0.82,0.00,1.00,0.00
44783,hydration_nourishment,performance,1,1,4.80,0.90,0.00,1.00,0.00
45690,effectiveness,performance,3,3,4.38,0.69,0.00,1.00,0.00
45690,packaging,packaging,3,2,4.11,0.55,0.00,1.00,0.00
45690,efficiency,economic,1,1,4.30,0.65,0.00,1.00,0.00
45690,price_value,economic,1,1,4.33,0.67,0.00,1.00,0.00
61111,hydration_nourishment,performance,3,3,3.61,0.31,0.33,0.67,0.33
61111,absorption_finish,sensory,2,2,4.52,0.76,0.00,1.00,0.50
61111,application,sensory,2,2,4.37,0.68,0.00,1.00,0.00
61111,formula_composition,formula,2,2,4.76,0.88,0.00,1.00,0.00
61111,efficiency,economic,1,1,4.77,0.88,0.00,1.00,0.00
61111,price_value,economic,1,1,4.40,0.70,0.00,1.00,0.00
61520,hydration_nourishment,performance,4,4,4.89,0.95,0.00,1.00,0.00
61520,effectiveness,performance,1,1,4.60,0.80,0.00,1.00,1.00
61520,skin_tolerance,performance,1,1,4.94,0.97,0.00,1.00,0.00
62937,hydration_nourishment,performance,6,4,4.87,0.93,0.00,1.00,0.00
62937,application,sensory,4,4,4.76,0.88,0.00,1.00,0.00
62937,effectiveness,performance,3,3,4.89,0.94,0.00,1.00,0.00
62937,price_value,economic,2,2,3.55,0.27,0.50,0.50,0.00
62937,absorption_finish,sensory,1,1,4.60,0.80,0.00,1.00,1.00
62937,cleansing_makeup_removal,performance,1,1,4.68,0.84,0.00,1.00,0.00
62937,packaging,packaging,1,1,3.23,0.12,0.00,0.00,0.00
62937,scent,sensory,1,1,4.54,0.77,0.00,1.00,0.00
62937,texture_consistency,sensory,1,1,4.68,0.84,0.00,1.00,0.00
66122,effectiveness,performance,2,2,4.41,0.71,0.00,1.00,0.50
66122,skin_tolerance,performance,2,2,4.60,0.80,0.00,1.00,1.00
81646,cleansing_makeup_removal,performance,3,3,4.61,0.80,0.00,1.00,0.00
81646,effectiveness,performance,2,2,4.43,0.71,0.00,1.00,0.50
108623,hydration_nourishment,performance,1,1,4.03,0.52,0.00,1.00,0.00
108623,texture_consistency,sensory,1,1,1.40,-0.80,1.00,0.00,1.00
111154,effectiveness,performance,2,2,3.98,0.49,0.50,0.50,0.00
111154,application,sensory,1,1,4.83,0.91,0.00,1.00,0.00
111154,formula_composition,formula,1,1,4.83,0.92,0.00,1.00,0.00
111154,price_value,economic,1,1,4.84,0.92,0.00,1.00,0.00
111154,skin_tolerance,performance,1,1,4.60,0.80,0.00,1.00,1.00
112679,hydration_nourishment,performance,4,4,4.88,0.94,0.00,1.00,0.00
112679,absorption_finish,sensory,1,1,3.26,0.13,0.00,0.00,0.00
112679,application,sensory,1,1,4.64,0.82,0.00,1.00,0.00
112679,skin_tolerance,performance,1,1,4.94,0.97,0.00,1.00,0.00
112679,texture_consistency,sensory,1,1,1.40,-0.80,1.00,0.00,1.00
112680,hydration_nourishment,performance,4,4,4.89,0.95,0.00,1.00,0.00
112680,effectiveness,performance,3,3,4.74,0.87,0.00,1.00,0.00
112680,skin_tolerance,performance,1,1,4.70,0.85,0.00,1.00,0.00
112680,texture_consistency,sensory,1,1,1.40,-0.80,1.00,0.00,1.00
112682,hydration_nourishment,performance,4,4,4.88,0.94,0.00,1.00,0.00
112682,application,sensory,1,1,4.94,0.97,0.00,1.00,0.00
113233,effectiveness,performance,2,2,4.56,0.78,0.00,1.00,0.00
113233,hydration_nourishment,performance,2,2,4.86,0.93,0.00,1.00,0.00
113233,price_value,economic,1,1,4.86,0.93,0.00,1.00,0.00
114849,skin_tolerance,performance,4,2,3.85,0.43,0.00,0.50,0.17
114849,effectiveness,performance,3,3,4.69,0.84,0.00,1.00,0.67
114849,texture_consistency,sensory,3,2,4.26,0.63,0.00,1.00,0.00
114849,hydration_nourishment,performance,2,2,4.70,0.85,0.00,1.00,0.00
114849,absorption_finish,sensory,1,1,4.60,0.80,0.00,1.00,1.00
114849,application,sensory,1,1,4.24,0.62,0.00,1.00,0.00
114849,formula_composition,formula,1,1,4.91,0.95,0.00,1.00,0.00
114849,pore_clogging,performance,1,1,4.60,0.80,0.00,1.00,1.00
114850,application,sensory,3,2,4.76,0.88,0.00,1.00,0.00
114850,hydration_nourishment,performance,3,3,4.79,0.90,0.00,1.00,0.00
114850,scent,sensory,3,2,3.79,0.40,0.50,0.50,0.00
114850,effectiveness,performance,2,2,4.20,0.60,0.00,0.50,0.00
114850,absorption_finish,sensory,1,1,4.66,0.83,0.00,1.00,0.00
114850,cleansing_makeup_removal,performance,1,1,4.51,0.76,0.00,1.00,0.00
114850,packaging,packaging,1,1,4.77,0.88,0.00,1.00,0.00
114850,texture_consistency,sensory,1,1,1.40,-0.80,1.00,0.00,1.00
122797,texture_consistency,sensory,3,3,3.54,0.27,0.33,0.67,0.33
122797,absorption_finish,sensory,2,2,4.72,0.86,0.00,1.00,0.50
122797,application,sensory,2,2,4.66,0.83,0.00,1.00,0.00
122797,hydration_nourishment,performance,2,2,4.62,0.81,0.00,1.00,0.00
122797,effectiveness,performance,1,1,4.86,0.93,0.00,1.00,0.00
122797,packaging,packaging,1,1,4.70,0.85,0.00,1.00,0.00
122797,skin_tolerance,performance,1,1,4.71,0.86,0.00,1.00,0.00
124125,cleansing_makeup_removal,performance,6,6,4.51,0.76,0.17,0.83,0.00
124125,skin_tolerance,performance,4,3,4.65,0.83,0.00,1.00,0.67
124125,formula_composition,formula,2,2,4.71,0.85,0.00,1.00,0.00
124125,efficiency,economic,1,1,3.89,0.44,0.00,1.00,0.00
124125,hydration_nourishment,performance,1,1,4.91,0.95,0.00,1.00,0.00
124125,packaging,packaging,1,1,4.49,0.75,0.00,1.00,0.00
124125,price_value,economic,1,1,4.11,0.56,0.00,1.00,0.00
124154,hydration_nourishment,performance,2,2,4.92,0.96,0.00,1.00,0.00
124154,price_value,economic,1,1,4.46,0.73,0.00,1.00,0.00
131521,cleansing_makeup_removal,performance,3,3,4.34,0.67,0.00,0.67,0.00
131521,effectiveness,performance,3,2,3.55,0.28,0.00,0.00,0.00
131521,formula_composition,formula,2,2,4.65,0.83,0.00,1.00,0.00
131521,price_value,economic,2,2,4.06,0.53,0.00,0.50,0.00
131521,absorption_finish,sensory,1,1,3.32,0.16,0.00,0.00,0.00
131521,skin_tolerance,performance,1,1,4.74,0.87,0.00,1.00,0.00
131521,texture_consistency,sensory,1,1,1.40,-0.80,1.00,0.00,1.00
131528,effectiveness,performance,1,1,4.66,0.83,0.00,1.00,0.00
131528,formula_composition,formula,1,1,4.66,0.83,0.00,1.00,0.00
132393,scent,sensory,3,3,3.79,0.40,0.33,0.67,0.00
132393,cleansing_makeup_removal,performance,2,2,4.67,0.84,0.00,1.00,0.00
132461,hydration_nourishment,performance,2,2,4.77,0.89,0.00,1.00,0.00
132461,packaging,packaging,2,2,4.61,0.80,0.00,1.00,0.00
132461,absorption_finish,sensory,1,1,4.78,0.89,0.00,1.00,0.00
132461,application,sensory,1,1,4.62,0.81,0.00,1.00,0.00
132461,formula_composition,formula,1,1,4.78,0.89,0.00,1.00,0.00
132461,scent,sensory,1,1,4.78,0.89,0.00,1.00,0.00
132465,scent,sensory,2,2,4.67,0.83,0.00,1.00,0.00
132465,texture_consistency,sensory,2,2,4.67,0.83,0.00,1.00,0.00
132465,absorption_finish,sensory,1,1,4.95,0.97,0.00,1.00,0.00
132465,formula_composition,formula,1,1,4.95,0.97,0.00,1.00,0.00
132465,hydration_nourishment,performance,1,1,4.92,0.96,0.00,1.00,0.00
132465,price_value,economic,1,1,4.84,0.92,0.00,1.00,0.00
133209,hydration_nourishment,performance,4,4,4.42,0.71,0.00,0.75,0.00
133209,application,sensory,1,1,4.67,0.84,0.00,1.00,0.00
133209,effectiveness,performance,1,1,3.84,0.42,0.00,1.00,0.00
133209,texture_consistency,sensory,1,1,3.71,0.35,0.00,0.00,0.00
144421,texture_consistency,sensory,2,2,3.10,0.05,0.50,0.50,0.50
144421,hydration_nourishment,performance,1,1,4.76,0.88,0.00,1.00,0.00
144421,price_value,economic,1,1,4.54,0.77,0.00,1.00,0.00
144421,scent,sensory,1,1,4.80,0.90,0.00,1.00,0.00
144421,skin_tolerance,performance,1,1,4.76,0.88,0.00,1.00,0.00
148819,cleansing_makeup_removal,performance,3,3,4.78,0.89,0.00,1.00,0.00
148819,absorption_finish,sensory,1,1,4.48,0.74,0.00,1.00,0.00
148819,effectiveness,performance,1,1,4.60,0.80,0.00,1.00,0.00
148819,texture_consistency,sensory,1,1,4.19,0.59,0.00,1.00,0.00
148820,cleansing_makeup_removal,performance,4,4,4.56,0.78,0.00,1.00,0.00
148820,packaging,packaging,3,2,4.35,0.68,0.00,1.00,0.00
148820,effectiveness,performance,2,2,4.39,0.70,0.00,1.00,0.00
148820,efficiency,economic,1,1,4.43,0.71,0.00,1.00,0.00
148820,scent,sensory,1,1,4.91,0.96,0.00,1.00,0.00
148823,hydration_nourishment,performance,5,5,4.84,0.92,0.00,1.00,0.00
148823,effectiveness,performance,4,3,4.75,0.87,0.00,1.00,0.00
148823,texture_consistency,sensory,2,2,4.27,0.64,0.00,1.00,0.00
148823,absorption_finish,sensory,1,1,4.60,0.80,0.00,1.00,1.00
148823,application,sensory,1,1,4.65,0.83,0.00,1.00,0.00
148823,cleansing_makeup_removal,performance,1,1,4.74,0.87,0.00,1.00,0.00
148823,formula_composition,formula,1,1,4.84,0.92,0.00,1.00,0.00
154440,cleansing_makeup_removal,performance,5,5,4.70,0.85,0.00,1.00,0.00
154440,skin_tolerance,performance,4,3,4.60,0.80,0.00,1.00,1.00
154440,effectiveness,performance,1,1,4.81,0.91,0.00,1.00,0.00
154440,formula_composition,formula,1,1,4.81,0.91,0.00,1.00,0.00
154440,hydration_nourishment,performance,1,1,4.60,0.80,0.00,1.00,1.00
155247,absorption_finish,sensory,1,1,1.40,-0.80,1.00,0.00,1.00
155247,application,sensory,1,1,4.44,0.72,0.00,1.00,0.00
155247,effectiveness,performance,1,1,4.79,0.90,0.00,1.00,0.00
155247,formula_composition,formula,1,1,4.82,0.91,0.00,1.00,0.00
155247,packaging,packaging,1,1,4.44,0.72,0.00,1.00,0.00
155247,price_value,economic,1,1,4.79,0.90,0.00,1.00,0.00
155247,skin_tolerance,performance,1,1,4.71,0.86,0.00,1.00,0.00
155247,texture_consistency,sensory,1,1,4.82,0.91,0.00,1.00,0.00
157211,application,sensory,2,2,4.93,0.97,0.00,1.00,0.00
157211,effectiveness,performance,2,2,4.35,0.67,0.00,1.00,0.00
157211,formula_composition,formula,2,2,4.84,0.92,0.00,1.00,0.00
157211,price_value,economic,2,2,4.84,0.92,0.00,1.00,0.00
157211,scent,sensory,2,2,2.78,-0.11,0.50,0.50,0.50
157211,skin_tolerance,performance,2,2,4.60,0.80,0.00,1.00,0.00
157211,texture_consistency,sensory,2,2,2.78,-0.11,0.50,0.50,0.50
157211,absorption_finish,sensory,1,1,4.91,0.96,0.00,1.00,0.00
157211,hydration_nourishment,performance,1,1,4.97,0.99,0.00,1.00,0.00
157211,pore_clogging,performance,1,1,4.60,0.80,0.00,1.00,1.00
158870,hydration_nourishment,performance,4,4,4.32,0.66,0.25,0.75,0.00
158870,absorption_finish,sensory,1,1,4.82,0.91,0.00,1.00,0.00
158870,effectiveness,performance,1,1,4.70,0.85,0.00,1.00,0.00
158870,price_value,economic,1,1,4.92,0.96,0.00,1.00,0.00
158870,texture_consistency,sensory,1,1,1.40,-0.80,1.00,0.00,1.00
158871,hydration_nourishment,performance,3,3,4.35,0.68,0.00,0.67,0.00
158871,scent,sensory,1,1,3.62,0.31,0.00,0.00,0.00
158871,skin_tolerance,performance,1,1,3.47,0.24,0.00,0.00,0.00
163334,application,sensory,2,2,4.74,0.87,0.00,1.00,0.00
163334,cleansing_makeup_removal,performance,1,1,4.91,0.96,0.00,1.00,0.00
163334,hydration_nourishment,performance,1,1,4.83,0.91,0.00,1.00,0.00
163336,cleansing_makeup_removal,performance,2,2,4.63,0.81,0.00,1.00,0.00
163336,skin_tolerance,performance,2,2,4.76,0.88,0.00,1.00,0.50
163336,absorption_finish,sensory,1,1,4.77,0.88,0.00,1.00,0.00
163336,effectiveness,performance,1,1,4.65,0.83,0.00,1.00,0.00
163336,formula_composition,formula,1,1,4.49,0.75,0.00,1.00,0.00
163336,hydration_nourishment,performance,1,1,4.42,0.71,0.00,1.00,0.00
163336,price_value,economic,1,1,4.65,0.83,0.00,1.00,0.00
163376,formula_composition,formula,1,1,4.72,0.86,0.00,1.00,0.00
167244,effectiveness,performance,4,4,4.69,0.84,0.00,1.00,0.00
167244,cleansing_makeup_removal,performance,3,2,4.67,0.84,0.00,1.00,0.00
167244,hydration_nourishment,performance,3,2,4.30,0.65,0.00,1.00,0.50
167244,skin_tolerance,performance,3,3,4.64,0.82,0.00,1.00,0.67
167244,texture_consistency,sensory,3,2,4.69,0.84,0.00,1.00,0.00
167244,price_value,economic,2,2,4.70,0.85,0.00,1.00,0.00
167244,scent,sensory,2,2,4.71,0.85,0.00,1.00,0.00
167244,efficiency,economic,1,1,4.68,0.84,0.00,1.00,0.00
167244,packaging,packaging,1,1,4.59,0.80,0.00,1.00,0.00
167246,effectiveness,performance,3,3,4.07,0.53,0.33,0.67,0.00
167246,application,sensory,1,1,4.45,0.72,0.00,1.00,0.00
167246,price_value,economic,1,1,4.63,0.82,0.00,1.00,0.00
168258,effectiveness,performance,3,3,4.68,0.84,0.00,1.00,0.00
171035,texture_consistency,sensory,2,2,3.68,0.34,0.00,0.50,0.00
171035,cleansing_makeup_removal,performance,1,1,1.40,-0.80,1.00,0.00,1.00
171035,price_value,economic,1,1,4.81,0.90,0.00,1.00,0.00
171036,effectiveness,performance,2,2,4.76,0.88,0.00,1.00,0.00
171036,texture_consistency,sensory,2,2,4.83,0.91,0.00,1.00,0.00
171036,application,sensory,1,1,4.89,0.94,0.00,1.00,0.00
171036,formula_composition,formula,1,1,4.89,0.94,0.00,1.00,0.00
171036,hydration_nourishment,performance,1,1,4.89,0.94,0.00,1.00,0.00
171036,scent,sensory,1,1,4.89,0.94,0.00,1.00,0.00
171099,hydration_nourishment,performance,5,5,4.03,0.52,0.20,0.80,0.20
171099,effectiveness,performance,2,2,4.92,0.96,0.00,1.00,0.00
171099,packaging,packaging,1,1,4.91,0.96,0.00,1.00,0.00
171099,scent,sensory,1,1,3.53,0.26,0.00,0.00,0.00
171104,hydration_nourishment,performance,5,5,4.57,0.79,0.00,0.80,0.00
171104,effectiveness,performance,3,2,3.93,0.46,0.50,0.50,0.25
171104,efficiency,economic,1,1,4.85,0.93,0.00,1.00,0.00
171104,packaging,packaging,1,1,4.20,0.60,0.00,1.00,0.00
171104,texture_consistency,sensory,1,1,4.59,0.79,0.00,1.00,0.00
171112,hydration_nourishment,performance,1,1,4.89,0.94,0.00,1.00,0.00
171112,skin_tolerance,performance,1,1,4.64,0.82,0.00,1.00,0.00
172262,cleansing_makeup_removal,performance,6,5,4.29,0.65,0.20,0.80,0.00
172262,effectiveness,performance,2,2,4.84,0.92,0.00,1.00,0.00
172262,efficiency,economic,1,1,4.66,0.83,0.00,1.00,0.00
172262,packaging,packaging,1,1,3.88,0.44,0.00,1.00,0.00
172262,skin_tolerance,performance,1,1,4.60,0.80,0.00,1.00,1.00
173154,absorption_finish,sensory,3,3,4.65,0.82,0.00,1.00,0.00
173154,formula_composition,formula,3,3,4.73,0.86,0.00,1.00,0.00
173154,effectiveness,performance,2,2,4.42,0.71,0.00,1.00,0.00
173154,price_value,economic,2,1,4.47,0.74,0.00,1.00,0.00
173154,application,sensory,1,1,4.56,0.78,0.00,1.00,0.00
173154,hydration_nourishment,performance,1,1,4.67,0.83,0.00,1.00,0.00
173154,packaging,packaging,1,1,4.57,0.79,0.00,1.00,0.00
173154,skin_tolerance,performance,1,1,4.60,0.80,0.00,1.00,1.00
173154,texture_consistency,sensory,1,1,4.63,0.81,0.00,1.00,0.00
173157,hydration_nourishment,performance,3,3,4.69,0.84,0.00,1.00,0.00
173157,application,sensory,1,1,4.40,0.70,0.00,1.00,0.00
173157,effectiveness,performance,1,1,4.48,0.74,0.00,1.00,0.00
173157,price_value,economic,1,1,4.81,0.90,0.00,1.00,0.00
173161,application,sensory,4,4,4.65,0.82,0.00,1.00,0.00
173161,effectiveness,performance,4,4,4.63,0.81,0.00,1.00,0.25
173161,absorption_finish,sensory,2,2,3.00,-0.00,0.50,0.50,1.00
173161,formula_composition,formula,2,2,4.78,0.89,0.00,1.00,0.00
173161,hydration_nourishment,performance,2,2,4.79,0.90,0.00,1.00,0.00
173161,skin_tolerance,performance,2,2,4.87,0.93,0.00,1.00,0.00
173161,cleansing_makeup_removal,performance,1,1,4.71,0.86,0.00,1.00,0.00
173161,price_value,economic,1,1,4.83,0.92,0.00,1.00,0.00
173161,scent,sensory,1,1,3.87,0.44,0.00,1.00,0.00
173161,texture_consistency,sensory,1,1,1.40,-0.80,1.00,0.00,1.00
177944,cleansing_makeup_removal,performance,3,3,4.92,0.96,0.00,1.00,0.00
177944,hydration_nourishment,performance,3,3,4.80,0.90,0.00,1.00,0.00
177944,skin_tolerance,performance,3,2,4.43,0.72,0.00,1.00,0.50
177944,absorption_finish,sensory,1,1,4.60,0.80,0.00,1.00,1.00
177944,application,sensory,1,1,4.98,0.99,0.00,1.00,0.00
177944,formula_composition,formula,1,1,4.53,0.77,0.00,1.00,0.00
177944,texture_consistency,sensory,1,1,4.80,0.90,0.00,1.00,0.00
177947,cleansing_makeup_removal,performance,4,4,3.87,0.44,0.25,0.75,0.25
177947,skin_tolerance,performance,3,3,4.68,0.84,0.00,1.00,0.67
177947,effectiveness,performance,2,2,4.80,0.90,0.00,1.00,0.00
177947,hydration_nourishment,performance,1,1,4.16,0.58,0.00,1.00,0.00
177947,price_value,economic,1,1,4.14,0.57,0.00,1.00,0.00
178242,effectiveness,performance,4,4,4.69,0.85,0.00,1.00,0.00
178242,hydration_nourishment,performance,4,4,4.83,0.92,0.00,1.00,0.00
178242,application,sensory,3,3,4.59,0.79,0.00,1.00,0.00
178242,formula_composition,formula,2,2,4.83,0.91,0.00,1.00,0.00
178242,price_value,economic,2,2,4.64,0.82,0.00,1.00,0.00
178242,skin_tolerance,performance,1,1,4.60,0.80,0.00,1.00,1.00
178242,texture_consistency,sensory,1,1,4.82,0.91,0.00,1.00,0.00
178246,application,sensory,4,4,4.77,0.89,0.00,1.00,0.00
178246,hydration_nourishment,performance,4,4,4.73,0.86,0.00,1.00,0.00
178246,absorption_finish,sensory,2,2,4.65,0.83,0.00,1.00,0.50
178246,effectiveness,performance,2,2,4.52,0.76,0.00,1.00,0.00
178246,texture_consistency,sensory,2,2,4.62,0.81,0.00,1.00,0.00
178246,formula_composition,formula,1,1,4.83,0.92,0.00,1.00,0.00
178246,price_value,economic,1,1,4.54,0.77,0.00,1.00,0.00
178246,skin_tolerance,performance,1,1,4.60,0.80,0.00,1.00,1.00
178250,effectiveness,performance,3,3,4.54,0.77,0.00,1.00,0.00
178250,hydration_nourishment,performance,3,3,4.80,0.90,0.00,1.00,0.00
178250,skin_tolerance,performance,2,2,3.00,-0.00,0.50,0.50,1.00
178250,absorption_finish,sensory,1,1,4.75,0.87,0.00,1.00,0.00
178250,application,sensory,1,1,4.22,0.61,0.00,1.00,0.00
178250,packaging,packaging,1,1,4.22,0.61,0.00,1.00,0.00
178250,price_value,economic,1,1,4.22,0.61,0.00,1.00,0.00
178250,scent,sensory,1,1,4.22,0.61,0.00,1.00,0.00
179234,cleansing_makeup_removal,performance,2,2,4.01,0.50,0.00,0.50,0.00
179234,price_value,economic,2,2,4.82,0.91,0.00,1.00,0.00
179234,hydration_nourishment,performance,1,1,3.27,0.13,0.00,0.00,0.00
183785,cleansing_makeup_removal,performance,4,3,4.68,0.84,0.00,1.00,0.00
183785,price_value,economic,2,2,4.53,0.77,0.00,1.00,0.00
183785,skin_tolerance,performance,2,2,3.00,-0.00,0.50,0.50,1.00
183785,effectiveness,performance,1,1,4.60,0.80,0.00,1.00,1.00
183785,formula_composition,formula,1,1,4.53,0.76,0.00,1.00,0.00
183788,effectiveness,performance,4,4,4.71,0.86,0.00,1.00,0.25
183788,texture_consistency,sensory,4,4,4.56,0.78,0.00,1.00,0.00
183788,absorption_finish,sensory,3,3,3.53,0.27,0.33,0.67,1.00
183788,cleansing_makeup_removal,performance,2,2,4.81,0.90,0.00,1.00,0.00
183788,application,sensory,1,1,4.68,0.84,0.00,1.00,0.00
183788,formula_composition,formula,1,1,4.84,0.92,0.00,1.00,0.00
183788,scent,sensory,1,1,4.61,0.80,0.00,1.00,0.00
193204,hydration_nourishment,performance,4,4,4.03,0.51,0.25,0.75,0.25
193204,effectiveness,performance,2,2,3.60,0.30,0.50,0.50,0.00
193204,scent,sensory,2,2,4.80,0.90,0.00,1.00,0.00
193204,absorption_finish,sensory,1,1,4.80,0.90,0.00,1.00,0.00
193204,efficiency,economic,1,1,4.79,0.90,0.00,1.00,0.00
193207,hydration_nourishment,performance,3,3,4.03,0.51,0.33,0.67,0.00
193207,effectiveness,performance,2,2,4.53,0.76,0.00,1.00,0.00
194768,scent,sensory,4,4,4.76,0.88,0.00,1.00,0.00
194768,hydration_nourishment,performance,2,2,4.88,0.94,0.00,1.00,0.00
194846,hydration_nourishment,performance,6,5,4.71,0.86,0.00,1.00,0.00
194846,effectiveness,performance,4,4,4.75,0.87,0.00,1.00,0.00
194846,formula_composition,formula,3,2,4.18,0.59,0.00,1.00,0.00
194846,absorption_finish,sensory,2,2,3.87,0.44,0.00,0.50,0.00
194846,texture_consistency,sensory,2,2,4.52,0.76,0.00,1.00,0.00
199151,effectiveness,performance,2,2,3.15,0.08,0.50,0.50,0.00
199151,scent,sensory,1,1,3.90,0.45,0.00,1.00,0.00
199466,application,sensory,4,4,4.69,0.85,0.00,1.00,0.00
199466,effectiveness,performance,3,3,4.76,0.88,0.00,1.00,0.33
199466,absorption_finish,sensory,2,1,4.74,0.87,0.00,1.00,0.50
199466,hydration_nourishment,performance,2,2,4.90,0.95,0.00,1.00,0.00
199466,texture_consistency,sensory,2,2,4.33,0.66,0.00,1.00,0.00
199466,skin_tolerance,performance,1,1,4.83,0.91,0.00,1.00,0.00
199467,effectiveness,performance,4,4,4.61,0.80,0.00,1.00,0.00
199467,application,sensory,3,3,4.72,0.86,0.00,1.00,0.33
199467,hydration_nourishment,performance,3,3,4.75,0.88,0.00,1.00,0.00
199467,absorption_finish,sensory,2,2,4.76,0.88,0.00,1.00,0.50
199467,cleansing_makeup_removal,performance,1,1,4.71,0.86,0.00,1.00,0.00
199467,formula_composition,formula,1,1,4.78,0.89,0.00,1.00,0.00
199467,packaging,packaging,1,1,4.43,0.71,0.00,1.00,0.00
199467,texture_consistency,sensory,1,1,4.71,0.86,0.00,1.00,0.00
199693,absorption_finish,sensory,1,1,4.91,0.96,0.00,1.00,0.00
199707,scent,sensory,4,4,4.87,0.93,0.00,1.00,0.00
199707,absorption_finish,sensory,2,2,4.95,0.98,0.00,1.00,0.00
199707,effectiveness,performance,2,2,4.48,0.74,0.00,1.00,0.00
199707,hydration_nourishment,performance,2,2,4.84,0.92,0.00,1.00,0.00
199707,texture_consistency,sensory,2,2,4.90,0.95,0.00,1.00,0.00
199707,price_value,economic,1,1,4.95,0.98,0.00,1.00,0.00
200921,cleansing_makeup_removal,performance,6,6,4.86,0.93,0.00,1.00,0.00
200921,hydration_nourishment,performance,2,2,4.82,0.91,0.00,1.00,0.00
200921,skin_tolerance,performance,1,1,4.60,0.80,0.00,1.00,1.00
202217,cleansing_makeup_removal,performance,4,4,4.76,0.88,0.00,1.00,0.00
202217,hydration_nourishment,performance,4,4,4.69,0.85,0.00,1.00,0.50
202217,skin_tolerance,performance,1,1,4.60,0.80,0.00,1.00,1.00
202218,skin_tolerance,performance,4,3,4.61,0.81,0.00,1.00,0.33
202218,application,sensory,3,3,4.83,0.91,0.00,1.00,0.00
202218,effectiveness,performance,3,2,4.56,0.78,0.00,1.00,0.50
202218,formula_composition,formula,3,3,4.87,0.93,0.00,1.00,0.00
202218,hydration_nourishment,performance,3,2,4.88,0.94,0.00,1.00,0.00
202218,texture_consistency,sensory,3,3,2.52,-0.24,0.67,0.33,0.67
202218,absorption_finish,sensory,2,2,4.80,0.90,0.00,1.00,0.00
202218,price_value,economic,1,1,4.68,0.84,0.00,1.00,0.00
202218,scent,sensory,1,1,3.96,0.48,0.00,1.00,0.00
203823,effectiveness,performance,3,3,4.67,0.83,0.00,1.00,0.67
203823,absorption_finish,sensory,2,2,4.65,0.83,0.00,1.00,0.50
203823,cleansing_makeup_removal,performance,2,1,4.77,0.89,0.00,1.00,0.00
203823,hydration_nourishment,performance,2,2,4.76,0.88,0.00,1.00,0.00
203823,price_value,economic,2,2,4.85,0.93,0.00,1.00,0.00
203823,application,sensory,1,1,4.83,0.91,0.00,1.00,0.00
203823,formula_composition,formula,1,1,4.86,0.93,0.00,1.00,0.00
203823,pore_clogging,performance,1,1,4.60,0.80,0.00,1.00,1.00
203823,scent,sensory,1,1,4.80,0.90,0.00,1.00,0.00
203823,skin_tolerance,performance,1,1,4.50,0.75,0.00,1.00,0.00
203823,texture_consistency,sensory,1,1,1.40,-0.80,1.00,0.00,1.00
203826,effectiveness,performance,2,2,4.95,0.97,0.00,1.00,0.00
203826,cleansing_makeup_removal,performance,1,1,4.89,0.95,0.00,1.00,0.00
203826,packaging,packaging,1,1,4.71,0.85,0.00,1.00,0.00
203826,price_value,economic,1,1,4.29,0.64,0.00,1.00,0.00
203826,texture_consistency,sensory,1,1,4.55,0.78,0.00,1.00,0.00
203827,effectiveness,performance,5,5,4.51,0.75,0.00,0.80,0.20
203827,hydration_nourishment,performance,1,1,1.40,-0.80,1.00,0.00,1.00
203827,packaging,packaging,1,1,4.34,0.67,0.00,1.00,0.00
203827,price_value,economic,1,1,4.85,0.92,0.00,1.00,0.00
203827,scent,sensory,1,1,3.96,0.48,0.00,1.00,0.00
203938,effectiveness,performance,6,5,4.71,0.85,0.00,1.00,0.20
203938,application,sensory,5,5,4.82,0.91,0.00,1.00,0.00
203938,hydration_nourishment,performance,3,3,4.63,0.82,0.00,1.00,0.00
203938,texture_consistency,sensory,3,3,3.63,0.31,0.33,0.67,0.33
203938,absorption_finish,sensory,2,2,4.74,0.87,0.00,1.00,0.50
203938,cleansing_makeup_removal,performance,1,1,4.76,0.88,0.00,1.00,0.00
203938,formula_composition,formula,1,1,4.10,0.55,0.00,1.00,0.00
203938,skin_tolerance,performance,1,1,4.85,0.92,0.00,1.00,0.00
207637,cleansing_makeup_removal,performance,2,2,3.76,0.38,0.50,0.50,0.00
207637,formula_composition,formula,2,2,4.80,0.90,0.00,1.00,0.00
207637,application,sensory,1,1,2.60,-0.20,1.00,0.00,0.00
207637,effectiveness,performance,1,1,4.87,0.93,0.00,1.00,0.00
207637,hydration_nourishment,performance,1,1,4.60,0.80,0.00,1.00,1.00
207637,packaging,packaging,1,1,4.68,0.84,0.00,1.00,0.00
207637,price_value,economic,1,1,4.71,0.86,0.00,1.00,0.00
211828,cleansing_makeup_removal,performance,4,4,4.53,0.77,0.00,0.75,0.00
211828,hydration_nourishment,performance,2,2,4.58,0.79,0.00,1.00,0.50
211828,skin_tolerance,performance,2,1,4.58,0.79,0.00,1.00,0.50
211828,effectiveness,performance,1,1,3.56,0.28,0.00,0.00,0.00
211856,effectiveness,performance,2,2,3.03,0.01,0.50,0.50,0.00
211856,hydration_nourishment,performance,1,1,4.70,0.85,0.00,1.00,0.00
211868,effectiveness,performance,1,1,4.67,0.84,0.00,1.00,0.00
211868,hydration_nourishment,performance,1,1,4.60,0.80,0.00,1.00,1.00
211868,skin_tolerance,performance,1,1,4.67,0.84,0.00,1.00,0.00
211922,hydration_nourishment,performance,3,3,4.69,0.84,0.00,1.00,0.00
211922,scent,sensory,2,2,4.84,0.92,0.00,1.00,0.00
217893,hydration_nourishment,performance,3,3,4.85,0.92,0.00,1.00,0.33
217893,absorption_finish,sensory,1,1,2.73,-0.14,1.00,0.00,0.00
218294,skin_tolerance,performance,4,4,4.60,0.80,0.00,1.00,1.00
218294,cleansing_makeup_removal,performance,3,3,4.67,0.83,0.00,1.00,0.00
218294,hydration_nourishment,performance,1,1,4.60,0.80,0.00,1.00,1.00
218809,effectiveness,performance,1,1,4.85,0.93,0.00,1.00,0.00
218809,hydration_nourishment,performance,1,1,4.85,0.93,0.00,1.00,0.00
218926,cleansing_makeup_removal,performance,2,2,4.79,0.89,0.00,1.00,0.00
218926,effectiveness,performance,2,2,4.69,0.84,0.00,1.00,0.00
218926,skin_tolerance,performance,2,2,4.65,0.82,0.00,1.00,0.50
218926,hydration_nourishment,performance,1,1,4.60,0.80,0.00,1.00,1.00
218926,scent,sensory,1,1,4.84,0.92,0.00,1.00,0.00
218969,effectiveness,performance,4,3,4.68,0.84,0.00,1.00,0.00
218969,hydration_nourishment,performance,3,3,4.63,0.82,0.00,1.00,0.00
218969,formula_composition,formula,2,2,4.70,0.85,0.00,1.00,0.00
218969,skin_tolerance,performance,2,2,4.49,0.74,0.00,1.00,0.50
218969,application,sensory,1,1,4.77,0.89,0.00,1.00,0.00
218969,cleansing_makeup_removal,performance,1,1,4.27,0.64,0.00,1.00,0.00
218969,packaging,packaging,1,1,4.30,0.65,0.00,1.00,0.00
218969,pore_clogging,performance,1,1,4.60,0.80,0.00,1.00,1.00
218969,scent,sensory,1,1,1.40,-0.80,1.00,0.00,1.00
218969,texture_consistency,sensory,1,1,4.56,0.78,0.00,1.00,0.00
219807,effectiveness,performance,5,3,4.68,0.84,0.00,1.00,0.00
219807,application,sensory,4,4,4.68,0.84,0.00,1.00,0.00
219807,formula_composition,formula,2,2,4.85,0.93,0.00,1.00,0.00
219807,hydration_nourishment,performance,2,2,4.82,0.91,0.00,1.00,0.00
219807,texture_consistency,sensory,2,2,4.43,0.71,0.00,1.00,0.00
219807,absorption_finish,sensory,1,1,4.90,0.95,0.00,1.00,0.00
219807,packaging,packaging,1,1,4.35,0.68,0.00,1.00,0.00
219807,price_value,economic,1,1,4.56,0.78,0.00,1.00,0.00
219807,skin_tolerance,performance,1,1,1.40,-0.80,1.00,0.00,1.00
219808,application,sensory,4,3,4.74,0.87,0.00,1.00,0.00
219808,effectiveness,performance,4,4,4.76,0.88,0.00,1.00,0.00
219808,absorption_finish,sensory,2,2,4.74,0.87,0.00,1.00,0.50
219808,cleansing_makeup_removal,performance,1,1,4.76,0.88,0.00,1.00,0.00
219808,efficiency,economic,1,1,4.68,0.84,0.00,1.00,0.00
219808,hydration_nourishment,performance,1,1,4.91,0.95,0.00,1.00,0.00
219808,texture_consistency,sensory,1,1,4.76,0.88,0.00,1.00,0.00
223565,application,sensory,2,2,4.71,0.86,0.00,1.00,0.00
223565,effectiveness,performance,2,2,4.48,0.74,0.00,1.00,0.50
223565,pore_clogging,performance,1,1,4.60,0.80,0.00,1.00,1.00
223565,price_value,economic,1,1,4.75,0.88,0.00,1.00,0.00
223572,texture_consistency,sensory,2,2,4.55,0.77,0.00,1.00,0.00
223572,absorption_finish,sensory,1,1,4.83,0.92,0.00,1.00,0.00
223572,application,sensory,1,1,4.90,0.95,0.00,1.00,0.00
223572,effectiveness,performance,1,1,4.78,0.89,0.00,1.00,0.00
223572,formula_composition,formula,1,1,4.82,0.91,0.00,1.00,0.00
223572,hydration_nourishment,performance,1,1,4.84,0.92,0.00,1.00,0.00
223572,skin_tolerance,performance,1,1,4.75,0.87,0.00,1.00,0.00
223574,scent,sensory,4,3,4.04,0.52,0.00,0.67,0.00
223574,texture_consistency,sensory,4,4,4.39,0.70,0.00,1.00,0.00
223574,application,sensory,2,2,4.71,0.86,0.00,1.00,0.00
223574,absorption_finish,sensory,1,1,4.60,0.80,0.00,1.00,1.00
223574,effectiveness,performance,1,1,4.04,0.52,0.00,1.00,0.00
223574,formula_composition,formula,1,1,4.87,0.93,0.00,1.00,0.00
223575,effectiveness,performance,4,4,4.47,0.74,0.00,1.00,0.50
223575,formula_composition,formula,3,3,4.78,0.89,0.00,1.00,0.00
223575,application,sensory,1,1,4.90,0.95,0.00,1.00,0.00
223575,price_value,economic,1,1,4.71,0.86,0.00,1.00,0.00
223575,texture_consistency,sensory,1,1,4.85,0.92,0.00,1.00,0.00
226066,hydration_nourishment,performance,5,5,4.65,0.82,0.00,1.00,0.00
226066,price_value,economic,1,1,4.34,0.67,0.00,1.00,0.00
226067,hydration_nourishment,performance,6,6,4.69,0.84,0.00,1.00,0.00
226067,scent,sensory,1,1,4.68,0.84,0.00,1.00,0.00
228064,cleansing_makeup_removal,performance,2,2,4.74,0.87,0.00,1.00,0.00
228064,hydration_nourishment,performance,2,2,4.32,0.66,0.00,1.00,0.50
228064,skin_tolerance,performance,2,2,4.60,0.80,0.00,1.00,1.00
228064,effectiveness,performance,1,1,4.04,0.52,0.00,1.00,0.00
228064,packaging,packaging,1,1,4.15,0.57,0.00,1.00,0.00
228064,scent,sensory,1,1,4.53,0.77,0.00,1.00,0.00
229368,hydration_nourishment,performance,5,4,4.78,0.89,0.00,1.00,0.00
229368,effectiveness,performance,2,2,4.74,0.87,0.00,1.00,0.00
229368,formula_composition,formula,2,1,4.11,0.55,0.00,1.00,0.00
229368,absorption_finish,sensory,1,1,4.88,0.94,0.00,1.00,0.00
229368,application,sensory,1,1,4.61,0.80,0.00,1.00,0.00
229368,price_value,economic,1,1,4.71,0.86,0.00,1.00,0.00
229378,effectiveness,performance,3,3,4.85,0.92,0.00,1.00,0.00
229378,hydration_nourishment,performance,1,1,4.92,0.96,0.00,1.00,0.00
229748,effectiveness,performance,4,4,4.55,0.78,0.00,1.00,0.25
229748,hydration_nourishment,performance,4,3,4.82,0.91,0.00,1.00,0.00
229748,formula_composition,formula,2,2,4.79,0.89,0.00,1.00,0.00
229748,skin_tolerance,performance,2,2,4.49,0.74,0.00,1.00,0.50
229748,absorption_finish,sensory,1,1,4.60,0.80,0.00,1.00,1.00
229748,application,sensory,1,1,4.85,0.93,0.00,1.00,0.00
229748,cleansing_makeup_removal,performance,1,1,4.63,0.81,0.00,1.00,0.00
229748,price_value,economic,1,1,4.89,0.95,0.00,1.00,0.00
229748,scent,sensory,1,1,4.84,0.92,0.00,1.00,0.00
229748,texture_consistency,sensory,1,1,4.85,0.92,0.00,1.00,0.00
229945,cleansing_makeup_removal,performance,7,7,4.23,0.61,0.14,0.86,0.14
229945,skin_tolerance,performance,4,4,4.60,0.80,0.00,1.00,1.00
229945,hydration_nourishment,performance,2,2,4.75,0.87,0.00,1.00,0.50
229945,price_value,economic,2,2,4.83,0.91,0.00,1.00,0.00
229948,cleansing_makeup_removal,performance,4,4,4.15,0.57,0.25,0.75,0.00
229948,skin_tolerance,performance,4,4,4.60,0.80,0.00,1.00,1.00
229948,price_value,economic,2,2,4.52,0.76,0.00,1.00,0.00
229948,formula_composition,formula,1,1,4.47,0.73,0.00,1.00,0.00
229948,hydration_nourishment,performance,1,1,4.60,0.80,0.00,1.00,1.00
233383,hydration_nourishment,performance,1,1,4.41,0.71,0.00,1.00,0.00
233383,packaging,packaging,1,1,4.54,0.77,0.00,1.00,0.00
233383,scent,sensory,1,1,4.46,0.73,0.00,1.00,0.00
233769,effectiveness,performance,4,4,4.71,0.85,0.00,1.00,0.50
233769,cleansing_makeup_removal,performance,3,3,4.84,0.92,0.00,1.00,0.00
233769,scent,sensory,1,1,4.85,0.93,0.00,1.00,0.00
233774,absorption_finish,sensory,4,3,4.49,0.75,0.00,1.00,0.67
233774,hydration_nourishment,performance,4,4,4.90,0.95,0.00,1.00,0.00
233774,texture_consistency,sensory,4,3,3.55,0.27,0.33,0.67,0.33
233774,effectiveness,performance,3,2,4.57,0.78,0.00,1.00,0.00
233774,scent,sensory,2,2,4.17,0.59,0.00,1.00,0.00
233774,application,sensory,1,1,4.62,0.81,0.00,1.00,0.00
233774,cleansing_makeup_removal,performance,1,1,4.63,0.81,0.00,1.00,0.00
233774,formula_composition,formula,1,1,4.70,0.85,0.00,1.00,0.00
233774,price_value,economic,1,1,4.70,0.85,0.00,1.00,0.00
233780,effectiveness,performance,4,3,4.07,0.54,0.00,0.67,0.00
233818,hydration_nourishment,performance,3,3,4.09,0.55,0.33,0.67,0.00
233818,effectiveness,performance,2,1,4.72,0.86,0.00,1.00,0.50
233818,price_value,economic,1,1,4.84,0.92,0.00,1.00,0.00
233818,scent,sensory,1,1,4.81,0.90,0.00,1.00,0.00
233818,skin_tolerance,performance,1,1,1.40,-0.80,1.00,0.00,1.00
233818,texture_consistency,sensory,1,1,4.81,0.90,0.00,1.00,0.00
237676,effectiveness,performance,2,2,4.78,0.89,0.00,1.00,0.00
237676,texture_consistency,sensory,2,2,4.82,0.91,0.00,1.00,0.00
237676,absorption_finish,sensory,1,1,4.82,0.91,0.00,1.00,0.00
237676,application,sensory,1,1,4.86,0.93,0.00,1.00,0.00
237676,hydration_nourishment,performance,1,1,4.95,0.98,0.00,1.00,0.00
237676,scent,sensory,1,1,4.68,0.84,0.00,1.00,0.00
238573,cleansing_makeup_removal,performance,6,5,4.70,0.85,0.00,1.00,0.00
238573,skin_tolerance,performance,4,4,4.60,0.80,0.00,1.00,1.00
238573,formula_composition,formula,2,2,4.58,0.79,0.00,1.00,0.00
238573,effectiveness,performance,1,1,4.92,0.96,0.00,1.00,0.00
240782,absorption_finish,sensory,1,1,4.48,0.74,0.00,1.00,0.00
240782,formula_composition,formula,1,1,4.69,0.84,0.00,1.00,0.00
240782,hydration_nourishment,performance,1,1,4.76,0.88,0.00,1.00,0.00
240782,price_value,economic,1,1,4.86,0.93,0.00,1.00,0.00
240782,texture_consistency,sensory,1,1,4.48,0.74,0.00,1.00,0.00
243206,application,sensory,3,3,4.68,0.84,0.00,1.00,0.00
243206,effectiveness,performance,3,3,4.79,0.89,0.00,1.00,0.00
243206,hydration_nourishment,performance,3,3,4.52,0.76,0.00,1.00,0.00
243206,absorption_finish,sensory,2,2,4.64,0.82,0.00,1.00,0.50
243206,texture_consistency,sensory,2,2,3.04,0.02,0.50,0.50,0.50
243206,cleansing_makeup_removal,performance,1,1,4.44,0.72,0.00,1.00,0.00
243206,formula_composition,formula,1,1,4.67,0.83,0.00,1.00,0.00
243206,packaging,packaging,1,1,4.68,0.84,0.00,1.00,0.00
243206,scent,sensory,1,1,4.54,0.77,0.00,1.00,0.00
243206,skin_tolerance,performance,1,1,4.75,0.87,0.00,1.00,0.00
243209,hydration_nourishment,performance,5,5,4.69,0.84,0.00,1.00,0.00
243209,absorption_finish,sensory,2,2,4.83,0.91,0.00,1.00,0.00
243209,effectiveness,performance,2,2,4.63,0.82,0.00,1.00,0.50
243209,formula_composition,formula,2,2,4.70,0.85,0.00,1.00,0.00
243209,texture_consistency,sensory,2,2,4.61,0.80,0.00,1.00,0.00
243209,application,sensory,1,1,4.71,0.86,0.00,1.00,0.00
243209,efficiency,economic,1,1,1.40,-0.80,1.00,0.00,1.00
243209,pore_clogging,performance,1,1,4.60,0.80,0.00,1.00,1.00
243209,price_value,economic,1,1,4.52,0.76,0.00,1.00,0.00
243209,scent,sensory,1,1,4.54,0.77,0.00,1.00,0.00
243927,effectiveness,performance,2,2,4.61,0.80,0.00,1.00,0.00
243927,application,sensory,1,1,4.44,0.72,0.00,1.00,0.00
243927,hydration_nourishment,performance,1,1,4.64,0.82,0.00,1.00,0.00
243927,packaging,packaging,1,1,4.44,0.72,0.00,1.00,0.00
243927,scent,sensory,1,1,4.14,0.57,0.00,1.00,0.00
243927,texture_consistency,sensory,1,1,4.45,0.73,0.00,1.00,0.00
245387,effectiveness,performance,3,3,4.30,0.65,0.00,1.00,0.00
245387,hydration_nourishment,performance,3,2,4.77,0.88,0.00,1.00,0.00
245387,application,sensory,2,2,4.83,0.92,0.00,1.00,0.00
245387,texture_consistency,sensory,2,2,3.28,0.14,0.50,0.50,0.00
245387,formula_composition,formula,1,1,4.55,0.77,0.00,1.00,0.00
245387,pore_clogging,performance,1,1,4.60,0.80,0.00,1.00,1.00
245387,skin_tolerance,performance,1,1,4.60,0.80,0.00,1.00,1.00
245393,application,sensory,4,4,4.58,0.79,0.00,1.00,0.00
245393,hydration_nourishment,performance,2,2,4.90,0.95,0.00,1.00,0.00
245393,texture_consistency,sensory,2,2,4.62,0.81,0.00,1.00,0.00
245393,absorption_finish,sensory,1,1,4.60,0.80,0.00,1.00,1.00
245393,effectiveness,performance,1,1,4.79,0.90,0.00,1.00,0.00
245393,formula_composition,formula,1,1,4.62,0.81,0.00,1.00,0.00
245395,hydration_nourishment,performance,5,5,4.78,0.89,0.00,1.00,0.00
245395,effectiveness,performance,4,4,4.73,0.87,0.00,1.00,0.25
245395,application,sensory,3,3,4.53,0.77,0.00,1.00,0.00
245395,texture_consistency,sensory,2,2,4.68,0.84,0.00,1.00,0.00
245395,absorption_finish,sensory,1,1,4.84,0.92,0.00,1.00,0.00
245395,formula_composition,formula,1,1,4.84,0.92,0.00,1.00,0.00
245395,pore_clogging,performance,1,1,4.60,0.80,0.00,1.00,1.00
245395,price_value,economic,1,1,4.76,0.88,0.00,1.00,0.00
245395,skin_tolerance,performance,1,1,4.85,0.92,0.00,1.00,0.00
245396,texture_consistency,sensory,5,4,3.72,0.36,0.25,0.75,0.25
245396,application,sensory,4,4,4.47,0.73,0.00,1.00,0.00
245396,absorption_finish,sensory,2,1,4.60,0.80,0.00,1.00,1.00
245396,effectiveness,performance,2,2,4.85,0.92,0.00,1.00,0.00
245396,hydration_nourishment,performance,1,1,4.88,0.94,0.00,1.00,0.00
247330,hydration_nourishment,performance,5,5,4.19,0.59,0.20,0.60,0.00
247330,application,sensory,1,1,4.67,0.84,0.00,1.00,0.00
247330,packaging,packaging,1,1,3.85,0.42,0.00,1.00,0.00
247330,scent,sensory,1,1,4.64,0.82,0.00,1.00,0.00
248424,formula_composition,formula,2,2,1.87,-0.56,1.00,0.00,0.50
248424,skin_tolerance,performance,2,2,4.41,0.70,0.00,1.00,0.50
248424,effectiveness,performance,1,1,2.34,-0.33,1.00,0.00,0.00
248424,hydration_nourishment,performance,1,1,4.60,0.80,0.00,1.00,1.00
248549,cleansing_makeup_removal,performance,3,3,3.83,0.41,0.33,0.67,0.00
248549,effectiveness,performance,1,1,4.67,0.83,0.00,1.00,0.00
248549,formula_composition,formula,1,1,4.62,0.81,0.00,1.00,0.00
248549,price_value,economic,1,1,4.85,0.92,0.00,1.00,0.00
248549,skin_tolerance,performance,1,1,4.60,0.80,0.00,1.00,1.00
248554,cleansing_makeup_removal,performance,3,3,3.61,0.31,0.33,0.67,0.33
248554,skin_tolerance,performance,3,3,4.60,0.80,0.00,1.00,1.00
248554,formula_composition,formula,1,1,4.19,0.59,0.00,1.00,0.00
250875,hydration_nourishment,performance,5,5,4.90,0.95,0.00,1.00,0.00
250875,effectiveness,performance,3,3,4.86,0.93,0.00,1.00,0.00
250878,hydration_nourishment,performance,2,2,4.89,0.95,0.00,1.00,0.00
250878,effectiveness,performance,1,1,4.93,0.96,0.00,1.00,0.00
250909,application,sensory,1,1,4.75,0.87,0.00,1.00,0.00
250909,hydration_nourishment,performance,1,1,4.97,0.99,0.00,1.00,0.00
250909,packaging,packaging,1,1,4.75,0.87,0.00,1.00,0.00
251086,cleansing_makeup_removal,performance,3,3,4.75,0.87,0.00,1.00,0.00
251086,effectiveness,performance,2,2,4.78,0.89,0.00,1.00,0.00
251086,formula_composition,formula,2,2,4.78,0.89,0.00,1.00,0.00
251086,pore_clogging,performance,2,2,1.40,-0.80,1.00,0.00,1.00
251086,hydration_nourishment,performance,1,1,3.79,0.40,0.00,0.00,0.00
251086,skin_tolerance,performance,1,1,3.79,0.40,0.00,0.00,0.00
251560,effectiveness,performance,4,4,3.37,0.19,0.50,0.25,0.00
251560,cleansing_makeup_removal,performance,1,1,2.19,-0.40,1.00,0.00,0.00
254324,hydration_nourishment,performance,6,5,4.48,0.74,0.00,0.80,0.00
254324,texture_consistency,sensory,5,4,4.51,0.76,0.00,0.75,0.00
254324,effectiveness,performance,3,3,4.71,0.86,0.00,1.00,0.00
254324,application,sensory,2,2,4.66,0.83,0.00,1.00,0.00
254324,formula_composition,formula,2,2,4.74,0.87,0.00,1.00,0.00
254324,price_value,economic,2,2,4.70,0.85,0.00,1.00,0.00
254324,scent,sensory,2,2,4.51,0.76,0.00,1.00,0.00
254324,pore_clogging,performance,1,1,4.60,0.80,0.00,1.00,1.00
254324,skin_tolerance,performance,1,1,4.46,0.73,0.00,1.00,0.00
254326,hydration_nourishment,performance,5,5,4.52,0.76,0.00,1.00,0.00
254326,absorption_finish,sensory,3,2,2.77,-0.12,0.50,0.50,0.50
254326,cleansing_makeup_removal,performance,3,3,4.34,0.67,0.00,0.67,0.00
254326,effectiveness,performance,3,3,4.29,0.64,0.00,0.67,0.33
254326,skin_tolerance,performance,2,1,4.00,0.50,0.00,1.00,0.50
254326,texture_consistency,sensory,2,2,4.62,0.81,0.00,1.00,0.00
254326,application,sensory,1,1,4.53,0.76,0.00,1.00,0.00
254326,formula_composition,formula,1,1,4.88,0.94,0.00,1.00,0.00
254326,packaging,packaging,1,1,4.10,0.55,0.00,1.00,0.00
254326,price_value,economic,1,1,4.40,0.70,0.00,1.00,0.00
254326,scent,sensory,1,1,4.88,0.94,0.00,1.00,0.00
254327,formula_composition,formula,3,3,4.79,0.89,0.00,1.00,0.00
254327,hydration_nourishment,performance,3,3,4.93,0.96,0.00,1.00,0.00
254327,scent,sensory,3,3,4.72,0.86,0.00,1.00,0.00
254327,effectiveness,performance,2,2,4.90,0.95,0.00,1.00,0.00
254327,texture_consistency,sensory,2,2,4.84,0.92,0.00,1.00,0.00
254327,application,sensory,1,1,4.59,0.79,0.00,1.00,0.00
254327,cleansing_makeup_removal,performance,1,1,4.93,0.96,0.00,1.00,0.00
254327,price_value,economic,1,1,4.77,0.89,0.00,1.00,0.00
256335,hydration_nourishment,performance,4,4,2.87,-0.07,0.50,0.25,0.50
256335,absorption_finish,sensory,2,2,4.09,0.54,0.00,0.50,0.00
256335,scent,sensory,2,2,4.14,0.57,0.00,0.50,0.00
256335,application,sensory,1,1,3.74,0.37,0.00,0.00,0.00
256335,packaging,packaging,1,1,4.24,0.62,0.00,1.00,0.00
256439,cleansing_makeup_removal,performance,1,1,4.94,0.97,0.00,1.00,0.00
258517,effectiveness,performance,3,3,4.44,0.72,0.00,1.00,0.00
258517,hydration_nourishment,performance,2,2,4.60,0.80,0.00,1.00,0.00
258637,application,sensory,2,2,4.74,0.87,0.00,1.00,0.00
258637,hydration_nourishment,performance,2,2,4.81,0.91,0.00,1.00,0.00
258637,texture_consistency,sensory,2,2,4.74,0.87,0.00,1.00,0.00
258637,efficiency,economic,1,1,4.63,0.82,0.00,1.00,0.00
258637,packaging,packaging,1,1,4.08,0.54,0.00,1.00,0.00
258637,skin_tolerance,performance,1,1,4.80,0.90,0.00,1.00,0.00
258640,application,sensory,4,4,4.73,0.87,0.00,1.00,0.00
258640,effectiveness,performance,4,4,4.59,0.80,0.00,1.00,0.50
258640,absorption_finish,sensory,2,2,4.76,0.88,0.00,1.00,0.50
258640,texture_consistency,sensory,2,2,4.38,0.69,0.00,1.00,0.00
258640,formula_composition,formula,1,1,4.78,0.89,0.00,1.00,0.00
258640,hydration_nourishment,performance,1,1,4.49,0.74,0.00,1.00,0.00
258640,packaging,packaging,1,1,4.76,0.88,0.00,1.00,0.00
258640,scent,sensory,1,1,4.60,0.80,0.00,1.00,0.00
258640,skin_tolerance,performance,1,1,4.79,0.89,0.00,1.00,0.00
258872,cleansing_makeup_removal,performance,2,2,4.73,0.87,0.00,1.00,0.00
258872,formula_composition,formula,2,2,4.80,0.90,0.00,1.00,0.00
258872,hydration_nourishment,performance,2,2,4.86,0.93,0.00,1.00,0.00
258872,price_value,economic,2,2,4.70,0.85,0.00,1.00,0.00
258872,scent,sensory,2,2,4.85,0.92,0.00,1.00,0.00
258872,packaging,packaging,1,1,4.89,0.94,0.00,1.00,0.00
258873,effectiveness,performance,2,2,4.77,0.88,0.00,1.00,0.00
258873,formula_composition,formula,2,2,4.74,0.87,0.00,1.00,0.00
258873,absorption_finish,sensory,1,1,3.86,0.43,0.00,1.00,0.00
258873,hydration_nourishment,performance,1,1,4.92,0.96,0.00,1.00,0.00
258873,skin_tolerance,performance,1,1,4.60,0.80,0.00,1.00,1.00
258873,texture_consistency,sensory,1,1,1.40,-0.80,1.00,0.00,1.00
263965,application,sensory,3,3,4.70,0.85,0.00,1.00,0.00
263965,efficiency,economic,1,1,4.63,0.82,0.00,1.00,0.00
263965,hydration_nourishment,performance,1,1,4.90,0.95,0.00,1.00,0.00
263965,texture_consistency,sensory,1,1,4.75,0.87,0.00,1.00,0.00
265455,hydration_nourishment,performance,4,4,4.91,0.95,0.00,1.00,0.00
265455,effectiveness,performance,1,1,4.94,0.97,0.00,1.00,0.00
265455,texture_consistency,sensory,1,1,4.90,0.95,0.00,1.00,0.00
269051,application,sensory,5,5,4.61,0.81,0.00,1.00,0.00
269051,texture_consistency,sensory,5,5,4.11,0.56,0.20,0.80,0.20
269051,effectiveness,performance,4,4,4.58,0.79,0.00,1.00,0.50
269051,hydration_nourishment,performance,2,2,4.85,0.93,0.00,1.00,0.00
269051,skin_tolerance,performance,2,2,4.62,0.81,0.00,1.00,0.50
269051,absorption_finish,sensory,1,1,4.60,0.80,0.00,1.00,1.00
269051,cleansing_makeup_removal,performance,1,1,4.76,0.88,0.00,1.00,0.00
269051,formula_composition,formula,1,1,4.68,0.84,0.00,1.00,0.00
269051,pore_clogging,performance,1,1,4.60,0.80,0.00,1.00,1.00
269051,scent,sensory,1,1,4.59,0.79,0.00,1.00,0.00
269053,effectiveness,performance,5,5,4.70,0.85,0.00,1.00,0.00
269053,hydration_nourishment,performance,3,3,4.81,0.90,0.00,1.00,0.00
269053,texture_consistency,sensory,2,2,4.84,0.92,0.00,1.00,0.00
269053,absorption_finish,sensory,1,1,4.85,0.93,0.00,1.00,0.00
269053,application,sensory,1,1,4.83,0.91,0.00,1.00,0.00
269053,cleansing_makeup_removal,performance,1,1,4.91,0.96,0.00,1.00,0.00
269053,efficiency,economic,1,1,4.86,0.93,0.00,1.00,0.00
269053,formula_composition,formula,1,1,4.83,0.92,0.00,1.00,0.00
269053,scent,sensory,1,1,3.14,0.07,1.00,0.00,0.00
269054,hydration_nourishment,performance,6,6,4.73,0.86,0.00,1.00,0.00
269054,application,sensory,5,5,4.74,0.87,0.00,1.00,0.00
269054,effectiveness,performance,5,4,4.74,0.87,0.00,1.00,0.00
269054,texture_consistency,sensory,4,4,4.61,0.81,0.00,1.00,0.00
269054,absorption_finish,sensory,1,1,4.60,0.80,0.00,1.00,1.00
269054,cleansing_makeup_removal,performance,1,1,4.88,0.94,0.00,1.00,0.00
269054,formula_composition,formula,1,1,4.56,0.78,0.00,1.00,0.00
269054,price_value,economic,1,1,4.86,0.93,0.00,1.00,0.00
269054,skin_tolerance,performance,1,1,4.60,0.80,0.00,1.00,1.00
269056,hydration_nourishment,performance,2,2,4.88,0.94,0.00,1.00,0.00
269056,absorption_finish,sensory,1,1,4.85,0.93,0.00,1.00,0.00
269056,formula_composition,formula,1,1,4.81,0.91,0.00,1.00,0.00
269056,price_value,economic,1,1,4.85,0.92,0.00,1.00,0.00
269056,texture_consistency,sensory,1,1,4.85,0.93,0.00,1.00,0.00
269279,hydration_nourishment,performance,5,4,4.62,0.81,0.00,1.00,0.00
269279,texture_consistency,sensory,4,3,4.55,0.77,0.00,1.00,0.00
269279,absorption_finish,sensory,3,3,4.61,0.80,0.00,1.00,0.67
269279,application,sensory,3,3,4.84,0.92,0.00,1.00,0.00
269279,effectiveness,performance,3,2,4.60,0.80,0.00,1.00,0.00
269279,scent,sensory,2,2,4.83,0.91,0.00,1.00,0.00
269279,skin_tolerance,performance,2,1,4.54,0.77,0.00,1.00,0.50
269279,cleansing_makeup_removal,performance,1,1,4.74,0.87,0.00,1.00,0.00
269279,formula_composition,formula,1,1,4.30,0.65,0.00,1.00,0.00
275094,application,sensory,6,5,4.68,0.84,0.00,1.00,0.00
275094,effectiveness,performance,3,3,4.73,0.87,0.00,1.00,0.33
275094,hydration_nourishment,performance,2,2,4.88,0.94,0.00,1.00,0.00
275094,scent,sensory,2,2,4.81,0.91,0.00,1.00,0.00
275094,efficiency,economic,1,1,4.77,0.89,0.00,1.00,0.00
275094,skin_tolerance,performance,1,1,4.79,0.89,0.00,1.00,0.00
275094,texture_consistency,sensory,1,1,4.75,0.87,0.00,1.00,0.00
275097,effectiveness,performance,6,6,4.55,0.77,0.00,1.00,0.50
275097,absorption_finish,sensory,3,3,4.74,0.87,0.00,1.00,0.33
275097,application,sensory,3,3,4.78,0.89,0.00,1.00,0.00
275097,skin_tolerance,performance,2,2,4.72,0.86,0.00,1.00,0.50
275097,texture_consistency,sensory,1,1,4.74,0.87,0.00,1.00,0.00
275099,absorption_finish,sensory,2,2,4.91,0.96,0.00,1.00,0.00
275099,formula_composition,formula,2,2,4.80,0.90,0.00,1.00,0.00
275099,texture_consistency,sensory,2,2,4.80,0.90,0.00,1.00,0.00
275099,application,sensory,1,1,4.88,0.94,0.00,1.00,0.00
275099,cleansing_makeup_removal,performance,1,1,4.95,0.97,0.00,1.00,0.00
275099,effectiveness,performance,1,1,4.76,0.88,0.00,1.00,0.00
275099,pore_clogging,performance,1,1,4.60,0.80,0.00,1.00,1.00
275099,price_value,economic,1,1,4.88,0.94,0.00,1.00,0.00
275099,scent,sensory,1,1,4.95,0.97,0.00,1.00,0.00
275099,skin_tolerance,performance,1,1,4.64,0.82,0.00,1.00,0.00
275101,absorption_finish,sensory,1,1,4.57,0.79,0.00,1.00,0.00
275101,effectiveness,performance,1,1,4.56,0.78,0.00,1.00,0.00
275101,hydration_nourishment,performance,1,1,4.63,0.81,0.00,1.00,0.00
275101,texture_consistency,sensory,1,1,4.79,0.90,0.00,1.00,0.00
275102,cleansing_makeup_removal,performance,6,6,4.18,0.59,0.17,0.83,0.00
275102,effectiveness,performance,2,2,4.82,0.91,0.00,1.00,0.00
275102,efficiency,economic,2,2,4.06,0.53,0.00,1.00,0.00
275102,hydration_nourishment,performance,2,2,4.89,0.94,0.00,1.00,0.00
275102,scent,sensory,2,2,4.74,0.87,0.00,1.00,0.00
275102,absorption_finish,sensory,1,1,4.95,0.97,0.00,1.00,0.00
276113,effectiveness,performance,4,4,4.32,0.66,0.00,0.75,0.00
276113,skin_tolerance,performance,2,2,4.77,0.88,0.00,1.00,0.50
276293,cleansing_makeup_removal,performance,2,2,4.84,0.92,0.00,1.00,0.00
276293,effectiveness,performance,1,1,4.95,0.98,0.00,1.00,0.00
276293,scent,sensory,1,1,3.65,0.33,0.00,0.00,0.00
276293,skin_tolerance,performance,1,1,4.60,0.80,0.00,1.00,1.00
279175,cleansing_makeup_removal,performance,2,2,4.88,0.94,0.00,1.00,0.00
279175,effectiveness,performance,1,1,4.97,0.98,0.00,1.00,0.00
279175,skin_tolerance,performance,1,1,4.77,0.88,0.00,1.00,0.00
279187,effectiveness,performance,4,4,4.76,0.88,0.00,1.00,0.25
279187,hydration_nourishment,performance,4,4,4.84,0.92,0.00,1.00,0.00
279187,texture_consistency,sensory,3,3,4.55,0.78,0.00,1.00,0.00
279187,absorption_finish,sensory,1,1,4.60,0.80,0.00,1.00,1.00
279187,application,sensory,1,1,4.60,0.80,0.00,1.00,0.00
279187,efficiency,economic,1,1,4.90,0.95,0.00,1.00,0.00
279187,formula_composition,formula,1,1,4.82,0.91,0.00,1.00,0.00
279187,price_value,economic,1,1,4.65,0.82,0.00,1.00,0.00
279187,scent,sensory,1,1,4.60,0.80,0.00,1.00,0.00
279187,skin_tolerance,performance,1,1,4.85,0.93,0.00,1.00,0.00
279440,effectiveness,performance,1,1,4.79,0.90,0.00,1.00,0.00
279440,skin_tolerance,performance,1,1,4.60,0.80,0.00,1.00,1.00
279619,hydration_nourishment,performance,4,4,4.83,0.92,0.00,1.00,0.00
279619,absorption_finish,sensory,3,3,4.69,0.85,0.00,1.00,0.67
279619,texture_consistency,sensory,3,2,3.80,0.40,0.50,0.50,0.25
279619,application,sensory,2,2,4.84,0.92,0.00,1.00,0.00
279619,effectiveness,performance,2,2,4.69,0.85,0.00,1.00,0.50
279619,cleansing_makeup_removal,performance,1,1,4.74,0.87,0.00,1.00,0.00
280682,price_value,economic,3,3,4.71,0.86,0.00,1.00,0.00
280682,effectiveness,performance,1,1,4.57,0.78,0.00,1.00,0.00
280682,hydration_nourishment,performance,1,1,4.83,0.92,0.00,1.00,0.00
281442,effectiveness,performance,6,5,4.68,0.84,0.00,1.00,0.00
281442,hydration_nourishment,performance,5,5,4.71,0.86,0.00,1.00,0.00
281442,application,sensory,2,2,4.74,0.87,0.00,1.00,0.00
281442,pore_clogging,performance,2,2,4.60,0.80,0.00,1.00,1.00
281442,absorption_finish,sensory,1,1,4.84,0.92,0.00,1.00,0.00
281442,formula_composition,formula,1,1,4.84,0.92,0.00,1.00,0.00
281442,scent,sensory,1,1,3.47,0.23,0.00,0.00,0.00
281442,skin_tolerance,performance,1,1,4.64,0.82,0.00,1.00,0.00
281442,texture_consistency,sensory,1,1,4.84,0.92,0.00,1.00,0.00
281464,effectiveness,performance,5,4,4.57,0.78,0.00,1.00,0.50
281464,application,sensory,3,2,4.62,0.81,0.00,1.00,0.00
281464,hydration_nourishment,performance,3,3,4.85,0.93,0.00,1.00,0.00
281464,texture_consistency,sensory,3,3,4.79,0.89,0.00,1.00,0.00
281464,formula_composition,formula,2,2,4.89,0.95,0.00,1.00,0.00
281464,absorption_finish,sensory,1,1,4.60,0.80,0.00,1.00,1.00
281464,pore_clogging,performance,1,1,4.60,0.80,0.00,1.00,1.00
281464,skin_tolerance,performance,1,1,4.85,0.93,0.00,1.00,0.00
285126,cleansing_makeup_removal,performance,4,4,4.50,0.75,0.00,1.00,0.00
285126,hydration_nourishment,performance,3,3,4.67,0.84,0.00,1.00,0.00
285126,skin_tolerance,performance,3,3,4.60,0.80,0.00,1.00,1.00
285126,price_value,economic,2,2,4.65,0.82,0.00,1.00,0.00
285126,effectiveness,performance,1,1,4.83,0.91,0.00,1.00,0.00
285271,hydration_nourishment,performance,4,4,4.74,0.87,0.00,1.00,0.00
285271,scent,sensory,2,2,4.26,0.63,0.00,1.00,0.00
285271,absorption_finish,sensory,1,1,1.40,-0.80,1.00,0.00,1.00
285271,cleansing_makeup_removal,performance,1,1,3.39,0.20,0.00,0.00,0.00
285271,formula_composition,formula,1,1,4.92,0.96,0.00,1.00,0.00
285271,price_value,economic,1,1,4.80,0.90,0.00,1.00,0.00
285271,skin_tolerance,performance,1,1,4.60,0.80,0.00,1.00,1.00
285871,effectiveness,performance,1,1,4.84,0.92,0.00,1.00,0.00
288093,application,sensory,4,4,4.68,0.84,0.00,1.00,0.00
288093,effectiveness,performance,3,3,4.64,0.82,0.00,1.00,0.00
288093,formula_composition,formula,2,2,4.83,0.92,0.00,1.00,0.00
288093,texture_consistency,sensory,2,2,4.83,0.92,0.00,1.00,0.00
288093,hydration_nourishment,performance,1,1,4.71,0.85,0.00,1.00,0.00
288093,scent,sensory,1,1,4.60,0.80,0.00,1.00,0.00
288093,skin_tolerance,performance,1,1,4.60,0.80,0.00,1.00,1.00
288095,hydration_nourishment,performance,4,4,4.57,0.79,0.00,1.00,0.00
288095,texture_consistency,sensory,3,3,3.58,0.29,0.33,0.67,0.33
288095,application,sensory,2,1,4.74,0.87,0.00,1.00,0.00
288095,effectiveness,performance,2,2,4.74,0.87,0.00,1.00,0.00
288095,formula_composition,formula,2,2,4.68,0.84,0.00,1.00,0.00
288095,price_value,economic,2,2,4.70,0.85,0.00,1.00,0.00
288095,pore_clogging,performance,1,1,4.60,0.80,0.00,1.00,1.00
288096,texture_consistency,sensory,3,3,3.47,0.23,0.33,0.67,0.33
288096,formula_composition,formula,2,2,4.81,0.91,0.00,1.00,0.00
288096,hydration_nourishment,performance,2,2,4.89,0.95,0.00,1.00,0.00
288096,absorption_finish,sensory,1,1,4.76,0.88,0.00,1.00,0.00
288096,application,sensory,1,1,4.66,0.83,0.00,1.00,0.00
288096,effectiveness,performance,1,1,4.62,0.81,0.00,1.00,0.00
288096,price_value,economic,1,1,4.89,0.95,0.00,1.00,0.00
288117,effectiveness,performance,2,2,3.73,0.37,0.50,0.50,0.00
288117,skin_tolerance,performance,1,1,4.60,0.80,0.00,1.00,1.00
288895,hydration_nourishment,performance,2,2,3.36,0.18,0.50,0.50,0.00
288895,price_value,economic,2,2,4.87,0.93,0.00,1.00,0.00
288895,effectiveness,performance,1,1,1.83,-0.59,1.00,0.00,0.00
290022,cleansing_makeup_removal,performance,6,6,3.59,0.29,0.33,0.67,0.17
290022,skin_tolerance,performance,4,4,4.64,0.82,0.00,1.00,0.75
290022,texture_consistency,sensory,2,2,4.19,0.59,0.00,0.50,0.00
290022,formula_composition,formula,1,1,4.60,0.80,0.00,1.00,1.00
290043,cleansing_makeup_removal,performance,7,7,4.27,0.63,0.14,0.86,0.14
290043,hydration_nourishment,performance,3,3,4.56,0.78,0.00,1.00,0.33
290043,scent,sensory,2,2,4.77,0.88,0.00,1.00,0.00
290043,absorption_finish,sensory,1,1,3.08,0.04,1.00,0.00,0.00
290043,pore_clogging,performance,1,1,4.60,0.80,0.00,1.00,1.00
290043,price_value,economic,1,1,4.84,0.92,0.00,1.00,0.00
290043,skin_tolerance,performance,1,1,4.60,0.80,0.00,1.00,1.00
290043,texture_consistency,sensory,1,1,3.08,0.04,1.00,0.00,0.00
291316,effectiveness,performance,1,1,4.79,0.89,0.00,1.00,0.00
291316,hydration_nourishment,performance,1,1,4.95,0.97,0.00,1.00,0.00
291316,skin_tolerance,performance,1,1,4.79,0.89,0.00,1.00,0.00
291316,texture_consistency,sensory,1,1,4.75,0.87,0.00,1.00,0.00
291321,cleansing_makeup_removal,performance,4,4,3.95,0.47,0.25,0.75,0.25
291321,skin_tolerance,performance,2,2,4.42,0.71,0.00,1.00,0.50
293119,effectiveness,performance,6,5,4.64,0.82,0.00,1.00,0.20
293119,hydration_nourishment,performance,3,3,4.49,0.75,0.00,1.00,0.00
293119,formula_composition,formula,1,1,4.94,0.97,0.00,1.00,0.00
297435,effectiveness,performance,3,3,4.59,0.80,0.00,1.00,0.33
297435,absorption_finish,sensory,2,2,4.88,0.94,0.00,1.00,0.00
297435,application,sensory,2,2,4.67,0.84,0.00,1.00,0.00
297435,cleansing_makeup_removal,performance,1,1,4.88,0.94,0.00,1.00,0.00
297435,efficiency,economic,1,1,4.63,0.82,0.00,1.00,0.00
297435,formula_composition,formula,1,1,4.85,0.92,0.00,1.00,0.00
297435,hydration_nourishment,performance,1,1,4.93,0.97,0.00,1.00,0.00
297435,packaging,packaging,1,1,4.44,0.72,0.00,1.00,0.00
297435,scent,sensory,1,1,4.93,0.97,0.00,1.00,0.00
297435,texture_consistency,sensory,1,1,4.85,0.92,0.00,1.00,0.00
297438,formula_composition,formula,3,3,4.79,0.89,0.00,1.00,0.00
297438,hydration_nourishment,performance,3,3,4.86,0.93,0.00,1.00,0.00
297438,application,sensory,2,2,4.67,0.83,0.00,1.00,0.00
297438,effectiveness,performance,2,2,4.88,0.94,0.00,1.00,0.00
297438,texture_consistency,sensory,2,2,4.59,0.80,0.00,1.00,0.00
297438,absorption_finish,sensory,1,1,4.33,0.67,0.00,1.00,0.00
297438,efficiency,economic,1,1,4.85,0.93,0.00,1.00,0.00
297438,scent,sensory,1,1,4.57,0.78,0.00,1.00,0.00
297439,absorption_finish,sensory,3,3,4.64,0.82,0.00,1.00,0.67
297439,application,sensory,3,3,4.76,0.88,0.00,1.00,0.00
297439,hydration_nourishment,performance,3,3,4.85,0.93,0.00,1.00,0.00
297439,texture_consistency,sensory,3,2,3.50,0.25,0.50,0.50,0.25
297439,effectiveness,performance,1,1,4.43,0.71,0.00,1.00,0.00
297439,efficiency,economic,1,1,4.63,0.82,0.00,1.00,0.00
297439,scent,sensory,1,1,4.71,0.86,0.00,1.00,0.00
297451,application,sensory,3,3,4.68,0.84,0.00,1.00,0.00
297451,effectiveness,performance,3,3,4.65,0.82,0.00,1.00,0.67
297451,hydration_nourishment,performance,3,3,4.91,0.96,0.00,1.00,0.00
297451,absorption_finish,sensory,2,2,4.68,0.84,0.00,1.00,0.50
297451,scent,sensory,2,2,4.80,0.90,0.00,1.00,0.00
297451,cleansing_makeup_removal,performance,1,1,4.86,0.93,0.00,1.00,0.00
297451,packaging,packaging,1,1,4.48,0.74,0.00,1.00,0.00
310621,cleansing_makeup_removal,performance,2,2,3.64,0.32,0.50,0.50,0.00
310621,hydration_nourishment,performance,2,2,2.78,-0.11,1.00,0.00,0.00
310621,price_value,economic,2,2,4.25,0.63,0.00,1.00,0.00
310621,texture_consistency,sensory,1,1,3.53,0.26,0.00,0.00,0.00
312761,skin_tolerance,performance,2,2,3.99,0.50,0.00,0.50,0.50
312761,cleansing_makeup_removal,performance,1,1,4.91,0.96,0.00,1.00,0.00
312761,effectiveness,performance,1,1,3.39,0.19,0.00,0.00,0.00
312761,packaging,packaging,1,1,4.62,0.81,0.00,1.00,0.00
312761,price_value,economic,1,1,4.66,0.83,0.00,1.00,0.00
312762,skin_tolerance,performance,2,1,3.07,0.03,1.00,0.00,0.50
312762,cleansing_makeup_removal,performance,1,1,4.75,0.88,0.00,1.00,0.00
312762,hydration_nourishment,performance,1,1,4.75,0.88,0.00,1.00,0.00
312763,cleansing_makeup_removal,performance,3,3,4.69,0.84,0.00,1.00,0.00
312763,efficiency,economic,3,3,4.78,0.89,0.00,1.00,0.00
312763,packaging,packaging,2,2,4.40,0.70,0.00,1.00,0.00
312763,price_value,economic,2,2,4.93,0.97,0.00,1.00,0.00
312763,effectiveness,performance,1,1,4.80,0.90,0.00,1.00,0.00
312763,formula_composition,formula,1,1,4.80,0.90,0.00,1.00,0.00
312763,skin_tolerance,performance,1,1,4.60,0.80,0.00,1.00,1.00
313202,effectiveness,performance,3,3,4.29,0.64,0.00,0.67,0.00
313202,skin_tolerance,performance,2,2,4.60,0.80,0.00,1.00,1.00
313202,hydration_nourishment,performance,1,1,4.60,0.80,0.00,1.00,1.00
313202,packaging,packaging,1,1,4.52,0.76,0.00,1.00,0.00
313202,scent,sensory,1,1,4.44,0.72,0.00,1.00,0.00
313315,cleansing_makeup_removal,performance,5,5,3.59,0.29,0.40,0.60,0.20
313315,hydration_nourishment,performance,1,1,4.68,0.84,0.00,1.00,0.00
313315,skin_tolerance,performance,1,1,4.68,0.84,0.00,1.00,0.00
313645,cleansing_makeup_removal,performance,1,1,4.85,0.93,0.00,1.00,0.00
313645,effectiveness,performance,1,1,4.97,0.99,0.00,1.00,0.00
313645,efficiency,economic,1,1,4.71,0.85,0.00,1.00,0.00
313645,hydration_nourishment,performance,1,1,4.85,0.93,0.00,1.00,0.00
313645,price_value,economic,1,1,4.71,0.85,0.00,1.00,0.00
313645,skin_tolerance,performance,1,1,4.60,0.80,0.00,1.00,1.00
315755,effectiveness,performance,5,4,4.74,0.87,0.00,1.00,0.12
315755,texture_consistency,sensory,3,3,4.47,0.74,0.00,1.00,0.00
315755,absorption_finish,sensory,2,2,3.00,-0.00,0.50,0.50,1.00
315755,hydration_nourishment,performance,2,2,4.75,0.87,0.00,1.00,0.00
315755,application,sensory,1,1,4.65,0.82,0.00,1.00,0.00
315755,efficiency,economic,1,1,4.77,0.89,0.00,1.00,0.00
315755,formula_composition,formula,1,1,4.88,0.94,0.00,1.00,0.00
315755,pore_clogging,performance,1,1,4.60,0.80,0.00,1.00,1.00
315755,price_value,economic,1,1,4.67,0.84,0.00,1.00,0.00
315755,skin_tolerance,performance,1,1,4.76,0.88,0.00,1.00,0.00
315756,effectiveness,performance,4,4,4.45,0.72,0.00,1.00,0.00
315756,texture_consistency,sensory,4,4,3.30,0.15,0.50,0.50,0.25
315756,application,sensory,3,3,4.60,0.80,0.00,1.00,0.00
315756,hydration_nourishment,performance,3,3,4.73,0.87,0.00,1.00,0.00
315756,scent,sensory,3,3,4.63,0.81,0.00,1.00,0.00
315756,formula_composition,formula,2,1,4.83,0.92,0.00,1.00,0.00
315756,price_value,economic,1,1,4.88,0.94,0.00,1.00,0.00
315757,application,sensory,5,5,4.71,0.86,0.00,1.00,0.00
315757,effectiveness,performance,4,4,4.87,0.93,0.00,1.00,0.00
315757,absorption_finish,sensory,2,2,3.71,0.36,0.50,0.50,0.00
315757,hydration_nourishment,performance,2,2,4.85,0.93,0.00,1.00,0.00
315757,skin_tolerance,performance,2,2,4.58,0.79,0.00,1.00,0.50
315757,pore_clogging,performance,1,1,4.60,0.80,0.00,1.00,1.00
315757,price_value,economic,1,1,4.56,0.78,0.00,1.00,0.00
315757,texture_consistency,sensory,1,1,1.40,-0.80,1.00,0.00,1.00
315758,application,sensory,3,3,4.61,0.80,0.00,1.00,0.00
315758,effectiveness,performance,3,3,4.76,0.88,0.00,1.00,0.00
315758,hydration_nourishment,performance,3,2,4.82,0.91,0.00,1.00,0.00
315758,texture_consistency,sensory,3,3,2.74,-0.13,0.67,0.33,0.33
315758,absorption_finish,sensory,1,1,3.98,0.49,0.00,1.00,0.00
315758,formula_composition,formula,1,1,4.71,0.85,0.00,1.00,0.00
315758,packaging,packaging,1,1,4.46,0.73,0.00,1.00,0.00
315758,scent,sensory,1,1,4.87,0.94,0.00,1.00,0.00
315780,cleansing_makeup_removal,performance,5,5,4.65,0.83,0.00,1.00,0.00
315780,hydration_nourishment,performance,2,2,4.81,0.91,0.00,1.00,0.00
315780,skin_tolerance,performance,2,2,3.14,0.07,0.50,0.50,0.50
315780,formula_composition,formula,1,1,4.88,0.94,0.00,1.00,0.00
315780,scent,sensory,1,1,4.68,0.84,0.00,1.00,0.00
316172,packaging,packaging,5,3,4.52,0.76,0.00,1.00,0.00
316172,effectiveness,performance,2,2,3.52,0.26,0.50,0.50,0.00
316172,skin_tolerance,performance,1,1,4.60,0.80,0.00,1.00,1.00
317764,effectiveness,performance,4,4,4.56,0.78,0.00,1.00,0.00
317764,hydration_nourishment,performance,3,3,4.84,0.92,0.00,1.00,0.00
317764,skin_tolerance,performance,2,2,4.49,0.74,0.00,1.00,0.00
317764,price_value,economic,1,1,3.60,0.30,0.00,0.00,0.00
317764,texture_consistency,sensory,1,1,4.03,0.52,0.00,1.00,0.00
317776,formula_composition,formula,1,1,4.92,0.96,0.00,1.00,0.00
317787,cleansing_makeup_removal,performance,4,4,3.87,0.43,0.25,0.75,0.25
317787,skin_tolerance,performance,3,2,4.43,0.71,0.00,1.00,0.75
317787,formula_composition,formula,1,1,4.92,0.96,0.00,1.00,0.00
317787,hydration_nourishment,performance,1,1,3.90,0.45,0.00,1.00,0.00
317787,pore_clogging,performance,1,1,1.40,-0.80,1.00,0.00,1.00
317787,scent,sensory,1,1,3.76,0.38,0.00,0.00,0.00
317792,cleansing_makeup_removal,performance,6,5,4.56,0.78,0.00,0.80,0.00
317792,scent,sensory,1,1,1.40,-0.80,1.00,0.00,1.00
317792,texture_consistency,sensory,1,1,2.39,-0.30,1.00,0.00,0.00
317886,texture_consistency,sensory,6,5,3.08,0.04,0.60,0.40,0.50
317886,absorption_finish,sensory,4,3,4.28,0.64,0.00,0.67,0.33
317886,effectiveness,performance,4,3,4.80,0.90,0.00,1.00,0.00
317886,hydration_nourishment,performance,4,4,4.87,0.93,0.00,1.00,0.00
317886,scent,sensory,3,3,4.29,0.65,0.33,0.67,0.00
317886,cleansing_makeup_removal,performance,1,1,4.74,0.87,0.00,1.00,0.00
317886,formula_composition,formula,1,1,3.30,0.15,0.00,0.00,0.00
317886,price_value,economic,1,1,4.94,0.97,0.00,1.00,0.00
317887,effectiveness,performance,5,5,4.54,0.77,0.00,0.80,0.00
317887,absorption_finish,sensory,4,4,4.75,0.87,0.00,1.00,0.00
317887,price_value,economic,2,2,4.46,0.73,0.00,1.00,0.00
317887,scent,sensory,2,2,4.81,0.90,0.00,1.00,0.00
317887,texture_consistency,sensory,2,2,4.75,0.88,0.00,1.00,0.00
317887,application,sensory,1,1,4.64,0.82,0.00,1.00,0.00
317887,efficiency,economic,1,1,4.98,0.99,0.00,1.00,0.00
317887,hydration_nourishment,performance,1,1,4.87,0.94,0.00,1.00,0.00
317887,packaging,packaging,1,1,4.78,0.89,0.00,1.00,0.00
317887,skin_tolerance,performance,1,1,4.60,0.80,0.00,1.00,1.00
319012,cleansing_makeup_removal,performance,4,4,4.69,0.85,0.00,1.00,0.00
319012,effectiveness,performance,3,3,4.70,0.85,0.00,1.00,0.00
319012,scent,sensory,2,2,4.77,0.89,0.00,1.00,0.00
319012,hydration_nourishment,performance,1,1,4.94,0.97,0.00,1.00,0.00
319012,packaging,packaging,1,1,4.35,0.67,0.00,1.00,0.00
319012,skin_tolerance,performance,1,1,4.60,0.80,0.00,1.00,1.00
319640,effectiveness,performance,8,6,4.30,0.65,0.17,0.83,0.17
319640,hydration_nourishment,performance,3,2,4.48,0.74,0.00,1.00,0.00
319640,scent,sensory,2,1,2.22,-0.39,1.00,0.00,0.50
319640,absorption_finish,sensory,1,1,4.83,0.92,0.00,1.00,0.00
319640,application,sensory,1,1,4.68,0.84,0.00,1.00,0.00
319640,price_value,economic,1,1,4.63,0.82,0.00,1.00,0.00
319640,texture_consistency,sensory,1,1,4.56,0.78,0.00,1.00,0.00
321200,effectiveness,performance,3,3,4.71,0.85,0.00,1.00,0.00
321200,hydration_nourishment,performance,2,2,4.87,0.93,0.00,1.00,0.00
321204,effectiveness,performance,2,2,4.83,0.91,0.00,1.00,0.00
321204,price_value,economic,1,1,4.92,0.96,0.00,1.00,0.00
321225,texture_consistency,sensory,4,4,3.63,0.31,0.25,0.75,0.25
321225,hydration_nourishment,performance,3,3,3.46,0.23,0.33,0.67,0.33
321225,absorption_finish,sensory,2,2,4.75,0.88,0.00,1.00,0.50
321225,effectiveness,performance,2,2,4.68,0.84,0.00,1.00,0.00
321225,skin_tolerance,performance,2,2,4.63,0.82,0.00,1.00,0.50
321225,application,sensory,1,1,4.90,0.95,0.00,1.00,0.00
321225,cleansing_makeup_removal,performance,1,1,4.63,0.81,0.00,1.00,0.00
321225,formula_composition,formula,1,1,4.49,0.75,0.00,1.00,0.00
321225,pore_clogging,performance,1,1,4.60,0.80,0.00,1.00,1.00
321267,price_value,economic,3,1,4.46,0.73,0.00,1.00,0.00
321267,hydration_nourishment,performance,2,2,4.86,0.93,0.00,1.00,0.00
321267,scent,sensory,2,1,4.05,0.53,0.00,1.00,0.00
321267,effectiveness,performance,1,1,4.66,0.83,0.00,1.00,0.00
322608,effectiveness,performance,1,1,3.58,0.29,0.00,0.00,0.00
322608,efficiency,economic,1,1,4.84,0.92,0.00,1.00,0.00
322610,effectiveness,performance,4,4,4.62,0.81,0.00,1.00,0.00
322610,texture_consistency,sensory,3,2,3.07,0.04,0.50,0.50,0.50
322610,absorption_finish,sensory,2,2,3.00,-0.00,0.50,0.50,1.00
322610,application,sensory,2,2,4.71,0.86,0.00,1.00,0.50
322610,cleansing_makeup_removal,performance,2,2,4.83,0.91,0.00,1.00,0.00
322610,packaging,packaging,2,2,4.42,0.71,0.00,1.00,0.00
322610,efficiency,economic,1,1,4.90,0.95,0.00,1.00,0.00
322610,price_value,economic,1,1,4.56,0.78,0.00,1.00,0.00
322610,scent,sensory,1,1,1.35,-0.83,1.00,0.00,0.00
322666,absorption_finish,sensory,1,1,4.67,0.84,0.00,1.00,0.00
322666,effectiveness,performance,1,1,3.02,0.01,1.00,0.00,0.00
322675,cleansing_makeup_removal,performance,3,3,4.43,0.72,0.00,1.00,0.00
322675,skin_tolerance,performance,3,3,3.47,0.24,0.33,0.67,0.67
322675,packaging,packaging,2,2,4.52,0.76,0.00,1.00,0.00
322675,effectiveness,performance,1,1,4.92,0.96,0.00,1.00,0.00
322675,scent,sensory,1,1,3.60,0.30,0.00,0.00,0.00
322677,cleansing_makeup_removal,performance,1,1,4.87,0.93,0.00,1.00,0.00
322679,hydration_nourishment,performance,3,3,4.94,0.97,0.00,1.00,0.00
322679,packaging,packaging,3,3,4.66,0.83,0.00,1.00,0.00
322679,price_value,economic,2,2,4.35,0.68,0.00,1.00,0.00
322679,effectiveness,performance,1,1,4.91,0.95,0.00,1.00,0.00
322679,efficiency,economic,1,1,4.66,0.83,0.00,1.00,0.00
323214,absorption_finish,sensory,2,2,4.72,0.86,0.00,1.00,0.00
323214,effectiveness,performance,2,2,4.27,0.64,0.00,0.50,0.00
323214,hydration_nourishment,performance,2,2,4.48,0.74,0.00,1.00,0.00
323214,skin_tolerance,performance,1,1,4.60,0.80,0.00,1.00,1.00
323214,texture_consistency,sensory,1,1,4.57,0.79,0.00,1.00,0.00
323504,hydration_nourishment,performance,1,1,4.81,0.90,0.00,1.00,0.00
323504,scent,sensory,1,1,4.81,0.90,0.00,1.00,0.00
323511,scent,sensory,3,3,4.56,0.78,0.00,1.00,0.00
323511,hydration_nourishment,performance,2,2,4.20,0.60,0.00,0.50,0.00
323511,effectiveness,performance,1,1,3.38,0.19,0.00,0.00,0.00
323511,price_value,economic,1,1,4.18,0.59,0.00,1.00,0.00
323511,texture_consistency,sensory,1,1,3.56,0.28,0.00,0.00,0.00
325237,effectiveness,performance,3,3,4.32,0.66,0.00,1.00,0.00
325237,formula_composition,formula,3,1,2.97,-0.02,1.00,0.00,0.00
325237,efficiency,economic,2,2,4.82,0.91,0.00,1.00,0.00
325237,packaging,packaging,2,2,4.82,0.91,0.00,1.00,0.00
325237,skin_tolerance,performance,2,2,4.60,0.80,0.00,1.00,1.00
325237,texture_consistency,sensory,2,2,4.78,0.89,0.00,1.00,0.00
325237,scent,sensory,1,1,4.86,0.93,0.00,1.00,0.00
325303,effectiveness,performance,6,5,3.91,0.46,0.20,0.60,0.20
325591,absorption_finish,sensory,3,3,4.90,0.95,0.00,1.00,0.00
325591,hydration_nourishment,performance,2,2,4.90,0.95,0.00,1.00,0.00
325591,price_value,economic,2,2,4.84,0.92,0.00,1.00,0.00
325591,application,sensory,1,1,4.77,0.88,0.00,1.00,0.00
325591,effectiveness,performance,1,1,4.89,0.94,0.00,1.00,0.00
325591,texture_consistency,sensory,1,1,4.77,0.88,0.00,1.00,0.00
325592,absorption_finish,sensory,4,4,3.87,0.43,0.25,0.75,0.50
325592,application,sensory,3,3,4.86,0.93,0.00,1.00,0.00
325592,texture_consistency,sensory,3,2,3.73,0.37,0.50,0.50,0.25
325592,effectiveness,performance,1,1,1.40,-0.80,1.00,0.00,1.00
325592,hydration_nourishment,performance,1,1,4.70,0.85,0.00,1.00,0.00
325592,packaging,packaging,1,1,4.81,0.90,0.00,1.00,0.00
325592,skin_tolerance,performance,1,1,4.56,0.78,0.00,1.00,0.00
325593,effectiveness,performance,6,5,4.71,0.85,0.00,1.00,0.20
325593,hydration_nourishment,performance,4,3,4.00,0.50,0.33,0.67,0.00
325593,application,sensory,3,3,4.70,0.85,0.00,1.00,0.00
325593,scent,sensory,2,2,4.62,0.81,0.00,1.00,0.00
325593,absorption_finish,sensory,1,1,4.86,0.93,0.00,1.00,0.00
325593,formula_composition,formula,1,1,4.68,0.84,0.00,1.00,0.00
325595,scent,sensory,3,3,4.92,0.96,0.00,1.00,0.00
325595,hydration_nourishment,performance,2,2,4.94,0.97,0.00,1.00,0.00
327268,effectiveness,performance,5,5,4.71,0.86,0.00,1.00,0.20
327268,formula_composition,formula,3,3,4.69,0.85,0.00,1.00,0.00
327268,absorption_finish,sensory,2,2,4.72,0.86,0.00,1.00,0.50
327268,application,sensory,2,2,4.33,0.66,0.00,1.00,0.00
327268,hydration_nourishment,performance,2,2,4.78,0.89,0.00,1.00,0.00
327268,cleansing_makeup_removal,performance,1,1,4.44,0.72,0.00,1.00,0.00
327268,packaging,packaging,1,1,4.44,0.72,0.00,1.00,0.00
327268,price_value,economic,1,1,4.67,0.83,0.00,1.00,0.00
327268,texture_consistency,sensory,1,1,4.56,0.78,0.00,1.00,0.00
327270,effectiveness,performance,5,4,4.36,0.68,0.00,0.75,0.25
327270,absorption_finish,sensory,3,3,4.65,0.83,0.00,1.00,0.67
327270,texture_consistency,sensory,3,2,4.64,0.82,0.00,1.00,0.00
327270,application,sensory,2,2,4.51,0.75,0.00,1.00,0.00
327270,formula_composition,formula,2,2,4.63,0.82,0.00,1.00,0.00
327270,hydration_nourishment,performance,2,2,4.23,0.62,0.00,1.00,0.00
327270,cleansing_makeup_removal,performance,1,1,4.71,0.86,0.00,1.00,0.00
327270,efficiency,economic,1,1,4.77,0.89,0.00,1.00,0.00
327270,packaging,packaging,1,1,4.37,0.68,0.00,1.00,0.00
327270,pore_clogging,performance,1,1,4.60,0.80,0.00,1.00,1.00
328679,skin_tolerance,performance,4,4,4.78,0.89,0.00,1.00,0.00
328679,hydration_nourishment,performance,3,3,4.75,0.87,0.00,1.00,0.00
328679,effectiveness,performance,1,1,4.76,0.88,0.00,1.00,0.00
328679,scent,sensory,1,1,4.57,0.79,0.00,1.00,0.00
328773,effectiveness,performance,2,2,4.81,0.90,0.00,1.00,0.00
328773,hydration_nourishment,performance,2,2,3.08,0.04,0.50,0.50,0.50
328773,application,sensory,1,1,4.76,0.88,0.00,1.00,0.00
328773,skin_tolerance,performance,1,1,4.89,0.94,0.00,1.00,0.00
328773,texture_consistency,sensory,1,1,1.40,-0.80,1.00,0.00,1.00
328774,hydration_nourishment,performance,2,2,4.95,0.98,0.00,1.00,0.00
328774,effectiveness,performance,1,1,4.63,0.81,0.00,1.00,0.00
328774,price_value,economic,1,1,3.91,0.46,0.00,1.00,0.00
328774,skin_tolerance,performance,1,1,4.94,0.97,0.00,1.00,0.00
328774,texture_consistency,sensory,1,1,4.73,0.86,0.00,1.00,0.00
328775,effectiveness,performance,1,1,4.92,0.96,0.00,1.00,0.00
329929,cleansing_makeup_removal,performance,4,4,4.71,0.85,0.00,1.00,0.00
329929,hydration_nourishment,performance,2,2,4.65,0.83,0.00,1.00,0.00
329929,skin_tolerance,performance,2,2,4.64,0.82,0.00,1.00,0.50
329929,effectiveness,performance,1,1,4.60,0.80,0.00,1.00,1.00
329929,efficiency,economic,1,1,4.81,0.90,0.00,1.00,0.00
329929,packaging,packaging,1,1,4.80,0.90,0.00,1.00,0.00
331788,application,sensory,3,3,4.70,0.85,0.00,1.00,0.00
331788,effectiveness,performance,3,3,4.61,0.81,0.00,1.00,0.33
331788,price_value,economic,2,2,4.70,0.85,0.00,1.00,0.00
331788,texture_consistency,sensory,2,2,4.77,0.88,0.00,1.00,0.00
331788,absorption_finish,sensory,1,1,4.81,0.91,0.00,1.00,0.00
331788,formula_composition,formula,1,1,4.73,0.86,0.00,1.00,0.00
331788,hydration_nourishment,performance,1,1,4.12,0.56,0.00,1.00,0.00
331788,pore_clogging,performance,1,1,4.60,0.80,0.00,1.00,1.00
331788,scent,sensory,1,1,4.81,0.91,0.00,1.00,0.00
331790,application,sensory,2,2,4.71,0.85,0.00,1.00,0.00
331790,effectiveness,performance,2,2,4.76,0.88,0.00,1.00,0.00
331790,hydration_nourishment,performance,2,2,4.84,0.92,0.00,1.00,0.00
331790,packaging,packaging,2,2,4.64,0.82,0.00,1.00,0.00
331790,absorption_finish,sensory,1,1,4.84,0.92,0.00,1.00,0.00
331790,formula_composition,formula,1,1,4.72,0.86,0.00,1.00,0.00
331790,texture_consistency,sensory,1,1,1.40,-0.80,1.00,0.00,1.00
331792,hydration_nourishment,performance,3,3,4.59,0.79,0.00,1.00,0.00
331792,absorption_finish,sensory,2,2,4.90,0.95,0.00,1.00,0.00
331792,formula_composition,formula,2,2,4.51,0.75,0.00,1.00,0.00
331792,cleansing_makeup_removal,performance,1,1,4.42,0.71,0.00,1.00,0.00
331792,efficiency,economic,1,1,4.87,0.94,0.00,1.00,0.00
331792,texture_consistency,sensory,1,1,1.40,-0.80,1.00,0.00,1.00
336096,effectiveness,performance,5,4,4.30,0.65,0.25,0.75,0.25
336096,texture_consistency,sensory,5,4,4.71,0.85,0.00,1.00,0.00
336096,formula_composition,formula,4,4,4.73,0.87,0.00,1.00,0.00
336096,absorption_finish,sensory,3,2,4.60,0.80,0.00,1.00,1.00
336096,application,sensory,2,2,4.78,0.89,0.00,1.00,0.00
336096,price_value,economic,2,2,4.66,0.83,0.00,1.00,0.00
336096,cleansing_makeup_removal,performance,1,1,4.68,0.84,0.00,1.00,0.00
336096,hydration_nourishment,performance,1,1,4.82,0.91,0.00,1.00,0.00
336322,hydration_nourishment,performance,1,1,3.21,0.10,0.00,0.00,0.00
336322,price_value,economic,1,1,4.41,0.70,0.00,1.00,0.00
336343,skin_tolerance,performance,2,2,4.60,0.80,0.00,1.00,1.00
336343,cleansing_makeup_removal,performance,1,1,4.83,0.92,0.00,1.00,0.00
336343,formula_composition,formula,1,1,4.83,0.92,0.00,1.00,0.00
337211,hydration_nourishment,performance,2,2,4.77,0.89,0.00,1.00,0.00
337211,skin_tolerance,performance,1,1,4.59,0.79,0.00,1.00,0.00
337214,hydration_nourishment,performance,3,3,4.71,0.86,0.00,1.00,0.00
337214,effectiveness,performance,1,1,4.68,0.84,0.00,1.00,0.00
337214,formula_composition,formula,1,1,4.50,0.75,0.00,1.00,0.00
338190,price_value,economic,2,2,3.97,0.49,0.50,0.50,0.00
338190,cleansing_makeup_removal,performance,1,1,4.66,0.83,0.00,1.00,0.00
338190,formula_composition,formula,1,1,3.20,0.10,1.00,0.00,0.00
338190,scent,sensory,1,1,4.66,0.83,0.00,1.00,0.00
338190,skin_tolerance,performance,1,1,4.60,0.80,0.00,1.00,1.00
340578,cleansing_makeup_removal,performance,5,5,4.33,0.67,0.00,0.80,0.00
340578,packaging,packaging,3,3,4.38,0.69,0.00,1.00,0.00
340578,hydration_nourishment,performance,2,2,4.32,0.66,0.00,1.00,0.00
340578,scent,sensory,2,2,3.07,0.04,0.50,0.50,0.00
340578,effectiveness,performance,1,1,4.70,0.85,0.00,1.00,0.00
340578,formula_composition,formula,1,1,4.64,0.82,0.00,1.00,0.00
340578,skin_tolerance,performance,1,1,4.60,0.80,0.00,1.00,1.00
340617,effectiveness,performance,4,3,3.31,0.16,0.33,0.67,0.33
340617,absorption_finish,sensory,2,2,4.73,0.87,0.00,1.00,0.00
340617,application,sensory,1,1,4.67,0.84,0.00,1.00,0.00
340617,cleansing_makeup_removal,performance,1,1,4.34,0.67,0.00,1.00,0.00
340617,formula_composition,formula,1,1,4.34,0.67,0.00,1.00,0.00
340617,hydration_nourishment,performance,1,1,4.84,0.92,0.00,1.00,0.00
340617,texture_consistency,sensory,1,1,1.40,-0.80,1.00,0.00,1.00
340618,hydration_nourishment,performance,4,4,4.63,0.82,0.00,1.00,0.00
340618,formula_composition,formula,3,2,4.77,0.89,0.00,1.00,0.00
340618,absorption_finish,sensory,2,2,4.43,0.72,0.00,1.00,0.00
340618,application,sensory,2,2,3.88,0.44,0.00,0.50,0.00
340618,skin_tolerance,performance,2,1,4.51,0.76,0.00,1.00,0.50
340618,effectiveness,performance,1,1,4.69,0.84,0.00,1.00,0.00
340618,price_value,economic,1,1,4.47,0.73,0.00,1.00,0.00
340618,texture_consistency,sensory,1,1,4.69,0.84,0.00,1.00,0.00
342650,effectiveness,performance,3,3,4.62,0.81,0.00,1.00,0.00
342650,absorption_finish,sensory,1,1,4.84,0.92,0.00,1.00,0.00
342650,application,sensory,1,1,4.84,0.92,0.00,1.00,0.00
342650,price_value,economic,1,1,3.92,0.46,0.00,1.00,0.00
342650,texture_consistency,sensory,1,1,4.96,0.98,0.00,1.00,0.00
342651,cleansing_makeup_removal,performance,3,3,4.74,0.87,0.00,1.00,0.00
342651,hydration_nourishment,performance,3,3,4.56,0.78,0.00,1.00,0.33
342651,scent,sensory,2,2,4.76,0.88,0.00,1.00,0.00
342651,packaging,packaging,1,1,4.36,0.68,0.00,1.00,0.00
342651,price_value,economic,1,1,4.23,0.62,0.00,1.00,0.00
342651,skin_tolerance,performance,1,1,4.60,0.80,0.00,1.00,1.00
342654,hydration_nourishment,performance,5,5,4.90,0.95,0.00,1.00,0.00
342654,effectiveness,performance,1,1,4.82,0.91,0.00,1.00,0.00
342654,scent,sensory,1,1,4.70,0.85,0.00,1.00,0.00
342654,skin_tolerance,performance,1,1,4.60,0.80,0.00,1.00,1.00
342710,cleansing_makeup_removal,performance,4,4,4.86,0.93,0.00,1.00,0.00
342710,scent,sensory,2,2,4.77,0.88,0.00,1.00,0.00
342710,efficiency,economic,1,1,4.70,0.85,0.00,1.00,0.00
342710,packaging,packaging,1,1,4.57,0.78,0.00,1.00,0.00
342710,price_value,economic,1,1,4.86,0.93,0.00,1.00,0.00
342710,skin_tolerance,performance,1,1,4.60,0.80,0.00,1.00,1.00
343337,effectiveness,performance,1,1,4.85,0.92,0.00,1.00,0.00
343337,efficiency,economic,1,1,4.89,0.94,0.00,1.00,0.00
343337,formula_composition,formula,1,1,4.92,0.96,0.00,1.00,0.00
343337,hydration_nourishment,performance,1,1,4.60,0.80,0.00,1.00,1.00
343337,packaging,packaging,1,1,4.79,0.90,0.00,1.00,0.00
343337,price_value,economic,1,1,4.92,0.96,0.00,1.00,0.00
343337,scent,sensory,1,1,4.58,0.79,0.00,1.00,0.00
343337,skin_tolerance,performance,1,1,4.60,0.80,0.00,1.00,1.00
343366,effectiveness,performance,2,2,4.61,0.80,0.00,1.00,0.50
343366,packaging,packaging,1,1,3.68,0.34,0.00,0.00,0.00
343366,scent,sensory,1,1,3.77,0.39,0.00,0.00,0.00
343366,texture_consistency,sensory,1,1,4.92,0.96,0.00,1.00,0.00
343767,cleansing_makeup_removal,performance,3,3,4.76,0.88,0.00,1.00,0.00
343767,hydration_nourishment,performance,2,2,4.79,0.90,0.00,1.00,0.00
343767,scent,sensory,2,2,2.93,-0.04,0.50,0.50,0.50
343767,effectiveness,performance,1,1,4.66,0.83,0.00,1.00,0.00
343767,efficiency,economic,1,1,4.74,0.87,0.00,1.00,0.00
343767,skin_tolerance,performance,1,1,4.70,0.85,0.00,1.00,0.00
343774,effectiveness,performance,3,3,4.82,0.91,0.00,1.00,0.00
343774,application,sensory,2,2,4.68,0.84,0.00,1.00,0.00
343774,hydration_nourishment,performance,2,2,4.88,0.94,0.00,1.00,0.00
343774,scent,sensory,2,1,3.64,0.32,0.00,0.00,0.00
343774,texture_consistency,sensory,2,2,4.48,0.74,0.00,1.00,0.00
343774,efficiency,economic,1,1,4.60,0.80,0.00,1.00,0.00
343774,packaging,packaging,1,1,4.68,0.84,0.00,1.00,0.00
343774,price_value,economic,1,1,4.92,0.96,0.00,1.00,0.00
343774,skin_tolerance,performance,1,1,4.60,0.80,0.00,1.00,1.00
343791,effectiveness,performance,3,3,4.07,0.53,0.00,0.67,0.00
343791,hydration_nourishment,performance,2,2,4.94,0.97,0.00,1.00,0.00
343791,price_value,economic,2,2,4.80,0.90,0.00,1.00,0.00
343791,absorption_finish,sensory,1,1,4.75,0.87,0.00,1.00,0.00
343791,application,sensory,1,1,4.90,0.95,0.00,1.00,0.00
343791,formula_composition,formula,1,1,4.74,0.87,0.00,1.00,0.00
344710,hydration_nourishment,performance,4,4,4.69,0.85,0.00,1.00,0.00
344710,cleansing_makeup_removal,performance,1,1,3.92,0.46,0.00,1.00,0.00
344710,effectiveness,performance,1,1,4.60,0.80,0.00,1.00,1.00
345021,hydration_nourishment,performance,5,5,4.56,0.78,0.00,0.80,0.00
345021,effectiveness,performance,2,2,3.06,0.03,0.50,0.50,0.50
345021,absorption_finish,sensory,1,1,4.60,0.80,0.00,1.00,1.00
345021,application,sensory,1,1,4.49,0.75,0.00,1.00,0.00
345021,price_value,economic,1,1,4.73,0.86,0.00,1.00,0.00
345021,scent,sensory,1,1,4.72,0.86,0.00,1.00,0.00
348648,hydration_nourishment,performance,2,2,4.87,0.94,0.00,1.00,0.00
348648,skin_tolerance,performance,1,1,4.97,0.99,0.00,1.00,0.00
348666,scent,sensory,2,2,4.68,0.84,0.00,1.00,0.00
348666,absorption_finish,sensory,1,1,4.71,0.86,0.00,1.00,0.00
348666,hydration_nourishment,performance,1,1,4.64,0.82,0.00,1.00,0.00
348668,scent,sensory,1,1,4.85,0.93,0.00,1.00,0.00
348669,effectiveness,performance,2,2,4.71,0.86,0.00,1.00,0.50
348669,scent,sensory,1,1,4.94,0.97,0.00,1.00,0.00
348670,hydration_nourishment,performance,2,1,4.68,0.84,0.00,1.00,0.00
348670,scent,sensory,2,2,3.86,0.43,0.00,0.50,0.00
348670,cleansing_makeup_removal,performance,1,1,4.94,0.97,0.00,1.00,0.00
348670,effectiveness,performance,1,1,4.48,0.74,0.00,1.00,0.00
348670,texture_consistency,sensory,1,1,4.62,0.81,0.00,1.00,0.00
348671,hydration_nourishment,performance,4,2,4.65,0.82,0.00,1.00,0.00
348671,effectiveness,performance,1,1,4.60,0.80,0.00,1.00,1.00
348671,efficiency,economic,1,1,4.26,0.63,0.00,1.00,0.00
348671,scent,sensory,1,1,4.26,0.63,0.00,1.00,0.00
348671,skin_tolerance,performance,1,1,4.00,0.50,0.00,1.00,0.00
348694,effectiveness,performance,1,1,4.48,0.74,0.00,1.00,0.00
348694,formula_composition,formula,1,1,4.48,0.74,0.00,1.00,0.00
349136,effectiveness,performance,3,3,4.33,0.67,0.00,1.00,0.00
349136,hydration_nourishment,performance,2,2,4.91,0.95,0.00,1.00,0.00
349136,texture_consistency,sensory,2,2,4.77,0.89,0.00,1.00,0.00
349136,application,sensory,1,1,3.83,0.41,0.00,1.00,0.00
349136,formula_composition,formula,1,1,4.85,0.92,0.00,1.00,0.00
349136,price_value,economic,1,1,4.85,0.93,0.00,1.00,0.00
349136,skin_tolerance,performance,1,1,3.83,0.41,0.00,1.00,0.00
349141,texture_consistency,sensory,2,2,4.83,0.91,0.00,1.00,0.00
349141,absorption_finish,sensory,1,1,4.90,0.95,0.00,1.00,0.00
349141,hydration_nourishment,performance,1,1,4.90,0.95,0.00,1.00,0.00
349369,effectiveness,performance,4,4,4.71,0.85,0.00,1.00,0.00
349369,hydration_nourishment,performance,4,3,4.82,0.91,0.00,1.00,0.00
349369,formula_composition,formula,2,2,4.76,0.88,0.00,1.00,0.00
349369,texture_consistency,sensory,2,2,4.32,0.66,0.00,1.00,0.00
349369,price_value,economic,1,1,4.72,0.86,0.00,1.00,0.00
349372,effectiveness,performance,5,5,4.66,0.83,0.00,1.00,0.00
349372,cleansing_makeup_removal,performance,1,1,4.66,0.83,0.00,1.00,0.00
349372,hydration_nourishment,performance,1,1,4.94,0.97,0.00,1.00,0.00
349386,hydration_nourishment,performance,3,3,4.81,0.91,0.00,1.00,0.00
349386,formula_composition,formula,2,2,4.61,0.80,0.00,1.00,0.00
349386,price_value,economic,2,2,4.82,0.91,0.00,1.00,0.00
349386,skin_tolerance,performance,2,2,4.60,0.80,0.00,1.00,1.00
349386,effectiveness,performance,1,1,4.73,0.87,0.00,1.00,0.00
349388,effectiveness,performance,2,2,4.56,0.78,0.00,1.00,0.00
349388,hydration_nourishment,performance,2,2,4.83,0.91,0.00,1.00,0.00
349388,price_value,economic,1,1,4.57,0.79,0.00,1.00,0.00
349388,scent,sensory,1,1,2.92,-0.04,1.00,0.00,0.00
349391,hydration_nourishment,performance,3,3,4.58,0.79,0.00,1.00,0.00
349391,price_value,economic,3,3,4.54,0.77,0.00,1.00,0.00
349391,effectiveness,performance,2,2,4.32,0.66,0.00,1.00,0.00
349391,formula_composition,formula,2,2,4.37,0.68,0.00,1.00,0.00
349391,application,sensory,1,1,3.89,0.44,0.00,1.00,0.00
349391,packaging,packaging,1,1,4.24,0.62,0.00,1.00,0.00
349391,skin_tolerance,performance,1,1,4.60,0.80,0.00,1.00,1.00
349398,hydration_nourishment,performance,5,4,4.71,0.86,0.00,1.00,0.00
349398,effectiveness,performance,3,3,3.57,0.29,0.33,0.67,0.33
349398,price_value,economic,3,3,4.45,0.73,0.00,1.00,0.00
349398,texture_consistency,sensory,2,2,4.65,0.83,0.00,1.00,0.00
349398,application,sensory,1,1,4.62,0.81,0.00,1.00,0.00
349398,cleansing_makeup_removal,performance,1,1,4.49,0.74,0.00,1.00,0.00
349398,formula_composition,formula,1,1,4.94,0.97,0.00,1.00,0.00
349408,formula_composition,formula,4,4,4.68,0.84,0.00,1.00,0.00
349408,hydration_nourishment,performance,3,3,4.83,0.92,0.00,1.00,0.00
349408,price_value,economic,2,2,4.64,0.82,0.00,1.00,0.00
349408,skin_tolerance,performance,2,2,4.53,0.77,0.00,1.00,0.50
349408,application,sensory,1,1,4.47,0.73,0.00,1.00,0.00
349408,effectiveness,performance,1,1,4.61,0.81,0.00,1.00,0.00
349408,texture_consistency,sensory,1,1,4.87,0.94,0.00,1.00,0.00
349580,cleansing_makeup_removal,performance,9,8,4.43,0.71,0.00,0.88,0.00
349580,effectiveness,performance,3,3,4.45,0.73,0.00,1.00,0.33
349580,skin_tolerance,performance,3,3,4.60,0.80,0.00,1.00,1.00
349580,hydration_nourishment,performance,2,2,4.16,0.58,0.00,0.50,0.00
349580,texture_consistency,sensory,2,2,2.47,-0.26,0.50,0.00,0.50
349580,formula_composition,formula,1,1,3.56,0.28,0.00,0.00,0.00
349580,packaging,packaging,1,1,3.27,0.13,0.00,0.00,0.00
349584,cleansing_makeup_removal,performance,4,4,4.54,0.77,0.00,1.00,0.00
349584,price_value,economic,2,2,4.53,0.76,0.00,1.00,0.00
349584,scent,sensory,2,1,1.96,-0.52,1.00,0.00,0.50
349584,effectiveness,performance,1,1,4.40,0.70,0.00,1.00,0.00
349584,skin_tolerance,performance,1,1,4.60,0.80,0.00,1.00,1.00
349629,packaging,packaging,4,2,4.04,0.52,0.00,1.00,0.00
349629,formula_composition,formula,2,2,4.35,0.67,0.00,1.00,0.00
349629,hydration_nourishment,performance,2,2,4.71,0.86,0.00,1.00,0.00
349916,scent,sensory,1,1,4.86,0.93,0.00,1.00,0.00
349924,effectiveness,performance,2,2,4.49,0.74,0.00,1.00,0.00
349924,hydration_nourishment,performance,1,1,4.96,0.98,0.00,1.00,0.00
349924,skin_tolerance,performance,1,1,4.73,0.87,0.00,1.00,0.00
349926,hydration_nourishment,performance,3,3,4.88,0.94,0.00,1.00,0.00
349926,effectiveness,performance,1,1,4.88,0.94,0.00,1.00,0.00
349926,price_value,economic,1,1,4.82,0.91,0.00,1.00,0.00
350019,texture_consistency,sensory,1,1,2.74,-0.13,1.00,0.00,0.00
354084,hydration_nourishment,performance,3,3,4.79,0.89,0.00,1.00,0.00
354084,skin_tolerance,performance,2,2,4.76,0.88,0.00,1.00,0.00
354084,scent,sensory,1,1,4.73,0.87,0.00,1.00,0.00
354084,texture_consistency,sensory,1,1,4.73,0.87,0.00,1.00,0.00
356392,hydration_nourishment,performance,4,4,4.82,0.91,0.00,1.00,0.00
356392,scent,sensory,2,2,4.71,0.86,0.00,1.00,0.00
356392,application,sensory,1,1,4.33,0.66,0.00,1.00,0.00
356392,effectiveness,performance,1,1,4.71,0.86,0.00,1.00,0.00
356392,efficiency,economic,1,1,4.79,0.90,0.00,1.00,0.00
356392,price_value,economic,1,1,4.70,0.85,0.00,1.00,0.00
356392,texture_consistency,sensory,1,1,1.40,-0.80,1.00,0.00,1.00
356855,skin_tolerance,performance,1,1,4.60,0.80,0.00,1.00,1.00
356958,cleansing_makeup_removal,performance,2,2,4.65,0.82,0.00,1.00,0.00
357133,hydration_nourishment,performance,5,5,4.81,0.90,0.00,1.00,0.20
357133,price_value,economic,2,2,4.82,0.91,0.00,1.00,0.00
357133,scent,sensory,1,1,4.75,0.88,0.00,1.00,0.00
357181,hydration_nourishment,performance,2,2,4.89,0.94,0.00,1.00,0.00
357181,formula_composition,formula,1,1,4.83,0.92,0.00,1.00,0.00
357181,scent,sensory,1,1,1.40,-0.80,1.00,0.00,1.00
357182,formula_composition,formula,2,2,4.83,0.91,0.00,1.00,0.00
357182,effectiveness,performance,1,1,4.20,0.60,0.00,1.00,0.00
357182,hydration_nourishment,performance,1,1,4.87,0.93,0.00,1.00,0.00
357182,scent,sensory,1,1,1.40,-0.80,1.00,0.00,1.00
357182,texture_consistency,sensory,1,1,3.53,0.26,0.00,0.00,0.00
357711,scent,sensory,3,3,4.69,0.84,0.00,1.00,0.00
357711,packaging,packaging,2,2,4.80,0.90,0.00,1.00,0.00
357711,application,sensory,1,1,4.68,0.84,0.00,1.00,0.00
357711,cleansing_makeup_removal,performance,1,1,4.53,0.77,0.00,1.00,0.00
357711,price_value,economic,1,1,4.53,0.77,0.00,1.00,0.00
357712,cleansing_makeup_removal,performance,3,3,4.75,0.88,0.00,1.00,0.00
357712,hydration_nourishment,performance,3,3,4.78,0.89,0.00,1.00,0.33
357712,price_value,economic,3,3,4.75,0.88,0.00,1.00,0.00
357712,effectiveness,performance,2,2,4.84,0.92,0.00,1.00,0.00
357712,skin_tolerance,performance,2,2,4.60,0.80,0.00,1.00,1.00
357712,application,sensory,1,1,4.60,0.80,0.00,1.00,0.00
357712,scent,sensory,1,1,4.41,0.71,0.00,1.00,0.00
357713,cleansing_makeup_removal,performance,7,5,4.74,0.87,0.00,1.00,0.00
357713,scent,sensory,2,2,4.85,0.93,0.00,1.00,0.00
357713,effectiveness,performance,1,1,4.78,0.89,0.00,1.00,0.00
357713,packaging,packaging,1,1,4.42,0.71,0.00,1.00,0.00
357718,effectiveness,performance,4,4,4.55,0.78,0.00,1.00,0.25
357718,hydration_nourishment,performance,4,4,4.90,0.95,0.00,1.00,0.00
357718,application,sensory,2,2,4.76,0.88,0.00,1.00,0.00
357718,scent,sensory,1,1,4.83,0.91,0.00,1.00,0.00
357718,texture_consistency,sensory,1,1,4.83,0.91,0.00,1.00,0.00
357719,scent,sensory,4,4,4.91,0.96,0.00,1.00,0.00
357719,absorption_finish,sensory,3,3,4.63,0.81,0.00,1.00,0.00
357719,effectiveness,performance,3,3,4.62,0.81,0.00,1.00,0.00
357719,hydration_nourishment,performance,3,3,4.86,0.93,0.00,1.00,0.00
357719,application,sensory,1,1,4.90,0.95,0.00,1.00,0.00
357719,price_value,economic,1,1,4.94,0.97,0.00,1.00,0.00
357719,texture_consistency,sensory,1,1,4.06,0.53,0.00,1.00,0.00
357720,application,sensory,5,5,4.73,0.86,0.00,1.00,0.20
357720,effectiveness,performance,5,5,4.65,0.83,0.00,1.00,0.20
357720,absorption_finish,sensory,4,4,4.53,0.77,0.00,1.00,0.50
357720,hydration_nourishment,performance,3,3,4.81,0.90,0.00,1.00,0.00
357720,texture_consistency,sensory,3,3,4.51,0.75,0.00,1.00,0.00
357720,packaging,packaging,2,2,4.40,0.70,0.00,1.00,0.00
357720,scent,sensory,2,2,4.72,0.86,0.00,1.00,0.00
357720,cleansing_makeup_removal,performance,1,1,4.44,0.72,0.00,1.00,0.00
357720,formula_composition,formula,1,1,4.61,0.81,0.00,1.00,0.00
357720,pore_clogging,performance,1,1,4.60,0.80,0.00,1.00,1.00
357720,price_value,economic,1,1,4.63,0.82,0.00,1.00,0.00
357730,application,sensory,6,6,4.67,0.83,0.00,1.00,0.00
357730,effectiveness,performance,5,4,4.54,0.77,0.00,1.00,0.00
357730,hydration_nourishment,performance,3,3,4.82,0.91,0.00,1.00,0.00
357730,absorption_finish,sensory,2,2,4.82,0.91,0.00,1.00,0.00
357730,scent,sensory,2,2,4.30,0.65,0.00,1.00,0.00
357730,efficiency,economic,1,1,4.78,0.89,0.00,1.00,0.00
357730,formula_composition,formula,1,1,4.90,0.95,0.00,1.00,0.00
357730,packaging,packaging,1,1,4.65,0.83,0.00,1.00,0.00
357730,price_value,economic,1,1,4.82,0.91,0.00,1.00,0.00
357730,skin_tolerance,performance,1,1,4.83,0.91,0.00,1.00,0.00
357730,texture_consistency,sensory,1,1,4.04,0.52,0.00,1.00,0.00
357731,effectiveness,performance,7,6,4.63,0.81,0.00,1.00,0.08
357731,hydration_nourishment,performance,3,3,4.88,0.94,0.00,1.00,0.00
357731,application,sensory,1,1,4.56,0.78,0.00,1.00,0.00
357731,formula_composition,formula,1,1,4.87,0.93,0.00,1.00,0.00
357731,pore_clogging,performance,1,1,4.60,0.80,0.00,1.00,1.00
357731,price_value,economic,1,1,4.76,0.88,0.00,1.00,0.00
357731,scent,sensory,1,1,4.21,0.61,0.00,1.00,0.00
357731,skin_tolerance,performance,1,1,4.60,0.80,0.00,1.00,1.00
357731,texture_consistency,sensory,1,1,4.21,0.61,0.00,1.00,0.00
357732,application,sensory,4,4,4.74,0.87,0.00,1.00,0.25
357732,effectiveness,performance,4,4,4.58,0.79,0.00,1.00,0.25
357732,texture_consistency,sensory,4,3,4.60,0.80,0.00,1.00,0.00
357732,hydration_nourishment,performance,3,3,4.66,0.83,0.00,1.00,0.00
357732,skin_tolerance,performance,3,3,4.67,0.83,0.00,1.00,0.00
357732,absorption_finish,sensory,2,2,4.77,0.89,0.00,1.00,0.50
357732,formula_composition,formula,2,2,4.76,0.88,0.00,1.00,0.00
357732,pore_clogging,performance,2,2,4.60,0.80,0.00,1.00,1.00
357732,scent,sensory,2,2,4.36,0.68,0.00,1.00,0.00
357732,cleansing_makeup_removal,performance,1,1,4.71,0.86,0.00,1.00,0.00
357732,packaging,packaging,1,1,4.43,0.71,0.00,1.00,0.00
357736,effectiveness,performance,2,2,4.25,0.63,0.00,1.00,0.00
357736,application,sensory,1,1,4.30,0.65,0.00,1.00,0.00
357736,scent,sensory,1,1,4.63,0.82,0.00,1.00,0.00
357753,absorption_finish,sensory,3,3,4.70,0.85,0.00,1.00,0.67
357753,hydration_nourishment,performance,3,3,4.84,0.92,0.00,1.00,0.00
357753,texture_consistency,sensory,3,3,4.81,0.90,0.00,1.00,0.00
357753,effectiveness,performance,2,2,4.77,0.88,0.00,1.00,0.00
357753,formula_composition,formula,2,2,4.89,0.95,0.00,1.00,0.00
357753,application,sensory,1,1,4.91,0.96,0.00,1.00,0.00
357753,packaging,packaging,1,1,4.88,0.94,0.00,1.00,0.00
357753,price_value,economic,1,1,4.66,0.83,0.00,1.00,0.00
357753,scent,sensory,1,1,4.66,0.83,0.00,1.00,0.00
357753,skin_tolerance,performance,1,1,4.46,0.73,0.00,1.00,0.00
357754,texture_consistency,sensory,4,4,4.77,0.88,0.00,1.00,0.00
357754,application,sensory,3,3,4.83,0.92,0.00,1.00,0.00
357754,formula_composition,formula,3,3,4.82,0.91,0.00,1.00,0.00
357754,absorption_finish,sensory,2,2,4.70,0.85,0.00,1.00,0.50
357754,effectiveness,performance,2,2,4.60,0.80,0.00,1.00,0.50
357754,hydration_nourishment,performance,2,2,4.77,0.88,0.00,1.00,0.00
357910,hydration_nourishment,performance,4,4,4.89,0.95,0.00,1.00,0.00
357910,scent,sensory,2,2,4.90,0.95,0.00,1.00,0.00
357910,absorption_finish,sensory,1,1,4.77,0.88,0.00,1.00,0.00
357910,efficiency,economic,1,1,4.86,0.93,0.00,1.00,0.00
357910,packaging,packaging,1,1,4.93,0.96,0.00,1.00,0.00
357910,texture_consistency,sensory,1,1,4.77,0.88,0.00,1.00,0.00
357915,scent,sensory,4,4,4.81,0.90,0.00,1.00,0.00
357915,cleansing_makeup_removal,performance,3,3,4.69,0.84,0.00,1.00,0.00
357915,effectiveness,performance,2,2,4.87,0.93,0.00,1.00,0.00
357915,application,sensory,1,1,4.60,0.80,0.00,1.00,0.00
357915,formula_composition,formula,1,1,4.94,0.97,0.00,1.00,0.00
357915,price_value,economic,1,1,3.49,0.25,0.00,0.00,0.00
357915,skin_tolerance,performance,1,1,4.80,0.90,0.00,1.00,0.00
357915,texture_consistency,sensory,1,1,4.39,0.70,0.00,1.00,0.00
363115,cleansing_makeup_removal,performance,4,4,4.83,0.91,0.00,1.00,0.00
363115,hydration_nourishment,performance,3,3,4.70,0.85,0.00,1.00,0.00
363115,effectiveness,performance,1,1,4.89,0.94,0.00,1.00,0.00
363115,texture_consistency,sensory,1,1,4.41,0.71,0.00,1.00,0.00
363117,scent,sensory,3,3,4.84,0.92,0.00,1.00,0.00
363117,hydration_nourishment,performance,1,1,4.83,0.91,0.00,1.00,0.00
363117,packaging,packaging,1,1,4.74,0.87,0.00,1.00,0.00
363117,skin_tolerance,performance,1,1,1.40,-0.80,1.00,0.00,1.00
364348,formula_composition,formula,1,1,4.97,0.98,0.00,1.00,0.00
364348,hydration_nourishment,performance,1,1,3.57,0.28,0.00,0.00,0.00
364348,scent,sensory,1,1,2.26,-0.37,1.00,0.00,0.00
364350,hydration_nourishment,performance,2,2,4.90,0.95,0.00,1.00,0.00
364350,formula_composition,formula,1,1,4.91,0.95,0.00,1.00,0.00
366188,hydration_nourishment,performance,6,5,4.35,0.68,0.00,0.80,0.00
366188,absorption_finish,sensory,2,2,4.71,0.85,0.00,1.00,0.00
366188,application,sensory,1,1,4.38,0.69,0.00,1.00,0.00
366188,effectiveness,performance,1,1,4.70,0.85,0.00,1.00,0.00
366188,efficiency,economic,1,1,4.49,0.74,0.00,1.00,0.00
366188,packaging,packaging,1,1,3.83,0.41,0.00,1.00,0.00
366188,skin_tolerance,performance,1,1,3.27,0.13,0.00,0.00,0.00
366188,texture_consistency,sensory,1,1,4.62,0.81,0.00,1.00,0.00
366260,cleansing_makeup_removal,performance,3,3,4.60,0.80,0.00,1.00,0.00
366260,effectiveness,performance,2,2,4.42,0.71,0.00,1.00,0.00
366260,price_value,economic,1,1,4.13,0.56,0.00,1.00,0.00
366260,scent,sensory,1,1,4.13,0.56,0.00,1.00,0.00
366260,skin_tolerance,performance,1,1,4.15,0.57,0.00,1.00,0.00
366261,cleansing_makeup_removal,performance,8,6,4.65,0.82,0.00,1.00,0.00
366261,scent,sensory,4,4,4.44,0.72,0.00,1.00,0.00
366261,hydration_nourishment,performance,3,3,4.71,0.85,0.00,1.00,0.67
366261,skin_tolerance,performance,3,3,4.61,0.81,0.00,1.00,0.67
366261,application,sensory,1,1,4.85,0.92,0.00,1.00,0.00
366261,texture_consistency,sensory,1,1,4.85,0.92,0.00,1.00,0.00
366262,cleansing_makeup_removal,performance,3,3,4.73,0.86,0.00,1.00,0.00
366262,effectiveness,performance,2,2,4.81,0.90,0.00,1.00,0.00
366262,formula_composition,formula,2,2,4.87,0.93,0.00,1.00,0.00
366262,hydration_nourishment,performance,1,1,4.60,0.80,0.00,1.00,1.00
366262,packaging,packaging,1,1,4.08,0.54,0.00,1.00,0.00
366262,skin_tolerance,performance,1,1,4.60,0.80,0.00,1.00,1.00
366263,texture_consistency,sensory,5,5,4.50,0.75,0.00,1.00,0.00
366263,scent,sensory,4,4,4.61,0.81,0.00,1.00,0.00
366263,absorption_finish,sensory,3,3,4.70,0.85,0.00,1.00,0.67
366263,application,sensory,3,3,4.70,0.85,0.00,1.00,0.00
366263,effectiveness,performance,2,2,4.83,0.92,0.00,1.00,0.00
366263,hydration_nourishment,performance,2,2,4.81,0.91,0.00,1.00,0.00
366263,cleansing_makeup_removal,performance,1,1,3.94,0.47,0.00,1.00,0.00
366263,formula_composition,formula,1,1,4.83,0.92,0.00,1.00,0.00
366263,pore_clogging,performance,1,1,4.60,0.80,0.00,1.00,1.00
366263,price_value,economic,1,1,4.74,0.87,0.00,1.00,0.00
366264,absorption_finish,sensory,4,4,4.84,0.92,0.00,1.00,0.00
366264,effectiveness,performance,3,3,4.60,0.80,0.00,1.00,0.00
366264,scent,sensory,3,3,4.65,0.83,0.00,1.00,0.00
366264,texture_consistency,sensory,3,3,4.43,0.71,0.00,0.67,0.00
366264,application,sensory,1,1,4.82,0.91,0.00,1.00,0.00
366264,formula_composition,formula,1,1,4.86,0.93,0.00,1.00,0.00
366264,hydration_nourishment,performance,1,1,3.67,0.33,0.00,0.00,0.00
366264,packaging,packaging,1,1,4.62,0.81,0.00,1.00,0.00
366268,absorption_finish,sensory,3,3,3.63,0.31,0.33,0.67,0.67
366268,application,sensory,3,3,4.81,0.91,0.00,1.00,0.00
366268,texture_consistency,sensory,3,3,4.06,0.53,0.33,0.67,0.00
366268,hydration_nourishment,performance,2,2,4.82,0.91,0.00,1.00,0.00
366268,skin_tolerance,performance,2,2,4.63,0.81,0.00,1.00,0.00
366268,cleansing_makeup_removal,performance,1,1,4.60,0.80,0.00,1.00,0.00
366268,effectiveness,performance,1,1,4.59,0.80,0.00,1.00,0.00
366268,pore_clogging,performance,1,1,4.60,0.80,0.00,1.00,1.00
366268,scent,sensory,1,1,4.39,0.69,0.00,1.00,0.00
366277,cleansing_makeup_removal,performance,7,6,4.37,0.68,0.17,0.83,0.00
366277,scent,sensory,3,3,4.71,0.86,0.00,1.00,0.00
366277,application,sensory,1,1,3.16,0.08,1.00,0.00,0.00
366277,effectiveness,performance,1,1,3.16,0.08,1.00,0.00,0.00
366277,hydration_nourishment,performance,1,1,4.57,0.79,0.00,1.00,0.00
366277,packaging,packaging,1,1,4.64,0.82,0.00,1.00,0.00
366277,texture_consistency,sensory,1,1,4.80,0.90,0.00,1.00,0.00
366327,cleansing_makeup_removal,performance,5,5,4.71,0.86,0.00,1.00,0.00
366327,hydration_nourishment,performance,3,3,4.75,0.88,0.00,1.00,0.00
366327,scent,sensory,2,2,4.65,0.83,0.00,1.00,0.00
366327,formula_composition,formula,1,1,4.40,0.70,0.00,1.00,0.00
366327,packaging,packaging,1,1,4.33,0.66,0.00,1.00,0.00
366327,price_value,economic,1,1,4.53,0.77,0.00,1.00,0.00
366328,effectiveness,performance,3,3,4.89,0.94,0.00,1.00,0.00
366328,absorption_finish,sensory,1,1,4.87,0.93,0.00,1.00,0.00
366328,hydration_nourishment,performance,1,1,4.55,0.78,0.00,1.00,0.00
366328,scent,sensory,1,1,4.59,0.80,0.00,1.00,0.00
366394,cleansing_makeup_removal,performance,1,1,4.03,0.51,0.00,1.00,0.00
366394,effectiveness,performance,1,1,4.93,0.96,0.00,1.00,0.00
366394,hydration_nourishment,performance,1,1,2.04,-0.48,1.00,0.00,0.00
366394,scent,sensory,1,1,4.89,0.95,0.00,1.00,0.00
366394,skin_tolerance,performance,1,1,4.60,0.80,0.00,1.00,1.00
366544,cleansing_makeup_removal,performance,9,8,4.19,0.59,0.12,0.62,0.00
366544,application,sensory,2,2,4.42,0.71,0.00,1.00,0.00
366544,texture_consistency,sensory,2,2,1.40,-0.80,1.00,0.00,1.00
366544,formula_composition,formula,1,1,3.90,0.45,0.00,1.00,0.00
366544,price_value,economic,1,1,3.65,0.33,0.00,0.00,0.00
366544,scent,sensory,1,1,4.30,0.65,0.00,1.00,0.00
366546,cleansing_makeup_removal,performance,5,3,4.25,0.62,0.00,0.67,0.11
366546,hydration_nourishment,performance,2,1,4.60,0.80,0.00,1.00,1.00
366546,skin_tolerance,performance,2,2,4.59,0.80,0.00,1.00,0.50
366546,effectiveness,performance,1,1,4.30,0.65,0.00,1.00,0.00
366546,formula_composition,formula,1,1,4.47,0.74,0.00,1.00,0.00
366546,price_value,economic,1,1,4.31,0.65,0.00,1.00,0.00
366546,texture_consistency,sensory,1,1,3.79,0.40,0.00,0.00,0.00
366550,application,sensory,3,3,4.23,0.61,0.33,0.67,0.00
366550,scent,sensory,2,2,3.13,0.06,0.50,0.50,0.50
366550,skin_tolerance,performance,2,2,3.89,0.44,0.50,0.50,0.00
366550,effectiveness,performance,1,1,4.32,0.66,0.00,1.00,0.00
366550,formula_composition,formula,1,1,3.16,0.08,1.00,0.00,0.00
366550,hydration_nourishment,performance,1,1,4.61,0.80,0.00,1.00,0.00
366550,packaging,packaging,1,1,4.67,0.84,0.00,1.00,0.00
366550,price_value,economic,1,1,4.61,0.81,0.00,1.00,0.00
366551,cleansing_makeup_removal,performance,3,3,4.70,0.85,0.00,1.00,0.00
366551,application,sensory,2,2,4.06,0.53,0.00,0.50,0.00
366551,scent,sensory,2,2,4.66,0.83,0.00,1.00,0.00
366551,efficiency,economic,1,1,4.72,0.86,0.00,1.00,0.00
366551,formula_composition,formula,1,1,3.53,0.27,0.00,0.00,0.00
366551,hydration_nourishment,performance,1,1,4.14,0.57,0.00,1.00,0.00
366551,texture_consistency,sensory,1,1,1.40,-0.80,1.00,0.00,1.00
366555,cleansing_makeup_removal,performance,2,2,4.38,0.69,0.00,1.00,0.00
366555,formula_composition,formula,1,1,4.60,0.80,0.00,1.00,0.00
366555,scent,sensory,1,1,3.88,0.44,0.00,1.00,0.00
366558,cleansing_makeup_removal,performance,2,2,3.94,0.47,0.50,0.50,0.00
366558,skin_tolerance,performance,2,2,2.19,-0.41,1.00,0.00,0.50
366558,effectiveness,performance,1,1,4.70,0.85,0.00,1.00,0.00
366558,hydration_nourishment,performance,1,1,4.34,0.67,0.00,1.00,0.00
366558,price_value,economic,1,1,1.40,-0.80,1.00,0.00,1.00
366559,hydration_nourishment,performance,2,2,3.18,0.09,0.50,0.50,0.50
366559,absorption_finish,sensory,1,1,4.81,0.91,0.00,1.00,0.00
366559,packaging,packaging,1,1,3.28,0.14,0.00,0.00,0.00
366559,price_value,economic,1,1,4.30,0.65,0.00,1.00,0.00
366563,cleansing_makeup_removal,performance,2,1,4.52,0.76,0.00,1.00,0.00
366670,cleansing_makeup_removal,performance,5,5,3.92,0.46,0.20,0.80,0.20
366670,scent,sensory,2,2,4.44,0.72,0.00,1.00,0.00
366670,texture_consistency,sensory,2,2,3.25,0.12,0.50,0.50,0.00
366670,effectiveness,performance,1,1,3.49,0.24,0.00,0.00,0.00
366670,formula_composition,formula,1,1,2.09,-0.45,1.00,0.00,0.00
366670,hydration_nourishment,performance,1,1,4.60,0.80,0.00,1.00,1.00
366860,texture_consistency,sensory,1,1,4.83,0.92,0.00,1.00,0.00
369828,cleansing_makeup_removal,performance,2,2,4.76,0.88,0.00,1.00,0.00
369828,effectiveness,performance,1,1,4.96,0.98,0.00,1.00,0.00
369828,hydration_nourishment,performance,1,1,3.59,0.29,0.00,0.00,0.00
369828,skin_tolerance,performance,1,1,4.92,0.96,0.00,1.00,0.00
369828,texture_consistency,sensory,1,1,3.22,0.11,0.00,0.00,0.00
369829,absorption_finish,sensory,1,1,4.77,0.88,0.00,1.00,0.00
369829,application,sensory,1,1,4.77,0.88,0.00,1.00,0.00
369829,cleansing_makeup_removal,performance,1,1,4.76,0.88,0.00,1.00,0.00
369829,effectiveness,performance,1,1,4.59,0.79,0.00,1.00,0.00
369829,packaging,packaging,1,1,4.55,0.78,0.00,1.00,0.00
369829,skin_tolerance,performance,1,1,4.76,0.88,0.00,1.00,0.00
369829,texture_consistency,sensory,1,1,4.93,0.96,0.00,1.00,0.00
370191,absorption_finish,sensory,1,1,1.40,-0.80,1.00,0.00,1.00
370191,cleansing_makeup_removal,performance,1,1,3.74,0.37,0.00,0.00,0.00
370191,hydration_nourishment,performance,1,1,4.97,0.99,0.00,1.00,0.00
370197,effectiveness,performance,2,2,4.45,0.73,0.00,1.00,0.00
370197,skin_tolerance,performance,2,2,4.45,0.73,0.00,1.00,0.50
370197,application,sensory,1,1,4.25,0.63,0.00,1.00,0.00
370197,formula_composition,formula,1,1,4.75,0.87,0.00,1.00,0.00
370199,absorption_finish,sensory,1,1,4.65,0.83,0.00,1.00,0.00
370199,effectiveness,performance,1,1,4.65,0.83,0.00,1.00,0.00
370199,texture_consistency,sensory,1,1,4.65,0.83,0.00,1.00,0.00
370335,effectiveness,performance,5,4,4.12,0.56,0.25,0.75,0.12
370335,texture_consistency,sensory,5,5,3.86,0.43,0.20,0.60,0.20
370335,absorption_finish,sensory,4,4,3.60,0.30,0.25,0.50,0.50
370335,application,sensory,3,3,4.83,0.92,0.00,1.00,0.00
370335,hydration_nourishment,performance,3,3,4.11,0.56,0.33,0.67,0.00
370335,skin_tolerance,performance,2,2,4.60,0.80,0.00,1.00,1.00
370335,packaging,packaging,1,1,3.44,0.22,0.00,0.00,0.00
370336,cleansing_makeup_removal,performance,8,5,4.10,0.55,0.20,0.80,0.20
370336,skin_tolerance,performance,3,3,4.71,0.85,0.00,1.00,0.67
370336,packaging,packaging,2,2,4.82,0.91,0.00,1.00,0.00
370336,effectiveness,performance,1,1,4.64,0.82,0.00,1.00,0.00
370336,efficiency,economic,1,1,4.76,0.88,0.00,1.00,0.00
370336,formula_composition,formula,1,1,4.93,0.96,0.00,1.00,0.00
370336,scent,sensory,1,1,4.95,0.98,0.00,1.00,0.00
370337,effectiveness,performance,3,2,4.80,0.90,0.00,1.00,0.00
370337,hydration_nourishment,performance,3,3,4.75,0.87,0.00,1.00,0.33
370337,absorption_finish,sensory,2,2,4.70,0.85,0.00,1.00,0.00
370337,texture_consistency,sensory,2,2,3.04,0.02,0.50,0.50,0.50
370337,cleansing_makeup_removal,performance,1,1,2.81,-0.09,1.00,0.00,0.00
370538,hydration_nourishment,performance,2,2,4.91,0.95,0.00,1.00,0.00
370538,effectiveness,performance,1,1,4.74,0.87,0.00,1.00,0.00
370538,price_value,economic,1,1,4.67,0.83,0.00,1.00,0.00
370538,skin_tolerance,performance,1,1,4.60,0.80,0.00,1.00,1.00
370575,effectiveness,performance,6,6,4.62,0.81,0.00,1.00,0.33
370575,application,sensory,5,5,4.56,0.78,0.00,1.00,0.00
370575,scent,sensory,2,2,4.30,0.65,0.00,1.00,0.00
370575,skin_tolerance,performance,2,2,4.75,0.88,0.00,1.00,0.50
370575,absorption_finish,sensory,1,1,4.88,0.94,0.00,1.00,0.00
370575,efficiency,economic,1,1,4.03,0.52,0.00,1.00,0.00
370575,formula_composition,formula,1,1,4.83,0.92,0.00,1.00,0.00
370575,texture_consistency,sensory,1,1,4.66,0.83,0.00,1.00,0.00
371314,absorption_finish,sensory,3,3,4.83,0.92,0.00,1.00,0.00
371314,application,sensory,3,3,4.62,0.81,0.00,1.00,0.00
371314,texture_consistency,sensory,2,2,4.60,0.80,0.00,1.00,0.00
371314,effectiveness,performance,1,1,4.39,0.69,0.00,1.00,0.00
371314,formula_composition,formula,1,1,4.71,0.86,0.00,1.00,0.00
371314,hydration_nourishment,performance,1,1,4.88,0.94,0.00,1.00,0.00
371314,price_value,economic,1,1,4.71,0.86,0.00,1.00,0.00
372411,effectiveness,performance,4,4,4.73,0.87,0.00,1.00,0.00
372411,application,sensory,1,1,4.88,0.94,0.00,1.00,0.00
372411,packaging,packaging,1,1,4.74,0.87,0.00,1.00,0.00
373334,effectiveness,performance,1,1,4.65,0.83,0.00,1.00,0.00
373334,skin_tolerance,performance,1,1,4.60,0.80,0.00,1.00,1.00
373497,effectiveness,performance,2,2,4.67,0.83,0.00,1.00,0.00
373497,hydration_nourishment,performance,2,2,4.75,0.88,0.00,1.00,0.00
373497,texture_consistency,sensory,2,2,4.11,0.56,0.00,1.00,0.00
373497,absorption_finish,sensory,1,1,4.11,0.55,0.00,1.00,0.00
373497,application,sensory,1,1,4.66,0.83,0.00,1.00,0.00
373497,packaging,packaging,1,1,3.74,0.37,0.00,0.00,0.00
373497,skin_tolerance,performance,1,1,4.68,0.84,0.00,1.00,0.00
373905,effectiveness,performance,1,1,1.40,-0.80,1.00,0.00,1.00
373905,hydration_nourishment,performance,1,1,4.55,0.77,0.00,1.00,0.00
373905,skin_tolerance,performance,1,1,4.65,0.82,0.00,1.00,0.00
373940,absorption_finish,sensory,2,2,4.67,0.84,0.00,1.00,0.50
373940,application,sensory,2,2,4.73,0.87,0.00,1.00,0.00
373940,effectiveness,performance,2,2,4.59,0.80,0.00,1.00,0.00
373940,efficiency,economic,1,1,4.68,0.84,0.00,1.00,0.00
373940,hydration_nourishment,performance,1,1,4.74,0.87,0.00,1.00,0.00
373940,packaging,packaging,1,1,4.74,0.87,0.00,1.00,0.00
373940,texture_consistency,sensory,1,1,4.72,0.86,0.00,1.00,0.00
373941,absorption_finish,sensory,5,4,4.67,0.84,0.00,1.00,0.62
373941,application,sensory,4,4,4.67,0.83,0.00,1.00,0.00
373941,effectiveness,performance,4,4,4.66,0.83,0.00,1.00,0.50
373941,hydration_nourishment,performance,3,3,4.79,0.90,0.00,1.00,0.00
373941,texture_consistency,sensory,2,2,4.63,0.81,0.00,1.00,0.00
373941,cleansing_makeup_removal,performance,1,1,4.68,0.84,0.00,1.00,0.00
373941,packaging,packaging,1,1,4.65,0.82,0.00,1.00,0.00
377632,price_value,economic,4,3,4.69,0.85,0.00,1.00,0.00
377632,cleansing_makeup_removal,performance,3,3,4.75,0.87,0.00,1.00,0.00
377632,hydration_nourishment,performance,1,1,4.73,0.87,0.00,1.00,0.00
377724,packaging,packaging,6,3,4.09,0.55,0.33,0.67,0.11
377724,hydration_nourishment,performance,4,4,4.66,0.83,0.00,1.00,0.00
377724,effectiveness,performance,2,1,4.22,0.61,0.00,1.00,0.00
377724,texture_consistency,sensory,2,2,3.68,0.34,0.50,0.50,0.00
377724,efficiency,economic,1,1,4.48,0.74,0.00,1.00,0.00
377724,formula_composition,formula,1,1,4.87,0.93,0.00,1.00,0.00
377734,hydration_nourishment,performance,4,4,4.83,0.92,0.00,1.00,0.00
377734,effectiveness,performance,1,1,4.75,0.88,0.00,1.00,0.00
377739,hydration_nourishment,performance,3,3,4.93,0.97,0.00,1.00,0.00
377739,price_value,economic,3,3,4.60,0.80,0.00,1.00,0.00
377739,absorption_finish,sensory,1,1,4.87,0.93,0.00,1.00,0.00
377739,application,sensory,1,1,4.67,0.84,0.00,1.00,0.00
377739,efficiency,economic,1,1,4.94,0.97,0.00,1.00,0.00
377739,formula_composition,formula,1,1,4.46,0.73,0.00,1.00,0.00
377741,hydration_nourishment,performance,2,2,4.89,0.95,0.00,1.00,0.00
377741,application,sensory,1,1,4.94,0.97,0.00,1.00,0.00
377741,effectiveness,performance,1,1,4.76,0.88,0.00,1.00,0.00
377741,formula_composition,formula,1,1,4.76,0.88,0.00,1.00,0.00
377741,scent,sensory,1,1,4.94,0.97,0.00,1.00,0.00
377741,skin_tolerance,performance,1,1,4.78,0.89,0.00,1.00,0.00
377743,hydration_nourishment,performance,2,2,4.81,0.90,0.00,1.00,0.00
377743,effectiveness,performance,1,1,4.07,0.54,0.00,1.00,0.00
377743,pore_clogging,performance,1,1,4.60,0.80,0.00,1.00,1.00
377743,scent,sensory,1,1,4.66,0.83,0.00,1.00,0.00
377743,skin_tolerance,performance,1,1,4.60,0.80,0.00,1.00,1.00
378766,effectiveness,performance,4,4,4.70,0.85,0.00,1.00,0.00
378766,texture_consistency,sensory,3,3,2.77,-0.12,0.67,0.33,0.33
378766,application,sensory,2,2,4.49,0.74,0.00,1.00,0.00
378766,skin_tolerance,performance,2,2,4.60,0.80,0.00,1.00,1.00
378766,absorption_finish,sensory,1,1,4.64,0.82,0.00,1.00,0.00
378766,formula_composition,formula,1,1,4.86,0.93,0.00,1.00,0.00
378766,hydration_nourishment,performance,1,1,4.87,0.94,0.00,1.00,0.00
378766,packaging,packaging,1,1,4.48,0.74,0.00,1.00,0.00
378767,application,sensory,6,6,4.63,0.81,0.00,1.00,0.00
378767,hydration_nourishment,performance,5,5,4.75,0.87,0.00,1.00,0.00
378767,effectiveness,performance,3,3,4.43,0.72,0.00,1.00,0.67
378767,skin_tolerance,performance,2,2,4.57,0.79,0.00,1.00,0.00
378767,texture_consistency,sensory,2,2,4.35,0.68,0.00,1.00,0.00
378767,absorption_finish,sensory,1,1,4.60,0.80,0.00,1.00,1.00
378767,formula_composition,formula,1,1,4.86,0.93,0.00,1.00,0.00
378767,pore_clogging,performance,1,1,4.60,0.80,0.00,1.00,1.00
378767,scent,sensory,1,1,4.10,0.55,0.00,1.00,0.00
378779,application,sensory,2,2,4.70,0.85,0.00,1.00,0.50
378779,hydration_nourishment,performance,2,2,4.83,0.92,0.00,1.00,0.00
378779,packaging,packaging,2,2,4.62,0.81,0.00,1.00,0.00
378779,price_value,economic,2,2,4.82,0.91,0.00,1.00,0.00
378779,formula_composition,formula,1,1,4.90,0.95,0.00,1.00,0.00
378779,skin_tolerance,performance,1,1,4.60,0.80,0.00,1.00,1.00
378833,effectiveness,performance,5,5,4.66,0.83,0.00,1.00,0.00
378833,hydration_nourishment,performance,5,4,4.72,0.86,0.00,1.00,0.00
378833,application,sensory,2,2,4.65,0.82,0.00,1.00,0.00
378833,packaging,packaging,1,1,4.48,0.74,0.00,1.00,0.00
378833,texture_consistency,sensory,1,1,4.38,0.69,0.00,1.00,0.00
378834,effectiveness,performance,5,5,4.70,0.85,0.00,1.00,0.40
378834,formula_composition,formula,2,2,4.89,0.95,0.00,1.00,0.00
378834,application,sensory,1,1,4.88,0.94,0.00,1.00,0.00
378834,hydration_nourishment,performance,1,1,4.82,0.91,0.00,1.00,0.00
378834,packaging,packaging,1,1,3.82,0.41,0.00,1.00,0.00
378834,price_value,economic,1,1,4.75,0.88,0.00,1.00,0.00
378834,skin_tolerance,performance,1,1,4.85,0.92,0.00,1.00,0.00
378834,texture_consistency,sensory,1,1,4.91,0.96,0.00,1.00,0.00
378838,application,sensory,4,4,4.65,0.83,0.00,1.00,0.00
378838,effectiveness,performance,3,3,4.71,0.86,0.00,1.00,0.00
378838,hydration_nourishment,performance,2,2,4.94,0.97,0.00,1.00,0.00
378838,texture_consistency,sensory,2,2,3.16,0.08,0.50,0.50,0.50
378838,formula_composition,formula,1,1,4.91,0.96,0.00,1.00,0.00
378838,packaging,packaging,1,1,4.71,0.85,0.00,1.00,0.00
378838,pore_clogging,performance,1,1,4.60,0.80,0.00,1.00,1.00
378838,skin_tolerance,performance,1,1,4.61,0.81,0.00,1.00,0.00
379014,cleansing_makeup_removal,performance,2,2,4.72,0.86,0.00,1.00,0.00
379014,hydration_nourishment,performance,1,1,4.91,0.96,0.00,1.00,0.00
379014,packaging,packaging,1,1,4.53,0.77,0.00,1.00,0.00
379014,scent,sensory,1,1,4.91,0.96,0.00,1.00,0.00
379070,effectiveness,performance,3,3,4.37,0.68,0.00,0.67,0.00
379070,hydration_nourishment,performance,3,3,4.82,0.91,0.00,1.00,0.00
379070,scent,sensory,2,2,4.73,0.86,0.00,1.00,0.00
379070,efficiency,economic,1,1,4.15,0.58,0.00,1.00,0.00
379070,formula_composition,formula,1,1,4.90,0.95,0.00,1.00,0.00
379120,effectiveness,performance,4,3,4.10,0.55,0.33,0.67,0.00
379120,skin_tolerance,performance,2,2,3.79,0.40,0.50,0.50,0.00
379120,cleansing_makeup_removal,performance,1,1,3.74,0.37,0.00,0.00,0.00
379120,hydration_nourishment,performance,1,1,4.60,0.80,0.00,1.00,1.00
379182,skin_tolerance,performance,2,2,4.60,0.80,0.00,1.00,1.00
379182,texture_consistency,sensory,1,1,3.70,0.35,0.00,0.00,0.00
379184,absorption_finish,sensory,6,4,4.58,0.79,0.00,1.00,0.25
379184,hydration_nourishment,performance,4,4,4.78,0.89,0.00,1.00,0.00
379184,effectiveness,performance,2,2,4.68,0.84,0.00,1.00,0.50
379184,texture_consistency,sensory,2,2,2.79,-0.10,0.50,0.50,0.50
379184,cleansing_makeup_removal,performance,1,1,4.88,0.94,0.00,1.00,0.00
379184,price_value,economic,1,1,4.73,0.86,0.00,1.00,0.00
379184,skin_tolerance,performance,1,1,2.94,-0.03,1.00,0.00,0.00
379435,hydration_nourishment,performance,3,3,4.77,0.89,0.00,1.00,0.00
379435,price_value,economic,3,2,4.29,0.64,0.00,1.00,0.00
379435,absorption_finish,sensory,1,1,4.80,0.90,0.00,1.00,0.00
379435,scent,sensory,1,1,4.95,0.98,0.00,1.00,0.00
379436,hydration_nourishment,performance,2,2,4.93,0.96,0.00,1.00,0.00
379437,skin_tolerance,performance,4,4,4.27,0.64,0.00,0.50,0.25
379437,effectiveness,performance,3,3,3.47,0.24,0.33,0.33,0.00
379437,hydration_nourishment,performance,2,2,3.86,0.43,0.00,0.50,0.00
379437,absorption_finish,sensory,1,1,3.47,0.23,0.00,0.00,0.00
379788,cleansing_makeup_removal,performance,3,3,4.54,0.77,0.00,1.00,0.00
379788,effectiveness,performance,1,1,4.86,0.93,0.00,1.00,0.00
379788,hydration_nourishment,performance,1,1,4.08,0.54,0.00,1.00,0.00
379788,scent,sensory,1,1,3.95,0.47,0.00,1.00,0.00
379788,skin_tolerance,performance,1,1,4.60,0.80,0.00,1.00,1.00
380426,effectiveness,performance,2,2,4.60,0.80,0.00,1.00,1.00
380426,price_value,economic,1,1,4.65,0.83,0.00,1.00,0.00
381008,effectiveness,performance,2,2,4.88,0.94,0.00,1.00,0.00
381008,absorption_finish,sensory,1,1,4.55,0.77,0.00,1.00,0.00
381008,hydration_nourishment,performance,1,1,4.88,0.94,0.00,1.00,0.00
381008,scent,sensory,1,1,4.73,0.87,0.00,1.00,0.00
381009,hydration_nourishment,performance,4,4,4.86,0.93,0.00,1.00,0.00
381009,scent,sensory,2,2,4.00,0.50,0.50,0.50,0.00
381011,effectiveness,performance,3,3,4.84,0.92,0.00,1.00,0.00
381011,hydration_nourishment,performance,3,3,4.74,0.87,0.00,1.00,0.00
381011,absorption_finish,sensory,1,1,4.92,0.96,0.00,1.00,0.00
381011,formula_composition,formula,1,1,4.79,0.89,0.00,1.00,0.00
381011,skin_tolerance,performance,1,1,4.60,0.80,0.00,1.00,1.00
381174,effectiveness,performance,1,1,4.83,0.91,0.00,1.00,0.00
381202,hydration_nourishment,performance,3,3,4.85,0.92,0.00,1.00,0.00
381202,effectiveness,performance,1,1,4.88,0.94,0.00,1.00,0.00
381202,skin_tolerance,performance,1,1,4.60,0.80,0.00,1.00,1.00
381202,texture_consistency,sensory,1,1,4.69,0.85,0.00,1.00,0.00
381203,formula_composition,formula,1,1,3.93,0.47,0.00,1.00,0.00
381207,hydration_nourishment,performance,1,1,4.94,0.97,0.00,1.00,0.00
381230,hydration_nourishment,performance,5,5,4.79,0.89,0.00,1.00,0.00
381230,effectiveness,performance,3,3,3.78,0.39,0.33,0.33,0.00
381351,effectiveness,performance,6,6,4.80,0.90,0.00,1.00,0.00
381351,hydration_nourishment,performance,5,5,4.81,0.90,0.00,1.00,0.00
381351,application,sensory,4,4,4.74,0.87,0.00,1.00,0.00
381351,texture_consistency,sensory,3,3,4.78,0.89,0.00,1.00,0.00
381351,absorption_finish,sensory,2,2,4.74,0.87,0.00,1.00,0.50
381351,formula_composition,formula,2,2,4.73,0.86,0.00,1.00,0.00
381351,cleansing_makeup_removal,performance,1,1,4.57,0.79,0.00,1.00,0.00
381351,efficiency,economic,1,1,4.79,0.90,0.00,1.00,0.00
381351,packaging,packaging,1,1,4.65,0.83,0.00,1.00,0.00
381351,pore_clogging,performance,1,1,4.60,0.80,0.00,1.00,1.00
381351,price_value,economic,1,1,4.61,0.81,0.00,1.00,0.00
381352,application,sensory,5,4,4.66,0.83,0.00,1.00,0.00
381352,texture_consistency,sensory,4,4,3.88,0.44,0.25,0.75,0.00
381352,scent,sensory,3,3,4.55,0.78,0.00,1.00,0.00
381352,absorption_finish,sensory,2,2,4.66,0.83,0.00,1.00,0.50
381352,effectiveness,performance,2,2,4.80,0.90,0.00,1.00,0.00
381352,hydration_nourishment,performance,2,2,4.82,0.91,0.00,1.00,0.00
381352,formula_composition,formula,1,1,4.44,0.72,0.00,1.00,0.00
381352,packaging,packaging,1,1,4.53,0.77,0.00,1.00,0.00
381352,pore_clogging,performance,1,1,4.60,0.80,0.00,1.00,1.00
381360,application,sensory,5,5,4.36,0.68,0.00,0.80,0.00
381360,absorption_finish,sensory,3,3,4.57,0.78,0.00,1.00,0.67
381360,effectiveness,performance,3,3,4.21,0.61,0.00,0.67,0.00
381360,packaging,packaging,2,2,4.02,0.51,0.00,0.50,0.00
381360,texture_consistency,sensory,2,2,3.11,0.05,0.50,0.50,0.50
381360,cleansing_makeup_removal,performance,1,1,4.31,0.66,0.00,1.00,0.00
381360,efficiency,economic,1,1,4.71,0.85,0.00,1.00,0.00
381360,formula_composition,formula,1,1,4.82,0.91,0.00,1.00,0.00
381360,scent,sensory,1,1,4.50,0.75,0.00,1.00,0.00
381360,skin_tolerance,performance,1,1,4.60,0.80,0.00,1.00,1.00
381361,effectiveness,performance,5,4,4.44,0.72,0.00,1.00,0.00
381361,absorption_finish,sensory,1,1,4.74,0.87,0.00,1.00,0.00
381361,efficiency,economic,1,1,4.16,0.58,0.00,1.00,0.00
381361,scent,sensory,1,1,4.16,0.58,0.00,1.00,0.00
381392,effectiveness,performance,4,3,4.76,0.88,0.00,1.00,0.17
381392,formula_composition,formula,3,3,4.77,0.88,0.00,1.00,0.00
381392,texture_consistency,sensory,3,3,4.77,0.88,0.00,1.00,0.00
381392,application,sensory,1,1,4.78,0.89,0.00,1.00,0.00
381392,hydration_nourishment,performance,1,1,4.74,0.87,0.00,1.00,0.00
381392,pore_clogging,performance,1,1,4.60,0.80,0.00,1.00,1.00
381392,skin_tolerance,performance,1,1,4.60,0.80,0.00,1.00,1.00
381393,effectiveness,performance,5,4,4.69,0.84,0.00,1.00,0.12
381393,texture_consistency,sensory,5,3,4.69,0.85,0.00,1.00,0.00
381393,application,sensory,4,4,4.55,0.78,0.00,1.00,0.00
381393,formula_composition,formula,3,3,4.79,0.89,0.00,1.00,0.00
381393,cleansing_makeup_removal,performance,2,2,4.51,0.75,0.00,1.00,0.00
381393,absorption_finish,sensory,1,1,4.60,0.80,0.00,1.00,1.00
381393,price_value,economic,1,1,4.65,0.82,0.00,1.00,0.00
381393,scent,sensory,1,1,4.10,0.55,0.00,1.00,0.00
381436,hydration_nourishment,performance,5,4,4.72,0.86,0.00,1.00,0.00
381436,application,sensory,4,3,4.53,0.77,0.00,1.00,0.00
381436,effectiveness,performance,2,2,4.93,0.96,0.00,1.00,0.00
381436,texture_consistency,sensory,2,2,4.72,0.86,0.00,1.00,0.00
381436,absorption_finish,sensory,1,1,4.77,0.88,0.00,1.00,0.00
381436,efficiency,economic,1,1,4.63,0.81,0.00,1.00,0.00
381436,formula_composition,formula,1,1,4.76,0.88,0.00,1.00,0.00
381436,packaging,packaging,1,1,3.77,0.39,0.00,0.00,0.00
381436,pore_clogging,performance,1,1,4.60,0.80,0.00,1.00,1.00
381436,scent,sensory,1,1,4.77,0.88,0.00,1.00,0.00
381436,skin_tolerance,performance,1,1,3.74,0.37,0.00,0.00,0.00
381437,effectiveness,performance,3,3,4.09,0.54,0.33,0.67,0.00
381437,scent,sensory,3,3,4.59,0.79,0.00,1.00,0.00
381437,texture_consistency,sensory,3,3,4.59,0.79,0.00,1.00,0.00
381437,absorption_finish,sensory,2,2,4.61,0.81,0.00,1.00,0.00
381437,skin_tolerance,performance,2,2,4.60,0.80,0.00,1.00,1.00
381437,application,sensory,1,1,4.91,0.96,0.00,1.00,0.00
381437,hydration_nourishment,performance,1,1,4.61,0.80,0.00,1.00,0.00
381476,absorption_finish,sensory,3,3,4.85,0.92,0.00,1.00,0.00
381476,effectiveness,performance,3,3,4.59,0.80,0.00,1.00,0.00
381476,skin_tolerance,performance,2,2,4.60,0.80,0.00,1.00,1.00
381476,texture_consistency,sensory,1,1,4.90,0.95,0.00,1.00,0.00
381949,hydration_nourishment,performance,5,5,4.80,0.90,0.00,1.00,0.00
381949,application,sensory,4,4,4.78,0.89,0.00,1.00,0.00
381949,texture_consistency,sensory,4,4,2.69,-0.15,0.50,0.25,0.50
381949,effectiveness,performance,3,3,4.64,0.82,0.00,1.00,0.33
381949,price_value,economic,1,1,4.89,0.95,0.00,1.00,0.00
381949,scent,sensory,1,1,4.63,0.82,0.00,1.00,0.00
381952,cleansing_makeup_removal,performance,6,5,4.40,0.70,0.20,0.80,0.10
381952,skin_tolerance,performance,3,3,4.60,0.80,0.00,1.00,1.00
381952,efficiency,economic,2,2,3.18,0.09,0.50,0.50,0.50
381952,scent,sensory,2,2,4.64,0.82,0.00,1.00,0.00
381952,effectiveness,performance,1,1,2.84,-0.08,1.00,0.00,0.00
381952,packaging,packaging,1,1,3.97,0.48,0.00,1.00,0.00
381952,price_value,economic,1,1,2.67,-0.17,1.00,0.00,0.00
382392,application,sensory,1,1,4.88,0.94,0.00,1.00,0.00
382392,cleansing_makeup_removal,performance,1,1,4.88,0.94,0.00,1.00,0.00
382392,effectiveness,performance,1,1,4.86,0.93,0.00,1.00,0.00
382392,hydration_nourishment,performance,1,1,4.93,0.97,0.00,1.00,0.00
382392,price_value,economic,1,1,4.57,0.78,0.00,1.00,0.00
382809,cleansing_makeup_removal,performance,7,6,4.43,0.72,0.00,0.83,0.00
382809,effectiveness,performance,2,2,4.54,0.77,0.00,1.00,0.00
382809,efficiency,economic,2,2,4.22,0.61,0.00,0.50,0.00
382809,price_value,economic,1,1,4.97,0.98,0.00,1.00,0.00
382809,scent,sensory,1,1,4.84,0.92,0.00,1.00,0.00
382809,skin_tolerance,performance,1,1,4.60,0.80,0.00,1.00,1.00
383002,hydration_nourishment,performance,3,3,4.55,0.78,0.00,1.00,0.00
383002,effectiveness,performance,2,2,4.19,0.59,0.00,1.00,0.00
383002,price_value,economic,1,1,4.76,0.88,0.00,1.00,0.00
383002,skin_tolerance,performance,1,1,4.60,0.80,0.00,1.00,1.00
383003,price_value,economic,2,2,4.83,0.91,0.00,1.00,0.00
383003,texture_consistency,sensory,2,2,4.25,0.62,0.00,0.50,0.00
383003,hydration_nourishment,performance,1,1,4.75,0.88,0.00,1.00,0.00
383003,packaging,packaging,1,1,4.81,0.91,0.00,1.00,0.00
383006,hydration_nourishment,performance,3,3,4.90,0.95,0.00,1.00,0.00
383006,effectiveness,performance,1,1,2.75,-0.13,1.00,0.00,0.00
383006,packaging,packaging,1,1,2.75,-0.13,1.00,0.00,0.00
383621,effectiveness,performance,5,5,4.67,0.83,0.00,1.00,0.20
383621,hydration_nourishment,performance,2,2,3.90,0.45,0.50,0.50,0.00
383621,absorption_finish,sensory,1,1,4.85,0.92,0.00,1.00,0.00
383621,application,sensory,1,1,4.46,0.73,0.00,1.00,0.00
383621,efficiency,economic,1,1,4.46,0.73,0.00,1.00,0.00
383621,formula_composition,formula,1,1,4.51,0.76,0.00,1.00,0.00
385727,cleansing_makeup_removal,performance,7,6,3.80,0.40,0.33,0.67,0.08
385727,skin_tolerance,performance,4,3,1.65,-0.67,1.00,0.00,0.83
385727,price_value,economic,2,2,4.83,0.92,0.00,1.00,0.00
385727,effectiveness,performance,1,1,4.59,0.79,0.00,1.00,0.00
385728,cleansing_makeup_removal,performance,4,4,4.22,0.61,0.25,0.75,0.00
385728,skin_tolerance,performance,2,2,4.60,0.80,0.00,1.00,1.00
385728,formula_composition,formula,1,1,4.91,0.96,0.00,1.00,0.00
385729,effectiveness,performance,2,2,4.76,0.88,0.00,1.00,0.50
385729,price_value,economic,2,2,4.71,0.85,0.00,1.00,0.00
385729,packaging,packaging,1,1,4.72,0.86,0.00,1.00,0.00
385729,skin_tolerance,performance,1,1,4.60,0.80,0.00,1.00,1.00
385729,texture_consistency,sensory,1,1,1.40,-0.80,1.00,0.00,1.00
385730,effectiveness,performance,3,3,4.71,0.86,0.00,1.00,0.00
385730,cleansing_makeup_removal,performance,2,2,4.84,0.92,0.00,1.00,0.00
385730,application,sensory,1,1,3.67,0.33,0.00,0.00,0.00
385730,formula_composition,formula,1,1,4.61,0.81,0.00,1.00,0.00
385730,skin_tolerance,performance,1,1,4.60,0.80,0.00,1.00,1.00
385731,cleansing_makeup_removal,performance,2,2,4.57,0.78,0.00,1.00,0.00
385731,effectiveness,performance,1,1,4.84,0.92,0.00,1.00,0.00
385731,formula_composition,formula,1,1,4.92,0.96,0.00,1.00,0.00
385731,hydration_nourishment,performance,1,1,4.76,0.88,0.00,1.00,0.00
385731,price_value,economic,1,1,4.63,0.81,0.00,1.00,0.00
385731,texture_consistency,sensory,1,1,4.19,0.59,0.00,1.00,0.00
385732,hydration_nourishment,performance,3,3,4.91,0.95,0.00,1.00,0.00
385732,application,sensory,1,1,4.88,0.94,0.00,1.00,0.00
385733,application,sensory,3,3,4.74,0.87,0.00,1.00,0.00
385733,hydration_nourishment,performance,3,3,4.92,0.96,0.00,1.00,0.00
385733,absorption_finish,sensory,2,2,4.18,0.59,0.00,0.50,0.00
385733,scent,sensory,2,2,4.52,0.76,0.00,1.00,0.00
385733,effectiveness,performance,1,1,4.90,0.95,0.00,1.00,0.00
385733,efficiency,economic,1,1,4.78,0.89,0.00,1.00,0.00
385733,formula_composition,formula,1,1,4.61,0.81,0.00,1.00,0.00
385733,price_value,economic,1,1,4.61,0.81,0.00,1.00,0.00
385734,effectiveness,performance,2,1,4.72,0.86,0.00,1.00,0.00
385734,absorption_finish,sensory,1,1,4.64,0.82,0.00,1.00,0.00
385734,application,sensory,1,1,4.80,0.90,0.00,1.00,0.00
385734,formula_composition,formula,1,1,4.81,0.90,0.00,1.00,0.00
385734,packaging,packaging,1,1,4.80,0.90,0.00,1.00,0.00
385734,price_value,economic,1,1,4.42,0.71,0.00,1.00,0.00
385737,absorption_finish,sensory,3,3,4.41,0.71,0.00,1.00,0.00
385737,price_value,economic,3,3,4.52,0.76,0.00,1.00,0.00
385737,effectiveness,performance,2,2,4.20,0.60,0.00,0.50,0.00
385737,hydration_nourishment,performance,2,2,3.78,0.39,0.50,0.50,0.00
385737,application,sensory,1,1,4.95,0.97,0.00,1.00,0.00
385737,scent,sensory,1,1,3.11,0.06,1.00,0.00,0.00
385737,texture_consistency,sensory,1,1,4.64,0.82,0.00,1.00,0.00
385738,application,sensory,4,4,4.79,0.89,0.00,1.00,0.00
385738,hydration_nourishment,performance,3,3,4.61,0.80,0.00,1.00,0.00
385738,packaging,packaging,1,1,4.85,0.92,0.00,1.00,0.00
385738,price_value,economic,1,1,4.85,0.92,0.00,1.00,0.00
385738,skin_tolerance,performance,1,1,4.60,0.80,0.00,1.00,1.00
385739,hydration_nourishment,performance,4,3,4.64,0.82,0.00,1.00,0.00
385739,skin_tolerance,performance,2,2,4.58,0.79,0.00,1.00,0.50
385739,application,sensory,1,1,4.56,0.78,0.00,1.00,0.00
385739,effectiveness,performance,1,1,4.60,0.80,0.00,1.00,1.00
385742,hydration_nourishment,performance,2,2,4.87,0.93,0.00,1.00,0.00
385742,price_value,economic,2,2,4.78,0.89,0.00,1.00,0.00
385742,absorption_finish,sensory,1,1,4.83,0.92,0.00,1.00,0.00
385742,application,sensory,1,1,4.90,0.95,0.00,1.00,0.00
385743,effectiveness,performance,2,2,4.74,0.87,0.00,1.00,0.00
385743,hydration_nourishment,performance,2,2,4.79,0.89,0.00,1.00,0.00
385743,absorption_finish,sensory,1,1,4.86,0.93,0.00,1.00,0.00
385743,formula_composition,formula,1,1,4.77,0.89,0.00,1.00,0.00
385743,price_value,economic,1,1,4.48,0.74,0.00,1.00,0.00
385744,hydration_nourishment,performance,3,3,4.84,0.92,0.00,1.00,0.00
385744,application,sensory,2,2,4.65,0.83,0.00,1.00,0.00
385744,effectiveness,performance,2,2,4.61,0.80,0.00,1.00,0.00
385744,packaging,packaging,2,2,4.66,0.83,0.00,1.00,0.00
385744,texture_consistency,sensory,2,2,4.60,0.80,0.00,1.00,0.00
385744,absorption_finish,sensory,1,1,4.60,0.80,0.00,1.00,1.00
385744,cleansing_makeup_removal,performance,1,1,4.93,0.96,0.00,1.00,0.00
385744,formula_composition,formula,1,1,4.69,0.84,0.00,1.00,0.00
385744,skin_tolerance,performance,1,1,4.60,0.80,0.00,1.00,1.00
385745,effectiveness,performance,5,3,4.27,0.64,0.00,0.67,0.00
385745,texture_consistency,sensory,3,3,3.62,0.31,0.33,0.67,0.33
385745,absorption_finish,sensory,1,1,4.78,0.89,0.00,1.00,0.00
385745,application,sensory,1,1,4.82,0.91,0.00,1.00,0.00
385745,efficiency,economic,1,1,3.72,0.36,0.00,0.00,0.00
385745,formula_composition,formula,1,1,4.63,0.81,0.00,1.00,0.00
385745,price_value,economic,1,1,4.63,0.81,0.00,1.00,0.00
385745,scent,sensory,1,1,4.63,0.81,0.00,1.00,0.00
385746,hydration_nourishment,performance,4,3,4.93,0.96,0.00,1.00,0.00
385746,absorption_finish,sensory,3,3,3.96,0.48,0.33,0.67,0.00
385746,application,sensory,2,2,3.45,0.23,0.50,0.50,0.00
385746,effectiveness,performance,2,2,3.81,0.40,0.00,0.50,0.00
385746,price_value,economic,2,2,4.70,0.85,0.00,1.00,0.00
385746,cleansing_makeup_removal,performance,1,1,3.73,0.37,0.00,0.00,0.00
385746,scent,sensory,1,1,4.44,0.72,0.00,1.00,0.00
385746,texture_consistency,sensory,1,1,3.73,0.37,0.00,0.00,0.00
385761,effectiveness,performance,2,2,4.38,0.69,0.00,1.00,0.00
385761,hydration_nourishment,performance,2,2,4.95,0.98,0.00,1.00,0.00
385761,absorption_finish,sensory,1,1,4.78,0.89,0.00,1.00,0.00
385761,cleansing_makeup_removal,performance,1,1,4.78,0.89,0.00,1.00,0.00
385761,price_value,economic,1,1,4.30,0.65,0.00,1.00,0.00
385762,absorption_finish,sensory,5,5,4.77,0.88,0.00,1.00,0.40
385762,application,sensory,4,4,4.78,0.89,0.00,1.00,0.00
385762,effectiveness,performance,2,2,3.68,0.34,0.50,0.50,0.00
385762,skin_tolerance,performance,2,2,4.43,0.71,0.00,1.00,0.50
385762,texture_consistency,sensory,2,2,4.66,0.83,0.00,1.00,0.00
385762,hydration_nourishment,performance,1,1,4.92,0.96,0.00,1.00,0.00
385762,packaging,packaging,1,1,4.76,0.88,0.00,1.00,0.00
385762,price_value,economic,1,1,4.89,0.95,0.00,1.00,0.00
385764,formula_composition,formula,1,1,4.35,0.68,0.00,1.00,0.00
385764,scent,sensory,1,1,4.79,0.89,0.00,1.00,0.00
385764,texture_consistency,sensory,1,1,1.40,-0.80,1.00,0.00,1.00
385765,cleansing_makeup_removal,performance,1,1,4.98,0.99,0.00,1.00,0.00
385765,hydration_nourishment,performance,1,1,4.56,0.78,0.00,1.00,0.00
385765,skin_tolerance,performance,1,1,4.60,0.80,0.00,1.00,1.00
385765,texture_consistency,sensory,1,1,1.40,-0.80,1.00,0.00,1.00
385766,effectiveness,performance,2,2,3.34,0.17,0.50,0.50,0.00
385766,cleansing_makeup_removal,performance,1,1,4.84,0.92,0.00,1.00,0.00
385766,scent,sensory,1,1,4.94,0.97,0.00,1.00,0.00
385766,skin_tolerance,performance,1,1,4.88,0.94,0.00,1.00,0.00
385767,price_value,economic,2,2,4.80,0.90,0.00,1.00,0.00
385767,scent,sensory,2,2,4.57,0.79,0.00,1.00,0.00
385767,skin_tolerance,performance,2,2,4.60,0.80,0.00,1.00,1.00
385767,formula_composition,formula,1,1,4.36,0.68,0.00,1.00,0.00
385767,texture_consistency,sensory,1,1,4.36,0.68,0.00,1.00,0.00
385770,cleansing_makeup_removal,performance,4,4,4.29,0.65,0.00,0.75,0.00
385770,efficiency,economic,1,1,1.40,-0.80,1.00,0.00,1.00
385770,price_value,economic,1,1,4.81,0.90,0.00,1.00,0.00
385770,skin_tolerance,performance,1,1,4.60,0.80,0.00,1.00,1.00
385770,texture_consistency,sensory,1,1,1.40,-0.80,1.00,0.00,1.00
385779,hydration_nourishment,performance,3,3,4.40,0.70,0.00,0.67,0.00
385779,texture_consistency,sensory,1,1,1.40,-0.80,1.00,0.00,1.00
385783,absorption_finish,sensory,1,1,4.71,0.85,0.00,1.00,0.00
385783,application,sensory,1,1,4.62,0.81,0.00,1.00,0.00
385783,hydration_nourishment,performance,1,1,4.93,0.97,0.00,1.00,0.00
385784,effectiveness,performance,4,4,3.56,0.28,0.50,0.50,0.00
385784,texture_consistency,sensory,2,2,4.63,0.81,0.00,1.00,0.00
385784,efficiency,economic,1,1,4.39,0.70,0.00,1.00,0.00
385784,hydration_nourishment,performance,1,1,3.45,0.23,0.00,0.00,0.00
385784,price_value,economic,1,1,4.38,0.69,0.00,1.00,0.00
385785,effectiveness,performance,2,2,4.70,0.85,0.00,1.00,0.50
385785,hydration_nourishment,performance,2,2,4.82,0.91,0.00,1.00,0.00
385785,price_value,economic,2,2,4.57,0.79,0.00,1.00,0.00
385790,effectiveness,performance,3,3,2.94,-0.03,0.67,0.33,0.33
385790,price_value,economic,3,3,4.85,0.92,0.00,1.00,0.00
385790,application,sensory,2,2,4.84,0.92,0.00,1.00,0.00
385790,efficiency,economic,1,1,4.87,0.93,0.00,1.00,0.00
385791,skin_tolerance,performance,3,3,4.60,0.80,0.00,1.00,1.00
385791,texture_consistency,sensory,3,3,4.63,0.81,0.00,1.00,0.00
385791,absorption_finish,sensory,2,2,4.68,0.84,0.00,1.00,0.00
385791,application,sensory,2,2,4.50,0.75,0.00,1.00,0.00
385791,effectiveness,performance,2,2,4.24,0.62,0.00,0.50,0.00
385791,efficiency,economic,1,1,4.14,0.57,0.00,1.00,0.00
385791,hydration_nourishment,performance,1,1,4.87,0.93,0.00,1.00,0.00
385791,price_value,economic,1,1,4.53,0.76,0.00,1.00,0.00
385792,absorption_finish,sensory,2,2,4.52,0.76,0.00,1.00,0.00
385792,application,sensory,1,1,4.74,0.87,0.00,1.00,0.00
385792,formula_composition,formula,1,1,4.67,0.83,0.00,1.00,0.00
385792,scent,sensory,1,1,4.75,0.88,0.00,1.00,0.00
385792,skin_tolerance,performance,1,1,4.60,0.80,0.00,1.00,1.00
385793,hydration_nourishment,performance,4,4,4.73,0.87,0.00,1.00,0.00
385793,application,sensory,1,1,4.46,0.73,0.00,1.00,0.00
385793,effectiveness,performance,1,1,4.79,0.89,0.00,1.00,0.00
385793,packaging,packaging,1,1,4.46,0.73,0.00,1.00,0.00
385793,texture_consistency,sensory,1,1,1.40,-0.80,1.00,0.00,1.00
385794,packaging,packaging,1,1,4.08,0.54,0.00,1.00,0.00
385794,skin_tolerance,performance,1,1,4.83,0.91,0.00,1.00,0.00
390155,texture_consistency,sensory,3,3,3.62,0.31,0.33,0.67,0.33
390155,application,sensory,2,2,4.61,0.81,0.00,1.00,0.00
390155,effectiveness,performance,1,1,4.75,0.87,0.00,1.00,0.00
390155,pore_clogging,performance,1,1,4.60,0.80,0.00,1.00,1.00
390155,scent,sensory,1,1,4.60,0.80,0.00,1.00,0.00
390185,application,sensory,2,2,4.67,0.84,0.00,1.00,0.00
390185,effectiveness,performance,2,2,4.67,0.83,0.00,1.00,0.00
390185,hydration_nourishment,performance,2,2,4.92,0.96,0.00,1.00,0.00
390185,packaging,packaging,2,2,4.53,0.77,0.00,1.00,0.00
390185,texture_consistency,sensory,2,2,4.70,0.85,0.00,1.00,0.00
390185,formula_composition,formula,1,1,4.49,0.75,0.00,1.00,0.00
390185,pore_clogging,performance,1,1,4.60,0.80,0.00,1.00,1.00
390186,application,sensory,5,5,4.68,0.84,0.00,1.00,0.00
390186,effectiveness,performance,3,3,4.63,0.81,0.00,1.00,0.67
390186,absorption_finish,sensory,2,2,4.87,0.93,0.00,1.00,0.00
390186,cleansing_makeup_removal,performance,2,2,4.80,0.90,0.00,1.00,0.00
390186,texture_consistency,sensory,2,2,4.70,0.85,0.00,1.00,0.00
390186,efficiency,economic,1,1,4.92,0.96,0.00,1.00,0.00
390186,formula_composition,formula,1,1,4.79,0.90,0.00,1.00,0.00
390186,hydration_nourishment,performance,1,1,4.82,0.91,0.00,1.00,0.00
390186,pore_clogging,performance,1,1,1.40,-0.80,1.00,0.00,1.00
390186,scent,sensory,1,1,4.74,0.87,0.00,1.00,0.00
390186,skin_tolerance,performance,1,1,4.74,0.87,0.00,1.00,0.00
390187,effectiveness,performance,4,4,4.19,0.59,0.25,0.75,0.00
390187,hydration_nourishment,performance,3,3,4.73,0.87,0.00,1.00,0.00
390187,application,sensory,2,2,4.62,0.81,0.00,1.00,0.00
390187,packaging,packaging,2,2,4.75,0.87,0.00,1.00,0.00
390187,skin_tolerance,performance,2,2,4.67,0.84,0.00,1.00,0.50
390187,texture_consistency,sensory,2,2,4.45,0.72,0.00,1.00,0.00
390187,absorption_finish,sensory,1,1,4.60,0.80,0.00,1.00,1.00
390187,cleansing_makeup_removal,performance,1,1,4.74,0.87,0.00,1.00,0.00
390187,price_value,economic,1,1,4.68,0.84,0.00,1.00,0.00
390188,effectiveness,performance,1,1,4.42,0.71,0.00,1.00,0.00
390188,efficiency,economic,1,1,4.31,0.65,0.00,1.00,0.00
390188,hydration_nourishment,performance,1,1,4.97,0.99,0.00,1.00,0.00
390188,scent,sensory,1,1,4.55,0.77,0.00,1.00,0.00
390188,texture_consistency,sensory,1,1,1.40,-0.80,1.00,0.00,1.00
390442,effectiveness,performance,4,4,4.82,0.91,0.00,1.00,0.25
390442,absorption_finish,sensory,2,2,4.77,0.88,0.00,1.00,0.00
390442,efficiency,economic,2,2,4.85,0.92,0.00,1.00,0.00
390442,formula_composition,formula,2,2,4.81,0.90,0.00,1.00,0.00
390442,hydration_nourishment,performance,2,2,4.94,0.97,0.00,1.00,0.00
390442,texture_consistency,sensory,2,2,3.08,0.04,0.50,0.50,0.50
390442,scent,sensory,1,1,4.83,0.92,0.00,1.00,0.00
390621,effectiveness,performance,3,3,3.97,0.49,0.00,0.67,0.00
390621,application,sensory,1,1,4.45,0.72,0.00,1.00,0.00
390621,skin_tolerance,performance,1,1,4.60,0.80,0.00,1.00,1.00
390627,effectiveness,performance,3,3,3.65,0.32,0.33,0.67,0.33
390627,pore_clogging,performance,1,1,4.60,0.80,0.00,1.00,1.00
390628,effectiveness,performance,5,4,4.07,0.53,0.25,0.75,0.00
390628,texture_consistency,sensory,4,3,3.60,0.30,0.33,0.67,0.33
390628,hydration_nourishment,performance,2,2,4.83,0.91,0.00,1.00,0.00
390628,absorption_finish,sensory,1,1,4.83,0.91,0.00,1.00,0.00
390628,price_value,economic,1,1,4.80,0.90,0.00,1.00,0.00
390628,scent,sensory,1,1,4.83,0.91,0.00,1.00,0.00
390628,skin_tolerance,performance,1,1,4.82,0.91,0.00,1.00,0.00
390632,effectiveness,performance,6,6,4.67,0.83,0.00,1.00,0.33
390632,hydration_nourishment,performance,3,3,4.79,0.89,0.00,1.00,0.00
390632,application,sensory,2,2,4.69,0.84,0.00,1.00,0.00
390632,formula_composition,formula,2,2,4.84,0.92,0.00,1.00,0.00
390632,texture_consistency,sensory,2,2,3.12,0.06,0.50,0.50,0.50
390632,cleansing_makeup_removal,performance,1,1,3.40,0.20,0.00,0.00,0.00
390632,efficiency,economic,1,1,4.63,0.82,0.00,1.00,0.00
390632,price_value,economic,1,1,4.86,0.93,0.00,1.00,0.00
390737,cleansing_makeup_removal,performance,4,4,4.78,0.89,0.00,1.00,0.00
390737,effectiveness,performance,2,2,4.76,0.88,0.00,1.00,0.00
390737,scent,sensory,2,2,4.61,0.80,0.00,1.00,0.00
390737,price_value,economic,1,1,4.73,0.87,0.00,1.00,0.00
390739,effectiveness,performance,3,3,4.70,0.85,0.00,1.00,0.00
390739,application,sensory,2,2,4.51,0.76,0.00,1.00,0.00
390739,absorption_finish,sensory,1,1,4.60,0.80,0.00,1.00,1.00
390739,formula_composition,formula,1,1,4.62,0.81,0.00,1.00,0.00
390739,hydration_nourishment,performance,1,1,4.92,0.96,0.00,1.00,0.00
390739,pore_clogging,performance,1,1,4.60,0.80,0.00,1.00,1.00
390739,skin_tolerance,performance,1,1,4.60,0.80,0.00,1.00,1.00
390739,texture_consistency,sensory,1,1,4.69,0.85,0.00,1.00,0.00
390740,hydration_nourishment,performance,3,2,4.35,0.68,0.00,1.00,0.00
390740,cleansing_makeup_removal,performance,1,1,4.58,0.79,0.00,1.00,0.00
390740,effectiveness,performance,1,1,4.81,0.90,0.00,1.00,0.00
390741,absorption_finish,sensory,2,2,4.74,0.87,0.00,1.00,0.00
390741,effectiveness,performance,2,2,3.84,0.42,0.50,0.50,0.00
390741,efficiency,economic,1,1,4.85,0.93,0.00,1.00,0.00
390741,hydration_nourishment,performance,1,1,3.02,0.01,1.00,0.00,0.00
390741,scent,sensory,1,1,4.53,0.76,0.00,1.00,0.00
390741,texture_consistency,sensory,1,1,4.53,0.76,0.00,1.00,0.00
390749,hydration_nourishment,performance,5,5,4.74,0.87,0.00,1.00,0.00
390749,absorption_finish,sensory,2,2,4.70,0.85,0.00,1.00,0.00
390749,cleansing_makeup_removal,performance,2,2,4.21,0.61,0.00,0.50,0.00
390749,skin_tolerance,performance,2,2,4.62,0.81,0.00,1.00,0.00
390749,effectiveness,performance,1,1,3.57,0.29,0.00,0.00,0.00
390749,formula_composition,formula,1,1,4.66,0.83,0.00,1.00,0.00
390749,packaging,packaging,1,1,3.49,0.25,0.00,0.00,0.00
390749,scent,sensory,1,1,4.17,0.58,0.00,1.00,0.00
390749,texture_consistency,sensory,1,1,4.54,0.77,0.00,1.00,0.00
393402,hydration_nourishment,performance,2,2,4.81,0.91,0.00,1.00,0.00
393402,absorption_finish,sensory,1,1,4.74,0.87,0.00,1.00,0.00
393402,effectiveness,performance,1,1,4.74,0.87,0.00,1.00,0.00
393402,texture_consistency,sensory,1,1,4.88,0.94,0.00,1.00,0.00
393504,effectiveness,performance,5,4,4.45,0.72,0.00,1.00,0.00
393504,hydration_nourishment,performance,4,4,4.60,0.80,0.00,1.00,0.00
393504,price_value,economic,2,2,3.74,0.37,0.50,0.50,0.00
393504,scent,sensory,2,2,3.86,0.43,0.00,0.50,0.00
393504,texture_consistency,sensory,2,2,4.35,0.68,0.00,1.00,0.00
393504,absorption_finish,sensory,1,1,4.60,0.80,0.00,1.00,1.00
393504,application,sensory,1,1,4.82,0.91,0.00,1.00,0.00
393506,effectiveness,performance,4,4,4.71,0.86,0.00,1.00,0.25
393506,skin_tolerance,performance,2,2,4.75,0.88,0.00,1.00,0.50
393506,texture_consistency,sensory,2,2,4.50,0.75,0.00,1.00,0.00
393506,absorption_finish,sensory,1,1,4.89,0.95,0.00,1.00,0.00
393506,application,sensory,1,1,4.68,0.84,0.00,1.00,0.00
393506,pore_clogging,performance,1,1,1.40,-0.80,1.00,0.00,1.00
393506,price_value,economic,1,1,4.62,0.81,0.00,1.00,0.00
393509,absorption_finish,sensory,4,4,4.71,0.86,0.00,1.00,0.00
393509,hydration_nourishment,performance,3,3,4.87,0.93,0.00,1.00,0.00
393509,effectiveness,performance,1,1,4.60,0.80,0.00,1.00,1.00
393509,packaging,packaging,1,1,4.79,0.90,0.00,1.00,0.00
393509,skin_tolerance,performance,1,1,4.60,0.80,0.00,1.00,1.00
393511,absorption_finish,sensory,1,1,4.87,0.94,0.00,1.00,0.00
393511,hydration_nourishment,performance,1,1,4.80,0.90,0.00,1.00,0.00
393514,absorption_finish,sensory,3,3,3.69,0.34,0.33,0.67,0.33
393514,hydration_nourishment,performance,3,3,4.89,0.95,0.00,1.00,0.00
393514,price_value,economic,2,1,4.06,0.53,0.00,1.00,0.00
393514,efficiency,economic,1,1,4.90,0.95,0.00,1.00,0.00
393514,formula_composition,formula,1,1,4.48,0.74,0.00,1.00,0.00
393514,skin_tolerance,performance,1,1,4.60,0.80,0.00,1.00,1.00
393514,texture_consistency,sensory,1,1,1.40,-0.80,1.00,0.00,1.00
393642,scent,sensory,2,2,4.65,0.82,0.00,1.00,0.00
393642,effectiveness,performance,1,1,4.85,0.93,0.00,1.00,0.00
393642,hydration_nourishment,performance,1,1,4.96,0.98,0.00,1.00,0.00
393642,price_value,economic,1,1,3.76,0.38,0.00,0.00,0.00
393642,texture_consistency,sensory,1,1,4.85,0.93,0.00,1.00,0.00
393643,hydration_nourishment,performance,2,2,4.91,0.96,0.00,1.00,0.00
393643,price_value,economic,1,1,4.50,0.75,0.00,1.00,0.00
393643,scent,sensory,1,1,4.92,0.96,0.00,1.00,0.00
393643,skin_tolerance,performance,1,1,4.60,0.80,0.00,1.00,1.00
393644,scent,sensory,3,3,4.76,0.88,0.00,1.00,0.00
393644,texture_consistency,sensory,2,2,3.16,0.08,0.50,0.50,0.50
393644,absorption_finish,sensory,1,1,4.71,0.86,0.00,1.00,0.00
393644,formula_composition,formula,1,1,4.78,0.89,0.00,1.00,0.00
393647,effectiveness,performance,2,2,4.64,0.82,0.00,1.00,0.00
393647,formula_composition,formula,2,2,4.67,0.83,0.00,1.00,0.00
393647,application,sensory,1,1,4.56,0.78,0.00,1.00,0.00
393647,efficiency,economic,1,1,4.57,0.78,0.00,1.00,0.00
393647,hydration_nourishment,performance,1,1,4.52,0.76,0.00,1.00,0.00
393647,texture_consistency,sensory,1,1,4.78,0.89,0.00,1.00,0.00
393650,packaging,packaging,2,2,4.43,0.71,0.00,1.00,0.00
393650,scent,sensory,2,2,4.48,0.74,0.00,1.00,0.00
393650,efficiency,economic,1,1,4.77,0.89,0.00,1.00,0.00
394743,effectiveness,performance,2,2,4.83,0.92,0.00,1.00,0.00
394743,skin_tolerance,performance,2,1,4.66,0.83,0.00,1.00,0.50
394743,application,sensory,1,1,4.48,0.74,0.00,1.00,0.00
394743,cleansing_makeup_removal,performance,1,1,4.18,0.59,0.00,1.00,0.00
394743,hydration_nourishment,performance,1,1,4.85,0.93,0.00,1.00,0.00
394743,scent,sensory,1,1,4.65,0.83,0.00,1.00,0.00
394743,texture_consistency,sensory,1,1,4.65,0.83,0.00,1.00,0.00
394744,hydration_nourishment,performance,2,2,4.83,0.91,0.00,1.00,0.00
394744,skin_tolerance,performance,2,2,4.58,0.79,0.00,1.00,0.50
394744,application,sensory,1,1,4.67,0.84,0.00,1.00,0.00
394744,formula_composition,formula,1,1,4.79,0.89,0.00,1.00,0.00
394744,packaging,packaging,1,1,4.67,0.84,0.00,1.00,0.00
394744,scent,sensory,1,1,4.61,0.80,0.00,1.00,0.00
394744,texture_consistency,sensory,1,1,2.97,-0.02,1.00,0.00,0.00
394745,texture_consistency,sensory,2,2,4.55,0.78,0.00,1.00,0.00
394745,formula_composition,formula,1,1,4.78,0.89,0.00,1.00,0.00
394832,effectiveness,performance,5,3,4.59,0.80,0.00,1.00,0.67
394832,absorption_finish,sensory,3,3,4.70,0.85,0.00,1.00,0.67
394832,application,sensory,3,3,4.81,0.90,0.00,1.00,0.00
394832,texture_consistency,sensory,3,3,4.64,0.82,0.00,1.00,0.00
394832,hydration_nourishment,performance,2,2,4.45,0.73,0.00,1.00,0.00
394832,cleansing_makeup_removal,performance,1,1,4.71,0.86,0.00,1.00,0.00
394832,pore_clogging,performance,1,1,4.60,0.80,0.00,1.00,1.00
395579,formula_composition,formula,1,1,4.90,0.95,0.00,1.00,0.00
395579,hydration_nourishment,performance,1,1,4.88,0.94,0.00,1.00,0.00
396111,formula_composition,formula,4,4,4.66,0.83,0.00,1.00,0.00
396111,price_value,economic,3,3,4.47,0.73,0.00,1.00,0.00
396111,effectiveness,performance,2,2,4.73,0.87,0.00,1.00,0.00
396111,efficiency,economic,1,1,4.53,0.76,0.00,1.00,0.00
396111,hydration_nourishment,performance,1,1,4.42,0.71,0.00,1.00,0.00
396111,texture_consistency,sensory,1,1,4.21,0.61,0.00,1.00,0.00
396112,hydration_nourishment,performance,4,4,4.74,0.87,0.00,1.00,0.00
396112,price_value,economic,2,2,4.66,0.83,0.00,1.00,0.00
396112,skin_tolerance,performance,1,1,4.96,0.98,0.00,1.00,0.00
396113,hydration_nourishment,performance,3,2,4.82,0.91,0.00,1.00,0.00
396113,formula_composition,formula,2,2,4.59,0.80,0.00,1.00,0.00
396113,price_value,economic,2,2,4.57,0.79,0.00,1.00,0.00
396113,effectiveness,performance,1,1,4.21,0.61,0.00,1.00,0.00
396113,packaging,packaging,1,1,4.02,0.51,0.00,1.00,0.00
396113,skin_tolerance,performance,1,1,4.52,0.76,0.00,1.00,0.00
396114,effectiveness,performance,2,2,4.42,0.71,0.00,1.00,0.00
396114,formula_composition,formula,1,1,4.57,0.78,0.00,1.00,0.00
396115,hydration_nourishment,performance,2,2,4.93,0.96,0.00,1.00,0.00
396115,scent,sensory,2,2,4.71,0.85,0.00,1.00,0.00
396247,hydration_nourishment,performance,4,4,4.95,0.97,0.00,1.00,0.00
396247,cleansing_makeup_removal,performance,1,1,4.82,0.91,0.00,1.00,0.00
396247,effectiveness,performance,1,1,4.60,0.80,0.00,1.00,1.00
396247,efficiency,economic,1,1,4.35,0.67,0.00,1.00,0.00
396247,formula_composition,formula,1,1,2.44,-0.28,1.00,0.00,0.00
396247,packaging,packaging,1,1,4.40,0.70,0.00,1.00,0.00
396247,pore_clogging,performance,1,1,3.00,0.00,0.00,0.00,1.00
396247,texture_consistency,sensory,1,1,2.44,-0.28,1.00,0.00,0.00
396269,effectiveness,performance,1,1,4.64,0.82,0.00,1.00,0.00
396269,hydration_nourishment,performance,1,1,4.64,0.82,0.00,1.00,0.00
396269,texture_consistency,sensory,1,1,1.40,-0.80,1.00,0.00,1.00
396276,hydration_nourishment,performance,2,2,4.80,0.90,0.00,1.00,0.00
396276,efficiency,economic,1,1,4.80,0.90,0.00,1.00,0.00
396276,scent,sensory,1,1,4.91,0.96,0.00,1.00,0.00
396277,hydration_nourishment,performance,2,2,4.82,0.91,0.00,1.00,0.00
396277,scent,sensory,1,1,4.76,0.88,0.00,1.00,0.00
396279,cleansing_makeup_removal,performance,3,3,4.80,0.90,0.00,1.00,0.00
396279,price_value,economic,2,2,4.91,0.95,0.00,1.00,0.00
396279,skin_tolerance,performance,2,1,4.83,0.91,0.00,1.00,0.00
396279,formula_composition,formula,1,1,4.43,0.72,0.00,1.00,0.00
396280,cleansing_makeup_removal,performance,3,3,4.49,0.75,0.00,1.00,0.00
396280,hydration_nourishment,performance,3,3,4.60,0.80,0.00,1.00,0.67
396280,skin_tolerance,performance,3,2,3.80,0.40,0.50,0.50,1.00
396280,effectiveness,performance,1,1,4.90,0.95,0.00,1.00,0.00
396280,formula_composition,formula,1,1,4.70,0.85,0.00,1.00,0.00
396280,price_value,economic,1,1,4.63,0.81,0.00,1.00,0.00
396280,scent,sensory,1,1,4.80,0.90,0.00,1.00,0.00
396280,texture_consistency,sensory,1,1,4.80,0.90,0.00,1.00,0.00
396283,cleansing_makeup_removal,performance,7,4,4.53,0.77,0.00,1.00,0.00
396283,scent,sensory,4,4,4.51,0.76,0.00,0.75,0.00
396283,skin_tolerance,performance,2,2,4.15,0.58,0.00,0.50,0.50
396283,effectiveness,performance,1,1,4.72,0.86,0.00,1.00,0.00
396285,effectiveness,performance,5,5,4.30,0.65,0.20,0.80,0.00
396285,application,sensory,3,3,4.75,0.87,0.00,1.00,0.00
396285,formula_composition,formula,2,2,4.90,0.95,0.00,1.00,0.00
396285,texture_consistency,sensory,2,2,3.66,0.33,0.50,0.50,0.00
396285,hydration_nourishment,performance,1,1,4.91,0.95,0.00,1.00,0.00
396285,packaging,packaging,1,1,4.48,0.74,0.00,1.00,0.00
396285,price_value,economic,1,1,4.91,0.96,0.00,1.00,0.00
396285,scent,sensory,1,1,2.55,-0.22,1.00,0.00,0.00
396286,cleansing_makeup_removal,performance,5,5,4.53,0.76,0.00,1.00,0.00
396286,hydration_nourishment,performance,5,5,4.67,0.83,0.00,1.00,0.80
396286,packaging,packaging,1,1,4.32,0.66,0.00,1.00,0.00
396286,price_value,economic,1,1,3.89,0.44,0.00,1.00,0.00
396286,scent,sensory,1,1,4.85,0.92,0.00,1.00,0.00
396286,skin_tolerance,performance,1,1,4.60,0.80,0.00,1.00,1.00
396447,texture_consistency,sensory,4,3,4.87,0.93,0.00,1.00,0.00
396447,absorption_finish,sensory,3,3,4.77,0.89,0.00,1.00,0.33
396447,effectiveness,performance,2,2,4.79,0.89,0.00,1.00,0.50
396447,hydration_nourishment,performance,1,1,4.98,0.99,0.00,1.00,0.00
396447,price_value,economic,1,1,3.95,0.48,0.00,1.00,0.00
396447,skin_tolerance,performance,1,1,4.98,0.99,0.00,1.00,0.00
396448,absorption_finish,sensory,4,4,4.84,0.92,0.00,1.00,0.00
396448,effectiveness,performance,3,3,4.60,0.80,0.00,1.00,0.33
396448,efficiency,economic,2,2,4.60,0.80,0.00,1.00,0.00
396448,hydration_nourishment,performance,2,2,4.92,0.96,0.00,1.00,0.00
396448,packaging,packaging,2,2,4.20,0.60,0.00,1.00,0.00
396448,skin_tolerance,performance,2,2,4.70,0.85,0.00,1.00,0.50
396448,texture_consistency,sensory,2,2,4.80,0.90,0.00,1.00,0.00
396448,application,sensory,1,1,4.60,0.80,0.00,1.00,1.00
396448,formula_composition,formula,1,1,4.79,0.90,0.00,1.00,0.00
396448,price_value,economic,1,1,4.50,0.75,0.00,1.00,0.00
396448,scent,sensory,1,1,4.83,0.91,0.00,1.00,0.00
396450,effectiveness,performance,5,3,4.45,0.72,0.00,1.00,0.00
396450,formula_composition,formula,2,1,4.66,0.83,0.00,1.00,0.00
396450,pore_clogging,performance,2,2,3.00,-0.00,0.50,0.50,1.00
396450,skin_tolerance,performance,2,2,4.81,0.91,0.00,1.00,0.00
396450,absorption_finish,sensory,1,1,4.81,0.91,0.00,1.00,0.00
396450,cleansing_makeup_removal,performance,1,1,4.56,0.78,0.00,1.00,0.00
396450,packaging,packaging,1,1,4.82,0.91,0.00,1.00,0.00
396450,price_value,economic,1,1,4.79,0.90,0.00,1.00,0.00
396450,texture_consistency,sensory,1,1,4.81,0.91,0.00,1.00,0.00
396593,cleansing_makeup_removal,performance,4,3,4.05,0.53,0.00,1.00,0.00
396593,absorption_finish,sensory,3,2,4.27,0.63,0.00,0.50,0.00
396593,application,sensory,2,2,4.59,0.80,0.00,1.00,0.00
396593,packaging,packaging,1,1,4.76,0.88,0.00,1.00,0.00
396593,pore_clogging,performance,1,1,4.60,0.80,0.00,1.00,1.00
396593,skin_tolerance,performance,1,1,4.60,0.80,0.00,1.00,1.00
396593,texture_consistency,sensory,1,1,4.79,0.89,0.00,1.00,0.00
396853,texture_consistency,sensory,4,4,3.84,0.42,0.25,0.75,0.25
396853,effectiveness,performance,3,3,4.68,0.84,0.00,1.00,0.33
396853,hydration_nourishment,performance,3,3,4.64,0.82,0.00,1.00,0.00
396853,absorption_finish,sensory,2,2,4.68,0.84,0.00,1.00,0.50
396853,formula_composition,formula,2,2,4.75,0.87,0.00,1.00,0.00
396853,skin_tolerance,performance,2,1,4.75,0.87,0.00,1.00,0.00
396853,application,sensory,1,1,4.76,0.88,0.00,1.00,0.00
396853,cleansing_makeup_removal,performance,1,1,4.47,0.73,0.00,1.00,0.00
396853,packaging,packaging,1,1,3.26,0.13,0.00,0.00,0.00
396853,price_value,economic,1,1,4.89,0.95,0.00,1.00,0.00
396853,scent,sensory,1,1,4.74,0.87,0.00,1.00,0.00
396859,effectiveness,performance,2,2,4.76,0.88,0.00,1.00,0.00
396859,formula_composition,formula,2,2,4.70,0.85,0.00,1.00,0.00
396859,texture_consistency,sensory,2,2,4.70,0.85,0.00,1.00,0.00
396859,cleansing_makeup_removal,performance,1,1,4.71,0.86,0.00,1.00,0.00
396859,efficiency,economic,1,1,4.63,0.82,0.00,1.00,0.00
396859,hydration_nourishment,performance,1,1,4.65,0.82,0.00,1.00,0.00
396859,packaging,packaging,1,1,4.41,0.70,0.00,1.00,0.00
400540,hydration_nourishment,performance,1,1,4.91,0.95,0.00,1.00,0.00
400540,price_value,economic,1,1,4.91,0.95,0.00,1.00,0.00
400588,application,sensory,2,2,4.71,0.85,0.00,1.00,0.00
400588,effectiveness,performance,2,2,4.79,0.89,0.00,1.00,0.00
400588,hydration_nourishment,performance,2,2,4.71,0.86,0.00,1.00,0.00
400589,hydration_nourishment,performance,4,4,4.84,0.92,0.00,1.00,0.00
400589,absorption_finish,sensory,3,3,4.73,0.87,0.00,1.00,0.33
400589,application,sensory,3,3,4.59,0.79,0.00,1.00,0.00
400589,effectiveness,performance,3,3,4.81,0.90,0.00,1.00,0.00
400589,texture_consistency,sensory,2,2,4.33,0.66,0.00,1.00,0.00
400589,formula_composition,formula,1,1,4.95,0.97,0.00,1.00,0.00
400589,scent,sensory,1,1,4.81,0.91,0.00,1.00,0.00
400621,application,sensory,1,1,4.82,0.91,0.00,1.00,0.00
400621,effectiveness,performance,1,1,4.82,0.91,0.00,1.00,0.00
400621,efficiency,economic,1,1,4.63,0.82,0.00,1.00,0.00
400621,hydration_nourishment,performance,1,1,4.77,0.89,0.00,1.00,0.00
401040,cleansing_makeup_removal,performance,1,1,4.60,0.80,0.00,1.00,0.00
401040,hydration_nourishment,performance,1,1,4.67,0.83,0.00,1.00,0.00
401042,application,sensory,1,1,4.66,0.83,0.00,1.00,0.00
401053,absorption_finish,sensory,1,1,4.60,0.80,0.00,1.00,1.00
401053,texture_consistency,sensory,1,1,4.63,0.82,0.00,1.00,0.00
402174,effectiveness,performance,1,1,4.53,0.77,0.00,1.00,0.00
402175,hydration_nourishment,performance,1,1,4.65,0.83,0.00,1.00,0.00
402178,effectiveness,performance,1,1,4.60,0.80,0.00,1.00,1.00
402179,absorption_finish,sensory,1,1,4.60,0.80,0.00,1.00,1.00
402179,application,sensory,1,1,4.84,0.92,0.00,1.00,0.00
402179,texture_consistency,sensory,1,1,4.30,0.65,0.00,1.00,0.00
402180,absorption_finish,sensory,1,1,4.66,0.83,0.00,1.00,0.00
402180,effectiveness,performance,1,1,4.51,0.75,0.00,1.00,0.00
402180,hydration_nourishment,performance,1,1,4.78,0.89,0.00,1.00,0.00
402180,skin_tolerance,performance,1,1,4.60,0.80,0.00,1.00,1.00
402181,hydration_nourishment,performance,3,3,3.71,0.35,0.33,0.67,0.33
402181,scent,sensory,3,3,4.09,0.55,0.00,0.67,0.00
402181,pore_clogging,performance,2,2,3.80,0.40,0.00,0.50,1.00
402181,texture_consistency,sensory,2,2,3.91,0.46,0.00,1.00,0.00
402181,absorption_finish,sensory,1,1,4.61,0.81,0.00,1.00,0.00
402182,scent,sensory,3,3,4.53,0.76,0.00,1.00,0.00
402182,skin_tolerance,performance,3,2,4.75,0.87,0.00,1.00,0.50
402182,hydration_nourishment,performance,2,2,4.92,0.96,0.00,1.00,0.00
402182,cleansing_makeup_removal,performance,1,1,4.57,0.79,0.00,1.00,0.00
402182,effectiveness,performance,1,1,4.60,0.80,0.00,1.00,1.00
402504,effectiveness,performance,2,2,4.28,0.64,0.00,1.00,0.50
402884,hydration_nourishment,performance,3,3,4.15,0.57,0.33,0.67,0.00
402884,effectiveness,performance,1,1,2.97,-0.02,1.00,0.00,0.00
402885,hydration_nourishment,performance,1,1,4.53,0.77,0.00,1.00,0.00
402885,texture_consistency,sensory,1,1,4.53,0.77,0.00,1.00,0.00
402886,price_value,economic,5,5,4.83,0.92,0.00,1.00,0.00
402886,formula_composition,formula,2,2,4.05,0.52,0.00,0.50,0.00
402886,hydration_nourishment,performance,2,2,4.94,0.97,0.00,1.00,0.00
402886,absorption_finish,sensory,1,1,4.96,0.98,0.00,1.00,0.00
402886,cleansing_makeup_removal,performance,1,1,4.90,0.95,0.00,1.00,0.00
402886,effectiveness,performance,1,1,3.31,0.16,0.00,0.00,0.00
402886,scent,sensory,1,1,4.93,0.97,0.00,1.00,0.00
402888,effectiveness,performance,2,2,4.31,0.66,0.00,1.00,0.00
402888,skin_tolerance,performance,2,2,4.60,0.80,0.00,1.00,1.00
402888,formula_composition,formula,1,1,4.72,0.86,0.00,1.00,0.00
402888,packaging,packaging,1,1,4.97,0.98,0.00,1.00,0.00
402888,price_value,economic,1,1,4.37,0.68,0.00,1.00,0.00
402888,texture_consistency,sensory,1,1,4.37,0.69,0.00,1.00,0.00
404272,hydration_nourishment,performance,1,1,4.88,0.94,0.00,1.00,0.00
404272,texture_consistency,sensory,1,1,1.40,-0.80,1.00,0.00,1.00
404328,effectiveness,performance,4,4,4.57,0.78,0.00,1.00,0.25
404328,texture_consistency,sensory,2,2,2.97,-0.02,0.50,0.50,0.50
404328,cleansing_makeup_removal,performance,1,1,4.10,0.55,0.00,1.00,0.00
404328,formula_composition,formula,1,1,4.54,0.77,0.00,1.00,0.00
404328,hydration_nourishment,performance,1,1,4.87,0.93,0.00,1.00,0.00
404328,packaging,packaging,1,1,4.54,0.77,0.00,1.00,0.00
404328,scent,sensory,1,1,4.81,0.90,0.00,1.00,0.00
404436,absorption_finish,sensory,1,1,4.85,0.92,0.00,1.00,0.00
404487,hydration_nourishment,performance,3,3,4.93,0.97,0.00,1.00,0.00
404487,texture_consistency,sensory,3,3,1.40,-0.80,1.00,0.00,1.00
404487,effectiveness,performance,2,2,3.81,0.40,0.50,0.50,0.00
404487,price_value,economic,1,1,4.51,0.75,0.00,1.00,0.00
404487,scent,sensory,1,1,4.35,0.67,0.00,1.00,0.00
404488,price_value,economic,3,3,4.29,0.65,0.00,0.67,0.00
404488,absorption_finish,sensory,1,1,4.84,0.92,0.00,1.00,0.00
404488,effectiveness,performance,1,1,4.84,0.92,0.00,1.00,0.00
404488,skin_tolerance,performance,1,1,4.60,0.80,0.00,1.00,1.00
404489,cleansing_makeup_removal,performance,5,4,4.66,0.83,0.00,1.00,0.00
404489,skin_tolerance,performance,2,2,4.75,0.88,0.00,1.00,0.50
404489,formula_composition,formula,1,1,4.81,0.90,0.00,1.00,0.00
404490,hydration_nourishment,performance,3,3,4.60,0.80,0.00,1.00,0.00
404490,application,sensory,2,2,4.41,0.70,0.00,1.00,0.00
404490,pore_clogging,performance,2,2,4.60,0.80,0.00,1.00,1.00
404490,skin_tolerance,performance,2,2,4.68,0.84,0.00,1.00,0.50
404490,effectiveness,performance,1,1,4.43,0.71,0.00,1.00,0.00
404490,formula_composition,formula,1,1,4.90,0.95,0.00,1.00,0.00
404490,price_value,economic,1,1,4.78,0.89,0.00,1.00,0.00
406411,absorption_finish,sensory,2,2,4.66,0.83,0.00,1.00,0.00
406411,price_value,economic,2,1,4.01,0.50,0.00,1.00,0.00
406411,scent,sensory,2,2,4.13,0.56,0.00,0.50,0.00
406411,texture_consistency,sensory,2,2,2.42,-0.29,0.50,0.00,0.50
406411,application,sensory,1,1,3.45,0.22,0.00,0.00,0.00
406411,hydration_nourishment,performance,1,1,4.45,0.73,0.00,1.00,0.00
406411,skin_tolerance,performance,1,1,4.60,0.80,0.00,1.00,1.00
406412,hydration_nourishment,performance,4,4,4.87,0.94,0.00,1.00,0.00
406412,effectiveness,performance,2,2,4.85,0.93,0.00,1.00,0.00
406412,absorption_finish,sensory,1,1,1.40,-0.80,1.00,0.00,1.00
406412,application,sensory,1,1,4.90,0.95,0.00,1.00,0.00
406412,texture_consistency,sensory,1,1,1.40,-0.80,1.00,0.00,1.00
406413,skin_tolerance,performance,2,2,4.62,0.81,0.00,1.00,0.00
406413,absorption_finish,sensory,1,1,4.83,0.92,0.00,1.00,0.00
406413,application,sensory,1,1,4.59,0.79,0.00,1.00,0.00
406413,effectiveness,performance,1,1,4.60,0.80,0.00,1.00,1.00
406413,pore_clogging,performance,1,1,4.60,0.80,0.00,1.00,1.00
406413,texture_consistency,sensory,1,1,1.40,-0.80,1.00,0.00,1.00
406414,effectiveness,performance,3,3,4.55,0.78,0.00,1.00,0.00
406414,application,sensory,2,2,4.58,0.79,0.00,1.00,0.00
406414,packaging,packaging,2,2,4.22,0.61,0.00,1.00,0.00
406414,absorption_finish,sensory,1,1,4.87,0.94,0.00,1.00,0.00
406414,hydration_nourishment,performance,1,1,4.97,0.99,0.00,1.00,0.00
406414,scent,sensory,1,1,4.67,0.84,0.00,1.00,0.00
406414,skin_tolerance,performance,1,1,4.61,0.81,0.00,1.00,0.00
406452,price_value,economic,5,5,4.67,0.84,0.00,1.00,0.00
406452,hydration_nourishment,performance,3,3,4.73,0.87,0.00,1.00,0.00
406452,effectiveness,performance,2,1,4.61,0.80,0.00,1.00,0.00
406452,scent,sensory,2,2,3.11,0.05,0.50,0.50,0.50
406454,hydration_nourishment,performance,3,3,4.93,0.97,0.00,1.00,0.00
406454,effectiveness,performance,2,2,4.67,0.84,0.00,1.00,0.00
406454,absorption_finish,sensory,1,1,4.43,0.71,0.00,1.00,0.00
406454,packaging,packaging,1,1,4.44,0.72,0.00,1.00,0.00
406454,scent,sensory,1,1,4.44,0.72,0.00,1.00,0.00
406454,skin_tolerance,performance,1,1,4.60,0.80,0.00,1.00,1.00
407363,hydration_nourishment,performance,2,2,4.92,0.96,0.00,1.00,0.00
407363,effectiveness,performance,1,1,4.75,0.87,0.00,1.00,0.00
407363,formula_composition,formula,1,1,4.88,0.94,0.00,1.00,0.00
407364,formula_composition,formula,3,2,4.85,0.92,0.00,1.00,0.00
407364,hydration_nourishment,performance,3,3,4.83,0.92,0.00,1.00,0.00
407381,hydration_nourishment,performance,3,3,4.79,0.90,0.00,1.00,0.00
407381,effectiveness,performance,1,1,4.60,0.80,0.00,1.00,1.00
408266,scent,sensory,3,3,4.37,0.68,0.00,1.00,0.00
408266,cleansing_makeup_removal,performance,2,2,4.55,0.77,0.00,1.00,0.00
408266,texture_consistency,sensory,2,2,3.42,0.21,0.50,0.50,0.00
408266,efficiency,economic,1,1,4.80,0.90,0.00,1.00,0.00
408266,hydration_nourishment,performance,1,1,2.72,-0.14,1.00,0.00,0.00
408267,cleansing_makeup_removal,performance,1,1,4.92,0.96,0.00,1.00,0.00
408268,application,sensory,5,4,4.59,0.79,0.00,1.00,0.00
408268,absorption_finish,sensory,4,4,4.63,0.82,0.00,1.00,0.75
408268,texture_consistency,sensory,4,4,4.50,0.75,0.00,1.00,0.00
408268,packaging,packaging,3,3,4.69,0.84,0.00,1.00,0.00
408268,cleansing_makeup_removal,performance,2,2,4.36,0.68,0.00,1.00,0.00
408268,effectiveness,performance,2,2,4.66,0.83,0.00,1.00,0.00
408268,formula_composition,formula,1,1,4.72,0.86,0.00,1.00,0.00
408268,hydration_nourishment,performance,1,1,4.70,0.85,0.00,1.00,0.00
408268,pore_clogging,performance,1,1,4.60,0.80,0.00,1.00,1.00
408269,cleansing_makeup_removal,performance,3,3,4.80,0.90,0.00,1.00,0.00
408269,scent,sensory,1,1,4.92,0.96,0.00,1.00,0.00
408269,skin_tolerance,performance,1,1,4.48,0.74,0.00,1.00,0.00
408269,texture_consistency,sensory,1,1,4.81,0.90,0.00,1.00,0.00
408368,cleansing_makeup_removal,performance,1,1,4.53,0.76,0.00,1.00,0.00
408368,effectiveness,performance,1,1,4.53,0.76,0.00,1.00,0.00
408503,cleansing_makeup_removal,performance,3,3,4.83,0.92,0.00,1.00,0.00
408503,hydration_nourishment,performance,2,2,4.87,0.94,0.00,1.00,0.00
408503,price_value,economic,2,2,4.52,0.76,0.00,1.00,0.00
408503,formula_composition,formula,1,1,4.82,0.91,0.00,1.00,0.00
408504,cleansing_makeup_removal,performance,3,3,4.80,0.90,0.00,1.00,0.00
408504,effectiveness,performance,3,3,4.00,0.50,0.33,0.67,0.00
408504,scent,sensory,2,2,4.89,0.94,0.00,1.00,0.00
408504,skin_tolerance,performance,2,2,4.60,0.80,0.00,1.00,1.00
408504,formula_composition,formula,1,1,4.71,0.85,0.00,1.00,0.00
408504,pore_clogging,performance,1,1,1.40,-0.80,1.00,0.00,1.00
408552,cleansing_makeup_removal,performance,6,5,4.39,0.69,0.00,1.00,0.00
408552,hydration_nourishment,performance,1,1,4.60,0.80,0.00,1.00,1.00
408552,packaging,packaging,1,1,4.76,0.88,0.00,1.00,0.00
408552,skin_tolerance,performance,1,1,4.55,0.77,0.00,1.00,0.00
408553,cleansing_makeup_removal,performance,6,6,4.84,0.92,0.00,1.00,0.00
408553,scent,sensory,3,3,3.64,0.32,0.33,0.67,0.33
408553,skin_tolerance,performance,2,2,2.68,-0.16,0.50,0.50,0.50
408553,effectiveness,performance,1,1,4.89,0.95,0.00,1.00,0.00
408553,hydration_nourishment,performance,1,1,4.60,0.80,0.00,1.00,1.00
408553,texture_consistency,sensory,1,1,1.40,-0.80,1.00,0.00,1.00
408569,effectiveness,performance,2,1,4.63,0.82,0.00,1.00,0.00
408569,hydration_nourishment,performance,1,1,4.71,0.85,0.00,1.00,0.00
408569,scent,sensory,1,1,4.81,0.90,0.00,1.00,0.00
408569,texture_consistency,sensory,1,1,4.80,0.90,0.00,1.00,0.00
408573,effectiveness,performance,3,3,4.19,0.59,0.33,0.67,0.00
408573,hydration_nourishment,performance,3,3,4.67,0.84,0.00,1.00,0.00
408779,application,sensory,3,3,4.52,0.76,0.00,1.00,0.00
408779,effectiveness,performance,3,3,4.74,0.87,0.00,1.00,0.33
408779,absorption_finish,sensory,2,2,4.32,0.66,0.00,1.00,0.50
408779,hydration_nourishment,performance,2,2,4.90,0.95,0.00,1.00,0.00
408779,texture_consistency,sensory,2,2,3.02,0.01,0.50,0.50,0.50
408779,efficiency,economic,1,1,4.63,0.82,0.00,1.00,0.00
408779,scent,sensory,1,1,4.04,0.52,0.00,1.00,0.00
409802,cleansing_makeup_removal,performance,3,3,4.32,0.66,0.00,1.00,0.00
409802,skin_tolerance,performance,2,2,4.70,0.85,0.00,1.00,0.00
409802,effectiveness,performance,1,1,4.12,0.56,0.00,1.00,0.00
409802,efficiency,economic,1,1,4.46,0.73,0.00,1.00,0.00
409802,hydration_nourishment,performance,1,1,4.52,0.76,0.00,1.00,0.00
409802,scent,sensory,1,1,4.66,0.83,0.00,1.00,0.00
409849,hydration_nourishment,performance,3,3,4.93,0.96,0.00,1.00,0.00
409849,effectiveness,performance,2,2,4.68,0.84,0.00,1.00,0.00
409858,effectiveness,performance,4,4,4.52,0.76,0.00,0.75,0.00
409858,price_value,economic,2,2,4.36,0.68,0.00,1.00,0.00
409858,absorption_finish,sensory,1,1,4.89,0.94,0.00,1.00,0.00
409858,application,sensory,1,1,4.94,0.97,0.00,1.00,0.00
409858,efficiency,economic,1,1,3.82,0.41,0.00,1.00,0.00
409858,formula_composition,formula,1,1,3.72,0.36,0.00,0.00,0.00
409858,packaging,packaging,1,1,3.75,0.38,0.00,0.00,0.00
409858,scent,sensory,1,1,3.82,0.41,0.00,1.00,0.00
409908,hydration_nourishment,performance,3,3,4.85,0.92,0.00,1.00,0.00
409908,application,sensory,1,1,3.56,0.28,0.00,0.00,0.00
409908,skin_tolerance,performance,1,1,1.40,-0.80,1.00,0.00,1.00
409909,effectiveness,performance,2,2,4.80,0.90,0.00,1.00,0.00
409909,cleansing_makeup_removal,performance,1,1,4.75,0.88,0.00,1.00,0.00
409926,hydration_nourishment,performance,3,3,4.75,0.87,0.00,1.00,0.00
409926,application,sensory,1,1,4.68,0.84,0.00,1.00,0.00
409926,texture_consistency,sensory,1,1,4.86,0.93,0.00,1.00,0.00
409927,hydration_nourishment,performance,3,3,4.78,0.89,0.00,1.00,0.00
409927,formula_composition,formula,1,1,4.66,0.83,0.00,1.00,0.00
409927,texture_consistency,sensory,1,1,4.66,0.83,0.00,1.00,0.00
409966,effectiveness,performance,1,1,4.60,0.80,0.00,1.00,1.00
409966,hydration_nourishment,performance,1,1,4.87,0.94,0.00,1.00,0.00
410001,cleansing_makeup_removal,performance,2,2,3.52,0.26,0.50,0.50,0.00
410001,application,sensory,1,1,4.69,0.85,0.00,1.00,0.00
410001,effectiveness,performance,1,1,1.88,-0.56,1.00,0.00,0.00
410001,hydration_nourishment,performance,1,1,4.19,0.59,0.00,1.00,0.00
410002,effectiveness,performance,4,4,4.38,0.69,0.25,0.75,0.00
410002,hydration_nourishment,performance,2,2,4.67,0.84,0.00,1.00,0.00
410002,formula_composition,formula,1,1,4.77,0.88,0.00,1.00,0.00
410002,skin_tolerance,performance,1,1,4.60,0.80,0.00,1.00,1.00
410080,hydration_nourishment,performance,2,2,4.77,0.88,0.00,1.00,0.00
410080,price_value,economic,2,2,3.88,0.44,0.00,0.50,0.00
410080,cleansing_makeup_removal,performance,1,1,4.95,0.97,0.00,1.00,0.00
410091,cleansing_makeup_removal,performance,3,3,4.79,0.90,0.00,1.00,0.00
410091,texture_consistency,sensory,3,3,4.71,0.86,0.00,1.00,0.00
410091,formula_composition,formula,2,1,4.44,0.72,0.00,1.00,0.00
410091,hydration_nourishment,performance,2,2,4.70,0.85,0.00,1.00,0.00
410091,scent,sensory,2,2,4.58,0.79,0.00,1.00,0.00
410091,absorption_finish,sensory,1,1,4.31,0.66,0.00,1.00,0.00
410091,application,sensory,1,1,4.31,0.66,0.00,1.00,0.00
410091,effectiveness,performance,1,1,4.85,0.92,0.00,1.00,0.00
410091,price_value,economic,1,1,4.31,0.66,0.00,1.00,0.00
410743,cleansing_makeup_removal,performance,5,5,4.74,0.87,0.00,1.00,0.00
410743,scent,sensory,3,3,4.07,0.53,0.33,0.67,0.00
410743,skin_tolerance,performance,3,3,4.53,0.77,0.00,1.00,0.67
410743,effectiveness,performance,2,2,4.67,0.84,0.00,1.00,0.50
410743,hydration_nourishment,performance,2,2,4.79,0.89,0.00,1.00,0.50
410743,price_value,economic,1,1,4.06,0.53,0.00,1.00,0.00
410744,effectiveness,performance,5,5,4.30,0.65,0.20,0.80,0.00
410744,formula_composition,formula,3,3,4.66,0.83,0.00,1.00,0.00
410744,texture_consistency,sensory,3,2,4.76,0.88,0.00,1.00,0.00
410744,absorption_finish,sensory,2,2,4.66,0.83,0.00,1.00,0.00
410744,application,sensory,2,2,4.68,0.84,0.00,1.00,0.00
410744,price_value,economic,2,2,4.57,0.78,0.00,1.00,0.00
410744,skin_tolerance,performance,2,2,4.60,0.80,0.00,1.00,1.00
410744,hydration_nourishment,performance,1,1,1.40,-0.80,1.00,0.00,1.00
410744,scent,sensory,1,1,4.51,0.76,0.00,1.00,0.00
411033,effectiveness,performance,3,3,4.24,0.62,0.00,0.67,0.33
411033,hydration_nourishment,performance,3,3,4.74,0.87,0.00,1.00,0.00
411033,texture_consistency,sensory,3,2,2.42,-0.29,0.50,0.00,0.50
411033,packaging,packaging,2,2,4.91,0.95,0.00,1.00,0.00
411033,application,sensory,1,1,4.47,0.74,0.00,1.00,0.00
411033,formula_composition,formula,1,1,4.84,0.92,0.00,1.00,0.00
411033,scent,sensory,1,1,3.45,0.22,0.00,0.00,0.00
411034,effectiveness,performance,2,2,3.12,0.06,0.50,0.50,0.50
411034,scent,sensory,2,2,4.68,0.84,0.00,1.00,0.00
411034,application,sensory,1,1,4.80,0.90,0.00,1.00,0.00
411034,hydration_nourishment,performance,1,1,4.94,0.97,0.00,1.00,0.00
411268,formula_composition,formula,1,1,4.88,0.94,0.00,1.00,0.00
411268,scent,sensory,1,1,4.93,0.96,0.00,1.00,0.00
411639,effectiveness,performance,3,3,3.57,0.28,0.33,0.67,0.67
411639,application,sensory,2,2,4.42,0.71,0.00,1.00,0.00
411639,absorption_finish,sensory,1,1,4.90,0.95,0.00,1.00,0.00
411639,hydration_nourishment,performance,1,1,4.70,0.85,0.00,1.00,0.00
411639,skin_tolerance,performance,1,1,4.67,0.83,0.00,1.00,0.00
411644,effectiveness,performance,6,6,4.54,0.77,0.00,1.00,0.00
411644,application,sensory,2,2,4.65,0.83,0.00,1.00,0.00
411644,hydration_nourishment,performance,2,2,4.70,0.85,0.00,1.00,0.00
411644,texture_consistency,sensory,2,2,3.04,0.02,0.50,0.50,0.50
411644,efficiency,economic,1,1,4.77,0.89,0.00,1.00,0.00
411644,pore_clogging,performance,1,1,4.60,0.80,0.00,1.00,1.00
411644,price_value,economic,1,1,4.73,0.87,0.00,1.00,0.00
411644,skin_tolerance,performance,1,1,4.46,0.73,0.00,1.00,0.00
411645,effectiveness,performance,5,5,4.65,0.83,0.00,1.00,0.20
411645,formula_composition,formula,5,3,4.56,0.78,0.00,1.00,0.00
411645,application,sensory,4,4,4.55,0.78,0.00,1.00,0.00
411645,hydration_nourishment,performance,4,4,4.76,0.88,0.00,1.00,0.00
411645,texture_consistency,sensory,4,4,3.88,0.44,0.25,0.75,0.25
411645,packaging,packaging,2,1,3.38,0.19,0.00,0.00,0.00
411645,cleansing_makeup_removal,performance,1,1,4.65,0.82,0.00,1.00,0.00
411645,pore_clogging,performance,1,1,4.60,0.80,0.00,1.00,1.00
411645,price_value,economic,1,1,4.10,0.55,0.00,1.00,0.00
411646,hydration_nourishment,performance,3,3,4.79,0.90,0.00,1.00,0.00
411646,absorption_finish,sensory,1,1,4.49,0.74,0.00,1.00,0.00
411646,formula_composition,formula,1,1,4.56,0.78,0.00,1.00,0.00
411646,price_value,economic,1,1,4.66,0.83,0.00,1.00,0.00
411646,scent,sensory,1,1,4.89,0.95,0.00,1.00,0.00
411646,skin_tolerance,performance,1,1,4.83,0.92,0.00,1.00,0.00
411646,texture_consistency,sensory,1,1,1.40,-0.80,1.00,0.00,1.00
411648,effectiveness,performance,1,1,4.78,0.89,0.00,1.00,0.00
411648,formula_composition,formula,1,1,4.19,0.60,0.00,1.00,0.00
411649,application,sensory,2,2,4.79,0.89,0.00,1.00,0.00
411649,hydration_nourishment,performance,2,2,4.93,0.97,0.00,1.00,0.00
411649,price_value,economic,2,2,4.50,0.75,0.00,1.00,0.00
411649,absorption_finish,sensory,1,1,4.60,0.80,0.00,1.00,1.00
411649,effectiveness,performance,1,1,4.94,0.97,0.00,1.00,0.00
411649,packaging,packaging,1,1,4.94,0.97,0.00,1.00,0.00
411649,skin_tolerance,performance,1,1,4.60,0.80,0.00,1.00,1.00
411651,application,sensory,3,3,4.63,0.82,0.00,1.00,0.00
411651,effectiveness,performance,3,3,4.36,0.68,0.00,0.67,0.33
411651,texture_consistency,sensory,3,3,4.60,0.80,0.00,1.00,0.00
411651,absorption_finish,sensory,2,2,4.60,0.80,0.00,1.00,1.00
411651,cleansing_makeup_removal,performance,2,2,4.83,0.91,0.00,1.00,0.00
411651,efficiency,economic,2,2,4.88,0.94,0.00,1.00,0.00
411651,hydration_nourishment,performance,2,2,4.94,0.97,0.00,1.00,0.00
411651,formula_composition,formula,1,1,4.49,0.75,0.00,1.00,0.00
411651,packaging,packaging,1,1,4.90,0.95,0.00,1.00,0.00
411651,pore_clogging,performance,1,1,4.60,0.80,0.00,1.00,1.00
411651,scent,sensory,1,1,4.74,0.87,0.00,1.00,0.00
411651,skin_tolerance,performance,1,1,4.56,0.78,0.00,1.00,0.00
413294,effectiveness,performance,4,4,4.70,0.85,0.00,1.00,0.00
413294,application,sensory,3,3,4.58,0.79,0.00,1.00,0.00
413294,hydration_nourishment,performance,2,2,4.65,0.83,0.00,1.00,0.00
413294,texture_consistency,sensory,2,2,3.00,0.00,0.50,0.50,0.50
413294,efficiency,economic,1,1,3.89,0.45,0.00,1.00,0.00
413294,formula_composition,formula,1,1,4.63,0.81,0.00,1.00,0.00
413294,packaging,packaging,1,1,4.78,0.89,0.00,1.00,0.00
413294,price_value,economic,1,1,4.81,0.91,0.00,1.00,0.00
413473,cleansing_makeup_removal,performance,4,4,4.25,0.62,0.00,0.75,0.00
413473,pore_clogging,performance,1,1,1.40,-0.80,1.00,0.00,1.00
413473,price_value,economic,1,1,4.58,0.79,0.00,1.00,0.00
413473,skin_tolerance,performance,1,1,4.60,0.80,0.00,1.00,1.00
413473,texture_consistency,sensory,1,1,4.60,0.80,0.00,1.00,0.00
416032,hydration_nourishment,performance,3,3,3.60,0.30,0.33,0.67,0.00
416032,effectiveness,performance,2,2,3.48,0.24,0.50,0.50,0.00
416032,skin_tolerance,performance,2,2,2.68,-0.16,0.50,0.50,0.50
416032,cleansing_makeup_removal,performance,1,1,4.71,0.86,0.00,1.00,0.00
416032,packaging,packaging,1,1,4.64,0.82,0.00,1.00,0.00
416033,effectiveness,performance,1,1,4.02,0.51,0.00,1.00,0.00
416033,packaging,packaging,1,1,4.59,0.80,0.00,1.00,0.00
416033,texture_consistency,sensory,1,1,4.02,0.51,0.00,1.00,0.00
416034,application,sensory,1,1,4.62,0.81,0.00,1.00,0.00
416207,effectiveness,performance,1,1,2.43,-0.28,1.00,0.00,0.00
416207,texture_consistency,sensory,1,1,1.40,-0.80,1.00,0.00,1.00
416208,absorption_finish,sensory,1,1,3.11,0.05,1.00,0.00,0.00
416208,packaging,packaging,1,1,3.11,0.05,1.00,0.00,0.00
416209,effectiveness,performance,1,1,3.47,0.23,0.00,0.00,0.00
416209,texture_consistency,sensory,1,1,1.40,-0.80,1.00,0.00,1.00
416295,hydration_nourishment,performance,1,1,3.93,0.47,0.00,1.00,0.00
416295,price_value,economic,1,1,4.75,0.88,0.00,1.00,0.00
416295,skin_tolerance,performance,1,1,1.40,-0.80,1.00,0.00,1.00
416296,absorption_finish,sensory,1,1,4.62,0.81,0.00,1.00,0.00
416296,application,sensory,1,1,4.71,0.85,0.00,1.00,0.00
416296,scent,sensory,1,1,4.71,0.85,0.00,1.00,0.00
416434,absorption_finish,sensory,1,1,4.85,0.93,0.00,1.00,0.00
416434,hydration_nourishment,performance,1,1,4.85,0.93,0.00,1.00,0.00
417198,hydration_nourishment,performance,3,3,4.41,0.71,0.00,1.00,0.00
417198,effectiveness,performance,2,2,4.75,0.88,0.00,1.00,0.00
417198,application,sensory,1,1,4.58,0.79,0.00,1.00,0.00
417198,efficiency,economic,1,1,4.68,0.84,0.00,1.00,0.00
417198,formula_composition,formula,1,1,4.62,0.81,0.00,1.00,0.00
417198,price_value,economic,1,1,4.88,0.94,0.00,1.00,0.00
417198,texture_consistency,sensory,1,1,3.32,0.16,0.00,0.00,0.00
417199,effectiveness,performance,3,3,4.68,0.84,0.00,1.00,0.33
417199,formula_composition,formula,3,3,4.61,0.81,0.00,1.00,0.00
417199,texture_consistency,sensory,3,3,4.45,0.73,0.00,1.00,0.00
417199,absorption_finish,sensory,1,1,4.83,0.92,0.00,1.00,0.00
417199,application,sensory,1,1,4.58,0.79,0.00,1.00,0.00
417199,hydration_nourishment,performance,1,1,4.64,0.82,0.00,1.00,0.00
417199,pore_clogging,performance,1,1,4.60,0.80,0.00,1.00,1.00
417199,skin_tolerance,performance,1,1,4.85,0.93,0.00,1.00,0.00
417200,application,sensory,6,5,4.72,0.86,0.00,1.00,0.00
417200,effectiveness,performance,6,6,4.75,0.88,0.00,1.00,0.17
417200,hydration_nourishment,performance,3,3,4.82,0.91,0.00,1.00,0.00
417200,formula_composition,formula,2,2,4.73,0.86,0.00,1.00,0.00
417200,texture_consistency,sensory,2,2,3.07,0.04,0.50,0.50,0.50
417200,absorption_finish,sensory,1,1,4.91,0.96,0.00,1.00,0.00
417200,efficiency,economic,1,1,4.77,0.89,0.00,1.00,0.00
417200,price_value,economic,1,1,4.71,0.86,0.00,1.00,0.00
417200,scent,sensory,1,1,4.72,0.86,0.00,1.00,0.00
417201,absorption_finish,sensory,3,3,4.56,0.78,0.00,1.00,0.00
417201,application,sensory,1,1,4.45,0.72,0.00,1.00,0.00
417201,effectiveness,performance,1,1,4.66,0.83,0.00,1.00,0.00
417201,hydration_nourishment,performance,1,1,4.83,0.92,0.00,1.00,0.00
417201,texture_consistency,sensory,1,1,4.21,0.60,0.00,1.00,0.00
417202,absorption_finish,sensory,2,2,4.67,0.84,0.00,1.00,0.50
417202,effectiveness,performance,2,2,4.83,0.92,0.00,1.00,0.00
417202,application,sensory,1,1,4.23,0.61,0.00,1.00,0.00
417202,formula_composition,formula,1,1,4.86,0.93,0.00,1.00,0.00
417202,scent,sensory,1,1,4.89,0.95,0.00,1.00,0.00
417985,effectiveness,performance,6,6,4.62,0.81,0.00,1.00,0.33
417985,application,sensory,3,3,4.83,0.91,0.00,1.00,0.00
417985,hydration_nourishment,performance,3,3,4.93,0.96,0.00,1.00,0.00
417985,texture_consistency,sensory,3,3,4.60,0.80,0.00,1.00,0.00
417985,absorption_finish,sensory,2,2,4.51,0.75,0.00,1.00,0.00
417985,formula_composition,formula,2,2,4.92,0.96,0.00,1.00,0.00
417985,efficiency,economic,1,1,4.74,0.87,0.00,1.00,0.00
417985,packaging,packaging,1,1,4.70,0.85,0.00,1.00,0.00
417985,pore_clogging,performance,1,1,1.40,-0.80,1.00,0.00,1.00
417985,price_value,economic,1,1,4.83,0.92,0.00,1.00,0.00
417985,scent,sensory,1,1,4.66,0.83,0.00,1.00,0.00
417988,hydration_nourishment,performance,3,3,4.09,0.55,0.33,0.67,0.00
417988,scent,sensory,3,3,4.20,0.60,0.00,0.67,0.00
417988,cleansing_makeup_removal,performance,1,1,4.02,0.51,0.00,1.00,0.00
417988,skin_tolerance,performance,1,1,1.40,-0.80,1.00,0.00,1.00
417988,texture_consistency,sensory,1,1,1.40,-0.80,1.00,0.00,1.00
417989,effectiveness,performance,3,3,4.70,0.85,0.00,1.00,0.00
417989,texture_consistency,sensory,3,3,4.46,0.73,0.00,1.00,0.00
417989,hydration_nourishment,performance,2,2,4.78,0.89,0.00,1.00,0.00
417989,absorption_finish,sensory,1,1,4.15,0.57,0.00,1.00,0.00
417989,formula_composition,formula,1,1,4.74,0.87,0.00,1.00,0.00
417989,packaging,packaging,1,1,4.79,0.90,0.00,1.00,0.00
417990,cleansing_makeup_removal,performance,6,5,4.44,0.72,0.00,1.00,0.00
417990,hydration_nourishment,performance,4,2,3.44,0.22,0.50,0.50,0.50
417990,effectiveness,performance,1,1,4.80,0.90,0.00,1.00,0.00
417990,efficiency,economic,1,1,1.40,-0.80,1.00,0.00,1.00
417990,scent,sensory,1,1,4.82,0.91,0.00,1.00,0.00
417990,skin_tolerance,performance,1,1,2.94,-0.03,1.00,0.00,0.00
417990,texture_consistency,sensory,1,1,3.16,0.08,1.00,0.00,0.00
418082,cleansing_makeup_removal,performance,9,7,4.61,0.80,0.00,1.00,0.00
418082,application,sensory,2,1,4.37,0.68,0.00,1.00,0.00
418082,effectiveness,performance,2,2,4.85,0.93,0.00,1.00,0.00
418082,skin_tolerance,performance,2,2,4.60,0.80,0.00,1.00,1.00
418082,absorption_finish,sensory,1,1,4.70,0.85,0.00,1.00,0.00
418082,efficiency,economic,1,1,4.90,0.95,0.00,1.00,0.00
418082,formula_composition,formula,1,1,4.95,0.97,0.00,1.00,0.00
418082,pore_clogging,performance,1,1,4.60,0.80,0.00,1.00,1.00
418082,price_value,economic,1,1,4.72,0.86,0.00,1.00,0.00
418082,texture_consistency,sensory,1,1,4.70,0.85,0.00,1.00,0.00
418084,effectiveness,performance,3,3,4.71,0.85,0.00,1.00,0.00
418084,absorption_finish,sensory,2,2,4.74,0.87,0.00,1.00,0.00
418084,skin_tolerance,performance,2,2,4.60,0.80,0.00,1.00,1.00
418084,application,sensory,1,1,4.74,0.87,0.00,1.00,0.00
418084,cleansing_makeup_removal,performance,1,1,4.55,0.78,0.00,1.00,0.00
418084,formula_composition,formula,1,1,4.55,0.78,0.00,1.00,0.00
418084,packaging,packaging,1,1,4.61,0.81,0.00,1.00,0.00
418084,price_value,economic,1,1,4.52,0.76,0.00,1.00,0.00
418084,texture_consistency,sensory,1,1,4.74,0.87,0.00,1.00,0.00
418085,cleansing_makeup_removal,performance,6,5,4.87,0.93,0.00,1.00,0.00
418085,scent,sensory,2,2,3.13,0.07,0.50,0.50,0.50
418085,effectiveness,performance,1,1,4.62,0.81,0.00,1.00,0.00
418085,efficiency,economic,1,1,4.96,0.98,0.00,1.00,0.00
418085,hydration_nourishment,performance,1,1,4.81,0.90,0.00,1.00,0.00
418085,pore_clogging,performance,1,1,4.60,0.80,0.00,1.00,1.00
418085,skin_tolerance,performance,1,1,4.60,0.80,0.00,1.00,1.00
418086,absorption_finish,sensory,7,4,4.65,0.83,0.00,1.00,0.25
418086,hydration_nourishment,performance,6,5,4.80,0.90,0.00,1.00,0.00
418086,texture_consistency,sensory,6,4,4.25,0.63,0.25,0.75,0.12
418086,effectiveness,performance,4,4,4.86,0.93,0.00,1.00,0.00
418086,cleansing_makeup_removal,performance,3,3,4.54,0.77,0.00,1.00,0.00
418086,skin_tolerance,performance,2,2,4.60,0.80,0.00,1.00,1.00
418086,application,sensory,1,1,4.83,0.91,0.00,1.00,0.00
418086,efficiency,economic,1,1,4.90,0.95,0.00,1.00,0.00
418086,packaging,packaging,1,1,4.63,0.82,0.00,1.00,0.00
418086,scent,sensory,1,1,4.88,0.94,0.00,1.00,0.00
418092,cleansing_makeup_removal,performance,8,5,4.59,0.80,0.00,0.80,0.05
418092,hydration_nourishment,performance,2,2,4.81,0.90,0.00,1.00,0.00
418092,pore_clogging,performance,2,2,4.60,0.80,0.00,1.00,1.00
418092,price_value,economic,2,2,4.67,0.84,0.00,1.00,0.00
418092,skin_tolerance,performance,2,2,4.60,0.80,0.00,1.00,1.00
418092,absorption_finish,sensory,1,1,4.26,0.63,0.00,1.00,0.00
418092,effectiveness,performance,1,1,4.10,0.55,0.00,1.00,0.00
418092,packaging,packaging,1,1,4.62,0.81,0.00,1.00,0.00
418092,scent,sensory,1,1,4.57,0.79,0.00,1.00,0.00
418092,texture_consistency,sensory,1,1,4.26,0.63,0.00,1.00,0.00
418421,hydration_nourishment,performance,1,1,4.92,0.96,0.00,1.00,0.00
418422,hydration_nourishment,performance,3,3,4.92,0.96,0.00,1.00,0.00
418422,effectiveness,performance,1,1,2.48,-0.26,1.00,0.00,0.00
418513,cleansing_makeup_removal,performance,1,1,4.93,0.96,0.00,1.00,0.00
418513,effectiveness,performance,1,1,4.72,0.86,0.00,1.00,0.00
418513,hydration_nourishment,performance,1,1,4.81,0.90,0.00,1.00,0.00
418513,price_value,economic,1,1,4.83,0.91,0.00,1.00,0.00
418513,scent,sensory,1,1,4.84,0.92,0.00,1.00,0.00
418572,hydration_nourishment,performance,1,1,4.95,0.97,0.00,1.00,0.00
418572,scent,sensory,1,1,4.95,0.97,0.00,1.00,0.00
418573,hydration_nourishment,performance,2,2,4.57,0.79,0.00,1.00,0.00
418573,effectiveness,performance,1,1,4.85,0.93,0.00,1.00,0.00
418573,formula_composition,formula,1,1,3.56,0.28,0.00,0.00,0.00
418573,price_value,economic,1,1,3.29,0.14,0.00,0.00,0.00
418573,scent,sensory,1,1,4.96,0.98,0.00,1.00,0.00
418573,texture_consistency,sensory,1,1,4.19,0.59,0.00,1.00,0.00
418580,scent,sensory,4,4,4.64,0.82,0.00,1.00,0.00
418580,application,sensory,3,2,4.50,0.75,0.00,1.00,0.00
418580,effectiveness,performance,2,2,4.71,0.85,0.00,1.00,0.50
418580,hydration_nourishment,performance,2,2,4.87,0.94,0.00,1.00,0.00
418580,texture_consistency,sensory,2,2,3.04,0.02,0.50,0.50,0.50
418580,absorption_finish,sensory,1,1,4.83,0.92,0.00,1.00,0.00
418580,formula_composition,formula,1,1,4.72,0.86,0.00,1.00,0.00
418580,price_value,economic,1,1,4.86,0.93,0.00,1.00,0.00
418580,skin_tolerance,performance,1,1,4.85,0.93,0.00,1.00,0.00
418581,application,sensory,4,3,4.59,0.79,0.00,1.00,0.00
418581,scent,sensory,4,4,4.51,0.75,0.00,1.00,0.00
418581,effectiveness,performance,2,2,4.84,0.92,0.00,1.00,0.00
418581,hydration_nourishment,performance,2,2,4.86,0.93,0.00,1.00,0.00
418581,texture_consistency,sensory,2,2,3.30,0.15,0.50,0.50,0.00
418582,application,sensory,2,2,4.85,0.93,0.00,1.00,0.00
418582,hydration_nourishment,performance,2,2,4.83,0.92,0.00,1.00,0.00
418582,texture_consistency,sensory,2,2,4.86,0.93,0.00,1.00,0.00
418582,price_value,economic,1,1,4.57,0.79,0.00,1.00,0.00
418584,scent,sensory,3,3,4.58,0.79,0.00,1.00,0.00
418584,effectiveness,performance,2,2,4.87,0.94,0.00,1.00,0.00
418584,hydration_nourishment,performance,2,2,4.76,0.88,0.00,1.00,0.00
418584,efficiency,economic,1,1,4.74,0.87,0.00,1.00,0.00
418584,packaging,packaging,1,1,4.24,0.62,0.00,1.00,0.00
418584,skin_tolerance,performance,1,1,4.81,0.90,0.00,1.00,0.00
418585,cleansing_makeup_removal,performance,4,4,4.64,0.82,0.00,1.00,0.00
418585,effectiveness,performance,3,3,4.60,0.80,0.00,1.00,0.67
418585,packaging,packaging,3,3,4.46,0.73,0.00,1.00,0.00
418585,skin_tolerance,performance,3,3,4.71,0.86,0.00,1.00,0.67
418585,hydration_nourishment,performance,2,2,4.62,0.81,0.00,1.00,0.00
418585,price_value,economic,2,2,4.55,0.77,0.00,1.00,0.00
418585,scent,sensory,2,2,4.62,0.81,0.00,1.00,0.00
418585,application,sensory,1,1,4.64,0.82,0.00,1.00,0.00
418585,efficiency,economic,1,1,4.69,0.85,0.00,1.00,0.00
418586,effectiveness,performance,2,2,4.66,0.83,0.00,1.00,0.50
418586,hydration_nourishment,performance,2,2,4.94,0.97,0.00,1.00,0.00
418586,formula_composition,formula,1,1,4.96,0.98,0.00,1.00,0.00
418586,pore_clogging,performance,1,1,4.60,0.80,0.00,1.00,1.00
418586,texture_consistency,sensory,1,1,4.68,0.84,0.00,1.00,0.00
418791,application,sensory,3,3,4.79,0.89,0.00,1.00,0.00
418791,absorption_finish,sensory,1,1,4.81,0.90,0.00,1.00,0.00
418791,effectiveness,performance,1,1,4.60,0.80,0.00,1.00,1.00
418791,hydration_nourishment,performance,1,1,4.91,0.96,0.00,1.00,0.00
418791,packaging,packaging,1,1,4.24,0.62,0.00,1.00,0.00
418791,texture_consistency,sensory,1,1,4.89,0.94,0.00,1.00,0.00
418795,hydration_nourishment,performance,5,4,4.79,0.90,0.00,1.00,0.00
418795,effectiveness,performance,4,4,4.67,0.84,0.00,1.00,0.00
418795,skin_tolerance,performance,2,2,4.76,0.88,0.00,1.00,0.00
418795,texture_consistency,sensory,2,2,2.92,-0.04,0.50,0.50,0.50
418795,application,sensory,1,1,4.89,0.94,0.00,1.00,0.00
418795,formula_composition,formula,1,1,4.43,0.72,0.00,1.00,0.00
418795,pore_clogging,performance,1,1,4.60,0.80,0.00,1.00,1.00
418795,price_value,economic,1,1,4.76,0.88,0.00,1.00,0.00
418795,scent,sensory,1,1,4.64,0.82,0.00,1.00,0.00
418796,application,sensory,7,7,4.62,0.81,0.00,1.00,0.00
418796,effectiveness,performance,5,4,4.57,0.78,0.00,1.00,0.25
418796,formula_composition,formula,3,3,4.81,0.90,0.00,1.00,0.00
418796,hydration_nourishment,performance,2,2,4.94,0.97,0.00,1.00,0.00
418796,texture_consistency,sensory,2,2,4.56,0.78,0.00,1.00,0.00
418796,scent,sensory,1,1,4.72,0.86,0.00,1.00,0.00
418796,skin_tolerance,performance,1,1,4.60,0.80,0.00,1.00,1.00
418848,cleansing_makeup_removal,performance,5,5,4.84,0.92,0.00,1.00,0.00
418848,effectiveness,performance,3,3,4.05,0.53,0.33,0.67,0.00
418848,hydration_nourishment,performance,2,2,4.60,0.80,0.00,1.00,1.00
418848,scent,sensory,2,2,4.70,0.85,0.00,1.00,0.00
418848,efficiency,economic,1,1,4.79,0.89,0.00,1.00,0.00
418848,price_value,economic,1,1,2.52,-0.24,1.00,0.00,0.00
418872,effectiveness,performance,3,3,3.88,0.44,0.33,0.67,0.33
418872,price_value,economic,3,3,4.41,0.70,0.00,1.00,0.00
418872,application,sensory,1,1,4.78,0.89,0.00,1.00,0.00
419343,cleansing_makeup_removal,performance,7,4,4.75,0.88,0.00,1.00,0.00
419343,effectiveness,performance,3,1,4.67,0.83,0.00,1.00,0.33
419343,hydration_nourishment,performance,3,2,4.51,0.76,0.00,1.00,0.50
419343,skin_tolerance,performance,3,3,4.65,0.82,0.00,1.00,0.67
419343,application,sensory,2,2,4.55,0.78,0.00,1.00,0.00
419343,efficiency,economic,1,1,4.74,0.87,0.00,1.00,0.00
419343,packaging,packaging,1,1,4.43,0.72,0.00,1.00,0.00
419343,scent,sensory,1,1,4.46,0.73,0.00,1.00,0.00
419343,texture_consistency,sensory,1,1,4.67,0.83,0.00,1.00,0.00
419350,effectiveness,performance,2,2,4.84,0.92,0.00,1.00,0.00
419386,skin_tolerance,performance,3,3,4.60,0.80,0.00,1.00,1.00
419386,hydration_nourishment,performance,2,2,4.69,0.84,0.00,1.00,0.00
419386,effectiveness,performance,1,1,4.60,0.80,0.00,1.00,0.00
419386,packaging,packaging,1,1,4.84,0.92,0.00,1.00,0.00
419386,scent,sensory,1,1,4.54,0.77,0.00,1.00,0.00
419386,texture_consistency,sensory,1,1,4.83,0.92,0.00,1.00,0.00
419387,cleansing_makeup_removal,performance,12,10,4.35,0.68,0.10,0.90,0.10
419387,skin_tolerance,performance,5,5,4.60,0.80,0.00,1.00,1.00
419387,scent,sensory,3,3,4.56,0.78,0.00,1.00,0.00
419387,efficiency,economic,2,2,4.65,0.83,0.00,1.00,0.00
419387,hydration_nourishment,performance,2,2,4.63,0.82,0.00,1.00,0.50
419387,effectiveness,performance,1,1,4.60,0.80,0.00,1.00,1.00
419387,price_value,economic,1,1,3.54,0.27,0.00,0.00,0.00
419420,application,sensory,3,3,4.78,0.89,0.00,1.00,0.00
419420,formula_composition,formula,3,3,4.85,0.93,0.00,1.00,0.00
419420,skin_tolerance,performance,3,3,4.57,0.78,0.00,1.00,0.67
419420,texture_consistency,sensory,3,3,2.54,-0.23,0.67,0.33,0.67
419420,cleansing_makeup_removal,performance,1,1,4.91,0.96,0.00,1.00,0.00
419420,effectiveness,performance,1,1,4.46,0.73,0.00,1.00,0.00
419420,pore_clogging,performance,1,1,4.60,0.80,0.00,1.00,1.00
419420,price_value,economic,1,1,4.56,0.78,0.00,1.00,0.00
419421,effectiveness,performance,5,5,4.70,0.85,0.00,1.00,0.20
419421,hydration_nourishment,performance,3,3,4.74,0.87,0.00,1.00,0.00
419421,formula_composition,formula,2,2,4.84,0.92,0.00,1.00,0.00
419421,texture_consistency,sensory,2,2,3.12,0.06,0.50,0.50,0.50
419421,absorption_finish,sensory,1,1,4.83,0.92,0.00,1.00,0.00
419421,application,sensory,1,1,4.78,0.89,0.00,1.00,0.00
419421,skin_tolerance,performance,1,1,4.85,0.93,0.00,1.00,0.00
419422,effectiveness,performance,6,6,4.23,0.62,0.00,0.67,0.00
419422,skin_tolerance,performance,3,3,4.60,0.80,0.00,1.00,1.00
419422,absorption_finish,sensory,2,2,4.88,0.94,0.00,1.00,0.00
419422,efficiency,economic,2,2,4.82,0.91,0.00,1.00,0.00
419422,hydration_nourishment,performance,2,2,4.79,0.89,0.00,1.00,0.00
419422,application,sensory,1,1,4.43,0.71,0.00,1.00,0.00
419475,effectiveness,performance,3,3,2.54,-0.23,0.67,0.00,0.00
419475,application,sensory,2,2,4.70,0.85,0.00,1.00,0.00
419475,hydration_nourishment,performance,2,2,4.70,0.85,0.00,1.00,0.00
419475,absorption_finish,sensory,1,1,1.40,-0.80,1.00,0.00,1.00
419475,scent,sensory,1,1,4.57,0.78,0.00,1.00,0.00
419475,skin_tolerance,performance,1,1,1.40,-0.80,1.00,0.00,1.00
419475,texture_consistency,sensory,1,1,4.57,0.78,0.00,1.00,0.00
419476,application,sensory,1,1,4.77,0.88,0.00,1.00,0.00
419476,hydration_nourishment,performance,1,1,4.86,0.93,0.00,1.00,0.00
419477,effectiveness,performance,1,1,4.83,0.92,0.00,1.00,0.00
419477,hydration_nourishment,performance,1,1,4.83,0.92,0.00,1.00,0.00
419478,effectiveness,performance,1,1,4.55,0.78,0.00,1.00,0.00
419478,hydration_nourishment,performance,1,1,4.79,0.89,0.00,1.00,0.00
419479,application,sensory,2,2,4.72,0.86,0.00,1.00,0.00
419479,texture_consistency,sensory,2,2,4.60,0.80,0.00,1.00,0.00
419479,absorption_finish,sensory,1,1,4.60,0.80,0.00,1.00,1.00
419479,effectiveness,performance,1,1,4.88,0.94,0.00,1.00,0.00
419479,formula_composition,formula,1,1,4.76,0.88,0.00,1.00,0.00
419479,hydration_nourishment,performance,1,1,4.88,0.94,0.00,1.00,0.00
419480,effectiveness,performance,6,6,4.77,0.88,0.00,1.00,0.00
419480,hydration_nourishment,performance,5,5,4.80,0.90,0.00,1.00,0.00
419480,application,sensory,4,4,4.61,0.80,0.00,1.00,0.25
419480,texture_consistency,sensory,3,3,4.57,0.78,0.00,1.00,0.00
419480,formula_composition,formula,2,2,4.59,0.80,0.00,1.00,0.00
419480,packaging,packaging,2,2,4.44,0.72,0.00,1.00,0.00
419480,price_value,economic,2,2,4.69,0.85,0.00,1.00,0.00
419480,pore_clogging,performance,1,1,4.60,0.80,0.00,1.00,1.00
419480,scent,sensory,1,1,4.55,0.78,0.00,1.00,0.00
419482,effectiveness,performance,1,1,4.71,0.85,0.00,1.00,0.00
419711,effectiveness,performance,2,2,2.74,-0.13,0.50,0.00,0.00
419711,texture_consistency,sensory,2,2,3.82,0.41,0.00,0.50,0.00
419711,formula_composition,formula,1,1,4.86,0.93,0.00,1.00,0.00
419711,scent,sensory,1,1,1.85,-0.58,1.00,0.00,0.00
419784,application,sensory,1,1,4.80,0.90,0.00,1.00,0.00
419784,cleansing_makeup_removal,performance,1,1,4.80,0.90,0.00,1.00,0.00
419784,packaging,packaging,1,1,4.80,0.90,0.00,1.00,0.00
420353,hydration_nourishment,performance,3,3,4.57,0.79,0.00,1.00,0.00
420353,absorption_finish,sensory,1,1,4.60,0.80,0.00,1.00,1.00
420354,hydration_nourishment,performance,5,4,4.43,0.72,0.25,0.75,0.00
420354,application,sensory,1,1,4.91,0.95,0.00,1.00,0.00
420354,scent,sensory,1,1,4.16,0.58,0.00,1.00,0.00
420354,texture_consistency,sensory,1,1,1.40,-0.80,1.00,0.00,1.00
420355,application,sensory,4,4,4.74,0.87,0.00,1.00,0.25
420355,absorption_finish,sensory,2,2,4.60,0.80,0.00,1.00,1.00
420355,cleansing_makeup_removal,performance,1,1,4.71,0.86,0.00,1.00,0.00
420355,effectiveness,performance,1,1,4.79,0.90,0.00,1.00,0.00
420355,hydration_nourishment,performance,1,1,4.88,0.94,0.00,1.00,0.00
420355,packaging,packaging,1,1,4.65,0.83,0.00,1.00,0.00
420375,absorption_finish,sensory,4,4,4.63,0.81,0.00,1.00,0.00
420375,effectiveness,performance,3,3,4.51,0.75,0.00,1.00,0.33
420375,application,sensory,2,2,4.77,0.89,0.00,1.00,0.00
420375,hydration_nourishment,performance,2,2,4.55,0.77,0.00,1.00,0.00
420375,formula_composition,formula,1,1,4.30,0.65,0.00,1.00,0.00
420375,texture_consistency,sensory,1,1,4.56,0.78,0.00,1.00,0.00
420518,skin_tolerance,performance,2,2,3.00,-0.00,0.50,0.50,1.00
420518,absorption_finish,sensory,1,1,4.87,0.93,0.00,1.00,0.00
420518,application,sensory,1,1,4.94,0.97,0.00,1.00,0.00
420548,cleansing_makeup_removal,performance,4,4,3.55,0.28,0.25,0.50,0.25
420548,scent,sensory,2,2,4.23,0.61,0.00,0.50,0.00
420548,skin_tolerance,performance,2,2,3.13,0.07,0.50,0.50,0.50
420548,formula_composition,formula,1,1,4.86,0.93,0.00,1.00,0.00
420548,packaging,packaging,1,1,4.49,0.75,0.00,1.00,0.00
420939,absorption_finish,sensory,1,1,4.72,0.86,0.00,1.00,0.00
420939,effectiveness,performance,1,1,4.38,0.69,0.00,1.00,0.00
420939,hydration_nourishment,performance,1,1,4.85,0.93,0.00,1.00,0.00
421005,hydration_nourishment,performance,4,4,3.72,0.36,0.25,0.75,0.25
421005,effectiveness,performance,3,3,4.75,0.88,0.00,1.00,0.33
421005,scent,sensory,2,2,4.24,0.62,0.00,1.00,0.00
421005,formula_composition,formula,1,1,1.40,-0.80,1.00,0.00,1.00
421005,packaging,packaging,1,1,4.46,0.73,0.00,1.00,0.00
2009024,hydration_nourishment,performance,6,5,4.72,0.86,0.00,1.00,0.00
2009024,scent,sensory,2,2,3.58,0.29,0.00,0.00,0.00
2009024,absorption_finish,sensory,1,1,4.26,0.63,0.00,1.00,0.00
2009024,application,sensory,1,1,4.44,0.72,0.00,1.00,0.00
2009024,effectiveness,performance,1,1,3.78,0.39,0.00,0.00,0.00
2009024,texture_consistency,sensory,1,1,2.98,-0.01,1.00,0.00,0.00
2009025,hydration_nourishment,performance,6,6,4.26,0.63,0.17,0.83,0.17
2009025,scent,sensory,4,4,4.88,0.94,0.00,1.00,0.00
2009025,absorption_finish,sensory,2,2,4.09,0.55,0.00,0.50,0.00
2009025,efficiency,economic,1,1,4.95,0.97,0.00,1.00,0.00
2009025,packaging,packaging,1,1,4.86,0.93,0.00,1.00,0.00
2009025,texture_consistency,sensory,1,1,4.95,0.97,0.00,1.00,0.00
2010023,hydration_nourishment,performance,2,2,2.44,-0.28,0.50,0.00,0.50
2010023,skin_tolerance,performance,1,1,4.60,0.80,0.00,1.00,1.00
2010024,hydration_nourishment,performance,4,4,4.66,0.83,0.00,1.00,0.00
2010024,packaging,packaging,1,1,4.02,0.51,0.00,1.00,0.00
2010024,scent,sensory,1,1,4.02,0.51,0.00,1.00,0.00
2010025,hydration_nourishment,performance,6,6,4.09,0.55,0.17,0.83,0.17
2010025,absorption_finish,sensory,1,1,4.61,0.81,0.00,1.00,0.00
2010025,texture_consistency,sensory,1,1,4.61,0.81,0.00,1.00,0.00
2011013,effectiveness,performance,1,1,3.35,0.17,0.00,0.00,0.00
2011013,hydration_nourishment,performance,1,1,4.96,0.98,0.00,1.00,0.00
2011117,texture_consistency,sensory,1,1,4.59,0.79,0.00,1.00,0.00
2011167,effectiveness,performance,1,1,4.17,0.59,0.00,1.00,0.00
2011167,skin_tolerance,performance,1,1,4.60,0.80,0.00,1.00,1.00
2029002,cleansing_makeup_removal,performance,1,1,4.71,0.85,0.00,1.00,0.00
2029002,effectiveness,performance,1,1,4.68,0.84,0.00,1.00,0.00
2029002,scent,sensory,1,1,4.71,0.85,0.00,1.00,0.00
2029002,skin_tolerance,performance,1,1,3.13,0.06,1.00,0.00,0.00
2029005,cleansing_makeup_removal,performance,3,3,4.65,0.82,0.00,1.00,0.00
2029005,hydration_nourishment,performance,2,2,4.18,0.59,0.00,0.50,0.00
2029005,price_value,economic,1,1,4.13,0.56,0.00,1.00,0.00
2029005,texture_consistency,sensory,1,1,1.40,-0.80,1.00,0.00,1.00
2031027,effectiveness,performance,5,3,4.78,0.89,0.00,1.00,0.17
2031027,absorption_finish,sensory,2,2,4.79,0.89,0.00,1.00,0.50
2031027,hydration_nourishment,performance,2,2,4.96,0.98,0.00,1.00,0.00
2031027,pore_clogging,performance,2,2,4.60,0.80,0.00,1.00,1.00
2031027,texture_consistency,sensory,2,2,4.76,0.88,0.00,1.00,0.00
2031027,application,sensory,1,1,4.68,0.84,0.00,1.00,0.00
2031027,cleansing_makeup_removal,performance,1,1,4.67,0.83,0.00,1.00,0.00
2031027,skin_tolerance,performance,1,1,4.56,0.78,0.00,1.00,0.00
2031029,effectiveness,performance,5,5,4.46,0.73,0.20,0.80,0.00
2031029,absorption_finish,sensory,3,3,4.74,0.87,0.00,1.00,0.00
2031029,application,sensory,3,3,4.37,0.69,0.00,0.67,0.33
2031029,hydration_nourishment,performance,1,1,4.83,0.92,0.00,1.00,0.00
2031029,pore_clogging,performance,1,1,1.40,-0.80,1.00,0.00,1.00
2031029,price_value,economic,1,1,4.80,0.90,0.00,1.00,0.00
2031029,scent,sensory,1,1,3.25,0.13,0.00,0.00,0.00
2031029,texture_consistency,sensory,1,1,1.40,-0.80,1.00,0.00,1.00
2031030,application,sensory,5,5,4.75,0.88,0.00,1.00,0.00
2031030,effectiveness,performance,5,5,4.59,0.79,0.00,1.00,0.40
2031030,texture_consistency,sensory,4,4,3.88,0.44,0.25,0.75,0.25
2031030,hydration_nourishment,performance,3,3,4.87,0.93,0.00,1.00,0.00
2031030,absorption_finish,sensory,2,2,4.68,0.84,0.00,1.00,0.50
2031030,cleansing_makeup_removal,performance,1,1,4.71,0.86,0.00,1.00,0.00
2031030,formula_composition,formula,1,1,4.85,0.92,0.00,1.00,0.00
2031030,packaging,packaging,1,1,4.76,0.88,0.00,1.00,0.00
2031030,scent,sensory,1,1,4.76,0.88,0.00,1.00,0.00
2031030,skin_tolerance,performance,1,1,4.79,0.89,0.00,1.00,0.00
2031033,hydration_nourishment,performance,4,4,4.83,0.91,0.00,1.00,0.00
2031033,application,sensory,3,3,4.81,0.90,0.00,1.00,0.00
2031033,effectiveness,performance,3,3,4.84,0.92,0.00,1.00,0.00
2031033,texture_consistency,sensory,2,2,3.08,0.04,0.50,0.50,0.50
2031033,absorption_finish,sensory,1,1,4.76,0.88,0.00,1.00,0.00
2031033,formula_composition,formula,1,1,4.72,0.86,0.00,1.00,0.00
2031036,effectiveness,performance,3,3,4.81,0.91,0.00,1.00,0.00
2031036,application,sensory,1,1,4.65,0.82,0.00,1.00,0.00
2031036,formula_composition,formula,1,1,4.62,0.81,0.00,1.00,0.00
2031056,effectiveness,performance,4,4,3.81,0.40,0.25,0.75,0.25
2031056,efficiency,economic,1,1,4.68,0.84,0.00,1.00,0.00
2031056,packaging,packaging,1,1,4.18,0.59,0.00,1.00,0.00
2031056,scent,sensory,1,1,4.68,0.84,0.00,1.00,0.00
2031057,hydration_nourishment,performance,2,2,4.82,0.91,0.00,1.00,0.00
2031057,absorption_finish,sensory,1,1,4.87,0.93,0.00,1.00,0.00
2031057,effectiveness,performance,1,1,4.92,0.96,0.00,1.00,0.00
2031057,scent,sensory,1,1,4.87,0.93,0.00,1.00,0.00
2031069,effectiveness,performance,5,5,4.64,0.82,0.00,1.00,0.20
2031069,application,sensory,4,4,4.66,0.83,0.00,1.00,0.00
2031069,hydration_nourishment,performance,2,2,4.85,0.93,0.00,1.00,0.00
2031069,absorption_finish,sensory,1,1,4.88,0.94,0.00,1.00,0.00
2031069,formula_composition,formula,1,1,4.87,0.93,0.00,1.00,0.00
2031069,price_value,economic,1,1,4.76,0.88,0.00,1.00,0.00
2031069,texture_consistency,sensory,1,1,4.53,0.76,0.00,1.00,0.00
2031070,effectiveness,performance,6,5,4.67,0.84,0.00,1.00,0.20
2031070,application,sensory,3,3,4.65,0.82,0.00,1.00,0.33
2031070,hydration_nourishment,performance,3,3,4.77,0.89,0.00,1.00,0.00
2031070,skin_tolerance,performance,3,3,4.61,0.81,0.00,1.00,0.33
2031070,formula_composition,formula,2,2,4.84,0.92,0.00,1.00,0.00
2031070,packaging,packaging,1,1,4.43,0.71,0.00,1.00,0.00
2031070,pore_clogging,performance,1,1,4.60,0.80,0.00,1.00,1.00
2031070,price_value,economic,1,1,4.91,0.95,0.00,1.00,0.00
2031070,scent,sensory,1,1,4.72,0.86,0.00,1.00,0.00
2031070,texture_consistency,sensory,1,1,4.73,0.86,0.00,1.00,0.00
2031076,effectiveness,performance,1,1,4.84,0.92,0.00,1.00,0.00
2031077,skin_tolerance,performance,1,1,4.06,0.53,0.00,1.00,0.00
2031079,skin_tolerance,performance,1,1,1.40,-0.80,1.00,0.00,1.00
2031085,skin_tolerance,performance,4,4,4.60,0.80,0.00,1.00,1.00
2031085,cleansing_makeup_removal,performance,2,2,4.29,0.64,0.00,0.50,0.00
2031085,price_value,economic,2,1,4.55,0.77,0.00,1.00,0.00
2031085,scent,sensory,2,2,4.49,0.75,0.00,1.00,0.00
2031085,texture_consistency,sensory,1,1,1.40,-0.80,1.00,0.00,1.00
2031087,effectiveness,performance,7,6,4.45,0.72,0.00,1.00,0.00
2031105,effectiveness,performance,3,3,4.60,0.80,0.00,1.00,0.00
2031105,cleansing_makeup_removal,performance,2,2,4.75,0.88,0.00,1.00,0.00
2031105,price_value,economic,1,1,4.62,0.81,0.00,1.00,0.00
2031127,effectiveness,performance,2,2,4.32,0.66,0.00,1.00,0.50
2031127,hydration_nourishment,performance,2,2,3.99,0.50,0.00,0.50,0.00
2031127,absorption_finish,sensory,1,1,1.40,-0.80,1.00,0.00,1.00
2031141,effectiveness,performance,3,3,4.24,0.62,0.33,0.67,0.00
2031141,hydration_nourishment,performance,2,2,4.91,0.96,0.00,1.00,0.00
2031141,skin_tolerance,performance,1,1,4.50,0.75,0.00,1.00,0.00
2031142,effectiveness,performance,3,3,2.61,-0.19,1.00,0.00,0.00
2031142,hydration_nourishment,performance,3,3,4.51,0.76,0.00,1.00,0.00
2031142,packaging,packaging,1,1,4.89,0.94,0.00,1.00,0.00
2031142,price_value,economic,1,1,4.72,0.86,0.00,1.00,0.00
2031142,skin_tolerance,performance,1,1,1.40,-0.80,1.00,0.00,1.00
2031142,texture_consistency,sensory,1,1,3.80,0.40,0.00,1.00,0.00
2031143,hydration_nourishment,performance,1,1,4.98,0.99,0.00,1.00,0.00
2031143,scent,sensory,1,1,4.98,0.99,0.00,1.00,0.00
2031143,skin_tolerance,performance,1,1,2.12,-0.44,1.00,0.00,0.00
2031143,texture_consistency,sensory,1,1,4.98,0.99,0.00,1.00,0.00
2031144,effectiveness,performance,2,2,3.00,-0.00,0.50,0.50,1.00
2031144,hydration_nourishment,performance,2,2,3.93,0.46,0.50,0.50,0.00
2031144,texture_consistency,sensory,2,1,2.38,-0.31,1.00,0.00,0.00
2031145,hydration_nourishment,performance,2,2,4.78,0.89,0.00,1.00,0.00
2031145,scent,sensory,2,2,4.78,0.89,0.00,1.00,0.00
2031145,absorption_finish,sensory,1,1,4.27,0.64,0.00,1.00,0.00
2031145,price_value,economic,1,1,4.89,0.94,0.00,1.00,0.00
2031145,skin_tolerance,performance,1,1,4.60,0.80,0.00,1.00,1.00
2031146,scent,sensory,4,4,4.62,0.81,0.00,1.00,0.00
2031146,hydration_nourishment,performance,2,2,4.81,0.91,0.00,1.00,0.00
2031146,packaging,packaging,2,2,4.40,0.70,0.00,1.00,0.00
2031146,formula_composition,formula,1,1,4.60,0.80,0.00,1.00,0.00
2031146,skin_tolerance,performance,1,1,4.60,0.80,0.00,1.00,1.00
2031148,price_value,economic,2,2,4.47,0.73,0.00,1.00,0.00
2031148,effectiveness,performance,1,1,4.47,0.74,0.00,1.00,0.00
2031148,formula_composition,formula,1,1,4.45,0.73,0.00,1.00,0.00
2031148,hydration_nourishment,performance,1,1,4.63,0.82,0.00,1.00,0.00
2031149,formula_composition,formula,2,2,4.81,0.90,0.00,1.00,0.00
2031149,hydration_nourishment,performance,2,2,4.72,0.86,0.00,1.00,0.00
2031149,effectiveness,performance,1,1,4.94,0.97,0.00,1.00,0.00
2031149,price_value,economic,1,1,4.58,0.79,0.00,1.00,0.00
2031150,hydration_nourishment,performance,3,3,4.72,0.86,0.00,1.00,0.00
2031150,effectiveness,performance,2,2,4.71,0.86,0.00,1.00,0.00
2031150,skin_tolerance,performance,2,2,4.60,0.80,0.00,1.00,1.00
2031150,formula_composition,formula,1,1,4.52,0.76,0.00,1.00,0.00
2031150,price_value,economic,1,1,4.63,0.82,0.00,1.00,0.00
2031151,hydration_nourishment,performance,1,1,4.80,0.90,0.00,1.00,0.00
2031154,hydration_nourishment,performance,1,1,4.83,0.92,0.00,1.00,0.00
2031155,hydration_nourishment,performance,2,2,4.93,0.96,0.00,1.00,0.00
2031155,price_value,economic,1,1,4.81,0.90,0.00,1.00,0.00
2031155,scent,sensory,1,1,4.63,0.81,0.00,1.00,0.00
2031155,skin_tolerance,performance,1,1,4.63,0.81,0.00,1.00,0.00
2031156,hydration_nourishment,performance,2,2,4.79,0.90,0.00,1.00,0.00
2031166,hydration_nourishment,performance,3,2,4.91,0.95,0.00,1.00,0.00
2031166,effectiveness,performance,1,1,4.71,0.86,0.00,1.00,0.00
2031167,effectiveness,performance,2,2,3.03,0.02,0.50,0.50,0.50
2031167,application,sensory,1,1,4.87,0.93,0.00,1.00,0.00
2031167,formula_composition,formula,1,1,4.51,0.75,0.00,1.00,0.00
2031167,hydration_nourishment,performance,1,1,4.51,0.75,0.00,1.00,0.00
2031167,price_value,economic,1,1,4.75,0.87,0.00,1.00,0.00
2031169,effectiveness,performance,5,4,4.72,0.86,0.00,1.00,0.00
2031169,application,sensory,3,2,4.84,0.92,0.00,1.00,0.00
2031169,hydration_nourishment,performance,3,3,4.91,0.95,0.00,1.00,0.00
2031169,texture_consistency,sensory,2,2,3.13,0.07,0.50,0.50,0.50
2031169,absorption_finish,sensory,1,1,4.88,0.94,0.00,1.00,0.00
2031169,cleansing_makeup_removal,performance,1,1,4.93,0.96,0.00,1.00,0.00
2031169,efficiency,economic,1,1,4.78,0.89,0.00,1.00,0.00
2031169,formula_composition,formula,1,1,4.87,0.93,0.00,1.00,0.00
2031169,pore_clogging,performance,1,1,4.60,0.80,0.00,1.00,1.00
2031170,texture_consistency,sensory,3,3,3.64,0.32,0.33,0.67,0.33
2031170,formula_composition,formula,2,2,4.73,0.87,0.00,1.00,0.00
2031170,hydration_nourishment,performance,2,2,4.77,0.88,0.00,1.00,0.00
2031170,price_value,economic,2,2,4.50,0.75,0.00,1.00,0.00
2031170,skin_tolerance,performance,2,2,4.46,0.73,0.00,1.00,0.50
2031170,absorption_finish,sensory,1,1,4.80,0.90,0.00,1.00,0.00
2031170,cleansing_makeup_removal,performance,1,1,4.93,0.97,0.00,1.00,0.00
2031170,effectiveness,performance,1,1,4.29,0.64,0.00,1.00,0.00
2031170,efficiency,economic,1,1,4.84,0.92,0.00,1.00,0.00
2038042,cleansing_makeup_removal,performance,4,4,4.34,0.67,0.00,0.75,0.00
2038042,hydration_nourishment,performance,4,4,4.70,0.85,0.00,1.00,0.50
2038042,effectiveness,performance,3,2,4.75,0.87,0.00,1.00,0.00
2038042,packaging,packaging,1,1,4.90,0.95,0.00,1.00,0.00
2038042,pore_clogging,performance,1,1,4.60,0.80,0.00,1.00,1.00
2038042,price_value,economic,1,1,4.66,0.83,0.00,1.00,0.00
2038042,texture_consistency,sensory,1,1,4.85,0.93,0.00,1.00,0.00
2038043,effectiveness,performance,7,7,4.61,0.81,0.00,1.00,0.00
2038043,hydration_nourishment,performance,6,6,4.72,0.86,0.00,1.00,0.00
2038043,application,sensory,3,3,4.61,0.80,0.00,1.00,0.00
2038043,absorption_finish,sensory,2,2,4.75,0.88,0.00,1.00,0.00
2038043,texture_consistency,sensory,2,2,4.48,0.74,0.00,1.00,0.00
2038043,cleansing_makeup_removal,performance,1,1,4.80,0.90,0.00,1.00,0.00
2038043,formula_composition,formula,1,1,4.85,0.93,0.00,1.00,0.00
2038043,packaging,packaging,1,1,4.67,0.84,0.00,1.00,0.00
2038043,price_value,economic,1,1,4.87,0.93,0.00,1.00,0.00
2038043,scent,sensory,1,1,4.52,0.76,0.00,1.00,0.00
2038043,skin_tolerance,performance,1,1,4.60,0.80,0.00,1.00,1.00
2038044,hydration_nourishment,performance,4,4,4.64,0.82,0.00,1.00,0.25
2038044,absorption_finish,sensory,1,1,4.86,0.93,0.00,1.00,0.00
2038044,application,sensory,1,1,4.06,0.53,0.00,1.00,0.00
2038044,effectiveness,performance,1,1,4.33,0.67,0.00,1.00,0.00
2038044,packaging,packaging,1,1,4.62,0.81,0.00,1.00,0.00
2038044,scent,sensory,1,1,4.45,0.73,0.00,1.00,0.00
2038044,skin_tolerance,performance,1,1,4.80,0.90,0.00,1.00,0.00
2038044,texture_consistency,sensory,1,1,4.86,0.93,0.00,1.00,0.00
2038054,skin_tolerance,performance,3,3,3.53,0.27,0.33,0.67,1.00
2038054,effectiveness,performance,2,2,4.90,0.95,0.00,1.00,0.00
2038054,cleansing_makeup_removal,performance,1,1,4.81,0.91,0.00,1.00,0.00
2038054,texture_consistency,sensory,1,1,3.74,0.37,0.00,0.00,0.00
2038055,hydration_nourishment,performance,4,4,4.80,0.90,0.00,1.00,0.00
2038055,scent,sensory,2,2,4.82,0.91,0.00,1.00,0.00
2038055,absorption_finish,sensory,1,1,4.69,0.85,0.00,1.00,0.00
2038055,effectiveness,performance,1,1,3.80,0.40,0.00,1.00,0.00
2038055,formula_composition,formula,1,1,4.63,0.82,0.00,1.00,0.00
2038055,skin_tolerance,performance,1,1,4.26,0.63,0.00,1.00,0.00
2040115,effectiveness,performance,2,2,3.32,0.16,0.50,0.50,0.00
2043022,cleansing_makeup_removal,performance,6,6,4.62,0.81,0.00,1.00,0.00
2043022,effectiveness,performance,2,2,4.61,0.80,0.00,1.00,0.50
2043022,hydration_nourishment,performance,2,2,4.80,0.90,0.00,1.00,0.00
2043022,price_value,economic,1,1,4.96,0.98,0.00,1.00,0.00
2043022,scent,sensory,1,1,4.87,0.94,0.00,1.00,0.00
2043022,skin_tolerance,performance,1,1,4.60,0.80,0.00,1.00,1.00
2045031,hydration_nourishment,performance,4,4,4.31,0.66,0.00,0.75,0.00
2045031,absorption_finish,sensory,3,3,4.71,0.86,0.00,1.00,0.00
2045031,effectiveness,performance,3,3,3.59,0.29,0.33,0.67,0.33
2045031,cleansing_makeup_removal,performance,2,2,4.59,0.79,0.00,1.00,0.00
2045031,scent,sensory,2,2,4.70,0.85,0.00,1.00,0.00
2045031,texture_consistency,sensory,2,2,3.12,0.06,0.50,0.50,0.50
2045031,application,sensory,1,1,4.33,0.66,0.00,1.00,0.00
2045031,formula_composition,formula,1,1,4.85,0.92,0.00,1.00,0.00
2045031,packaging,packaging,1,1,4.57,0.79,0.00,1.00,0.00
2047000,scent,sensory,5,5,4.65,0.83,0.00,1.00,0.00
2047000,packaging,packaging,4,3,4.51,0.75,0.00,1.00,0.00
2047000,effectiveness,performance,3,3,4.53,0.76,0.00,1.00,0.00
2047000,hydration_nourishment,performance,3,3,4.74,0.87,0.00,1.00,0.00
2047000,efficiency,economic,2,2,4.54,0.77,0.00,1.00,0.00
2047000,absorption_finish,sensory,1,1,4.72,0.86,0.00,1.00,0.00
2047000,application,sensory,1,1,4.19,0.59,0.00,1.00,0.00
2047001,absorption_finish,sensory,2,2,1.40,-0.80,1.00,0.00,1.00
2047001,application,sensory,2,2,4.73,0.87,0.00,1.00,0.00
2047001,effectiveness,performance,2,1,4.68,0.84,0.00,1.00,0.00
2047001,formula_composition,formula,2,2,4.89,0.94,0.00,1.00,0.00
2047001,hydration_nourishment,performance,1,1,4.69,0.85,0.00,1.00,0.00
2047001,price_value,economic,1,1,3.41,0.20,0.00,0.00,0.00
2047001,scent,sensory,1,1,4.72,0.86,0.00,1.00,0.00
2047001,skin_tolerance,performance,1,1,4.55,0.77,0.00,1.00,0.00
2047001,texture_consistency,sensory,1,1,4.75,0.87,0.00,1.00,0.00
2047002,cleansing_makeup_removal,performance,8,6,4.48,0.74,0.00,1.00,0.00
2047002,price_value,economic,3,2,4.48,0.74,0.00,1.00,0.00
2047002,scent,sensory,3,3,4.72,0.86,0.00,1.00,0.00
2047002,application,sensory,1,1,3.87,0.43,0.00,1.00,0.00
2047002,effectiveness,performance,1,1,3.87,0.43,0.00,1.00,0.00
2047002,efficiency,economic,1,1,4.63,0.82,0.00,1.00,0.00
2047002,hydration_nourishment,performance,1,1,4.03,0.52,0.00,1.00,0.00
2047002,skin_tolerance,performance,1,1,4.60,0.80,0.00,1.00,1.00
2047005,cleansing_makeup_removal,performance,6,5,4.27,0.64,0.00,0.80,0.00
2047005,efficiency,economic,4,3,4.54,0.77,0.00,1.00,0.00
2047005,price_value,economic,3,2,4.15,0.58,0.00,1.00,0.00
2047005,skin_tolerance,performance,3,3,4.25,0.63,0.00,0.67,0.67
2047005,hydration_nourishment,performance,2,2,4.23,0.61,0.00,0.50,0.00
2047005,scent,sensory,2,2,4.39,0.70,0.00,1.00,0.00
2047005,texture_consistency,sensory,1,1,3.55,0.28,0.00,0.00,0.00
2047006,hydration_nourishment,performance,2,2,4.72,0.86,0.00,1.00,0.00
2047006,effectiveness,performance,1,1,4.75,0.87,0.00,1.00,0.00
2047006,price_value,economic,1,1,4.06,0.53,0.00,1.00,0.00
2047006,scent,sensory,1,1,4.68,0.84,0.00,1.00,0.00
2047006,skin_tolerance,performance,1,1,3.81,0.40,0.00,1.00,0.00
2049042,hydration_nourishment,performance,3,3,4.87,0.93,0.00,1.00,0.00
2049042,scent,sensory,3,3,4.78,0.89,0.00,1.00,0.00
2052010,hydration_nourishment,performance,3,3,4.58,0.79,0.00,1.00,0.00
2052010,effectiveness,performance,2,2,4.72,0.86,0.00,1.00,0.00
2052010,absorption_finish,sensory,1,1,4.60,0.80,0.00,1.00,1.00
2052010,application,sensory,1,1,4.72,0.86,0.00,1.00,0.00
2052010,formula_composition,formula,1,1,4.73,0.86,0.00,1.00,0.00
2052010,scent,sensory,1,1,4.72,0.86,0.00,1.00,0.00
2052010,texture_consistency,sensory,1,1,4.73,0.86,0.00,1.00,0.00
2055045,absorption_finish,sensory,2,2,4.84,0.92,0.00,1.00,0.00
2055045,effectiveness,performance,2,1,4.76,0.88,0.00,1.00,0.00
2055045,application,sensory,1,1,4.92,0.96,0.00,1.00,0.00
2055045,skin_tolerance,performance,1,1,4.70,0.85,0.00,1.00,0.00
2055045,texture_consistency,sensory,1,1,4.72,0.86,0.00,1.00,0.00
2055063,hydration_nourishment,performance,2,2,4.66,0.83,0.00,1.00,0.00
2055063,application,sensory,1,1,4.51,0.76,0.00,1.00,0.00
2055063,formula_composition,formula,1,1,4.51,0.76,0.00,1.00,0.00
2055063,price_value,economic,1,1,4.58,0.79,0.00,1.00,0.00
2055063,scent,sensory,1,1,4.33,0.67,0.00,1.00,0.00
2055063,texture_consistency,sensory,1,1,4.34,0.67,0.00,1.00,0.00
2064000,application,sensory,2,2,4.78,0.89,0.00,1.00,0.00
2064000,effectiveness,performance,2,2,4.67,0.83,0.00,1.00,0.00
2064000,absorption_finish,sensory,1,1,4.60,0.80,0.00,1.00,1.00
2064000,cleansing_makeup_removal,performance,1,1,4.74,0.87,0.00,1.00,0.00
2064000,hydration_nourishment,performance,1,1,4.83,0.92,0.00,1.00,0.00
2064000,texture_consistency,sensory,1,1,4.74,0.87,0.00,1.00,0.00
2064001,effectiveness,performance,3,3,4.75,0.87,0.00,1.00,0.33
2064001,application,sensory,1,1,4.74,0.87,0.00,1.00,0.00
2064001,formula_composition,formula,1,1,4.83,0.92,0.00,1.00,0.00
2064001,skin_tolerance,performance,1,1,4.86,0.93,0.00,1.00,0.00
2064001,texture_consistency,sensory,1,1,4.83,0.92,0.00,1.00,0.00
2065003,hydration_nourishment,performance,2,2,4.69,0.85,0.00,1.00,0.00
2065003,price_value,economic,1,1,4.82,0.91,0.00,1.00,0.00
2065003,scent,sensory,1,1,4.53,0.76,0.00,1.00,0.00
2067732,effectiveness,performance,3,3,4.82,0.91,0.00,1.00,0.00
2067732,cleansing_makeup_removal,performance,2,2,4.74,0.87,0.00,1.00,0.00
2067732,texture_consistency,sensory,2,2,2.55,-0.23,0.50,0.00,0.50
2067732,hydration_nourishment,performance,1,1,1.40,-0.80,1.00,0.00,1.00
2067732,skin_tolerance,performance,1,1,4.60,0.80,0.00,1.00,1.00
2067994,cleansing_makeup_removal,performance,5,5,4.57,0.78,0.00,1.00,0.00
2067994,effectiveness,performance,5,3,4.42,0.71,0.00,1.00,0.33
2067994,scent,sensory,3,3,4.49,0.75,0.00,1.00,0.00
2067994,hydration_nourishment,performance,2,1,4.37,0.69,0.00,1.00,0.00
2067994,skin_tolerance,performance,1,1,4.60,0.80,0.00,1.00,1.00
2067994,texture_consistency,sensory,1,1,4.52,0.76,0.00,1.00,0.00
2069433,hydration_nourishment,performance,5,4,4.45,0.73,0.00,1.00,0.00
2069433,effectiveness,performance,3,2,2.77,-0.11,0.50,0.50,0.75
2069433,scent,sensory,2,2,2.94,-0.03,0.50,0.00,0.00
2069433,application,sensory,1,1,4.60,0.80,0.00,1.00,0.00
2069433,texture_consistency,sensory,1,1,2.52,-0.24,1.00,0.00,0.00
2071285,hydration_nourishment,performance,6,5,4.84,0.92,0.00,1.00,0.20
2071285,formula_composition,formula,5,3,4.43,0.71,0.00,0.67,0.00
2071285,skin_tolerance,performance,5,5,4.01,0.50,0.20,0.80,0.80
2071285,effectiveness,performance,3,3,4.25,0.62,0.33,0.67,0.00
2071285,price_value,economic,2,2,4.81,0.90,0.00,1.00,0.00
2071285,packaging,packaging,1,1,4.20,0.60,0.00,1.00,0.00
2071285,scent,sensory,1,1,3.01,0.00,1.00,0.00,0.00
2071286,effectiveness,performance,2,2,4.73,0.87,0.00,1.00,0.00
2071286,skin_tolerance,performance,2,2,4.75,0.88,0.00,1.00,0.50
2071286,absorption_finish,sensory,1,1,4.81,0.90,0.00,1.00,0.00
2071286,efficiency,economic,1,1,4.69,0.85,0.00,1.00,0.00
2071286,price_value,economic,1,1,3.22,0.11,0.00,0.00,0.00
2071288,absorption_finish,sensory,2,2,4.90,0.95,0.00,1.00,0.00
2071288,effectiveness,performance,2,2,4.76,0.88,0.00,1.00,0.50
2071288,hydration_nourishment,performance,2,1,4.79,0.90,0.00,1.00,0.00
2071288,application,sensory,1,1,4.60,0.80,0.00,1.00,0.00
2071288,formula_composition,formula,1,1,4.91,0.96,0.00,1.00,0.00
2071288,price_value,economic,1,1,4.01,0.50,0.00,1.00,0.00
2071291,hydration_nourishment,performance,3,3,4.10,0.55,0.33,0.67,0.00
2071291,skin_tolerance,performance,2,2,4.60,0.80,0.00,1.00,1.00
2071291,texture_consistency,sensory,2,2,4.70,0.85,0.00,1.00,0.00
2071291,effectiveness,performance,1,1,1.40,-0.80,1.00,0.00,1.00
2071291,packaging,packaging,1,1,4.41,0.71,0.00,1.00,0.00
2071291,price_value,economic,1,1,4.79,0.89,0.00,1.00,0.00
2071291,scent,sensory,1,1,4.25,0.62,0.00,1.00,0.00
2071297,absorption_finish,sensory,4,3,4.77,0.88,0.00,1.00,0.33
2071297,effectiveness,performance,3,3,4.40,0.70,0.00,1.00,0.00
2071297,hydration_nourishment,performance,3,3,4.81,0.90,0.00,1.00,0.00
2071297,skin_tolerance,performance,3,2,4.51,0.75,0.00,1.00,0.75
2071297,cleansing_makeup_removal,performance,2,2,4.84,0.92,0.00,1.00,0.00
2071297,texture_consistency,sensory,2,1,4.74,0.87,0.00,1.00,0.00
2071297,application,sensory,1,1,4.90,0.95,0.00,1.00,0.00
2071297,efficiency,economic,1,1,4.27,0.63,0.00,1.00,0.00
2071297,packaging,packaging,1,1,4.27,0.63,0.00,1.00,0.00
2071297,price_value,economic,1,1,4.90,0.95,0.00,1.00,0.00
2071400,effectiveness,performance,5,5,4.27,0.64,0.20,0.80,0.00
2071400,hydration_nourishment,performance,2,2,4.75,0.87,0.00,1.00,0.00
2071400,price_value,economic,2,2,4.51,0.76,0.00,1.00,0.00
2071400,texture_consistency,sensory,2,2,4.45,0.73,0.00,1.00,0.00
2071400,absorption_finish,sensory,1,1,4.88,0.94,0.00,1.00,0.00
2071400,application,sensory,1,1,4.56,0.78,0.00,1.00,0.00
2071400,skin_tolerance,performance,1,1,4.79,0.90,0.00,1.00,0.00
2074278,effectiveness,performance,4,4,4.72,0.86,0.00,1.00,0.00
2074278,hydration_nourishment,performance,3,3,4.80,0.90,0.00,1.00,0.00
2074278,price_value,economic,1,1,4.40,0.70,0.00,1.00,0.00
2074888,hydration_nourishment,performance,4,4,4.77,0.88,0.00,1.00,0.00
2074888,effectiveness,performance,2,2,2.30,-0.35,1.00,0.00,0.00
2074888,scent,sensory,1,1,4.75,0.87,0.00,1.00,0.00
2075661,effectiveness,performance,2,2,3.82,0.41,0.50,0.50,0.50
2075661,absorption_finish,sensory,1,1,4.60,0.80,0.00,1.00,1.00
2075661,application,sensory,1,1,3.04,0.02,1.00,0.00,0.00
2075661,formula_composition,formula,1,1,4.89,0.94,0.00,1.00,0.00
2075661,price_value,economic,1,1,4.71,0.85,0.00,1.00,0.00
2075661,scent,sensory,1,1,1.67,-0.67,1.00,0.00,0.00
2076059,texture_consistency,sensory,3,3,4.52,0.76,0.00,1.00,0.00
2076059,absorption_finish,sensory,2,2,4.68,0.84,0.00,1.00,0.50
2076059,application,sensory,2,2,4.68,0.84,0.00,1.00,0.00
2076059,effectiveness,performance,1,1,4.81,0.90,0.00,1.00,0.00
2076059,efficiency,economic,1,1,4.78,0.89,0.00,1.00,0.00
2076059,formula_composition,formula,1,1,4.59,0.79,0.00,1.00,0.00
2076059,hydration_nourishment,performance,1,1,4.37,0.69,0.00,1.00,0.00
2076059,pore_clogging,performance,1,1,4.60,0.80,0.00,1.00,1.00
2076063,application,sensory,5,5,4.78,0.89,0.00,1.00,0.00
2076063,absorption_finish,sensory,4,4,4.66,0.83,0.00,1.00,0.75
2076063,cleansing_makeup_removal,performance,3,2,3.79,0.39,0.50,0.50,0.00
2076063,packaging,packaging,3,3,4.62,0.81,0.00,1.00,0.00
2076063,scent,sensory,3,3,4.65,0.83,0.00,1.00,0.00
2076063,effectiveness,performance,2,2,3.65,0.32,0.50,0.50,0.00
2076063,hydration_nourishment,performance,2,2,4.90,0.95,0.00,1.00,0.00
2076063,texture_consistency,sensory,2,2,3.56,0.28,0.50,0.50,0.00
2076063,formula_composition,formula,1,1,4.87,0.93,0.00,1.00,0.00
2076063,price_value,economic,1,1,4.57,0.79,0.00,1.00,0.00
2076063,skin_tolerance,performance,1,1,4.60,0.80,0.00,1.00,1.00
2076064,application,sensory,5,5,4.66,0.83,0.00,1.00,0.20
2076064,texture_consistency,sensory,5,4,4.73,0.87,0.00,1.00,0.00
2076064,effectiveness,performance,4,4,4.34,0.67,0.25,0.75,0.00
2076064,absorption_finish,sensory,2,2,4.73,0.86,0.00,1.00,0.00
2076064,skin_tolerance,performance,2,2,3.02,0.01,0.50,0.50,0.50
2076064,efficiency,economic,1,1,4.84,0.92,0.00,1.00,0.00
2076064,formula_composition,formula,1,1,4.91,0.96,0.00,1.00,0.00
2076064,hydration_nourishment,performance,1,1,4.75,0.87,0.00,1.00,0.00
2076064,packaging,packaging,1,1,4.35,0.67,0.00,1.00,0.00
2076064,pore_clogging,performance,1,1,4.60,0.80,0.00,1.00,1.00
2076065,effectiveness,performance,2,2,4.86,0.93,0.00,1.00,0.00
2076065,hydration_nourishment,performance,2,2,4.88,0.94,0.00,1.00,0.00
2076065,scent,sensory,2,2,4.87,0.94,0.00,1.00,0.00
2076065,texture_consistency,sensory,2,2,4.83,0.91,0.00,1.00,0.00
2076065,application,sensory,1,1,4.85,0.92,0.00,1.00,0.00
2076065,efficiency,economic,1,1,4.95,0.97,0.00,1.00,0.00
2076066,absorption_finish,sensory,4,4,4.80,0.90,0.00,1.00,0.00
2076066,texture_consistency,sensory,4,4,4.80,0.90,0.00,1.00,0.00
2076066,effectiveness,performance,2,2,4.70,0.85,0.00,1.00,0.00
2076066,application,sensory,1,1,4.64,0.82,0.00,1.00,0.00
2076066,formula_composition,formula,1,1,4.70,0.85,0.00,1.00,0.00
2076066,hydration_nourishment,performance,1,1,4.64,0.82,0.00,1.00,0.00
2076066,skin_tolerance,performance,1,1,4.90,0.95,0.00,1.00,0.00
2076067,effectiveness,performance,6,5,4.63,0.82,0.00,1.00,0.30
2076067,hydration_nourishment,performance,4,4,4.77,0.89,0.00,1.00,0.00
2076067,application,sensory,3,3,4.79,0.89,0.00,1.00,0.00
2076067,texture_consistency,sensory,3,3,3.65,0.32,0.33,0.67,0.33
2076067,formula_composition,formula,2,2,4.78,0.89,0.00,1.00,0.00
2076067,absorption_finish,sensory,1,1,4.52,0.76,0.00,1.00,0.00
2076067,cleansing_makeup_removal,performance,1,1,4.27,0.64,0.00,1.00,0.00
2076338,price_value,economic,1,1,4.28,0.64,0.00,1.00,0.00
2076370,hydration_nourishment,performance,2,2,4.47,0.74,0.00,1.00,0.00
2076370,application,sensory,1,1,3.43,0.22,0.00,0.00,0.00
2076370,cleansing_makeup_removal,performance,1,1,4.16,0.58,0.00,1.00,0.00
2076370,effectiveness,performance,1,1,3.98,0.49,0.00,1.00,0.00
2076377,effectiveness,performance,3,3,4.71,0.86,0.00,1.00,0.00
2076377,hydration_nourishment,performance,3,3,4.75,0.87,0.00,1.00,0.00
2076377,formula_composition,formula,2,2,4.63,0.81,0.00,1.00,0.00
2076377,price_value,economic,1,1,4.86,0.93,0.00,1.00,0.00
2076378,hydration_nourishment,performance,3,3,4.89,0.94,0.00,1.00,0.00
2076378,texture_consistency,sensory,2,2,3.19,0.09,0.50,0.50,0.50
2076378,formula_composition,formula,1,1,4.88,0.94,0.00,1.00,0.00
2076378,skin_tolerance,performance,1,1,4.90,0.95,0.00,1.00,0.00
2076379,hydration_nourishment,performance,2,2,4.80,0.90,0.00,1.00,0.00
2076379,scent,sensory,1,1,4.86,0.93,0.00,1.00,0.00
2076545,hydration_nourishment,performance,1,1,3.04,0.02,1.00,0.00,0.00
2076547,hydration_nourishment,performance,1,1,4.91,0.96,0.00,1.00,0.00
2076575,effectiveness,performance,5,5,4.55,0.78,0.00,1.00,0.00
2076575,application,sensory,1,1,4.73,0.87,0.00,1.00,0.00
2076621,hydration_nourishment,performance,2,2,4.91,0.96,0.00,1.00,0.00
2076621,absorption_finish,sensory,1,1,1.40,-0.80,1.00,0.00,1.00
2076621,formula_composition,formula,1,1,4.86,0.93,0.00,1.00,0.00
2076621,scent,sensory,1,1,4.80,0.90,0.00,1.00,0.00
2076621,skin_tolerance,performance,1,1,4.60,0.80,0.00,1.00,1.00
2076622,effectiveness,performance,2,2,4.79,0.90,0.00,1.00,0.00
2076622,absorption_finish,sensory,1,1,4.63,0.82,0.00,1.00,0.00
2076622,formula_composition,formula,1,1,4.90,0.95,0.00,1.00,0.00
2076622,hydration_nourishment,performance,1,1,4.63,0.82,0.00,1.00,0.00
2076622,texture_consistency,sensory,1,1,1.40,-0.80,1.00,0.00,1.00
2076635,hydration_nourishment,performance,2,2,4.82,0.91,0.00,1.00,0.00
2076635,price_value,economic,2,2,4.54,0.77,0.00,1.00,0.00
2076636,cleansing_makeup_removal,performance,3,3,4.82,0.91,0.00,1.00,0.00
2076636,effectiveness,performance,2,2,3.45,0.22,0.50,0.50,0.00
2076636,scent,sensory,1,1,4.78,0.89,0.00,1.00,0.00
2076637,hydration_nourishment,performance,5,4,4.75,0.87,0.00,1.00,0.00
2076637,skin_tolerance,performance,3,3,4.68,0.84,0.00,1.00,0.33
2076637,application,sensory,1,1,4.71,0.85,0.00,1.00,0.00
2076637,effectiveness,performance,1,1,4.60,0.80,0.00,1.00,1.00
2076671,effectiveness,performance,5,4,3.91,0.46,0.25,0.50,0.12
2076671,absorption_finish,sensory,3,3,4.70,0.85,0.00,1.00,0.67
2076671,texture_consistency,sensory,3,3,4.75,0.87,0.00,1.00,0.00
2076671,formula_composition,formula,2,2,4.68,0.84,0.00,1.00,0.00
2076671,hydration_nourishment,performance,2,2,4.53,0.77,0.00,1.00,0.00
2076671,packaging,packaging,2,2,4.41,0.70,0.00,1.00,0.00
2076671,pore_clogging,performance,2,2,4.60,0.80,0.00,1.00,1.00
2076671,application,sensory,1,1,4.64,0.82,0.00,1.00,0.00
2076671,cleansing_makeup_removal,performance,1,1,4.39,0.70,0.00,1.00,0.00
2076671,price_value,economic,1,1,3.47,0.23,0.00,0.00,0.00
2076671,scent,sensory,1,1,4.89,0.95,0.00,1.00,0.00
2076994,hydration_nourishment,performance,5,4,4.68,0.84,0.00,1.00,0.00
2076994,effectiveness,performance,3,3,4.38,0.69,0.00,1.00,0.33
2076994,absorption_finish,sensory,2,2,4.70,0.85,0.00,1.00,0.50
2076994,formula_composition,formula,2,2,4.39,0.70,0.00,1.00,0.00
2076994,texture_consistency,sensory,2,2,2.93,-0.04,0.50,0.50,0.50
2076994,price_value,economic,1,1,4.71,0.86,0.00,1.00,0.00
2076994,scent,sensory,1,1,4.97,0.98,0.00,1.00,0.00
2076995,application,sensory,4,4,4.73,0.86,0.00,1.00,0.00
2076995,absorption_finish,sensory,3,3,3.69,0.34,0.33,0.67,0.33
2076995,effectiveness,performance,3,3,4.70,0.85,0.00,1.00,0.00
2076995,hydration_nourishment,performance,2,2,4.39,0.70,0.00,1.00,0.00
2076995,packaging,packaging,2,2,4.34,0.67,0.00,1.00,0.00
2076995,cleansing_makeup_removal,performance,1,1,3.22,0.11,0.00,0.00,0.00
2076995,pore_clogging,performance,1,1,4.60,0.80,0.00,1.00,1.00
2076995,texture_consistency,sensory,1,1,4.78,0.89,0.00,1.00,0.00
2076998,effectiveness,performance,4,1,4.59,0.80,0.00,1.00,0.00
2076998,formula_composition,formula,4,2,4.65,0.82,0.00,1.00,0.00
2076998,cleansing_makeup_removal,performance,3,2,4.70,0.85,0.00,1.00,0.00
2076998,hydration_nourishment,performance,2,1,4.59,0.80,0.00,1.00,0.50
2076998,price_value,economic,2,2,4.81,0.90,0.00,1.00,0.00
2076998,application,sensory,1,1,3.90,0.45,0.00,1.00,0.00
2076998,efficiency,economic,1,1,4.34,0.67,0.00,1.00,0.00
2076998,pore_clogging,performance,1,1,1.40,-0.80,1.00,0.00,1.00
2076998,scent,sensory,1,1,4.82,0.91,0.00,1.00,0.00
2076998,skin_tolerance,performance,1,1,4.83,0.91,0.00,1.00,0.00
2076998,texture_consistency,sensory,1,1,4.82,0.91,0.00,1.00,0.00
2077002,effectiveness,performance,1,1,4.78,0.89,0.00,1.00,0.00
2077050,skin_tolerance,performance,3,3,3.70,0.35,0.33,0.67,0.33
2077050,hydration_nourishment,performance,2,2,4.28,0.64,0.00,0.50,0.00
2077050,price_value,economic,2,2,4.77,0.89,0.00,1.00,0.00
2077050,cleansing_makeup_removal,performance,1,1,4.76,0.88,0.00,1.00,0.00
2077050,effectiveness,performance,1,1,4.84,0.92,0.00,1.00,0.00
2077051,price_value,economic,3,3,4.64,0.82,0.00,1.00,0.00
2077051,cleansing_makeup_removal,performance,2,2,4.69,0.85,0.00,1.00,0.00
2077051,effectiveness,performance,2,2,4.34,0.67,0.00,1.00,0.00
2077051,scent,sensory,2,2,4.62,0.81,0.00,1.00,0.00
2077051,texture_consistency,sensory,2,2,2.99,-0.01,0.50,0.50,0.50
2077051,formula_composition,formula,1,1,4.67,0.84,0.00,1.00,0.00
2077051,skin_tolerance,performance,1,1,4.60,0.80,0.00,1.00,1.00
2077052,hydration_nourishment,performance,2,2,4.81,0.90,0.00,1.00,0.00
2077052,effectiveness,performance,1,1,4.14,0.57,0.00,1.00,0.00
2077052,packaging,packaging,1,1,4.95,0.97,0.00,1.00,0.00
2077052,scent,sensory,1,1,4.50,0.75,0.00,1.00,0.00
2077052,skin_tolerance,performance,1,1,4.60,0.80,0.00,1.00,1.00
2077053,hydration_nourishment,performance,2,2,4.91,0.96,0.00,1.00,0.00
2077053,skin_tolerance,performance,2,2,4.60,0.80,0.00,1.00,1.00
2077053,absorption_finish,sensory,1,1,4.97,0.99,0.00,1.00,0.00
2077053,cleansing_makeup_removal,performance,1,1,4.85,0.92,0.00,1.00,0.00
2077053,scent,sensory,1,1,4.21,0.61,0.00,1.00,0.00
2077053,texture_consistency,sensory,1,1,4.94,0.97,0.00,1.00,0.00
2077054,effectiveness,performance,2,2,4.76,0.88,0.00,1.00,0.00
2077054,cleansing_makeup_removal,performance,1,1,4.49,0.75,0.00,1.00,0.00
2077054,formula_composition,formula,1,1,4.63,0.82,0.00,1.00,0.00
2077054,hydration_nourishment,performance,1,1,4.60,0.80,0.00,1.00,1.00
2077054,price_value,economic,1,1,3.16,0.08,1.00,0.00,0.00
2077054,scent,sensory,1,1,4.88,0.94,0.00,1.00,0.00
2077054,skin_tolerance,performance,1,1,4.60,0.80,0.00,1.00,1.00
2077250,cleansing_makeup_removal,performance,4,4,4.63,0.82,0.00,1.00,0.00
2077250,formula_composition,formula,3,3,4.46,0.73,0.00,0.67,0.00
2077250,effectiveness,performance,1,1,4.85,0.92,0.00,1.00,0.00
2077250,skin_tolerance,performance,1,1,4.60,0.80,0.00,1.00,1.00
2077250,texture_consistency,sensory,1,1,4.64,0.82,0.00,1.00,0.00
2077267,cleansing_makeup_removal,performance,4,4,4.93,0.96,0.00,1.00,0.00
2077267,scent,sensory,3,3,4.66,0.83,0.00,1.00,0.00
2077267,application,sensory,2,2,4.96,0.98,0.00,1.00,0.00
2077267,efficiency,economic,1,1,4.06,0.53,0.00,1.00,0.00
2077267,skin_tolerance,performance,1,1,1.40,-0.80,1.00,0.00,1.00
2077267,texture_consistency,sensory,1,1,4.94,0.97,0.00,1.00,0.00
2077268,cleansing_makeup_removal,performance,7,7,4.58,0.79,0.00,0.86,0.00
2077268,skin_tolerance,performance,5,5,4.60,0.80,0.00,1.00,1.00
2077268,price_value,economic,1,1,4.10,0.55,0.00,1.00,0.00
2077352,cleansing_makeup_removal,performance,8,7,4.74,0.87,0.00,1.00,0.00
2077352,scent,sensory,3,3,4.66,0.83,0.00,1.00,0.00
2077352,skin_tolerance,performance,3,3,4.60,0.80,0.00,1.00,1.00
2077352,efficiency,economic,2,2,4.55,0.77,0.00,1.00,0.00
2077352,application,sensory,1,1,4.60,0.80,0.00,1.00,0.00
2077352,effectiveness,performance,1,1,4.74,0.87,0.00,1.00,0.00
2077352,hydration_nourishment,performance,1,1,4.81,0.91,0.00,1.00,0.00
2077352,packaging,packaging,1,1,4.47,0.73,0.00,1.00,0.00
2077352,texture_consistency,sensory,1,1,4.81,0.91,0.00,1.00,0.00
2077354,hydration_nourishment,performance,6,6,4.67,0.84,0.00,1.00,0.00
2077354,application,sensory,1,1,4.68,0.84,0.00,1.00,0.00
2077354,formula_composition,formula,1,1,4.88,0.94,0.00,1.00,0.00
2077354,texture_consistency,sensory,1,1,4.68,0.84,0.00,1.00,0.00
2077357,effectiveness,performance,5,4,4.62,0.81,0.00,1.00,0.00
2077357,hydration_nourishment,performance,3,3,3.64,0.32,0.33,0.67,0.67
2077357,absorption_finish,sensory,2,2,4.76,0.88,0.00,1.00,0.00
2077357,texture_consistency,sensory,2,2,4.76,0.88,0.00,1.00,0.00
2077357,price_value,economic,1,1,4.86,0.93,0.00,1.00,0.00
2077357,scent,sensory,1,1,4.88,0.94,0.00,1.00,0.00
2077357,skin_tolerance,performance,1,1,4.60,0.80,0.00,1.00,1.00
2077359,effectiveness,performance,3,3,4.70,0.85,0.00,1.00,0.00
2077359,hydration_nourishment,performance,2,2,4.78,0.89,0.00,1.00,0.00
2077359,efficiency,economic,1,1,4.84,0.92,0.00,1.00,0.00
2077359,packaging,packaging,1,1,4.57,0.78,0.00,1.00,0.00
2077359,scent,sensory,1,1,4.57,0.78,0.00,1.00,0.00
2077360,effectiveness,performance,4,4,4.60,0.80,0.00,1.00,0.50
2077360,texture_consistency,sensory,4,4,4.43,0.71,0.00,1.00,0.00
2077360,absorption_finish,sensory,3,3,3.53,0.27,0.33,0.67,1.00
2077360,skin_tolerance,performance,3,3,4.67,0.83,0.00,1.00,0.67
2077360,application,sensory,2,2,4.68,0.84,0.00,1.00,0.00
2077360,formula_composition,formula,2,2,4.88,0.94,0.00,1.00,0.00
2077360,hydration_nourishment,performance,1,1,4.89,0.94,0.00,1.00,0.00
2077360,pore_clogging,performance,1,1,4.60,0.80,0.00,1.00,1.00
2077365,effectiveness,performance,6,5,4.57,0.78,0.00,1.00,0.00
2077365,application,sensory,3,3,4.70,0.85,0.00,1.00,0.00
2077365,hydration_nourishment,performance,3,2,4.45,0.72,0.00,1.00,0.00
2077365,texture_consistency,sensory,2,2,4.80,0.90,0.00,1.00,0.00
2077365,absorption_finish,sensory,1,1,4.60,0.80,0.00,1.00,1.00
2077365,cleansing_makeup_removal,performance,1,1,4.93,0.97,0.00,1.00,0.00
2077365,formula_composition,formula,1,1,4.91,0.96,0.00,1.00,0.00
2077365,packaging,packaging,1,1,4.68,0.84,0.00,1.00,0.00
2077365,skin_tolerance,performance,1,1,1.40,-0.80,1.00,0.00,1.00
2077380,price_value,economic,1,1,4.92,0.96,0.00,1.00,0.00
2077382,effectiveness,performance,5,4,3.84,0.42,0.25,0.75,0.00
2077382,application,sensory,1,1,4.60,0.80,0.00,1.00,1.00
2077391,effectiveness,performance,2,2,4.36,0.68,0.00,1.00,0.00
2077391,absorption_finish,sensory,1,1,4.60,0.80,0.00,1.00,1.00
2077391,application,sensory,1,1,4.59,0.80,0.00,1.00,0.00
2077391,cleansing_makeup_removal,performance,1,1,4.74,0.87,0.00,1.00,0.00
2077391,packaging,packaging,1,1,4.64,0.82,0.00,1.00,0.00
2077391,skin_tolerance,performance,1,1,4.60,0.80,0.00,1.00,1.00
2077391,texture_consistency,sensory,1,1,4.74,0.87,0.00,1.00,0.00
2077392,effectiveness,performance,1,1,4.73,0.86,0.00,1.00,0.00
2077392,texture_consistency,sensory,1,1,1.40,-0.80,1.00,0.00,1.00
2077393,effectiveness,performance,1,1,4.64,0.82,0.00,1.00,0.00
2077395,price_value,economic,1,1,4.92,0.96,0.00,1.00,0.00
2077395,scent,sensory,1,1,4.92,0.96,0.00,1.00,0.00
2077395,texture_consistency,sensory,1,1,4.92,0.96,0.00,1.00,0.00
2077399,effectiveness,performance,6,5,4.31,0.65,0.20,0.80,0.30
2077399,hydration_nourishment,performance,5,5,4.72,0.86,0.00,1.00,0.00
2077399,application,sensory,4,4,4.74,0.87,0.00,1.00,0.00
2077399,packaging,packaging,3,3,4.44,0.72,0.00,1.00,0.00
2077399,skin_tolerance,performance,1,1,4.91,0.95,0.00,1.00,0.00
2077404,absorption_finish,sensory,2,2,4.85,0.93,0.00,1.00,0.00
2077404,effectiveness,performance,2,2,3.82,0.41,0.50,0.50,0.00
2077404,skin_tolerance,performance,1,1,4.60,0.80,0.00,1.00,1.00
2077404,texture_consistency,sensory,1,1,1.40,-0.80,1.00,0.00,1.00
2077406,hydration_nourishment,performance,5,5,4.81,0.90,0.00,1.00,0.00
2077406,application,sensory,4,4,4.57,0.79,0.00,1.00,0.00
2077406,effectiveness,performance,4,4,4.68,0.84,0.00,1.00,0.00
2077406,packaging,packaging,2,2,4.68,0.84,0.00,1.00,0.00
2077406,texture_consistency,sensory,2,2,4.68,0.84,0.00,1.00,0.00
2077406,absorption_finish,sensory,1,1,4.60,0.80,0.00,1.00,1.00
2077406,cleansing_makeup_removal,performance,1,1,4.74,0.87,0.00,1.00,0.00
2077406,skin_tolerance,performance,1,1,4.60,0.80,0.00,1.00,1.00
2077407,effectiveness,performance,4,4,4.82,0.91,0.00,1.00,0.00
2077407,texture_consistency,sensory,3,3,3.67,0.33,0.33,0.67,0.33
2077407,absorption_finish,sensory,1,1,4.60,0.80,0.00,1.00,1.00
2077407,formula_composition,formula,1,1,4.86,0.93,0.00,1.00,0.00
2077407,hydration_nourishment,performance,1,1,4.90,0.95,0.00,1.00,0.00
2077407,pore_clogging,performance,1,1,4.60,0.80,0.00,1.00,1.00
2077408,hydration_nourishment,performance,4,4,4.60,0.80,0.00,1.00,0.00
2077408,effectiveness,performance,3,3,4.70,0.85,0.00,1.00,0.33
2077408,application,sensory,2,2,4.80,0.90,0.00,1.00,0.00
2077408,skin_tolerance,performance,2,2,4.62,0.81,0.00,1.00,0.00
2077408,texture_consistency,sensory,2,1,3.04,0.02,1.00,0.00,0.50
2077408,absorption_finish,sensory,1,1,4.82,0.91,0.00,1.00,0.00
2077408,efficiency,economic,1,1,4.45,0.72,0.00,1.00,0.00
2077408,packaging,packaging,1,1,4.45,0.72,0.00,1.00,0.00
2077408,pore_clogging,performance,1,1,4.60,0.80,0.00,1.00,1.00
2077408,price_value,economic,1,1,4.93,0.96,0.00,1.00,0.00
2077408,scent,sensory,1,1,4.93,0.96,0.00,1.00,0.00
2077410,absorption_finish,sensory,1,1,4.64,0.82,0.00,1.00,0.00
2077410,hydration_nourishment,performance,1,1,4.64,0.82,0.00,1.00,0.00
2077418,efficiency,economic,1,1,4.90,0.95,0.00,1.00,0.00
2077418,formula_composition,formula,1,1,4.72,0.86,0.00,1.00,0.00
2077418,hydration_nourishment,performance,1,1,4.94,0.97,0.00,1.00,0.00
2077419,absorption_finish,sensory,1,1,4.60,0.80,0.00,1.00,1.00
2077419,cleansing_makeup_removal,performance,1,1,4.45,0.73,0.00,1.00,0.00
2077419,price_value,economic,1,1,4.76,0.88,0.00,1.00,0.00
2077564,application,sensory,5,5,4.66,0.83,0.00,1.00,0.20
2077564,effectiveness,performance,4,4,4.50,0.75,0.00,1.00,0.25
2077564,packaging,packaging,4,4,4.46,0.73,0.00,1.00,0.00
2077564,hydration_nourishment,performance,2,2,4.86,0.93,0.00,1.00,0.00
2077564,texture_consistency,sensory,2,2,2.75,-0.12,0.50,0.50,0.50
2077564,formula_composition,formula,1,1,4.54,0.77,0.00,1.00,0.00
2077564,price_value,economic,1,1,4.54,0.77,0.00,1.00,0.00
2077564,scent,sensory,1,1,4.10,0.55,0.00,1.00,0.00
2077564,skin_tolerance,performance,1,1,4.85,0.93,0.00,1.00,0.00
2077566,absorption_finish,sensory,2,2,4.88,0.94,0.00,1.00,0.00
2077566,application,sensory,2,2,4.80,0.90,0.00,1.00,0.00
2077566,effectiveness,performance,2,2,4.52,0.76,0.00,1.00,0.50
2077566,hydration_nourishment,performance,2,2,4.81,0.91,0.00,1.00,0.00
2077566,scent,sensory,2,2,4.61,0.81,0.00,1.00,0.00
2077566,packaging,packaging,1,1,4.23,0.62,0.00,1.00,0.00
2077569,effectiveness,performance,4,4,4.58,0.79,0.00,1.00,0.25
2077569,texture_consistency,sensory,2,1,4.58,0.79,0.00,1.00,0.00
2077569,absorption_finish,sensory,1,1,4.60,0.80,0.00,1.00,1.00
2077569,application,sensory,1,1,4.74,0.87,0.00,1.00,0.00
2077569,cleansing_makeup_removal,performance,1,1,4.93,0.97,0.00,1.00,0.00
2077569,formula_composition,formula,1,1,4.43,0.72,0.00,1.00,0.00
2077569,hydration_nourishment,performance,1,1,4.44,0.72,0.00,1.00,0.00
2077569,pore_clogging,performance,1,1,4.60,0.80,0.00,1.00,1.00
2077569,skin_tolerance,performance,1,1,4.60,0.80,0.00,1.00,1.00
2077570,effectiveness,performance,5,5,4.25,0.63,0.20,0.80,0.00
2077570,absorption_finish,sensory,3,3,3.69,0.34,0.33,0.67,0.33
2077570,application,sensory,3,3,4.72,0.86,0.00,1.00,0.00
2077570,hydration_nourishment,performance,2,2,4.78,0.89,0.00,1.00,0.00
2077570,skin_tolerance,performance,2,2,2.98,-0.01,0.50,0.50,0.50
2077570,packaging,packaging,1,1,4.48,0.74,0.00,1.00,0.00
2077570,scent,sensory,1,1,4.74,0.87,0.00,1.00,0.00
2077571,application,sensory,2,2,4.42,0.71,0.00,1.00,0.00
2077571,effectiveness,performance,2,2,4.57,0.79,0.00,1.00,0.00
2077571,formula_composition,formula,2,1,4.89,0.95,0.00,1.00,0.00
2077571,absorption_finish,sensory,1,1,4.60,0.80,0.00,1.00,1.00
2077571,efficiency,economic,1,1,4.63,0.82,0.00,1.00,0.00
2077571,hydration_nourishment,performance,1,1,4.84,0.92,0.00,1.00,0.00
2077571,skin_tolerance,performance,1,1,4.83,0.91,0.00,1.00,0.00
2077576,formula_composition,formula,3,3,4.78,0.89,0.00,1.00,0.00
2077576,hydration_nourishment,performance,3,3,4.71,0.85,0.00,1.00,0.00
2077576,absorption_finish,sensory,2,2,4.76,0.88,0.00,1.00,0.00
2077576,skin_tolerance,performance,2,2,2.92,-0.04,0.50,0.50,0.50
2077576,texture_consistency,sensory,2,2,4.74,0.87,0.00,1.00,0.00
2077576,application,sensory,1,1,4.91,0.95,0.00,1.00,0.00
2077576,effectiveness,performance,1,1,4.73,0.87,0.00,1.00,0.00
2077576,price_value,economic,1,1,4.09,0.54,0.00,1.00,0.00
2077654,effectiveness,performance,4,3,4.56,0.78,0.00,1.00,0.00
2077654,texture_consistency,sensory,4,4,4.59,0.79,0.00,1.00,0.00
2077654,application,sensory,3,2,4.63,0.81,0.00,1.00,0.00
2077654,formula_composition,formula,3,3,4.73,0.86,0.00,1.00,0.00
2077654,hydration_nourishment,performance,3,3,4.79,0.90,0.00,1.00,0.00
2077654,cleansing_makeup_removal,performance,1,1,4.63,0.81,0.00,1.00,0.00
2077654,pore_clogging,performance,1,1,4.60,0.80,0.00,1.00,1.00
2077654,skin_tolerance,performance,1,1,4.56,0.78,0.00,1.00,0.00
2077662,hydration_nourishment,performance,3,3,4.89,0.94,0.00,1.00,0.00
2077662,price_value,economic,2,2,4.26,0.63,0.00,0.50,0.00
2077662,scent,sensory,2,2,4.79,0.90,0.00,1.00,0.00
2077662,absorption_finish,sensory,1,1,4.69,0.85,0.00,1.00,0.00
2077662,effectiveness,performance,1,1,4.83,0.91,0.00,1.00,0.00
2077662,formula_composition,formula,1,1,4.96,0.98,0.00,1.00,0.00
2077662,skin_tolerance,performance,1,1,4.96,0.98,0.00,1.00,0.00
2077669,cleansing_makeup_removal,performance,2,2,4.77,0.89,0.00,1.00,0.00
2077669,scent,sensory,2,2,4.11,0.56,0.00,0.50,0.00
2077669,application,sensory,1,1,3.49,0.25,0.00,0.00,0.00
2077669,packaging,packaging,1,1,3.49,0.25,0.00,0.00,0.00
2077669,price_value,economic,1,1,4.57,0.79,0.00,1.00,0.00
2077669,texture_consistency,sensory,1,1,4.73,0.86,0.00,1.00,0.00
2077670,scent,sensory,3,3,3.61,0.31,0.33,0.67,0.33
2077670,skin_tolerance,performance,3,3,3.72,0.36,0.33,0.67,0.33
2077670,cleansing_makeup_removal,performance,2,2,3.14,0.07,0.50,0.50,0.50
2077670,effectiveness,performance,1,1,4.90,0.95,0.00,1.00,0.00
2077670,texture_consistency,sensory,1,1,1.40,-0.80,1.00,0.00,1.00
2077724,effectiveness,performance,8,8,4.02,0.51,0.25,0.75,0.25
2077724,price_value,economic,2,2,3.94,0.47,0.50,0.50,0.00
2077724,application,sensory,1,1,4.59,0.80,0.00,1.00,0.00
2077724,efficiency,economic,1,1,3.96,0.48,0.00,1.00,0.00
2077724,packaging,packaging,1,1,3.96,0.48,0.00,1.00,0.00
2077724,texture_consistency,sensory,1,1,4.28,0.64,0.00,1.00,0.00
2077729,cleansing_makeup_removal,performance,3,3,4.39,0.70,0.00,0.67,0.00
2077729,absorption_finish,sensory,2,2,1.40,-0.80,1.00,0.00,1.00
2077729,hydration_nourishment,performance,2,2,4.78,0.89,0.00,1.00,0.00
2077729,scent,sensory,2,2,4.59,0.79,0.00,1.00,0.00
2077729,application,sensory,1,1,2.94,-0.03,1.00,0.00,0.00
2077729,formula_composition,formula,1,1,4.55,0.77,0.00,1.00,0.00
2077729,skin_tolerance,performance,1,1,4.60,0.80,0.00,1.00,1.00
2077729,texture_consistency,sensory,1,1,4.69,0.85,0.00,1.00,0.00
2077731,efficiency,economic,2,2,4.73,0.87,0.00,1.00,0.00
2077731,scent,sensory,2,2,4.51,0.76,0.00,1.00,0.00
2077731,absorption_finish,sensory,1,1,4.85,0.92,0.00,1.00,0.00
2077731,formula_composition,formula,1,1,4.69,0.85,0.00,1.00,0.00
2077731,hydration_nourishment,performance,1,1,4.60,0.80,0.00,1.00,1.00
2077731,price_value,economic,1,1,4.68,0.84,0.00,1.00,0.00
2077731,skin_tolerance,performance,1,1,4.60,0.80,0.00,1.00,1.00
2077732,cleansing_makeup_removal,performance,6,6,4.20,0.60,0.17,0.83,0.17
2077732,hydration_nourishment,performance,3,3,4.60,0.80,0.00,1.00,1.00
2077732,effectiveness,performance,1,1,4.54,0.77,0.00,1.00,0.00
2077732,formula_composition,formula,1,1,4.90,0.95,0.00,1.00,0.00
2077732,scent,sensory,1,1,4.48,0.74,0.00,1.00,0.00
2077733,effectiveness,performance,6,4,4.32,0.66,0.00,0.75,0.00
2077733,absorption_finish,sensory,4,4,4.69,0.85,0.00,1.00,0.25
2077733,skin_tolerance,performance,3,3,4.58,0.79,0.00,1.00,0.00
2077733,texture_consistency,sensory,3,3,4.73,0.86,0.00,1.00,0.00
2077733,formula_composition,formula,2,2,4.70,0.85,0.00,1.00,0.00
2077733,scent,sensory,2,2,4.51,0.76,0.00,1.00,0.00
2077733,application,sensory,1,1,4.90,0.95,0.00,1.00,0.00
2077733,efficiency,economic,1,1,4.78,0.89,0.00,1.00,0.00
2077733,hydration_nourishment,performance,1,1,4.93,0.97,0.00,1.00,0.00
2077733,pore_clogging,performance,1,1,4.60,0.80,0.00,1.00,1.00
2077733,price_value,economic,1,1,3.87,0.44,0.00,1.00,0.00
2077740,cleansing_makeup_removal,performance,1,1,4.84,0.92,0.00,1.00,0.00
2077740,texture_consistency,sensory,1,1,4.84,0.92,0.00,1.00,0.00
2078220,effectiveness,performance,6,4,4.75,0.87,0.00,1.00,0.12
2078220,packaging,packaging,2,2,4.37,0.68,0.00,1.00,0.00
2078220,formula_composition,formula,1,1,4.57,0.78,0.00,1.00,0.00
2078220,scent,sensory,1,1,1.40,-0.80,1.00,0.00,1.00
2078220,skin_tolerance,performance,1,1,4.60,0.80,0.00,1.00,1.00
2078220,texture_consistency,sensory,1,1,4.91,0.95,0.00,1.00,0.00
2078221,scent,sensory,3,3,4.77,0.88,0.00,1.00,0.00
2078221,effectiveness,performance,1,1,4.86,0.93,0.00,1.00,0.00
2078221,price_value,economic,1,1,4.33,0.67,0.00,1.00,0.00
2078221,skin_tolerance,performance,1,1,4.60,0.80,0.00,1.00,1.00
2078222,cleansing_makeup_removal,performance,3,3,4.81,0.90,0.00,1.00,0.00
2078222,hydration_nourishment,performance,3,3,4.60,0.80,0.00,1.00,1.00
2078222,formula_composition,formula,2,2,4.74,0.87,0.00,1.00,0.00
2078222,scent,sensory,2,2,4.72,0.86,0.00,1.00,0.00
2078222,application,sensory,1,1,4.53,0.77,0.00,1.00,0.00
2078222,effectiveness,performance,1,1,4.32,0.66,0.00,1.00,0.00
2078287,effectiveness,performance,3,3,4.71,0.86,0.00,1.00,0.33
2078287,hydration_nourishment,performance,3,3,4.44,0.72,0.00,1.00,0.67
2078287,cleansing_makeup_removal,performance,2,2,4.28,0.64,0.00,1.00,0.00
2078287,formula_composition,formula,2,2,4.68,0.84,0.00,1.00,0.00
2078287,texture_consistency,sensory,2,2,4.35,0.68,0.00,1.00,0.00
2078287,price_value,economic,1,1,4.44,0.72,0.00,1.00,0.00
2078287,scent,sensory,1,1,4.51,0.75,0.00,1.00,0.00
2078287,skin_tolerance,performance,1,1,4.71,0.85,0.00,1.00,0.00
2078291,effectiveness,performance,5,5,4.44,0.72,0.00,1.00,0.40
2078291,absorption_finish,sensory,3,2,3.05,0.03,0.50,0.50,0.50
2078291,formula_composition,formula,3,3,4.68,0.84,0.00,1.00,0.00
2078291,hydration_nourishment,performance,3,3,4.79,0.90,0.00,1.00,0.33
2078291,application,sensory,2,2,4.74,0.87,0.00,1.00,0.00
2078291,packaging,packaging,2,2,4.31,0.66,0.00,1.00,0.00
2078291,texture_consistency,sensory,2,2,4.05,0.53,0.00,0.50,0.00
2078291,pore_clogging,performance,1,1,4.60,0.80,0.00,1.00,1.00
2078291,price_value,economic,1,1,4.76,0.88,0.00,1.00,0.00
2078292,hydration_nourishment,performance,7,6,4.42,0.71,0.00,1.00,0.00
2078292,application,sensory,5,5,4.60,0.80,0.00,1.00,0.00
2078292,effectiveness,performance,3,3,3.66,0.33,0.33,0.67,0.33
2078292,texture_consistency,sensory,3,2,4.53,0.77,0.00,1.00,0.00
2078292,packaging,packaging,2,2,4.52,0.76,0.00,1.00,0.00
2078292,absorption_finish,sensory,1,1,4.71,0.85,0.00,1.00,0.00
2078292,cleansing_makeup_removal,performance,1,1,4.80,0.90,0.00,1.00,0.00
2078292,efficiency,economic,1,1,3.85,0.43,0.00,1.00,0.00
2078292,formula_composition,formula,1,1,4.05,0.52,0.00,1.00,0.00
2078292,scent,sensory,1,1,4.74,0.87,0.00,1.00,0.00
2078292,skin_tolerance,performance,1,1,4.61,0.81,0.00,1.00,0.00
2078293,absorption_finish,sensory,5,4,3.37,0.19,0.50,0.50,0.62
2078293,texture_consistency,sensory,3,3,3.46,0.23,0.33,0.67,0.33
2078293,cleansing_makeup_removal,performance,2,2,3.64,0.32,0.50,0.50,0.00
2078293,hydration_nourishment,performance,1,1,4.59,0.80,0.00,1.00,0.00
2078293,price_value,economic,1,1,1.40,-0.80,1.00,0.00,1.00
2078293,scent,sensory,1,1,4.23,0.62,0.00,1.00,0.00
2078293,skin_tolerance,performance,1,1,4.60,0.80,0.00,1.00,1.00
2078295,texture_consistency,sensory,3,3,4.88,0.94,0.00,1.00,0.00
2078295,hydration_nourishment,performance,2,2,4.94,0.97,0.00,1.00,0.00
2078295,packaging,packaging,2,1,4.47,0.74,0.00,1.00,0.00
2078295,scent,sensory,2,2,4.81,0.90,0.00,1.00,0.00
2078295,skin_tolerance,performance,2,2,4.79,0.90,0.00,1.00,0.50
2078295,absorption_finish,sensory,1,1,4.60,0.80,0.00,1.00,1.00
2078295,application,sensory,1,1,4.82,0.91,0.00,1.00,0.00
2078295,price_value,economic,1,1,4.91,0.95,0.00,1.00,0.00
2078296,formula_composition,formula,4,2,4.35,0.68,0.00,1.00,0.00
2078296,application,sensory,2,2,3.90,0.45,0.00,1.00,0.00
2078296,absorption_finish,sensory,1,1,1.40,-0.80,1.00,0.00,1.00
2078296,cleansing_makeup_removal,performance,1,1,3.78,0.39,0.00,0.00,0.00
2078296,effectiveness,performance,1,1,3.93,0.47,0.00,1.00,0.00
2078296,hydration_nourishment,performance,1,1,4.75,0.88,0.00,1.00,0.00
2078296,packaging,packaging,1,1,3.93,0.47,0.00,1.00,0.00
2078296,pore_clogging,performance,1,1,4.60,0.80,0.00,1.00,1.00
2078296,price_value,economic,1,1,4.59,0.79,0.00,1.00,0.00
2078296,scent,sensory,1,1,4.75,0.88,0.00,1.00,0.00
2078296,skin_tolerance,performance,1,1,4.60,0.80,0.00,1.00,1.00
2078297,absorption_finish,sensory,1,1,3.30,0.15,0.00,0.00,0.00
2078297,formula_composition,formula,1,1,4.58,0.79,0.00,1.00,0.00
2078297,price_value,economic,1,1,4.67,0.84,0.00,1.00,0.00
2078297,skin_tolerance,performance,1,1,4.58,0.79,0.00,1.00,0.00
2078436,application,sensory,1,1,4.42,0.71,0.00,1.00,0.00
2078436,effectiveness,performance,1,1,4.78,0.89,0.00,1.00,0.00
2078436,price_value,economic,1,1,4.80,0.90,0.00,1.00,0.00
2078437,effectiveness,performance,3,3,3.70,0.35,0.33,0.67,0.00
2078437,hydration_nourishment,performance,2,2,3.55,0.27,0.50,0.50,0.00
2078438,hydration_nourishment,performance,3,3,4.85,0.92,0.00,1.00,0.00
2078438,absorption_finish,sensory,1,1,4.81,0.90,0.00,1.00,0.00
2078438,effectiveness,performance,1,1,4.88,0.94,0.00,1.00,0.00
2078438,price_value,economic,1,1,4.82,0.91,0.00,1.00,0.00
2078438,texture_consistency,sensory,1,1,4.81,0.90,0.00,1.00,0.00
2078439,effectiveness,performance,2,2,4.68,0.84,0.00,1.00,0.00
2078439,hydration_nourishment,performance,1,1,4.90,0.95,0.00,1.00,0.00
2078440,hydration_nourishment,performance,4,4,4.81,0.91,0.00,1.00,0.00
2078440,effectiveness,performance,1,1,4.85,0.93,0.00,1.00,0.00
2078440,formula_composition,formula,1,1,4.88,0.94,0.00,1.00,0.00
2078440,scent,sensory,1,1,4.60,0.80,0.00,1.00,0.00
2078452,price_value,economic,1,1,4.36,0.68,0.00,1.00,0.00
2078452,skin_tolerance,performance,1,1,4.36,0.68,0.00,1.00,0.00
2078468,texture_consistency,sensory,4,4,4.68,0.84,0.00,1.00,0.00
2078468,effectiveness,performance,3,2,4.75,0.88,0.00,1.00,0.00
2078468,absorption_finish,sensory,2,2,4.70,0.85,0.00,1.00,0.50
2078468,application,sensory,2,2,4.72,0.86,0.00,1.00,0.00
2078468,formula_composition,formula,2,2,4.58,0.79,0.00,1.00,0.00
2078468,cleansing_makeup_removal,performance,1,1,4.74,0.87,0.00,1.00,0.00
2078468,hydration_nourishment,performance,1,1,4.88,0.94,0.00,1.00,0.00
2078468,pore_clogging,performance,1,1,4.60,0.80,0.00,1.00,1.00
2078468,scent,sensory,1,1,4.79,0.90,0.00,1.00,0.00
2078468,skin_tolerance,performance,1,1,4.60,0.80,0.00,1.00,1.00
2078473,hydration_nourishment,performance,1,1,4.90,0.95,0.00,1.00,0.00
2078480,absorption_finish,sensory,3,3,4.46,0.73,0.00,1.00,0.67
2078480,formula_composition,formula,3,1,4.23,0.62,0.00,1.00,0.00
2078480,skin_tolerance,performance,3,3,4.69,0.84,0.00,1.00,0.67
2078480,texture_consistency,sensory,3,3,4.89,0.95,0.00,1.00,0.00
2078480,hydration_nourishment,performance,2,2,3.95,0.48,0.50,0.50,0.00
2078480,pore_clogging,performance,2,2,4.60,0.80,0.00,1.00,1.00
2078480,application,sensory,1,1,4.81,0.90,0.00,1.00,0.00
2078480,cleansing_makeup_removal,performance,1,1,4.55,0.77,0.00,1.00,0.00
2078480,effectiveness,performance,1,1,4.86,0.93,0.00,1.00,0.00
2078482,cleansing_makeup_removal,performance,2,2,4.70,0.85,0.00,1.00,0.00
2078482,hydration_nourishment,performance,2,2,4.60,0.80,0.00,1.00,0.50
2078482,skin_tolerance,performance,2,2,4.72,0.86,0.00,1.00,0.50
2078486,cleansing_makeup_removal,performance,2,2,4.65,0.83,0.00,1.00,0.00
2078486,effectiveness,performance,1,1,3.11,0.06,1.00,0.00,0.00
2078486,efficiency,economic,1,1,4.75,0.87,0.00,1.00,0.00
2078486,hydration_nourishment,performance,1,1,4.75,0.87,0.00,1.00,0.00
2078490,hydration_nourishment,performance,1,1,4.50,0.75,0.00,1.00,0.00
2078502,cleansing_makeup_removal,performance,6,4,4.58,0.79,0.00,1.00,0.00
2078502,pore_clogging,performance,2,2,4.60,0.80,0.00,1.00,1.00
2078502,skin_tolerance,performance,2,2,4.60,0.80,0.00,1.00,1.00
2078502,absorption_finish,sensory,1,1,4.26,0.63,0.00,1.00,0.00
2078502,efficiency,economic,1,1,4.15,0.58,0.00,1.00,0.00
2078502,formula_composition,formula,1,1,1.40,-0.80,1.00,0.00,1.00
2078502,packaging,packaging,1,1,4.15,0.58,0.00,1.00,0.00
2078502,scent,sensory,1,1,1.40,-0.80,1.00,0.00,1.00
2078502,texture_consistency,sensory,1,1,4.26,0.63,0.00,1.00,0.00
2078503,effectiveness,performance,2,2,4.74,0.87,0.00,1.00,0.00
2078503,application,sensory,1,1,4.62,0.81,0.00,1.00,0.00
2078503,hydration_nourishment,performance,1,1,4.61,0.80,0.00,1.00,0.00
2078504,cleansing_makeup_removal,performance,1,1,4.78,0.89,0.00,1.00,0.00
2078508,absorption_finish,sensory,1,1,4.58,0.79,0.00,1.00,0.00
2078508,application,sensory,1,1,4.58,0.79,0.00,1.00,0.00
2078508,hydration_nourishment,performance,1,1,4.58,0.79,0.00,1.00,0.00
2078508,texture_consistency,sensory,1,1,4.58,0.79,0.00,1.00,0.00
2078509,effectiveness,performance,1,1,4.68,0.84,0.00,1.00,0.00
2078511,absorption_finish,sensory,3,3,4.76,0.88,0.00,1.00,0.00
2078511,hydration_nourishment,performance,3,3,4.85,0.92,0.00,1.00,0.00
2078511,efficiency,economic,2,1,4.47,0.74,0.00,1.00,0.00
2078511,skin_tolerance,performance,2,2,4.69,0.84,0.00,1.00,0.50
2078511,effectiveness,performance,1,1,3.82,0.41,0.00,1.00,0.00
2078511,formula_composition,formula,1,1,4.70,0.85,0.00,1.00,0.00
2078511,packaging,packaging,1,1,4.24,0.62,0.00,1.00,0.00
2078511,texture_consistency,sensory,1,1,1.40,-0.80,1.00,0.00,1.00
2078512,effectiveness,performance,2,1,4.78,0.89,0.00,1.00,0.00
2078512,formula_composition,formula,1,1,4.85,0.92,0.00,1.00,0.00
2078512,hydration_nourishment,performance,1,1,4.82,0.91,0.00,1.00,0.00
2078512,scent,sensory,1,1,4.44,0.72,0.00,1.00,0.00
2078513,texture_consistency,sensory,1,1,4.85,0.92,0.00,1.00,0.00
2078515,effectiveness,performance,1,1,4.77,0.89,0.00,1.00,0.00
2078515,packaging,packaging,1,1,4.40,0.70,0.00,1.00,0.00
2078517,absorption_finish,sensory,3,3,4.44,0.72,0.00,0.67,0.00
2078517,effectiveness,performance,3,3,4.78,0.89,0.00,1.00,0.33
2078517,application,sensory,1,1,4.00,0.50,0.00,1.00,0.00
2078517,cleansing_makeup_removal,performance,1,1,4.80,0.90,0.00,1.00,0.00
2078517,packaging,packaging,1,1,4.46,0.73,0.00,1.00,0.00
2078517,skin_tolerance,performance,1,1,4.80,0.90,0.00,1.00,0.00
2078517,texture_consistency,sensory,1,1,4.79,0.90,0.00,1.00,0.00
2078518,absorption_finish,sensory,7,6,4.49,0.75,0.00,1.00,0.58
2078518,texture_consistency,sensory,3,3,3.60,0.30,0.33,0.67,0.33
2078518,cleansing_makeup_removal,performance,2,2,4.57,0.78,0.00,1.00,0.00
2078518,efficiency,economic,1,1,4.74,0.87,0.00,1.00,0.00
2078518,formula_composition,formula,1,1,4.85,0.93,0.00,1.00,0.00
2078518,hydration_nourishment,performance,1,1,4.59,0.79,0.00,1.00,0.00
2078518,packaging,packaging,1,1,4.75,0.88,0.00,1.00,0.00
2078518,skin_tolerance,performance,1,1,4.60,0.80,0.00,1.00,1.00
2078534,hydration_nourishment,performance,2,2,4.89,0.95,0.00,1.00,0.00
2078534,price_value,economic,1,1,4.80,0.90,0.00,1.00,0.00
2078541,effectiveness,performance,4,3,4.31,0.65,0.00,0.67,0.00
2078541,packaging,packaging,1,1,2.72,-0.14,1.00,0.00,0.00
2078542,effectiveness,performance,7,5,4.58,0.79,0.00,1.00,0.20
2078542,skin_tolerance,performance,2,2,4.80,0.90,0.00,1.00,0.00
2078542,hydration_nourishment,performance,1,1,3.97,0.48,0.00,1.00,0.00
2078542,price_value,economic,1,1,4.79,0.90,0.00,1.00,0.00
2078545,hydration_nourishment,performance,1,1,3.76,0.38,0.00,0.00,0.00
2078545,skin_tolerance,performance,1,1,3.76,0.38,0.00,0.00,0.00
2078547,effectiveness,performance,4,4,4.54,0.77,0.00,1.00,0.00
2078547,price_value,economic,3,3,4.15,0.58,0.00,0.67,0.00
2078549,effectiveness,performance,1,1,4.59,0.80,0.00,1.00,0.00
2078549,hydration_nourishment,performance,1,1,4.59,0.80,0.00,1.00,0.00
2078550,formula_composition,formula,1,1,4.89,0.94,0.00,1.00,0.00
2078550,hydration_nourishment,performance,1,1,4.69,0.85,0.00,1.00,0.00
2078551,effectiveness,performance,2,2,2.35,-0.32,0.50,0.00,0.50
2078552,hydration_nourishment,performance,5,5,4.80,0.90,0.00,1.00,0.00
2078552,effectiveness,performance,2,1,4.74,0.87,0.00,1.00,0.50
2078552,texture_consistency,sensory,2,2,4.80,0.90,0.00,1.00,0.00
2078552,cleansing_makeup_removal,performance,1,1,4.92,0.96,0.00,1.00,0.00
2078552,formula_composition,formula,1,1,4.64,0.82,0.00,1.00,0.00
2078552,pore_clogging,performance,1,1,4.60,0.80,0.00,1.00,1.00
2078552,skin_tolerance,performance,1,1,4.60,0.80,0.00,1.00,1.00
2078553,effectiveness,performance,4,4,4.87,0.93,0.00,1.00,0.00
2078553,hydration_nourishment,performance,4,4,4.84,0.92,0.00,1.00,0.00
2078553,application,sensory,2,2,4.75,0.87,0.00,1.00,0.00
2078553,efficiency,economic,2,2,4.81,0.91,0.00,1.00,0.00
2078553,packaging,packaging,2,1,4.68,0.84,0.00,1.00,0.00
2078553,absorption_finish,sensory,1,1,4.88,0.94,0.00,1.00,0.00
2078553,formula_composition,formula,1,1,4.73,0.86,0.00,1.00,0.00
2078553,price_value,economic,1,1,3.99,0.49,0.00,1.00,0.00
2078553,scent,sensory,1,1,4.88,0.94,0.00,1.00,0.00
2078553,texture_consistency,sensory,1,1,4.73,0.86,0.00,1.00,0.00
2078554,effectiveness,performance,1,1,4.63,0.81,0.00,1.00,0.00
2078557,absorption_finish,sensory,4,4,4.84,0.92,0.00,1.00,0.25
2078557,hydration_nourishment,performance,2,2,4.95,0.97,0.00,1.00,0.00
2078557,texture_consistency,sensory,2,2,4.88,0.94,0.00,1.00,0.00
2078557,application,sensory,1,1,4.87,0.93,0.00,1.00,0.00
2078557,cleansing_makeup_removal,performance,1,1,4.92,0.96,0.00,1.00,0.00
2078557,formula_composition,formula,1,1,4.83,0.92,0.00,1.00,0.00
2078557,scent,sensory,1,1,4.85,0.92,0.00,1.00,0.00
2078557,skin_tolerance,performance,1,1,4.60,0.80,0.00,1.00,1.00
2078653,effectiveness,performance,4,2,3.87,0.44,0.50,0.50,0.17
2078653,scent,sensory,3,3,4.60,0.80,0.00,1.00,0.00
2078653,hydration_nourishment,performance,2,2,4.72,0.86,0.00,1.00,0.00
2078653,texture_consistency,sensory,2,2,4.61,0.81,0.00,1.00,0.00
2078653,absorption_finish,sensory,1,1,4.58,0.79,0.00,1.00,0.00
2078653,application,sensory,1,1,4.37,0.69,0.00,1.00,0.00
2078653,packaging,packaging,1,1,4.27,0.63,0.00,1.00,0.00
2078653,pore_clogging,performance,1,1,4.60,0.80,0.00,1.00,1.00
2078653,skin_tolerance,performance,1,1,4.60,0.80,0.00,1.00,1.00
2078778,cleansing_makeup_removal,performance,2,2,3.15,0.08,0.50,0.50,0.50
2078778,hydration_nourishment,performance,1,1,4.92,0.96,0.00,1.00,0.00
2078779,cleansing_makeup_removal,performance,3,3,2.62,-0.19,0.67,0.33,0.00
2078779,packaging,packaging,1,1,1.84,-0.58,1.00,0.00,0.00
2078779,price_value,economic,1,1,1.48,-0.76,1.00,0.00,0.00
2078779,skin_tolerance,performance,1,1,4.60,0.80,0.00,1.00,1.00
2078938,hydration_nourishment,performance,6,5,4.00,0.50,0.20,0.80,0.20
2078938,absorption_finish,sensory,1,1,4.31,0.65,0.00,1.00,0.00
2078938,application,sensory,1,1,4.88,0.94,0.00,1.00,0.00
2078938,effectiveness,performance,1,1,4.72,0.86,0.00,1.00,0.00
2078938,scent,sensory,1,1,4.25,0.63,0.00,1.00,0.00
2080103,hydration_nourishment,performance,4,3,4.61,0.80,0.00,1.00,0.00
2080103,effectiveness,performance,2,2,4.47,0.73,0.00,1.00,0.00
2080103,skin_tolerance,performance,2,2,4.33,0.66,0.00,1.00,0.00
2080918,price_value,economic,2,1,2.40,-0.30,1.00,0.00,0.50
2081154,efficiency,economic,1,1,4.49,0.75,0.00,1.00,0.00
2081662,hydration_nourishment,performance,1,1,4.86,0.93,0.00,1.00,0.00
2081662,price_value,economic,1,1,4.95,0.98,0.00,1.00,0.00
2081678,price_value,economic,2,2,4.72,0.86,0.00,1.00,0.00
2081678,hydration_nourishment,performance,1,1,4.81,0.90,0.00,1.00,0.00
2081681,price_value,economic,1,1,4.66,0.83,0.00,1.00,0.00
2081683,effectiveness,performance,1,1,4.38,0.69,0.00,1.00,0.00
2081683,skin_tolerance,performance,1,1,4.60,0.80,0.00,1.00,1.00
2081684,hydration_nourishment,performance,4,4,4.77,0.89,0.00,1.00,0.00
2081684,scent,sensory,1,1,4.83,0.92,0.00,1.00,0.00
2081684,skin_tolerance,performance,1,1,4.26,0.63,0.00,1.00,0.00
2081793,cleansing_makeup_removal,performance,9,9,4.75,0.87,0.00,1.00,0.00
2081793,hydration_nourishment,performance,4,4,4.69,0.84,0.00,1.00,0.25
2081793,skin_tolerance,performance,3,3,4.60,0.80,0.00,1.00,1.00
2081793,price_value,economic,1,1,4.70,0.85,0.00,1.00,0.00
2081794,cleansing_makeup_removal,performance,3,3,4.01,0.51,0.00,0.67,0.00
2081794,formula_composition,formula,2,2,4.54,0.77,0.00,1.00,0.00
2081794,application,sensory,1,1,4.64,0.82,0.00,1.00,0.00
2081794,hydration_nourishment,performance,1,1,3.23,0.11,0.00,0.00,0.00
2081794,price_value,economic,1,1,4.46,0.73,0.00,1.00,0.00
2081794,skin_tolerance,performance,1,1,4.25,0.63,0.00,1.00,0.00
2081795,skin_tolerance,performance,3,3,4.60,0.80,0.00,1.00,1.00
2081795,efficiency,economic,2,2,4.49,0.74,0.00,1.00,0.00
2081795,cleansing_makeup_removal,performance,1,1,4.74,0.87,0.00,1.00,0.00
2081795,hydration_nourishment,performance,1,1,4.60,0.80,0.00,1.00,1.00
2081795,scent,sensory,1,1,3.68,0.34,0.00,0.00,0.00
2082420,hydration_nourishment,performance,4,4,4.70,0.85,0.00,1.00,0.00
2082420,packaging,packaging,2,2,4.17,0.59,0.00,0.50,0.00
2082420,texture_consistency,sensory,2,2,2.48,-0.26,0.50,0.00,0.50
2082420,absorption_finish,sensory,1,1,1.40,-0.80,1.00,0.00,1.00
2082420,effectiveness,performance,1,1,3.85,0.43,0.00,1.00,0.00
2082420,price_value,economic,1,1,4.69,0.84,0.00,1.00,0.00
2082420,scent,sensory,1,1,4.62,0.81,0.00,1.00,0.00
2082421,scent,sensory,5,5,4.52,0.76,0.00,1.00,0.00
2082421,hydration_nourishment,performance,4,4,4.57,0.78,0.00,1.00,0.00
2082421,absorption_finish,sensory,1,1,3.49,0.25,0.00,0.00,0.00
2082421,application,sensory,1,1,4.79,0.89,0.00,1.00,0.00
2082421,effectiveness,performance,1,1,3.49,0.25,0.00,0.00,0.00
2082421,packaging,packaging,1,1,3.85,0.42,0.00,1.00,0.00
2082421,price_value,economic,1,1,3.85,0.42,0.00,1.00,0.00
2082818,effectiveness,performance,1,1,3.96,0.48,0.00,1.00,0.00
2082818,hydration_nourishment,performance,1,1,4.90,0.95,0.00,1.00,0.00
2082818,scent,sensory,1,1,1.40,-0.80,1.00,0.00,1.00
2082914,absorption_finish,sensory,1,1,4.85,0.93,0.00,1.00,0.00
2082914,hydration_nourishment,performance,1,1,4.82,0.91,0.00,1.00,0.00
2082914,skin_tolerance,performance,1,1,4.60,0.80,0.00,1.00,1.00
2082915,effectiveness,performance,3,3,3.65,0.33,0.33,0.67,0.67
2082915,hydration_nourishment,performance,3,3,4.93,0.97,0.00,1.00,0.00
2082915,cleansing_makeup_removal,performance,1,1,4.73,0.86,0.00,1.00,0.00
2082915,efficiency,economic,1,1,4.57,0.79,0.00,1.00,0.00
2082915,packaging,packaging,1,1,4.75,0.87,0.00,1.00,0.00
2082973,packaging,packaging,1,1,4.93,0.96,0.00,1.00,0.00
2082976,price_value,economic,1,1,3.66,0.33,0.00,0.00,0.00
2082995,effectiveness,performance,2,2,4.84,0.92,0.00,1.00,0.00
2082995,absorption_finish,sensory,1,1,4.68,0.84,0.00,1.00,0.00
2082995,formula_composition,formula,1,1,4.87,0.94,0.00,1.00,0.00
2082995,packaging,packaging,1,1,4.87,0.94,0.00,1.00,0.00
2083004,absorption_finish,sensory,1,1,4.85,0.93,0.00,1.00,0.00
2083004,application,sensory,1,1,4.85,0.93,0.00,1.00,0.00
2083004,hydration_nourishment,performance,1,1,4.85,0.93,0.00,1.00,0.00
2083006,hydration_nourishment,performance,5,4,4.82,0.91,0.00,1.00,0.00
2083006,skin_tolerance,performance,3,3,4.57,0.78,0.00,1.00,0.00
2083006,texture_consistency,sensory,2,2,1.40,-0.80,1.00,0.00,1.00
2083006,absorption_finish,sensory,1,1,4.68,0.84,0.00,1.00,0.00
2083008,application,sensory,5,5,4.78,0.89,0.00,1.00,0.00
2083008,effectiveness,performance,3,2,4.51,0.76,0.00,1.00,0.00
2083008,hydration_nourishment,performance,2,2,4.89,0.95,0.00,1.00,0.00
2083008,absorption_finish,sensory,1,1,4.88,0.94,0.00,1.00,0.00
2083008,packaging,packaging,1,1,4.83,0.92,0.00,1.00,0.00
2083008,scent,sensory,1,1,4.04,0.52,0.00,1.00,0.00
2083008,skin_tolerance,performance,1,1,4.60,0.80,0.00,1.00,1.00
2083008,texture_consistency,sensory,1,1,4.04,0.52,0.00,1.00,0.00
2083015,cleansing_makeup_removal,performance,2,2,4.71,0.85,0.00,1.00,0.00
2083015,efficiency,economic,1,1,4.61,0.80,0.00,1.00,0.00
2083015,skin_tolerance,performance,1,1,4.60,0.80,0.00,1.00,1.00
2083017,cleansing_makeup_removal,performance,5,5,4.93,0.97,0.00,1.00,0.00
2083017,efficiency,economic,1,1,4.68,0.84,0.00,1.00,0.00
2083017,hydration_nourishment,performance,1,1,4.92,0.96,0.00,1.00,0.00
2083017,price_value,economic,1,1,4.31,0.65,0.00,1.00,0.00
2083017,skin_tolerance,performance,1,1,4.60,0.80,0.00,1.00,1.00
2083024,absorption_finish,sensory,1,1,4.90,0.95,0.00,1.00,0.00
2083024,hydration_nourishment,performance,1,1,4.90,0.95,0.00,1.00,0.00
2083030,effectiveness,performance,2,2,3.68,0.34,0.50,0.50,0.00
2083030,texture_consistency,sensory,2,1,4.79,0.90,0.00,1.00,0.00
2083030,application,sensory,1,1,4.70,0.85,0.00,1.00,0.00
2083030,price_value,economic,1,1,4.98,0.99,0.00,1.00,0.00
2083035,absorption_finish,sensory,1,1,3.23,0.11,0.00,0.00,0.00
2083035,hydration_nourishment,performance,1,1,1.40,-0.80,1.00,0.00,1.00
2083037,absorption_finish,sensory,3,3,4.80,0.90,0.00,1.00,0.33
2083037,effectiveness,performance,2,2,4.28,0.64,0.00,1.00,0.50
2083037,texture_consistency,sensory,2,2,3.09,0.04,0.50,0.50,0.50
2083037,application,sensory,1,1,3.97,0.48,0.00,1.00,0.00
2083037,cleansing_makeup_removal,performance,1,1,4.93,0.96,0.00,1.00,0.00
2083037,hydration_nourishment,performance,1,1,4.89,0.94,0.00,1.00,0.00
2083037,price_value,economic,1,1,1.40,-0.80,1.00,0.00,1.00
2083040,effectiveness,performance,1,1,4.74,0.87,0.00,1.00,0.00
2083040,hydration_nourishment,performance,1,1,4.86,0.93,0.00,1.00,0.00
2083045,absorption_finish,sensory,1,1,4.73,0.86,0.00,1.00,0.00
2083092,effectiveness,performance,1,1,3.65,0.33,0.00,0.00,0.00
2083092,skin_tolerance,performance,1,1,1.40,-0.80,1.00,0.00,1.00
2083401,skin_tolerance,performance,1,1,4.80,0.90,0.00,1.00,0.00
2083920,hydration_nourishment,performance,2,2,4.78,0.89,0.00,1.00,0.00
2083925,effectiveness,performance,2,2,4.02,0.51,0.00,1.00,0.00
2083925,hydration_nourishment,performance,2,2,3.77,0.38,0.00,0.50,0.00
2083925,absorption_finish,sensory,1,1,4.89,0.95,0.00,1.00,0.00
2083925,formula_composition,formula,1,1,4.92,0.96,0.00,1.00,0.00
2083926,scent,sensory,3,3,3.66,0.33,0.33,0.67,0.33
2083926,formula_composition,formula,2,2,4.96,0.98,0.00,1.00,0.00
2083926,absorption_finish,sensory,1,1,3.25,0.12,0.00,0.00,0.00
2083926,application,sensory,1,1,4.32,0.66,0.00,1.00,0.00
2083926,effectiveness,performance,1,1,2.48,-0.26,1.00,0.00,0.00
2083926,hydration_nourishment,performance,1,1,4.98,0.99,0.00,1.00,0.00
2083926,packaging,packaging,1,1,4.78,0.89,0.00,1.00,0.00
2083926,texture_consistency,sensory,1,1,3.59,0.30,0.00,0.00,0.00
2083931,hydration_nourishment,performance,6,5,4.09,0.54,0.20,0.80,0.00
2083931,formula_composition,formula,3,1,4.21,0.60,0.00,1.00,0.00
2083931,effectiveness,performance,2,2,3.78,0.39,0.00,0.50,0.00
2083931,price_value,economic,1,1,4.11,0.56,0.00,1.00,0.00
2083931,texture_consistency,sensory,1,1,4.26,0.63,0.00,1.00,0.00
2083932,hydration_nourishment,performance,8,7,4.77,0.89,0.00,1.00,0.00
2083932,application,sensory,1,1,4.60,0.80,0.00,1.00,0.00
2083932,effectiveness,performance,1,1,4.48,0.74,0.00,1.00,0.00
2083932,texture_consistency,sensory,1,1,4.50,0.75,0.00,1.00,0.00
2083936,hydration_nourishment,performance,4,3,3.73,0.36,0.33,0.67,0.33
2083936,texture_consistency,sensory,2,2,2.21,-0.39,1.00,0.00,0.50
2083936,scent,sensory,1,1,4.52,0.76,0.00,1.00,0.00
2083936,skin_tolerance,performance,1,1,4.32,0.66,0.00,1.00,0.00
2083937,hydration_nourishment,performance,7,6,4.71,0.85,0.00,0.83,0.00
2083937,application,sensory,2,2,4.34,0.67,0.00,1.00,0.00
2083937,effectiveness,performance,1,1,3.58,0.29,0.00,0.00,0.00
2083937,scent,sensory,1,1,4.99,0.99,0.00,1.00,0.00
2083938,effectiveness,performance,2,2,4.61,0.81,0.00,1.00,0.00
2083938,hydration_nourishment,performance,1,1,4.93,0.97,0.00,1.00,0.00
2083938,scent,sensory,1,1,3.88,0.44,0.00,1.00,0.00
2083939,hydration_nourishment,performance,5,5,4.79,0.90,0.00,1.00,0.00
2084703,price_value,economic,3,1,4.66,0.83,0.00,1.00,0.00
2084703,cleansing_makeup_removal,performance,2,1,4.27,0.63,0.00,1.00,0.00
2084703,efficiency,economic,1,1,4.67,0.84,0.00,1.00,0.00
2084703,packaging,packaging,1,1,4.67,0.84,0.00,1.00,0.00
2084703,skin_tolerance,performance,1,1,4.60,0.80,0.00,1.00,1.00
2084703,texture_consistency,sensory,1,1,4.75,0.88,0.00,1.00,0.00
2084888,application,sensory,1,1,4.61,0.80,0.00,1.00,0.00
2084888,packaging,packaging,1,1,4.74,0.87,0.00,1.00,0.00
2084888,pore_clogging,performance,1,1,4.60,0.80,0.00,1.00,1.00
2085453,effectiveness,performance,2,2,4.26,0.63,0.00,1.00,0.00
2085453,absorption_finish,sensory,1,1,4.74,0.87,0.00,1.00,0.00
2085453,application,sensory,1,1,4.71,0.86,0.00,1.00,0.00
2085453,hydration_nourishment,performance,1,1,3.83,0.42,0.00,1.00,0.00
2085453,skin_tolerance,performance,1,1,3.83,0.42,0.00,1.00,0.00
2086278,hydration_nourishment,performance,3,3,4.87,0.93,0.00,1.00,0.00
2086278,effectiveness,performance,2,2,3.79,0.40,0.50,0.50,0.00
2086278,packaging,packaging,2,2,4.27,0.64,0.00,1.00,0.00
2086278,price_value,economic,2,1,4.48,0.74,0.00,1.00,0.00
2086278,formula_composition,formula,1,1,4.93,0.97,0.00,1.00,0.00
2086323,hydration_nourishment,performance,1,1,4.84,0.92,0.00,1.00,0.00
2086325,hydration_nourishment,performance,2,2,4.77,0.88,0.00,1.00,0.00
2086325,scent,sensory,1,1,4.76,0.88,0.00,1.00,0.00
2086326,hydration_nourishment,performance,2,2,4.78,0.89,0.00,1.00,0.00
2086326,scent,sensory,1,1,4.73,0.87,0.00,1.00,0.00
2086326,skin_tolerance,performance,1,1,4.60,0.80,0.00,1.00,1.00
2086326,texture_consistency,sensory,1,1,1.40,-0.80,1.00,0.00,1.00
2086809,effectiveness,performance,2,2,4.68,0.84,0.00,1.00,0.50
2086809,formula_composition,formula,2,2,4.51,0.76,0.00,1.00,0.00
2086809,price_value,economic,1,1,4.91,0.96,0.00,1.00,0.00
2086809,skin_tolerance,performance,1,1,3.60,0.30,0.00,0.00,0.00
2086809,texture_consistency,sensory,1,1,3.01,0.00,1.00,0.00,0.00
2087484,absorption_finish,sensory,1,1,4.81,0.91,0.00,1.00,0.00
2087484,formula_composition,formula,1,1,4.69,0.84,0.00,1.00,0.00
2087485,formula_composition,formula,1,1,4.69,0.85,0.00,1.00,0.00
2087486,scent,sensory,2,2,4.84,0.92,0.00,1.00,0.00
2087486,application,sensory,1,1,4.80,0.90,0.00,1.00,0.00
2087486,hydration_nourishment,performance,1,1,4.80,0.90,0.00,1.00,0.00
2088232,hydration_nourishment,performance,2,2,4.84,0.92,0.00,1.00,0.00
2088232,application,sensory,1,1,4.67,0.84,0.00,1.00,0.00
2088232,packaging,packaging,1,1,4.21,0.61,0.00,1.00,0.00
2088232,price_value,economic,1,1,4.96,0.98,0.00,1.00,0.00
2088232,scent,sensory,1,1,4.58,0.79,0.00,1.00,0.00
2088232,texture_consistency,sensory,1,1,4.58,0.79,0.00,1.00,0.00
2088249,texture_consistency,sensory,1,1,4.96,0.98,0.00,1.00,0.00
2088250,hydration_nourishment,performance,3,3,4.79,0.90,0.00,1.00,0.00
2088250,absorption_finish,sensory,2,2,4.65,0.83,0.00,1.00,0.50
2088250,formula_composition,formula,2,2,4.76,0.88,0.00,1.00,0.00
2088250,effectiveness,performance,1,1,4.67,0.84,0.00,1.00,0.00
2088250,efficiency,economic,1,1,4.86,0.93,0.00,1.00,0.00
2088250,texture_consistency,sensory,1,1,4.67,0.84,0.00,1.00,0.00
2088251,cleansing_makeup_removal,performance,4,4,4.78,0.89,0.00,1.00,0.00
2088251,efficiency,economic,3,3,4.81,0.91,0.00,1.00,0.00
2088251,hydration_nourishment,performance,3,3,4.77,0.89,0.00,1.00,0.00
2088251,skin_tolerance,performance,2,2,4.60,0.80,0.00,1.00,1.00
2088251,effectiveness,performance,1,1,4.77,0.88,0.00,1.00,0.00
2088251,formula_composition,formula,1,1,4.71,0.86,0.00,1.00,0.00
2088834,absorption_finish,sensory,1,1,4.60,0.80,0.00,1.00,1.00
2088834,effectiveness,performance,1,1,4.02,0.51,0.00,1.00,0.00
2088834,pore_clogging,performance,1,1,4.60,0.80,0.00,1.00,1.00
2088834,skin_tolerance,performance,1,1,4.60,0.80,0.00,1.00,1.00
2089167,cleansing_makeup_removal,performance,7,5,3.89,0.45,0.20,0.80,0.00
2089167,efficiency,economic,1,1,4.54,0.77,0.00,1.00,0.00
2089167,price_value,economic,1,1,4.84,0.92,0.00,1.00,0.00
2089167,skin_tolerance,performance,1,1,4.60,0.80,0.00,1.00,1.00
2089509,hydration_nourishment,performance,4,4,4.81,0.90,0.00,1.00,0.00
2089509,effectiveness,performance,3,3,4.65,0.82,0.00,1.00,0.00
2089509,absorption_finish,sensory,2,2,4.60,0.80,0.00,1.00,1.00
2089509,application,sensory,2,2,4.62,0.81,0.00,1.00,0.00
2089509,formula_composition,formula,2,2,4.33,0.67,0.00,1.00,0.00
2089509,efficiency,economic,1,1,4.90,0.95,0.00,1.00,0.00
2089509,pore_clogging,performance,1,1,4.60,0.80,0.00,1.00,1.00
2089509,price_value,economic,1,1,4.68,0.84,0.00,1.00,0.00
2089509,skin_tolerance,performance,1,1,4.60,0.80,0.00,1.00,1.00
2089509,texture_consistency,sensory,1,1,4.78,0.89,0.00,1.00,0.00
2089527,hydration_nourishment,performance,2,2,4.87,0.94,0.00,1.00,0.00
2089527,absorption_finish,sensory,1,1,4.81,0.90,0.00,1.00,0.00
2089527,effectiveness,performance,1,1,4.78,0.89,0.00,1.00,0.00
2089528,hydration_nourishment,performance,4,4,4.47,0.73,0.00,0.75,0.00
2089528,effectiveness,performance,3,3,4.24,0.62,0.00,0.67,0.00
2089528,formula_composition,formula,2,2,4.84,0.92,0.00,1.00,0.00
2089528,price_value,economic,2,2,4.89,0.94,0.00,1.00,0.00
2089864,hydration_nourishment,performance,1,1,4.15,0.58,0.00,1.00,0.00
2089921,effectiveness,performance,5,5,4.73,0.86,0.00,1.00,0.00
2089921,cleansing_makeup_removal,performance,2,2,3.98,0.49,0.00,0.50,0.00
2089921,price_value,economic,2,2,4.69,0.84,0.00,1.00,0.00
2089921,application,sensory,1,1,4.59,0.80,0.00,1.00,0.00
2089921,packaging,packaging,1,1,4.59,0.80,0.00,1.00,0.00
2089921,scent,sensory,1,1,3.35,0.18,0.00,0.00,0.00
2089921,skin_tolerance,performance,1,1,4.88,0.94,0.00,1.00,0.00
2089930,price_value,economic,2,2,4.69,0.84,0.00,1.00,0.00
2089930,skin_tolerance,performance,1,1,4.60,0.80,0.00,1.00,1.00
2089931,hydration_nourishment,performance,3,3,4.74,0.87,0.00,1.00,0.00
2089931,skin_tolerance,performance,1,1,4.93,0.97,0.00,1.00,0.00
2089937,effectiveness,performance,4,4,4.80,0.90,0.00,1.00,0.00
2089937,hydration_nourishment,performance,3,3,4.89,0.95,0.00,1.00,0.00
2089937,formula_composition,formula,1,1,4.86,0.93,0.00,1.00,0.00
2089953,hydration_nourishment,performance,7,5,4.83,0.91,0.00,1.00,0.00
2089953,effectiveness,performance,3,3,4.73,0.86,0.00,1.00,0.00
2089953,scent,sensory,2,2,4.66,0.83,0.00,1.00,0.00
2089953,packaging,packaging,1,1,4.71,0.86,0.00,1.00,0.00
2089953,texture_consistency,sensory,1,1,4.71,0.86,0.00,1.00,0.00
2089957,effectiveness,performance,4,4,4.44,0.72,0.00,0.75,0.00
2089957,scent,sensory,2,2,4.85,0.93,0.00,1.00,0.00
2089957,application,sensory,1,1,4.92,0.96,0.00,1.00,0.00
2089957,cleansing_makeup_removal,performance,1,1,4.51,0.76,0.00,1.00,0.00
2089957,price_value,economic,1,1,3.25,0.13,0.00,0.00,0.00
2090010,effectiveness,performance,1,1,4.91,0.96,0.00,1.00,0.00
2090010,price_value,economic,1,1,4.73,0.87,0.00,1.00,0.00
2090011,effectiveness,performance,3,3,4.14,0.57,0.33,0.67,0.00
2090011,hydration_nourishment,performance,1,1,4.83,0.92,0.00,1.00,0.00
2090011,price_value,economic,1,1,4.86,0.93,0.00,1.00,0.00
2090012,effectiveness,performance,3,3,4.49,0.74,0.00,1.00,0.00
2090012,absorption_finish,sensory,1,1,4.64,0.82,0.00,1.00,0.00
2090012,texture_consistency,sensory,1,1,4.64,0.82,0.00,1.00,0.00
2090170,formula_composition,formula,1,1,3.58,0.29,0.00,0.00,0.00
2090170,packaging,packaging,1,1,3.58,0.29,0.00,0.00,0.00
2090170,skin_tolerance,performance,1,1,3.15,0.07,1.00,0.00,0.00
2090171,price_value,economic,1,1,4.93,0.96,0.00,1.00,0.00
2090172,effectiveness,performance,1,1,4.85,0.93,0.00,1.00,0.00
2090172,hydration_nourishment,performance,1,1,4.97,0.98,0.00,1.00,0.00
2090173,skin_tolerance,performance,2,1,3.86,0.43,0.00,1.00,0.50
2090173,hydration_nourishment,performance,1,1,4.85,0.93,0.00,1.00,0.00
2090177,effectiveness,performance,1,1,4.61,0.81,0.00,1.00,0.00
2090177,hydration_nourishment,performance,1,1,4.94,0.97,0.00,1.00,0.00
2090177,scent,sensory,1,1,4.94,0.97,0.00,1.00,0.00
2090184,effectiveness,performance,3,3,3.69,0.34,0.33,0.67,0.33
2090184,hydration_nourishment,performance,3,3,4.92,0.96,0.00,1.00,0.00
2090184,absorption_finish,sensory,2,2,4.85,0.93,0.00,1.00,0.00
2090184,scent,sensory,1,1,4.71,0.86,0.00,1.00,0.00
2090192,price_value,economic,1,1,4.98,0.99,0.00,1.00,0.00
2090194,hydration_nourishment,performance,3,3,4.37,0.69,0.00,0.67,0.00
2090194,absorption_finish,sensory,2,1,2.07,-0.47,1.00,0.00,0.50
2090194,formula_composition,formula,1,1,4.94,0.97,0.00,1.00,0.00
2090194,price_value,economic,1,1,4.94,0.97,0.00,1.00,0.00
2090194,texture_consistency,sensory,1,1,4.89,0.95,0.00,1.00,0.00
2090202,effectiveness,performance,1,1,3.31,0.15,0.00,0.00,0.00
2090202,texture_consistency,sensory,1,1,2.57,-0.21,1.00,0.00,0.00
2090243,hydration_nourishment,performance,2,2,4.79,0.89,0.00,1.00,0.00
2090243,scent,sensory,1,1,4.87,0.94,0.00,1.00,0.00
2091556,cleansing_makeup_removal,performance,1,1,4.01,0.50,0.00,1.00,0.00
2091556,texture_consistency,sensory,1,1,4.67,0.84,0.00,1.00,0.00
2091575,hydration_nourishment,performance,2,1,4.76,0.88,0.00,1.00,0.50
2091575,effectiveness,performance,1,1,3.32,0.16,0.00,0.00,0.00
2091575,pore_clogging,performance,1,1,4.60,0.80,0.00,1.00,1.00
2091575,scent,sensory,1,1,3.32,0.16,0.00,0.00,0.00
2091581,cleansing_makeup_removal,performance,3,2,4.38,0.69,0.00,1.00,0.00
2091581,skin_tolerance,performance,2,2,3.00,-0.00,0.50,0.50,1.00
2091661,absorption_finish,sensory,1,1,4.79,0.89,0.00,1.00,0.00
2091661,cleansing_makeup_removal,performance,1,1,4.85,0.93,0.00,1.00,0.00
2091661,formula_composition,formula,1,1,4.58,0.79,0.00,1.00,0.00
2091661,texture_consistency,sensory,1,1,4.85,0.93,0.00,1.00,0.00
2091673,scent,sensory,4,4,4.89,0.94,0.00,1.00,0.00
2091673,effectiveness,performance,2,2,4.65,0.83,0.00,1.00,0.50
2091673,skin_tolerance,performance,2,2,4.73,0.86,0.00,1.00,0.50
2091673,application,sensory,1,1,4.93,0.96,0.00,1.00,0.00
2091673,hydration_nourishment,performance,1,1,4.93,0.97,0.00,1.00,0.00
2091674,effectiveness,performance,4,4,3.78,0.39,0.25,0.75,0.50
2091674,application,sensory,3,3,4.75,0.87,0.00,1.00,0.00
2091674,skin_tolerance,performance,3,3,4.65,0.83,0.00,1.00,0.33
2091674,texture_consistency,sensory,3,3,4.69,0.84,0.00,1.00,0.00
2091674,absorption_finish,sensory,2,2,4.70,0.85,0.00,1.00,0.50
2091674,cleansing_makeup_removal,performance,2,2,4.79,0.89,0.00,1.00,0.00
2091674,formula_composition,formula,2,2,4.76,0.88,0.00,1.00,0.00
2091674,hydration_nourishment,performance,2,2,4.81,0.91,0.00,1.00,0.00
2091674,price_value,economic,2,2,4.81,0.90,0.00,1.00,0.00
2091674,scent,sensory,2,2,2.69,-0.16,0.50,0.50,0.50
2091674,packaging,packaging,1,1,4.78,0.89,0.00,1.00,0.00
2091675,effectiveness,performance,3,3,3.62,0.31,0.33,0.67,0.33
2091675,cleansing_makeup_removal,performance,2,1,4.69,0.84,0.00,1.00,0.00
2091675,hydration_nourishment,performance,2,2,4.35,0.67,0.00,1.00,0.50
2091675,application,sensory,1,1,4.12,0.56,0.00,1.00,0.00
2091675,efficiency,economic,1,1,4.56,0.78,0.00,1.00,0.00
2091675,packaging,packaging,1,1,4.12,0.56,0.00,1.00,0.00
2091675,scent,sensory,1,1,4.00,0.50,0.00,1.00,0.00
2091675,texture_consistency,sensory,1,1,4.56,0.78,0.00,1.00,0.00
2091678,cleansing_makeup_removal,performance,5,5,4.72,0.86,0.00,1.00,0.00
2091678,skin_tolerance,performance,3,2,3.69,0.34,0.50,0.50,0.75
2091678,texture_consistency,sensory,3,2,4.33,0.66,0.00,1.00,0.00
2091678,absorption_finish,sensory,1,1,4.22,0.61,0.00,1.00,0.00
2091678,effectiveness,performance,1,1,4.60,0.80,0.00,1.00,1.00
2091678,formula_composition,formula,1,1,4.70,0.85,0.00,1.00,0.00
2091678,packaging,packaging,1,1,4.36,0.68,0.00,1.00,0.00
2091678,price_value,economic,1,1,4.88,0.94,0.00,1.00,0.00
2091679,texture_consistency,sensory,5,5,4.04,0.52,0.20,0.80,0.20
2091679,absorption_finish,sensory,3,3,3.43,0.21,0.33,0.67,0.67
2091679,effectiveness,performance,3,3,4.51,0.75,0.00,1.00,0.33
2091679,application,sensory,2,2,4.70,0.85,0.00,1.00,0.00
2091679,formula_composition,formula,2,2,4.69,0.84,0.00,1.00,0.00
2091679,hydration_nourishment,performance,2,2,4.67,0.83,0.00,1.00,0.00
2091679,scent,sensory,2,2,4.65,0.83,0.00,1.00,0.00
2091679,pore_clogging,performance,1,1,4.60,0.80,0.00,1.00,1.00
2091679,price_value,economic,1,1,4.91,0.96,0.00,1.00,0.00
2091679,skin_tolerance,performance,1,1,4.60,0.80,0.00,1.00,1.00
2091680,hydration_nourishment,performance,5,5,4.66,0.83,0.00,1.00,0.00
2091680,application,sensory,3,3,4.65,0.82,0.00,1.00,0.33
2091680,texture_consistency,sensory,3,3,4.61,0.81,0.00,1.00,0.00
2091680,absorption_finish,sensory,2,2,4.70,0.85,0.00,1.00,0.50
2091680,pore_clogging,performance,2,2,3.80,0.40,0.00,0.50,1.00
2091680,skin_tolerance,performance,2,2,4.38,0.69,0.00,1.00,0.50
2091680,effectiveness,performance,1,1,4.16,0.58,0.00,1.00,0.00
2091680,formula_composition,formula,1,1,4.82,0.91,0.00,1.00,0.00
2091680,packaging,packaging,1,1,4.68,0.84,0.00,1.00,0.00
2091680,price_value,economic,1,1,4.76,0.88,0.00,1.00,0.00
2091680,scent,sensory,1,1,4.85,0.93,0.00,1.00,0.00
2091681,effectiveness,performance,7,4,4.41,0.70,0.00,0.75,0.08
2091681,hydration_nourishment,performance,5,4,4.81,0.91,0.00,1.00,0.00
2091681,texture_consistency,sensory,5,5,3.64,0.32,0.20,0.60,0.20
2091681,application,sensory,4,3,4.46,0.73,0.00,1.00,0.00
2091681,absorption_finish,sensory,3,3,4.70,0.85,0.00,1.00,0.67
2091681,formula_composition,formula,2,2,4.80,0.90,0.00,1.00,0.00
2091681,skin_tolerance,performance,2,2,4.55,0.78,0.00,1.00,0.50
2091681,scent,sensory,1,1,3.97,0.49,0.00,1.00,0.00
2091682,price_value,economic,1,1,4.83,0.92,0.00,1.00,0.00
2091683,hydration_nourishment,performance,2,2,4.77,0.89,0.00,1.00,0.50
2091683,scent,sensory,2,2,4.80,0.90,0.00,1.00,0.00
2091683,skin_tolerance,performance,2,2,4.60,0.80,0.00,1.00,1.00
2091683,application,sensory,1,1,4.54,0.77,0.00,1.00,0.00
2091683,effectiveness,performance,1,1,4.87,0.93,0.00,1.00,0.00
2091683,price_value,economic,1,1,4.55,0.78,0.00,1.00,0.00
2091685,cleansing_makeup_removal,performance,6,5,4.74,0.87,0.00,1.00,0.00
2091685,application,sensory,1,1,4.82,0.91,0.00,1.00,0.00
2091685,packaging,packaging,1,1,4.83,0.91,0.00,1.00,0.00
2091733,effectiveness,performance,9,5,4.66,0.83,0.00,1.00,0.00
2091733,application,sensory,2,2,4.66,0.83,0.00,1.00,0.00
2091734,effectiveness,performance,2,1,3.41,0.20,0.00,0.00,0.00
2091734,hydration_nourishment,performance,1,1,1.40,-0.80,1.00,0.00,1.00
2091734,scent,sensory,1,1,4.79,0.89,0.00,1.00,0.00
2091734,texture_consistency,sensory,1,1,4.79,0.89,0.00,1.00,0.00
2091737,effectiveness,performance,2,2,4.37,0.68,0.00,1.00,0.00
2091737,skin_tolerance,performance,2,1,2.59,-0.20,1.00,0.00,0.50
2091737,hydration_nourishment,performance,1,1,3.17,0.09,1.00,0.00,0.00
2091737,scent,sensory,1,1,3.73,0.37,0.00,0.00,0.00
2091796,effectiveness,performance,2,1,3.08,0.04,1.00,0.00,0.50
2091796,absorption_finish,sensory,1,1,4.94,0.97,0.00,1.00,0.00
2091796,hydration_nourishment,performance,1,1,4.71,0.85,0.00,1.00,0.00
2091796,packaging,packaging,1,1,4.46,0.73,0.00,1.00,0.00
2091796,scent,sensory,1,1,4.94,0.97,0.00,1.00,0.00
2091796,texture_consistency,sensory,1,1,4.62,0.81,0.00,1.00,0.00
2091797,application,sensory,4,4,4.61,0.81,0.00,1.00,0.00
2091797,effectiveness,performance,3,3,2.58,-0.21,0.67,0.33,0.33
2091797,hydration_nourishment,performance,2,2,4.60,0.80,0.00,1.00,0.00
2091797,packaging,packaging,1,1,4.77,0.89,0.00,1.00,0.00
2091797,skin_tolerance,performance,1,1,2.55,-0.23,1.00,0.00,0.00
2091799,cleansing_makeup_removal,performance,1,1,4.92,0.96,0.00,1.00,0.00
2091799,hydration_nourishment,performance,1,1,4.98,0.99,0.00,1.00,0.00
2091799,scent,sensory,1,1,4.72,0.86,0.00,1.00,0.00
2091802,hydration_nourishment,performance,5,5,4.64,0.82,0.00,1.00,0.00
2091802,effectiveness,performance,4,4,4.46,0.73,0.00,0.75,0.00
2091802,application,sensory,3,3,4.84,0.92,0.00,1.00,0.00
2091802,texture_consistency,sensory,3,3,4.73,0.87,0.00,1.00,0.00
2091802,absorption_finish,sensory,2,2,3.49,0.24,0.50,0.50,0.50
2091802,cleansing_makeup_removal,performance,1,1,4.89,0.94,0.00,1.00,0.00
2091802,formula_composition,formula,1,1,4.59,0.79,0.00,1.00,0.00
2091802,pore_clogging,performance,1,1,4.60,0.80,0.00,1.00,1.00
2091802,scent,sensory,1,1,4.56,0.78,0.00,1.00,0.00
2091830,effectiveness,performance,3,2,3.80,0.40,0.00,0.50,0.00
2091830,formula_composition,formula,1,1,3.88,0.44,0.00,1.00,0.00
2091830,packaging,packaging,1,1,4.08,0.54,0.00,1.00,0.00
2091830,price_value,economic,1,1,1.40,-0.80,1.00,0.00,1.00
2091830,scent,sensory,1,1,4.56,0.78,0.00,1.00,0.00
2091830,texture_consistency,sensory,1,1,1.40,-0.80,1.00,0.00,1.00
2091835,application,sensory,3,3,4.66,0.83,0.00,1.00,0.00
2091835,effectiveness,performance,3,3,4.69,0.85,0.00,1.00,0.33
2091835,skin_tolerance,performance,2,2,4.76,0.88,0.00,1.00,0.00
2091835,hydration_nourishment,performance,1,1,4.94,0.97,0.00,1.00,0.00
2091835,packaging,packaging,1,1,4.67,0.84,0.00,1.00,0.00
2091836,scent,sensory,3,3,4.83,0.92,0.00,1.00,0.00
2091836,application,sensory,1,1,4.58,0.79,0.00,1.00,0.00
2091836,effectiveness,performance,1,1,4.95,0.98,0.00,1.00,0.00
2091836,hydration_nourishment,performance,1,1,4.69,0.84,0.00,1.00,0.00
2091836,packaging,packaging,1,1,4.49,0.75,0.00,1.00,0.00
2092010,effectiveness,performance,4,4,3.40,0.20,0.50,0.50,0.00
2092010,efficiency,economic,2,2,3.88,0.44,0.50,0.50,0.00
2092010,price_value,economic,2,2,4.68,0.84,0.00,1.00,0.00
2092010,texture_consistency,sensory,2,2,2.92,-0.04,0.50,0.50,0.50
2092010,application,sensory,1,1,3.10,0.05,1.00,0.00,0.00
2092010,cleansing_makeup_removal,performance,1,1,4.34,0.67,0.00,1.00,0.00
2092010,formula_composition,formula,1,1,4.44,0.72,0.00,1.00,0.00
2092010,hydration_nourishment,performance,1,1,4.69,0.85,0.00,1.00,0.00
2092010,packaging,packaging,1,1,4.79,0.89,0.00,1.00,0.00
2092010,scent,sensory,1,1,3.10,0.05,1.00,0.00,0.00
2092089,application,sensory,2,2,3.02,0.01,1.00,0.00,0.00
2092089,skin_tolerance,performance,2,2,4.54,0.77,0.00,1.00,0.00
2092089,effectiveness,performance,1,1,1.40,-0.80,1.00,0.00,1.00
2092089,hydration_nourishment,performance,1,1,4.81,0.91,0.00,1.00,0.00
2092089,scent,sensory,1,1,4.25,0.62,0.00,1.00,0.00
2092253,effectiveness,performance,1,1,4.59,0.79,0.00,1.00,0.00
2092253,formula_composition,formula,1,1,4.86,0.93,0.00,1.00,0.00
2092253,price_value,economic,1,1,4.77,0.89,0.00,1.00,0.00
2092254,formula_composition,formula,1,1,4.96,0.98,0.00,1.00,0.00
2092255,effectiveness,performance,1,1,4.85,0.93,0.00,1.00,0.00
2092255,formula_composition,formula,1,1,4.66,0.83,0.00,1.00,0.00
2092262,effectiveness,performance,1,1,4.67,0.83,0.00,1.00,0.00
2092264,effectiveness,performance,1,1,4.75,0.87,0.00,1.00,0.00
2092266,absorption_finish,sensory,1,1,4.15,0.58,0.00,1.00,0.00
2092266,price_value,economic,1,1,4.67,0.83,0.00,1.00,0.00
2092266,scent,sensory,1,1,4.15,0.58,0.00,1.00,0.00
2092266,skin_tolerance,performance,1,1,4.60,0.80,0.00,1.00,1.00
2092276,hydration_nourishment,performance,2,2,4.79,0.90,0.00,1.00,0.00
2092276,application,sensory,1,1,4.65,0.82,0.00,1.00,0.00
2092276,effectiveness,performance,1,1,4.90,0.95,0.00,1.00,0.00
2092277,formula_composition,formula,2,2,4.75,0.87,0.00,1.00,0.00
2092277,effectiveness,performance,1,1,4.60,0.80,0.00,1.00,1.00
2092277,skin_tolerance,performance,1,1,1.40,-0.80,1.00,0.00,1.00
2092277,texture_consistency,sensory,1,1,4.82,0.91,0.00,1.00,0.00
2092278,application,sensory,1,1,4.88,0.94,0.00,1.00,0.00
2092278,price_value,economic,1,1,4.88,0.94,0.00,1.00,0.00
2092302,effectiveness,performance,5,5,2.98,-0.01,0.60,0.20,0.00
2092302,packaging,packaging,2,2,1.87,-0.56,1.00,0.00,0.00
2092302,hydration_nourishment,performance,1,1,4.49,0.74,0.00,1.00,0.00
2092302,price_value,economic,1,1,1.94,-0.53,1.00,0.00,0.00
2092306,formula_composition,formula,2,2,4.75,0.87,0.00,1.00,0.00
2092306,effectiveness,performance,1,1,4.42,0.71,0.00,1.00,0.00
2092306,efficiency,economic,1,1,4.90,0.95,0.00,1.00,0.00
2092306,hydration_nourishment,performance,1,1,4.73,0.86,0.00,1.00,0.00
2092306,texture_consistency,sensory,1,1,4.83,0.92,0.00,1.00,0.00
2092307,hydration_nourishment,performance,3,3,4.88,0.94,0.00,1.00,0.00
2092307,formula_composition,formula,2,2,3.66,0.33,0.50,0.50,0.00
2092307,packaging,packaging,2,2,4.50,0.75,0.00,1.00,0.00
2092307,scent,sensory,2,2,3.16,0.08,0.50,0.50,0.50
2092307,absorption_finish,sensory,1,1,4.91,0.96,0.00,1.00,0.00
2092307,application,sensory,1,1,4.70,0.85,0.00,1.00,0.00
2092307,effectiveness,performance,1,1,4.75,0.87,0.00,1.00,0.00
2092307,efficiency,economic,1,1,4.63,0.82,0.00,1.00,0.00
2092307,price_value,economic,1,1,4.86,0.93,0.00,1.00,0.00
2092307,texture_consistency,sensory,1,1,1.40,-0.80,1.00,0.00,1.00
2092311,effectiveness,performance,4,4,4.11,0.55,0.25,0.75,0.00
2092311,cleansing_makeup_removal,performance,3,2,2.43,-0.28,1.00,0.00,0.00
2092311,hydration_nourishment,performance,3,3,3.54,0.27,0.33,0.33,0.00
2092311,absorption_finish,sensory,1,1,1.40,-0.80,1.00,0.00,1.00
2092311,application,sensory,1,1,4.38,0.69,0.00,1.00,0.00
2092311,formula_composition,formula,1,1,4.71,0.86,0.00,1.00,0.00
2092311,price_value,economic,1,1,4.71,0.86,0.00,1.00,0.00
2092311,texture_consistency,sensory,1,1,4.38,0.69,0.00,1.00,0.00
2092312,absorption_finish,sensory,1,1,3.47,0.23,0.00,0.00,0.00
2092312,hydration_nourishment,performance,1,1,4.72,0.86,0.00,1.00,0.00
2092312,price_value,economic,1,1,4.72,0.86,0.00,1.00,0.00
2092312,texture_consistency,sensory,1,1,3.47,0.23,0.00,0.00,0.00
2092314,effectiveness,performance,6,5,4.65,0.82,0.00,1.00,0.30
2092314,application,sensory,5,5,4.65,0.82,0.00,1.00,0.00
2092314,hydration_nourishment,performance,4,4,4.73,0.87,0.00,1.00,0.00
2092314,absorption_finish,sensory,1,1,4.91,0.96,0.00,1.00,0.00
2092314,formula_composition,formula,1,1,4.72,0.86,0.00,1.00,0.00
2092314,packaging,packaging,1,1,4.37,0.68,0.00,1.00,0.00
2092314,scent,sensory,1,1,3.88,0.44,0.00,1.00,0.00
2092315,effectiveness,performance,3,3,4.53,0.76,0.00,1.00,0.67
2092315,application,sensory,2,2,4.79,0.90,0.00,1.00,0.00
2092315,hydration_nourishment,performance,1,1,4.97,0.99,0.00,1.00,0.00
2092315,packaging,packaging,1,1,4.48,0.74,0.00,1.00,0.00
2092315,skin_tolerance,performance,1,1,4.79,0.89,0.00,1.00,0.00
2092315,texture_consistency,sensory,1,1,4.58,0.79,0.00,1.00,0.00
2092317,texture_consistency,sensory,3,3,2.57,-0.22,0.67,0.33,0.67
2092317,absorption_finish,sensory,2,2,4.94,0.97,0.00,1.00,0.00
2092317,scent,sensory,2,2,4.91,0.96,0.00,1.00,0.00
2092317,hydration_nourishment,performance,1,1,4.98,0.99,0.00,1.00,0.00
2092317,packaging,packaging,1,1,4.80,0.90,0.00,1.00,0.00
2092318,absorption_finish,sensory,2,2,4.39,0.70,0.00,1.00,0.00
2092318,hydration_nourishment,performance,2,2,4.84,0.92,0.00,1.00,0.00
2092318,packaging,packaging,2,2,4.18,0.59,0.00,1.00,0.00
2092318,scent,sensory,1,1,4.85,0.93,0.00,1.00,0.00
2092321,hydration_nourishment,performance,4,4,4.83,0.92,0.00,1.00,0.00
2092321,formula_composition,formula,2,2,4.87,0.93,0.00,1.00,0.00
2092321,scent,sensory,2,2,4.41,0.70,0.00,1.00,0.00
2092321,texture_consistency,sensory,2,2,4.87,0.93,0.00,1.00,0.00
2092321,application,sensory,1,1,4.71,0.85,0.00,1.00,0.00
2092321,effectiveness,performance,1,1,4.92,0.96,0.00,1.00,0.00
2092321,packaging,packaging,1,1,4.71,0.85,0.00,1.00,0.00
2092321,pore_clogging,performance,1,1,4.60,0.80,0.00,1.00,1.00
2092321,price_value,economic,1,1,4.76,0.88,0.00,1.00,0.00
2092322,effectiveness,performance,5,5,4.08,0.54,0.20,0.80,0.20
2092322,application,sensory,4,4,4.06,0.53,0.25,0.75,0.00
2092322,hydration_nourishment,performance,3,3,4.84,0.92,0.00,1.00,0.00
2092322,absorption_finish,sensory,2,2,4.80,0.90,0.00,1.00,0.00
2092322,scent,sensory,2,2,4.72,0.86,0.00,1.00,0.00
2092326,effectiveness,performance,4,4,4.70,0.85,0.00,1.00,0.00
2092326,texture_consistency,sensory,4,3,4.44,0.72,0.00,1.00,0.00
2092326,cleansing_makeup_removal,performance,2,2,4.74,0.87,0.00,1.00,0.00
2092326,hydration_nourishment,performance,2,2,3.47,0.23,0.50,0.50,0.00
2092326,scent,sensory,2,2,4.57,0.79,0.00,1.00,0.00
2092326,application,sensory,1,1,4.64,0.82,0.00,1.00,0.00
2092326,efficiency,economic,1,1,4.11,0.56,0.00,1.00,0.00
2092326,price_value,economic,1,1,4.11,0.56,0.00,1.00,0.00
2092326,skin_tolerance,performance,1,1,4.60,0.80,0.00,1.00,1.00
2092329,effectiveness,performance,5,4,4.66,0.83,0.00,1.00,0.38
2092329,application,sensory,3,3,4.69,0.84,0.00,1.00,0.00
2092329,hydration_nourishment,performance,3,3,4.73,0.87,0.00,1.00,0.00
2092329,texture_consistency,sensory,2,2,2.92,-0.04,0.50,0.50,0.50
2092329,efficiency,economic,1,1,4.68,0.84,0.00,1.00,0.00
2092329,formula_composition,formula,1,1,4.43,0.72,0.00,1.00,0.00
2092329,pore_clogging,performance,1,1,4.60,0.80,0.00,1.00,1.00
2092330,hydration_nourishment,performance,5,5,4.87,0.93,0.00,1.00,0.00
2092330,effectiveness,performance,4,4,4.79,0.89,0.00,1.00,0.00
2092330,texture_consistency,sensory,4,4,3.96,0.48,0.25,0.75,0.25
2092330,application,sensory,3,3,4.48,0.74,0.00,1.00,0.00
2092330,formula_composition,formula,3,3,4.79,0.90,0.00,1.00,0.00
2092333,absorption_finish,sensory,3,3,3.54,0.27,0.33,0.67,0.33
2092333,hydration_nourishment,performance,3,3,4.95,0.98,0.00,1.00,0.00
2092333,texture_consistency,sensory,3,3,4.63,0.81,0.00,1.00,0.00
2092333,effectiveness,performance,2,2,4.85,0.92,0.00,1.00,0.00
2092333,formula_composition,formula,1,1,4.73,0.87,0.00,1.00,0.00
2092339,application,sensory,3,2,4.68,0.84,0.00,1.00,0.00
2092339,effectiveness,performance,3,3,4.60,0.80,0.00,1.00,0.00
2092339,texture_consistency,sensory,2,2,4.13,0.56,0.00,0.50,0.00
2092339,absorption_finish,sensory,1,1,4.60,0.80,0.00,1.00,1.00
2092339,formula_composition,formula,1,1,4.90,0.95,0.00,1.00,0.00
2092339,hydration_nourishment,performance,1,1,4.75,0.87,0.00,1.00,0.00
2092339,scent,sensory,1,1,4.73,0.87,0.00,1.00,0.00
2092339,skin_tolerance,performance,1,1,4.60,0.80,0.00,1.00,1.00
2092340,effectiveness,performance,1,1,2.34,-0.33,1.00,0.00,0.00
2092340,pore_clogging,performance,1,1,1.40,-0.80,1.00,0.00,1.00
2092340,texture_consistency,sensory,1,1,1.74,-0.63,1.00,0.00,0.00
2092341,cleansing_makeup_removal,performance,6,5,4.48,0.74,0.00,1.00,0.00
2092341,hydration_nourishment,performance,3,3,4.42,0.71,0.00,1.00,0.00
2092341,skin_tolerance,performance,3,3,4.44,0.72,0.00,1.00,0.33
2092341,texture_consistency,sensory,3,3,3.37,0.19,0.33,0.67,0.33
2092341,application,sensory,2,2,4.46,0.73,0.00,1.00,0.00
2092341,effectiveness,performance,2,2,4.70,0.85,0.00,1.00,0.00
2092341,price_value,economic,1,1,4.70,0.85,0.00,1.00,0.00
2092341,scent,sensory,1,1,4.87,0.94,0.00,1.00,0.00
2092342,effectiveness,performance,2,2,3.90,0.45,0.50,0.50,0.00
2092342,absorption_finish,sensory,1,1,4.88,0.94,0.00,1.00,0.00
2092342,formula_composition,formula,1,1,4.63,0.82,0.00,1.00,0.00
2092342,hydration_nourishment,performance,1,1,4.88,0.94,0.00,1.00,0.00
2092342,scent,sensory,1,1,4.88,0.94,0.00,1.00,0.00
2093918,application,sensory,1,1,4.58,0.79,0.00,1.00,0.00
2093918,hydration_nourishment,performance,1,1,4.58,0.79,0.00,1.00,0.00
2093918,packaging,packaging,1,1,3.77,0.38,0.00,0.00,0.00
2094386,effectiveness,performance,3,3,4.16,0.58,0.00,0.67,0.00
2094386,cleansing_makeup_removal,performance,2,2,4.53,0.76,0.00,1.00,0.00
2094386,formula_composition,formula,1,1,4.47,0.73,0.00,1.00,0.00
2094386,price_value,economic,1,1,3.68,0.34,0.00,0.00,0.00
2094387,application,sensory,1,1,4.91,0.95,0.00,1.00,0.00
2094387,hydration_nourishment,performance,1,1,2.07,-0.46,1.00,0.00,0.00
2094387,skin_tolerance,performance,1,1,2.15,-0.42,1.00,0.00,0.00
2095364,absorption_finish,sensory,1,1,4.50,0.75,0.00,1.00,0.00
2095364,hydration_nourishment,performance,1,1,4.82,0.91,0.00,1.00,0.00
2095365,texture_consistency,sensory,1,1,4.52,0.76,0.00,1.00,0.00
2095371,hydration_nourishment,performance,2,2,4.95,0.97,0.00,1.00,0.00
2096316,effectiveness,performance,1,1,3.34,0.17,0.00,0.00,0.00
2096316,packaging,packaging,1,1,3.34,0.17,0.00,0.00,0.00
2096316,scent,sensory,1,1,1.40,-0.80,1.00,0.00,1.00
2096316,texture_consistency,sensory,1,1,1.89,-0.56,1.00,0.00,0.00
2096515,effectiveness,performance,1,1,4.60,0.80,0.00,1.00,1.00
2098169,hydration_nourishment,performance,5,5,4.46,0.73,0.00,1.00,0.00
2098169,effectiveness,performance,3,2,4.59,0.79,0.00,1.00,0.00
2098169,price_value,economic,2,1,4.45,0.73,0.00,1.00,0.00
2098169,application,sensory,1,1,4.51,0.75,0.00,1.00,0.00
2098169,skin_tolerance,performance,1,1,4.23,0.62,0.00,1.00,0.00
2098737,effectiveness,performance,3,3,4.32,0.66,0.00,1.00,0.00
2098737,texture_consistency,sensory,2,1,2.38,-0.31,1.00,0.00,0.50
2098737,skin_tolerance,performance,1,1,4.09,0.54,0.00,1.00,0.00
2099375,scent,sensory,7,6,4.40,0.70,0.00,0.83,0.00
2099375,hydration_nourishment,performance,4,4,4.91,0.96,0.00,1.00,0.00
2099375,texture_consistency,sensory,3,2,3.17,0.08,0.50,0.50,0.50
2099375,effectiveness,performance,1,1,4.60,0.80,0.00,1.00,1.00
2099375,packaging,packaging,1,1,3.68,0.34,0.00,0.00,0.00
2099448,scent,sensory,2,2,4.41,0.70,0.00,1.00,0.00
2099448,hydration_nourishment,performance,1,1,4.95,0.97,0.00,1.00,0.00
2099448,packaging,packaging,1,1,4.37,0.69,0.00,1.00,0.00
2099450,texture_consistency,sensory,2,2,3.10,0.05,0.50,0.50,0.50
2099450,absorption_finish,sensory,1,1,4.08,0.54,0.00,1.00,0.00
2099450,effectiveness,performance,1,1,4.87,0.94,0.00,1.00,0.00
2099450,hydration_nourishment,performance,1,1,4.95,0.98,0.00,1.00,0.00
2099450,price_value,economic,1,1,4.57,0.78,0.00,1.00,0.00
2099450,scent,sensory,1,1,4.80,0.90,0.00,1.00,0.00
2099450,skin_tolerance,performance,1,1,4.89,0.95,0.00,1.00,0.00
2099451,scent,sensory,6,4,4.38,0.69,0.00,1.00,0.00
2099451,packaging,packaging,4,3,4.29,0.65,0.00,1.00,0.00
2099451,hydration_nourishment,performance,3,3,3.43,0.22,0.33,0.67,0.33
2099451,texture_consistency,sensory,3,3,4.46,0.73,0.00,1.00,0.00
2099451,application,sensory,2,2,4.41,0.70,0.00,1.00,0.00
2099451,effectiveness,performance,1,1,4.57,0.78,0.00,1.00,0.00
2099451,skin_tolerance,performance,1,1,3.48,0.24,0.00,0.00,0.00
2099452,hydration_nourishment,performance,4,3,4.14,0.57,0.33,0.67,0.17
2099452,scent,sensory,2,2,4.87,0.94,0.00,1.00,0.00
2099452,effectiveness,performance,1,1,4.58,0.79,0.00,1.00,0.00
2099452,formula_composition,formula,1,1,4.92,0.96,0.00,1.00,0.00
2099452,price_value,economic,1,1,4.27,0.63,0.00,1.00,0.00
2099454,hydration_nourishment,performance,6,6,4.59,0.79,0.00,1.00,0.17
2099454,scent,sensory,3,3,4.79,0.89,0.00,1.00,0.00
2099454,application,sensory,1,1,4.62,0.81,0.00,1.00,0.00
2099454,effectiveness,performance,1,1,4.22,0.61,0.00,1.00,0.00
2099454,packaging,packaging,1,1,4.62,0.81,0.00,1.00,0.00
2099454,skin_tolerance,performance,1,1,4.22,0.61,0.00,1.00,0.00
2099454,texture_consistency,sensory,1,1,3.83,0.41,0.00,1.00,0.00
2099575,effectiveness,performance,4,3,3.11,0.06,0.67,0.33,0.00
2099575,hydration_nourishment,performance,3,3,4.48,0.74,0.00,1.00,0.00
2099575,skin_tolerance,performance,3,3,2.24,-0.38,0.67,0.33,0.67
2099575,absorption_finish,sensory,2,2,4.37,0.69,0.00,1.00,0.00
2099575,scent,sensory,1,1,1.40,-0.80,1.00,0.00,1.00
2099782,scent,sensory,1,1,4.80,0.90,0.00,1.00,0.00
2099784,hydration_nourishment,performance,3,3,4.80,0.90,0.00,1.00,0.00
2099784,price_value,economic,2,2,4.70,0.85,0.00,1.00,0.00
2099784,application,sensory,1,1,4.75,0.88,0.00,1.00,0.00
2099785,hydration_nourishment,performance,6,6,4.55,0.78,0.00,0.83,0.00
2099785,application,sensory,1,1,4.00,0.50,0.00,1.00,0.00
2099785,efficiency,economic,1,1,4.72,0.86,0.00,1.00,0.00
2099785,packaging,packaging,1,1,2.95,-0.03,1.00,0.00,0.00
2099785,scent,sensory,1,1,4.03,0.51,0.00,1.00,0.00
2099785,texture_consistency,sensory,1,1,1.40,-0.80,1.00,0.00,1.00
2100008,scent,sensory,1,1,1.98,-0.51,1.00,0.00,0.00
2100008,texture_consistency,sensory,1,1,3.66,0.33,0.00,0.00,0.00
2100149,effectiveness,performance,1,1,4.64,0.82,0.00,1.00,0.00
2100149,hydration_nourishment,performance,1,1,4.98,0.99,0.00,1.00,0.00
2100278,hydration_nourishment,performance,2,2,4.82,0.91,0.00,1.00,0.00
2100278,application,sensory,1,1,4.13,0.57,0.00,1.00,0.00
2100278,effectiveness,performance,1,1,4.62,0.81,0.00,1.00,0.00
2100278,price_value,economic,1,1,4.31,0.65,0.00,1.00,0.00
2100278,scent,sensory,1,1,4.51,0.76,0.00,1.00,0.00
2100278,texture_consistency,sensory,1,1,4.51,0.76,0.00,1.00,0.00
2100285,hydration_nourishment,performance,1,1,4.88,0.94,0.00,1.00,0.00
2100285,scent,sensory,1,1,3.99,0.50,0.00,1.00,0.00
2100285,texture_consistency,sensory,1,1,3.47,0.24,0.00,0.00,0.00
2100332,effectiveness,performance,3,3,4.74,0.87,0.00,1.00,0.00
2100332,packaging,packaging,2,2,4.74,0.87,0.00,1.00,0.00
2100332,absorption_finish,sensory,1,1,4.60,0.80,0.00,1.00,1.00
2100332,application,sensory,1,1,4.90,0.95,0.00,1.00,0.00
2100332,formula_composition,formula,1,1,3.15,0.08,1.00,0.00,0.00
2100332,hydration_nourishment,performance,1,1,4.76,0.88,0.00,1.00,0.00
2100332,skin_tolerance,performance,1,1,4.60,0.80,0.00,1.00,1.00
2100332,texture_consistency,sensory,1,1,4.61,0.81,0.00,1.00,0.00
2100434,hydration_nourishment,performance,3,3,4.73,0.86,0.00,1.00,0.00
2100434,scent,sensory,1,1,4.38,0.69,0.00,1.00,0.00
2100435,hydration_nourishment,performance,3,3,4.69,0.85,0.00,1.00,0.00
2100435,effectiveness,performance,2,1,3.03,0.02,1.00,0.00,0.50
2100435,absorption_finish,sensory,1,1,4.92,0.96,0.00,1.00,0.00
2100435,packaging,packaging,1,1,2.70,-0.15,1.00,0.00,0.00
2100435,scent,sensory,1,1,2.70,-0.15,1.00,0.00,0.00
2100435,texture_consistency,sensory,1,1,1.40,-0.80,1.00,0.00,1.00
2100454,effectiveness,performance,4,3,4.76,0.88,0.00,1.00,0.17
2100454,application,sensory,2,2,4.62,0.81,0.00,1.00,0.00
2100454,texture_consistency,sensory,2,2,4.61,0.81,0.00,1.00,0.00
2100454,formula_composition,formula,1,1,4.85,0.92,0.00,1.00,0.00
2100454,hydration_nourishment,performance,1,1,4.61,0.80,0.00,1.00,0.00
2100455,absorption_finish,sensory,1,1,4.92,0.96,0.00,1.00,0.00
2100455,application,sensory,1,1,4.84,0.92,0.00,1.00,0.00
2100455,cleansing_makeup_removal,performance,1,1,4.59,0.79,0.00,1.00,0.00
2100455,effectiveness,performance,1,1,4.60,0.80,0.00,1.00,1.00
2100455,skin_tolerance,performance,1,1,4.79,0.89,0.00,1.00,0.00
2100455,texture_consistency,sensory,1,1,4.92,0.96,0.00,1.00,0.00
2100465,effectiveness,performance,1,1,4.59,0.80,0.00,1.00,0.00
2100465,formula_composition,formula,1,1,4.58,0.79,0.00,1.00,0.00
2100465,hydration_nourishment,performance,1,1,4.73,0.86,0.00,1.00,0.00
2100465,price_value,economic,1,1,4.68,0.84,0.00,1.00,0.00
2100465,texture_consistency,sensory,1,1,4.58,0.79,0.00,1.00,0.00
2100466,hydration_nourishment,performance,2,2,4.89,0.94,0.00,1.00,0.00
2100466,application,sensory,1,1,4.84,0.92,0.00,1.00,0.00
2100466,effectiveness,performance,1,1,4.60,0.80,0.00,1.00,1.00
2100487,hydration_nourishment,performance,3,3,4.62,0.81,0.00,1.00,0.00
2100487,scent,sensory,3,3,4.30,0.65,0.00,1.00,0.00
2100487,texture_consistency,sensory,3,3,3.51,0.25,0.33,0.67,0.33
2100487,absorption_finish,sensory,2,1,4.50,0.75,0.00,1.00,0.00
2100487,skin_tolerance,performance,2,2,4.72,0.86,0.00,1.00,0.50
2100487,effectiveness,performance,1,1,1.40,-0.80,1.00,0.00,1.00
2100487,formula_composition,formula,1,1,4.97,0.99,0.00,1.00,0.00
2100487,packaging,packaging,1,1,4.81,0.90,0.00,1.00,0.00
2100487,pore_clogging,performance,1,1,4.60,0.80,0.00,1.00,1.00
2100488,cleansing_makeup_removal,performance,4,4,4.82,0.91,0.00,1.00,0.00
2100488,scent,sensory,1,1,4.73,0.86,0.00,1.00,0.00
2100489,cleansing_makeup_removal,performance,6,5,3.50,0.25,0.40,0.40,0.30
2100489,scent,sensory,4,3,4.52,0.76,0.00,1.00,0.00
2100489,texture_consistency,sensory,3,3,4.35,0.68,0.00,1.00,0.00
2100489,application,sensory,2,2,3.91,0.46,0.00,0.50,0.00
2100489,price_value,economic,2,2,4.05,0.53,0.00,0.50,0.00
2100489,skin_tolerance,performance,2,2,4.60,0.80,0.00,1.00,1.00
2100489,effectiveness,performance,1,1,4.25,0.63,0.00,1.00,0.00
2100489,formula_composition,formula,1,1,4.78,0.89,0.00,1.00,0.00
2100489,packaging,packaging,1,1,3.90,0.45,0.00,1.00,0.00
2100490,hydration_nourishment,performance,4,4,4.84,0.92,0.00,1.00,0.00
2100490,skin_tolerance,performance,3,3,4.69,0.84,0.00,1.00,0.67
2100490,application,sensory,2,2,4.78,0.89,0.00,1.00,0.00
2100490,formula_composition,formula,1,1,4.87,0.93,0.00,1.00,0.00
2100490,price_value,economic,1,1,4.78,0.89,0.00,1.00,0.00
2100490,scent,sensory,1,1,4.78,0.89,0.00,1.00,0.00
2100490,texture_consistency,sensory,1,1,4.78,0.89,0.00,1.00,0.00
2100491,texture_consistency,sensory,6,6,3.66,0.33,0.33,0.67,0.33
2100491,absorption_finish,sensory,3,3,4.77,0.89,0.00,1.00,0.33
2100491,effectiveness,performance,3,3,4.72,0.86,0.00,1.00,0.33
2100491,application,sensory,2,2,4.72,0.86,0.00,1.00,0.00
2100491,hydration_nourishment,performance,2,2,4.55,0.77,0.00,1.00,0.00
2100491,scent,sensory,2,2,4.36,0.68,0.00,1.00,0.00
2100491,cleansing_makeup_removal,performance,1,1,4.78,0.89,0.00,1.00,0.00
2100491,formula_composition,formula,1,1,4.83,0.92,0.00,1.00,0.00
2100491,packaging,packaging,1,1,3.93,0.47,0.00,1.00,0.00
2100491,skin_tolerance,performance,1,1,4.85,0.92,0.00,1.00,0.00
2100492,effectiveness,performance,3,2,4.78,0.89,0.00,1.00,0.00
2100492,formula_composition,formula,3,3,4.68,0.84,0.00,1.00,0.00
2100492,texture_consistency,sensory,3,3,3.63,0.32,0.33,0.67,0.33
2100492,absorption_finish,sensory,2,2,4.92,0.96,0.00,1.00,0.00
2100492,application,sensory,2,2,4.85,0.92,0.00,1.00,0.00
2100492,hydration_nourishment,performance,2,2,4.89,0.95,0.00,1.00,0.00
2100492,cleansing_makeup_removal,performance,1,1,4.88,0.94,0.00,1.00,0.00
2100492,efficiency,economic,1,1,4.94,0.97,0.00,1.00,0.00
2100492,packaging,packaging,1,1,2.24,-0.38,1.00,0.00,0.00
2100492,scent,sensory,1,1,4.63,0.82,0.00,1.00,0.00
2100568,scent,sensory,2,2,1.40,-0.80,1.00,0.00,1.00
2100569,application,sensory,1,1,4.94,0.97,0.00,1.00,0.00
2100569,effectiveness,performance,1,1,4.94,0.97,0.00,1.00,0.00
2100569,hydration_nourishment,performance,1,1,1.40,-0.80,1.00,0.00,1.00
2100570,hydration_nourishment,performance,1,1,4.94,0.97,0.00,1.00,0.00
2100570,scent,sensory,1,1,4.58,0.79,0.00,1.00,0.00
2100571,scent,sensory,3,3,4.54,0.77,0.00,1.00,0.00
2100571,texture_consistency,sensory,1,1,4.72,0.86,0.00,1.00,0.00
2100580,application,sensory,2,2,4.77,0.88,0.00,1.00,0.00
2100580,hydration_nourishment,performance,2,2,4.70,0.85,0.00,1.00,0.00
2100580,scent,sensory,2,2,4.64,0.82,0.00,1.00,0.00
2100580,effectiveness,performance,1,1,4.85,0.92,0.00,1.00,0.00
2100581,absorption_finish,sensory,1,1,4.34,0.67,0.00,1.00,0.00
2100581,efficiency,economic,1,1,4.41,0.71,0.00,1.00,0.00
2100582,application,sensory,1,1,4.74,0.87,0.00,1.00,0.00
2100582,hydration_nourishment,performance,1,1,4.71,0.86,0.00,1.00,0.00
2100582,scent,sensory,1,1,4.32,0.66,0.00,1.00,0.00
2100595,hydration_nourishment,performance,5,5,4.79,0.89,0.00,1.00,0.00
2100595,application,sensory,4,3,4.68,0.84,0.00,1.00,0.00
2100595,scent,sensory,2,2,4.82,0.91,0.00,1.00,0.00
2100595,texture_consistency,sensory,1,1,4.82,0.91,0.00,1.00,0.00
2100596,hydration_nourishment,performance,5,4,3.68,0.34,0.50,0.50,0.25
2100596,effectiveness,performance,4,3,4.01,0.50,0.33,0.67,0.00
2100596,scent,sensory,2,2,3.66,0.33,0.00,0.50,0.00
2100596,texture_consistency,sensory,2,2,4.14,0.57,0.00,0.50,0.00
2100596,application,sensory,1,1,3.85,0.42,0.00,1.00,0.00
2100596,efficiency,economic,1,1,4.88,0.94,0.00,1.00,0.00
2100596,formula_composition,formula,1,1,4.88,0.94,0.00,1.00,0.00
2100596,packaging,packaging,1,1,4.11,0.56,0.00,1.00,0.00
2100596,price_value,economic,1,1,3.85,0.42,0.00,1.00,0.00
2100737,price_value,economic,2,1,4.69,0.84,0.00,1.00,0.00
2100737,application,sensory,1,1,4.64,0.82,0.00,1.00,0.00
2100737,efficiency,economic,1,1,4.64,0.82,0.00,1.00,0.00
2101172,effectiveness,performance,1,1,4.31,0.66,0.00,1.00,0.00
2101172,hydration_nourishment,performance,1,1,4.31,0.66,0.00,1.00,0.00
2101261,effectiveness,performance,4,4,4.86,0.93,0.00,1.00,0.00
2101261,absorption_finish,sensory,3,3,4.89,0.94,0.00,1.00,0.00
2101261,hydration_nourishment,performance,3,3,4.73,0.87,0.00,1.00,0.00
2101261,application,sensory,1,1,4.89,0.95,0.00,1.00,0.00
2101261,scent,sensory,1,1,4.89,0.95,0.00,1.00,0.00
2101264,hydration_nourishment,performance,3,3,4.68,0.84,0.00,1.00,0.00
2101264,skin_tolerance,performance,2,2,3.71,0.36,0.50,0.50,0.00
2101264,price_value,economic,1,1,4.70,0.85,0.00,1.00,0.00
2101264,texture_consistency,sensory,1,1,4.29,0.64,0.00,1.00,0.00
2101265,price_value,economic,1,1,4.74,0.87,0.00,1.00,0.00
2101266,absorption_finish,sensory,3,3,2.47,-0.27,0.67,0.33,1.00
2101266,application,sensory,3,3,4.21,0.60,0.00,1.00,0.00
2101266,formula_composition,formula,2,2,4.84,0.92,0.00,1.00,0.00
2101266,texture_consistency,sensory,2,2,3.13,0.07,0.50,0.50,0.50
2101266,cleansing_makeup_removal,performance,1,1,4.07,0.54,0.00,1.00,0.00
2101266,effectiveness,performance,1,1,4.60,0.80,0.00,1.00,1.00
2101266,packaging,packaging,1,1,4.43,0.72,0.00,1.00,0.00
2101980,cleansing_makeup_removal,performance,2,2,4.83,0.91,0.00,1.00,0.00
2101980,absorption_finish,sensory,1,1,4.93,0.96,0.00,1.00,0.00
2101980,formula_composition,formula,1,1,4.53,0.77,0.00,1.00,0.00
2101980,hydration_nourishment,performance,1,1,4.82,0.91,0.00,1.00,0.00
2101980,texture_consistency,sensory,1,1,4.83,0.92,0.00,1.00,0.00
2101981,absorption_finish,sensory,3,3,4.54,0.77,0.00,1.00,0.33
2101981,effectiveness,performance,2,2,4.88,0.94,0.00,1.00,0.00
2101981,texture_consistency,sensory,2,2,4.93,0.96,0.00,1.00,0.00
2101981,application,sensory,1,1,4.72,0.86,0.00,1.00,0.00
2101981,formula_composition,formula,1,1,4.91,0.95,0.00,1.00,0.00
2101981,hydration_nourishment,performance,1,1,4.95,0.97,0.00,1.00,0.00
2101981,pore_clogging,performance,1,1,4.60,0.80,0.00,1.00,1.00
2101984,hydration_nourishment,performance,4,4,4.92,0.96,0.00,1.00,0.00
2101984,formula_composition,formula,2,2,4.19,0.60,0.00,0.50,0.00
2101984,skin_tolerance,performance,2,2,4.60,0.80,0.00,1.00,1.00
2101984,scent,sensory,1,1,4.88,0.94,0.00,1.00,0.00
2101985,effectiveness,performance,7,7,4.12,0.56,0.14,0.57,0.00
2101985,price_value,economic,2,2,4.22,0.61,0.00,1.00,0.00
2101985,packaging,packaging,1,1,4.45,0.73,0.00,1.00,0.00
2101985,skin_tolerance,performance,1,1,4.36,0.68,0.00,1.00,0.00
2101986,effectiveness,performance,4,4,4.64,0.82,0.00,1.00,0.25
2101986,texture_consistency,sensory,4,4,4.69,0.84,0.00,1.00,0.00
2101986,hydration_nourishment,performance,3,3,4.90,0.95,0.00,1.00,0.00
2101986,absorption_finish,sensory,2,2,4.64,0.82,0.00,1.00,0.50
2101986,formula_composition,formula,2,2,4.63,0.81,0.00,1.00,0.00
2101986,pore_clogging,performance,2,2,4.60,0.80,0.00,1.00,1.00
2101986,scent,sensory,2,2,4.82,0.91,0.00,1.00,0.00
2101986,application,sensory,1,1,4.74,0.87,0.00,1.00,0.00
2101986,cleansing_makeup_removal,performance,1,1,4.81,0.91,0.00,1.00,0.00
2101986,skin_tolerance,performance,1,1,4.86,0.93,0.00,1.00,0.00
2102016,effectiveness,performance,2,2,4.63,0.82,0.00,1.00,0.00
2102016,application,sensory,1,1,4.76,0.88,0.00,1.00,0.00
2102016,hydration_nourishment,performance,1,1,4.51,0.75,0.00,1.00,0.00
2102016,packaging,packaging,1,1,3.21,0.10,0.00,0.00,0.00
2102016,skin_tolerance,performance,1,1,4.60,0.80,0.00,1.00,1.00
2102016,texture_consistency,sensory,1,1,4.79,0.89,0.00,1.00,0.00
2102017,packaging,packaging,3,3,3.64,0.32,0.33,0.33,0.00
2102017,absorption_finish,sensory,2,2,4.78,0.89,0.00,1.00,0.00
2102017,application,sensory,2,2,3.07,0.03,0.50,0.00,0.00
2102017,texture_consistency,sensory,2,2,4.74,0.87,0.00,1.00,0.00
2102017,efficiency,economic,1,1,4.78,0.89,0.00,1.00,0.00
2102017,formula_composition,formula,1,1,4.17,0.58,0.00,1.00,0.00
2102018,effectiveness,performance,3,3,4.41,0.70,0.00,1.00,0.00
2102018,packaging,packaging,1,1,4.79,0.89,0.00,1.00,0.00
2102019,absorption_finish,sensory,4,4,4.84,0.92,0.00,1.00,0.00
2102019,packaging,packaging,3,2,4.39,0.69,0.00,1.00,0.00
2102019,texture_consistency,sensory,3,3,4.18,0.59,0.33,0.67,0.00
2102019,cleansing_makeup_removal,performance,2,2,4.91,0.95,0.00,1.00,0.00
2102019,effectiveness,performance,2,2,4.26,0.63,0.00,1.00,0.00
2102019,formula_composition,formula,2,2,4.81,0.90,0.00,1.00,0.00
2102019,hydration_nourishment,performance,2,2,4.97,0.98,0.00,1.00,0.00
2102019,application,sensory,1,1,4.83,0.91,0.00,1.00,0.00
2102019,efficiency,economic,1,1,4.51,0.75,0.00,1.00,0.00
2102019,scent,sensory,1,1,4.52,0.76,0.00,1.00,0.00
2102019,skin_tolerance,performance,1,1,4.60,0.80,0.00,1.00,1.00
2102020,application,sensory,1,1,4.82,0.91,0.00,1.00,0.00
2102020,packaging,packaging,1,1,4.38,0.69,0.00,1.00,0.00
2102021,hydration_nourishment,performance,3,3,4.21,0.61,0.33,0.67,0.00
2102021,texture_consistency,sensory,3,3,4.66,0.83,0.00,1.00,0.00
2102021,effectiveness,performance,2,2,4.49,0.74,0.00,1.00,0.00
2102021,skin_tolerance,performance,2,2,4.60,0.80,0.00,1.00,1.00
2102021,application,sensory,1,1,4.69,0.84,0.00,1.00,0.00
2102021,cleansing_makeup_removal,performance,1,1,4.84,0.92,0.00,1.00,0.00
2102021,efficiency,economic,1,1,4.74,0.87,0.00,1.00,0.00
2102021,formula_composition,formula,1,1,4.61,0.80,0.00,1.00,0.00
2102021,packaging,packaging,1,1,4.69,0.84,0.00,1.00,0.00
2102021,scent,sensory,1,1,4.53,0.77,0.00,1.00,0.00
2102022,effectiveness,performance,3,3,4.66,0.83,0.00,1.00,0.00
2102022,application,sensory,2,2,4.68,0.84,0.00,1.00,0.00
2102022,hydration_nourishment,performance,2,2,3.91,0.46,0.00,0.50,0.00
2102022,absorption_finish,sensory,1,1,4.89,0.94,0.00,1.00,0.00
2102022,packaging,packaging,1,1,4.80,0.90,0.00,1.00,0.00
2102022,pore_clogging,performance,1,1,4.60,0.80,0.00,1.00,1.00
2102022,scent,sensory,1,1,2.10,-0.45,1.00,0.00,0.00
2102022,skin_tolerance,performance,1,1,4.45,0.73,0.00,1.00,0.00
2102023,cleansing_makeup_removal,performance,5,5,4.56,0.78,0.00,0.80,0.00
2102023,scent,sensory,1,1,4.01,0.51,0.00,1.00,0.00
2102023,skin_tolerance,performance,1,1,4.60,0.80,0.00,1.00,1.00
2102023,texture_consistency,sensory,1,1,4.32,0.66,0.00,1.00,0.00
2102024,cleansing_makeup_removal,performance,2,2,4.85,0.93,0.00,1.00,0.00
2102024,effectiveness,performance,2,2,4.25,0.62,0.00,0.50,0.00
2102024,formula_composition,formula,1,1,4.81,0.91,0.00,1.00,0.00
2102024,scent,sensory,1,1,4.89,0.94,0.00,1.00,0.00
2102024,skin_tolerance,performance,1,1,4.04,0.52,0.00,1.00,0.00
2102025,absorption_finish,sensory,4,4,4.49,0.74,0.00,1.00,0.50
2102025,texture_consistency,sensory,3,2,4.27,0.64,0.00,1.00,0.00
2102025,effectiveness,performance,2,2,4.17,0.59,0.00,0.50,0.00
2102025,hydration_nourishment,performance,2,2,4.88,0.94,0.00,1.00,0.00
2102025,application,sensory,1,1,4.66,0.83,0.00,1.00,0.00
2102025,efficiency,economic,1,1,4.66,0.83,0.00,1.00,0.00
2102025,formula_composition,formula,1,1,4.74,0.87,0.00,1.00,0.00
2102025,pore_clogging,performance,1,1,4.60,0.80,0.00,1.00,1.00
2102025,scent,sensory,1,1,4.74,0.87,0.00,1.00,0.00
2102026,effectiveness,performance,4,4,4.84,0.92,0.00,1.00,0.00
2102026,hydration_nourishment,performance,4,4,4.34,0.67,0.25,0.75,0.00
2102026,application,sensory,3,3,4.85,0.93,0.00,1.00,0.00
2102026,absorption_finish,sensory,2,2,4.82,0.91,0.00,1.00,0.00
2102026,scent,sensory,2,2,3.11,0.05,0.50,0.50,0.50
2102026,texture_consistency,sensory,2,2,4.84,0.92,0.00,1.00,0.00
2102026,cleansing_makeup_removal,performance,1,1,4.49,0.75,0.00,1.00,0.00
2102026,formula_composition,formula,1,1,4.87,0.93,0.00,1.00,0.00
2102026,packaging,packaging,1,1,4.08,0.54,0.00,1.00,0.00
2102026,skin_tolerance,performance,1,1,4.83,0.91,0.00,1.00,0.00
2102027,hydration_nourishment,performance,4,4,4.74,0.87,0.00,1.00,0.00
2102027,scent,sensory,2,2,4.53,0.77,0.00,1.00,0.00
2102027,effectiveness,performance,1,1,2.91,-0.05,1.00,0.00,0.00
2102027,packaging,packaging,1,1,4.35,0.67,0.00,1.00,0.00
2102027,texture_consistency,sensory,1,1,1.40,-0.80,1.00,0.00,1.00
2102028,hydration_nourishment,performance,5,4,4.65,0.82,0.00,1.00,0.00
2102028,absorption_finish,sensory,2,2,4.53,0.76,0.00,1.00,0.00
2102028,effectiveness,performance,1,1,4.83,0.92,0.00,1.00,0.00
2102028,packaging,packaging,1,1,4.51,0.75,0.00,1.00,0.00
2102028,price_value,economic,1,1,4.58,0.79,0.00,1.00,0.00
2102028,scent,sensory,1,1,4.11,0.55,0.00,1.00,0.00
2102028,texture_consistency,sensory,1,1,4.11,0.55,0.00,1.00,0.00
2102029,effectiveness,performance,5,5,4.68,0.84,0.00,1.00,0.20
2102029,formula_composition,formula,4,3,4.72,0.86,0.00,1.00,0.00
2102029,hydration_nourishment,performance,3,2,4.83,0.91,0.00,1.00,0.00
2102029,texture_consistency,sensory,3,2,4.75,0.87,0.00,1.00,0.00
2102029,application,sensory,2,2,4.84,0.92,0.00,1.00,0.00
2102029,absorption_finish,sensory,1,1,4.83,0.92,0.00,1.00,0.00
2102029,cleansing_makeup_removal,performance,1,1,4.88,0.94,0.00,1.00,0.00
2102029,scent,sensory,1,1,4.54,0.77,0.00,1.00,0.00
2102029,skin_tolerance,performance,1,1,4.71,0.86,0.00,1.00,0.00
2102052,effectiveness,performance,2,2,4.65,0.83,0.00,1.00,0.50
2102052,application,sensory,1,1,4.57,0.79,0.00,1.00,0.00
2102052,hydration_nourishment,performance,1,1,4.71,0.85,0.00,1.00,0.00
2102052,pore_clogging,performance,1,1,4.60,0.80,0.00,1.00,1.00
2102052,skin_tolerance,performance,1,1,4.71,0.85,0.00,1.00,0.00
2102052,texture_consistency,sensory,1,1,4.23,0.61,0.00,1.00,0.00
2102054,effectiveness,performance,3,3,4.72,0.86,0.00,1.00,0.33
2102054,application,sensory,2,2,4.55,0.78,0.00,1.00,0.00
2102054,hydration_nourishment,performance,2,2,4.43,0.72,0.00,1.00,0.00
2102054,texture_consistency,sensory,2,2,1.40,-0.80,1.00,0.00,1.00
2102054,formula_composition,formula,1,1,4.86,0.93,0.00,1.00,0.00
2102054,packaging,packaging,1,1,4.63,0.81,0.00,1.00,0.00
2102054,scent,sensory,1,1,4.56,0.78,0.00,1.00,0.00
2102056,absorption_finish,sensory,1,1,4.46,0.73,0.00,1.00,0.00
2102056,hydration_nourishment,performance,1,1,4.77,0.89,0.00,1.00,0.00
2102056,skin_tolerance,performance,1,1,4.60,0.80,0.00,1.00,1.00
2102056,texture_consistency,sensory,1,1,4.34,0.67,0.00,1.00,0.00
2102057,effectiveness,performance,3,2,4.20,0.60,0.00,1.00,0.00
2102057,price_value,economic,3,2,4.24,0.62,0.00,1.00,0.00
2102057,scent,sensory,3,3,4.63,0.81,0.00,1.00,0.00
2102057,texture_consistency,sensory,2,2,2.97,-0.01,0.50,0.50,0.50
2102057,application,sensory,1,1,4.47,0.74,0.00,1.00,0.00
2102057,formula_composition,formula,1,1,4.45,0.72,0.00,1.00,0.00
2102057,hydration_nourishment,performance,1,1,4.18,0.59,0.00,1.00,0.00
2102058,application,sensory,4,4,4.73,0.87,0.00,1.00,0.00
2102058,effectiveness,performance,3,3,4.77,0.89,0.00,1.00,0.00
2102058,hydration_nourishment,performance,3,3,4.84,0.92,0.00,1.00,0.00
2102058,texture_consistency,sensory,2,2,3.07,0.04,0.50,0.50,0.50
2102058,absorption_finish,sensory,1,1,4.76,0.88,0.00,1.00,0.00
2102058,formula_composition,formula,1,1,4.75,0.87,0.00,1.00,0.00
2102058,packaging,packaging,1,1,4.75,0.87,0.00,1.00,0.00
2102058,scent,sensory,1,1,4.72,0.86,0.00,1.00,0.00
2102063,application,sensory,1,1,4.89,0.94,0.00,1.00,0.00
2102063,cleansing_makeup_removal,performance,1,1,4.79,0.89,0.00,1.00,0.00
2102063,hydration_nourishment,performance,1,1,4.93,0.96,0.00,1.00,0.00
2102063,packaging,packaging,1,1,4.89,0.94,0.00,1.00,0.00
2102063,scent,sensory,1,1,1.40,-0.80,1.00,0.00,1.00
2102063,skin_tolerance,performance,1,1,4.60,0.80,0.00,1.00,1.00
2102064,scent,sensory,3,3,3.69,0.35,0.33,0.33,0.00
2102064,cleansing_makeup_removal,performance,2,1,4.20,0.60,0.00,1.00,0.00
2102064,hydration_nourishment,performance,1,1,3.63,0.31,0.00,0.00,0.00
2102064,texture_consistency,sensory,1,1,3.87,0.43,0.00,1.00,0.00
2102065,application,sensory,2,2,4.83,0.92,0.00,1.00,0.00
2102065,price_value,economic,2,2,4.56,0.78,0.00,1.00,0.00
2102065,hydration_nourishment,performance,1,1,4.73,0.87,0.00,1.00,0.00
2102069,cleansing_makeup_removal,performance,2,2,4.85,0.92,0.00,1.00,0.00
2102069,efficiency,economic,1,1,4.86,0.93,0.00,1.00,0.00
2102070,effectiveness,performance,2,2,4.82,0.91,0.00,1.00,0.00
2102070,packaging,packaging,1,1,4.16,0.58,0.00,1.00,0.00
2102070,price_value,economic,1,1,4.34,0.67,0.00,1.00,0.00
2102070,skin_tolerance,performance,1,1,4.27,0.63,0.00,1.00,0.00
2102071,cleansing_makeup_removal,performance,4,4,4.33,0.67,0.25,0.75,0.00
2102071,formula_composition,formula,4,2,3.69,0.34,0.50,0.50,0.00
2102071,scent,sensory,4,4,3.77,0.38,0.25,0.75,0.00
2102071,effectiveness,performance,2,2,3.95,0.48,0.50,0.50,0.00
2102071,packaging,packaging,2,2,2.82,-0.09,1.00,0.00,0.00
2102071,skin_tolerance,performance,2,1,4.06,0.53,0.00,1.00,0.00
2102071,texture_consistency,sensory,2,2,3.16,0.08,0.50,0.50,0.50
2102071,application,sensory,1,1,4.28,0.64,0.00,1.00,0.00
2102071,efficiency,economic,1,1,1.40,-0.80,1.00,0.00,1.00
2102071,hydration_nourishment,performance,1,1,4.13,0.57,0.00,1.00,0.00
2102072,cleansing_makeup_removal,performance,3,3,3.40,0.20,0.33,0.67,0.33
2102072,application,sensory,2,1,4.07,0.53,0.00,1.00,0.00
2102072,absorption_finish,sensory,1,1,4.61,0.80,0.00,1.00,0.00
2102072,effectiveness,performance,1,1,4.61,0.80,0.00,1.00,0.00
2102072,efficiency,economic,1,1,4.04,0.52,0.00,1.00,0.00
2102072,formula_composition,formula,1,1,4.61,0.80,0.00,1.00,0.00
2102072,scent,sensory,1,1,4.61,0.80,0.00,1.00,0.00
2102073,cleansing_makeup_removal,performance,5,5,3.17,0.09,0.40,0.40,0.20
2102073,skin_tolerance,performance,3,3,2.75,-0.12,0.67,0.33,0.67
2102073,effectiveness,performance,1,1,4.29,0.64,0.00,1.00,0.00
2102073,scent,sensory,1,1,3.99,0.49,0.00,1.00,0.00
2102075,absorption_finish,sensory,4,4,2.77,-0.11,0.50,0.00,0.00
2102075,texture_consistency,sensory,2,2,1.47,-0.77,1.00,0.00,0.50
2102075,effectiveness,performance,1,1,4.60,0.80,0.00,1.00,1.00
2102075,formula_composition,formula,1,1,4.24,0.62,0.00,1.00,0.00
2102075,price_value,economic,1,1,1.53,-0.73,1.00,0.00,0.00
2102076,application,sensory,2,2,4.57,0.78,0.00,1.00,0.50
2102076,packaging,packaging,2,2,4.43,0.72,0.00,1.00,0.00
2102076,effectiveness,performance,1,1,4.92,0.96,0.00,1.00,0.00
2102076,formula_composition,formula,1,1,4.85,0.92,0.00,1.00,0.00
2102076,hydration_nourishment,performance,1,1,4.92,0.96,0.00,1.00,0.00
2102076,texture_consistency,sensory,1,1,4.85,0.92,0.00,1.00,0.00
2102077,hydration_nourishment,performance,2,2,4.65,0.83,0.00,1.00,0.00
2102077,application,sensory,1,1,4.69,0.84,0.00,1.00,0.00
2102077,effectiveness,performance,1,1,4.47,0.74,0.00,1.00,0.00
2102077,packaging,packaging,1,1,4.69,0.84,0.00,1.00,0.00
2102078,effectiveness,performance,4,4,4.55,0.77,0.00,1.00,0.00
2102078,texture_consistency,sensory,3,3,3.60,0.30,0.33,0.67,0.33
2102078,application,sensory,2,2,4.75,0.87,0.00,1.00,0.00
2102078,formula_composition,formula,2,2,4.79,0.90,0.00,1.00,0.00
2102078,absorption_finish,sensory,1,1,4.66,0.83,0.00,1.00,0.00
2102078,hydration_nourishment,performance,1,1,4.87,0.94,0.00,1.00,0.00
2102078,scent,sensory,1,1,4.84,0.92,0.00,1.00,0.00
2102413,hydration_nourishment,performance,2,2,4.89,0.94,0.00,1.00,0.00
2102413,absorption_finish,sensory,1,1,4.54,0.77,0.00,1.00,0.00
2102413,formula_composition,formula,1,1,4.82,0.91,0.00,1.00,0.00
2102413,scent,sensory,1,1,4.96,0.98,0.00,1.00,0.00
2102413,texture_consistency,sensory,1,1,4.96,0.98,0.00,1.00,0.00
2102414,hydration_nourishment,performance,5,4,3.76,0.38,0.25,0.50,0.00
2102414,price_value,economic,4,2,4.21,0.60,0.00,1.00,0.00
2102414,effectiveness,performance,2,2,4.20,0.60,0.00,0.50,0.00
2102414,application,sensory,1,1,4.66,0.83,0.00,1.00,0.00
2102414,packaging,packaging,1,1,4.13,0.57,0.00,1.00,0.00
2102414,scent,sensory,1,1,4.34,0.67,0.00,1.00,0.00
2102414,texture_consistency,sensory,1,1,4.72,0.86,0.00,1.00,0.00
2102415,hydration_nourishment,performance,1,1,4.90,0.95,0.00,1.00,0.00
2102416,hydration_nourishment,performance,3,3,4.37,0.69,0.00,0.67,0.33
2102416,effectiveness,performance,1,1,4.52,0.76,0.00,1.00,0.00
2102416,scent,sensory,1,1,3.90,0.45,0.00,1.00,0.00
2102416,skin_tolerance,performance,1,1,3.74,0.37,0.00,0.00,0.00
2102417,hydration_nourishment,performance,3,3,4.39,0.69,0.00,0.67,0.00
2102417,absorption_finish,sensory,1,1,4.55,0.77,0.00,1.00,0.00
2102417,effectiveness,performance,1,1,4.87,0.94,0.00,1.00,0.00
2102417,packaging,packaging,1,1,3.48,0.24,0.00,0.00,0.00
2102417,scent,sensory,1,1,4.72,0.86,0.00,1.00,0.00
2102417,texture_consistency,sensory,1,1,4.78,0.89,0.00,1.00,0.00
2102843,effectiveness,performance,4,4,4.76,0.88,0.00,1.00,0.00
2102843,hydration_nourishment,performance,2,2,4.17,0.59,0.00,0.50,0.00
2102843,texture_consistency,sensory,2,2,4.81,0.91,0.00,1.00,0.00
2102843,absorption_finish,sensory,1,1,4.74,0.87,0.00,1.00,0.00
2102843,application,sensory,1,1,4.88,0.94,0.00,1.00,0.00
2102844,hydration_nourishment,performance,6,5,4.73,0.86,0.00,1.00,0.00
2102844,formula_composition,formula,3,2,4.70,0.85,0.00,1.00,0.00
2102844,packaging,packaging,2,2,4.74,0.87,0.00,1.00,0.00
2102844,scent,sensory,2,2,3.14,0.07,0.50,0.50,0.50
2102844,cleansing_makeup_removal,performance,1,1,4.84,0.92,0.00,1.00,0.00
2102844,effectiveness,performance,1,1,4.85,0.93,0.00,1.00,0.00
2102844,efficiency,economic,1,1,4.66,0.83,0.00,1.00,0.00
2102846,effectiveness,performance,6,4,4.12,0.56,0.25,0.75,0.00
2102846,hydration_nourishment,performance,3,3,4.65,0.83,0.00,1.00,0.00
2102846,scent,sensory,3,3,4.71,0.86,0.00,1.00,0.00
2102846,cleansing_makeup_removal,performance,2,1,4.89,0.94,0.00,1.00,0.00
2102846,formula_composition,formula,2,2,4.81,0.91,0.00,1.00,0.00
2102846,absorption_finish,sensory,1,1,4.76,0.88,0.00,1.00,0.00
2102846,packaging,packaging,1,1,4.30,0.65,0.00,1.00,0.00
2102847,cleansing_makeup_removal,performance,6,6,4.63,0.81,0.00,1.00,0.00
2102847,hydration_nourishment,performance,2,2,4.13,0.56,0.00,0.50,0.50
2102847,application,sensory,1,1,4.83,0.91,0.00,1.00,0.00
2102847,effectiveness,performance,1,1,4.80,0.90,0.00,1.00,0.00
2102847,efficiency,economic,1,1,4.80,0.90,0.00,1.00,0.00
2102847,packaging,packaging,1,1,4.28,0.64,0.00,1.00,0.00
2102847,scent,sensory,1,1,4.80,0.90,0.00,1.00,0.00
2102847,skin_tolerance,performance,1,1,4.60,0.80,0.00,1.00,1.00
2102848,effectiveness,performance,2,2,4.46,0.73,0.00,1.00,0.00
2102848,absorption_finish,sensory,1,1,4.74,0.87,0.00,1.00,0.00
2102848,hydration_nourishment,performance,1,1,4.74,0.87,0.00,1.00,0.00
2102848,scent,sensory,1,1,3.68,0.34,0.00,0.00,0.00
2102848,skin_tolerance,performance,1,1,4.66,0.83,0.00,1.00,0.00
2102850,hydration_nourishment,performance,4,4,4.82,0.91,0.00,1.00,0.25
2102850,application,sensory,1,1,4.06,0.53,0.00,1.00,0.00
2102850,effectiveness,performance,1,1,4.96,0.98,0.00,1.00,0.00
2102850,price_value,economic,1,1,4.32,0.66,0.00,1.00,0.00
2102951,cleansing_makeup_removal,performance,4,4,4.76,0.88,0.00,1.00,0.00
2102951,scent,sensory,4,4,4.25,0.62,0.25,0.75,0.00
2102951,application,sensory,1,1,4.87,0.93,0.00,1.00,0.00
2102951,effectiveness,performance,1,1,2.68,-0.16,1.00,0.00,0.00
2102951,efficiency,economic,1,1,4.64,0.82,0.00,1.00,0.00
2102951,hydration_nourishment,performance,1,1,4.60,0.80,0.00,1.00,1.00
2102951,packaging,packaging,1,1,4.89,0.95,0.00,1.00,0.00
2102951,texture_consistency,sensory,1,1,4.87,0.93,0.00,1.00,0.00
2102952,scent,sensory,3,3,4.20,0.60,0.00,0.67,0.00
2102952,cleansing_makeup_removal,performance,1,1,4.61,0.81,0.00,1.00,0.00
2102952,efficiency,economic,1,1,4.16,0.58,0.00,1.00,0.00
2102952,packaging,packaging,1,1,4.66,0.83,0.00,1.00,0.00
2102952,pore_clogging,performance,1,1,1.40,-0.80,1.00,0.00,1.00
2102953,hydration_nourishment,performance,5,5,4.64,0.82,0.00,1.00,0.00
2102953,application,sensory,4,4,4.60,0.80,0.00,1.00,0.00
2102953,effectiveness,performance,4,4,4.68,0.84,0.00,1.00,0.50
2102953,skin_tolerance,performance,2,2,4.55,0.78,0.00,1.00,0.00
2102953,texture_consistency,sensory,2,1,2.87,-0.07,1.00,0.00,0.50
2102953,packaging,packaging,1,1,4.46,0.73,0.00,1.00,0.00
2102954,absorption_finish,sensory,6,5,4.61,0.81,0.00,1.00,0.70
2102954,texture_consistency,sensory,5,5,3.17,0.09,0.40,0.60,0.40
2102954,application,sensory,2,2,4.58,0.79,0.00,1.00,0.50
2102954,effectiveness,performance,2,2,4.71,0.86,0.00,1.00,0.50
2102954,packaging,packaging,2,2,4.58,0.79,0.00,1.00,0.00
2102954,cleansing_makeup_removal,performance,1,1,4.63,0.81,0.00,1.00,0.00
2102954,hydration_nourishment,performance,1,1,4.91,0.95,0.00,1.00,0.00
2102954,pore_clogging,performance,1,1,4.60,0.80,0.00,1.00,1.00
2102954,scent,sensory,1,1,4.39,0.70,0.00,1.00,0.00
2102954,skin_tolerance,performance,1,1,4.45,0.73,0.00,1.00,0.00
2102955,effectiveness,performance,3,3,4.69,0.84,0.00,1.00,0.33
2102955,skin_tolerance,performance,2,2,4.68,0.84,0.00,1.00,0.50
2102955,absorption_finish,sensory,1,1,4.72,0.86,0.00,1.00,0.00
2102955,application,sensory,1,1,4.79,0.90,0.00,1.00,0.00
2102955,hydration_nourishment,performance,1,1,4.59,0.79,0.00,1.00,0.00
2102955,texture_consistency,sensory,1,1,4.79,0.90,0.00,1.00,0.00
2102956,hydration_nourishment,performance,3,3,4.93,0.96,0.00,1.00,0.00
2102956,effectiveness,performance,2,2,3.65,0.32,0.50,0.50,0.00
2102956,skin_tolerance,performance,2,2,4.72,0.86,0.00,1.00,0.00
2102956,formula_composition,formula,1,1,4.94,0.97,0.00,1.00,0.00
2102956,price_value,economic,1,1,4.94,0.97,0.00,1.00,0.00
2102956,texture_consistency,sensory,1,1,2.79,-0.10,1.00,0.00,0.00
2102957,cleansing_makeup_removal,performance,10,7,4.14,0.57,0.14,0.71,0.00
2102957,hydration_nourishment,performance,6,6,4.78,0.89,0.00,1.00,0.17
2102957,price_value,economic,3,3,4.59,0.79,0.00,1.00,0.00
2102957,effectiveness,performance,2,2,4.71,0.85,0.00,1.00,0.50
2102957,skin_tolerance,performance,2,1,4.57,0.79,0.00,1.00,0.50
2102957,texture_consistency,sensory,2,2,4.57,0.79,0.00,1.00,0.00
2102957,absorption_finish,sensory,1,1,4.60,0.80,0.00,1.00,1.00
2102957,formula_composition,formula,1,1,3.93,0.47,0.00,1.00,0.00
2102964,absorption_finish,sensory,2,2,4.74,0.87,0.00,1.00,0.50
2102964,application,sensory,1,1,4.88,0.94,0.00,1.00,0.00
2102964,cleansing_makeup_removal,performance,1,1,4.49,0.75,0.00,1.00,0.00
2102964,effectiveness,performance,1,1,2.70,-0.15,1.00,0.00,0.00
2102964,formula_composition,formula,1,1,4.72,0.86,0.00,1.00,0.00
2102964,hydration_nourishment,performance,1,1,4.87,0.94,0.00,1.00,0.00
2102964,texture_consistency,sensory,1,1,4.34,0.67,0.00,1.00,0.00
2102965,hydration_nourishment,performance,5,5,4.86,0.93,0.00,1.00,0.00
2102965,application,sensory,3,3,4.49,0.75,0.00,1.00,0.00
2102965,effectiveness,performance,3,3,4.77,0.88,0.00,1.00,0.00
2102965,absorption_finish,sensory,2,2,4.78,0.89,0.00,1.00,0.00
2102965,texture_consistency,sensory,2,2,3.08,0.04,0.50,0.50,0.50
2102965,price_value,economic,1,1,4.88,0.94,0.00,1.00,0.00
2102965,scent,sensory,1,1,4.76,0.88,0.00,1.00,0.00
2102966,packaging,packaging,2,2,4.58,0.79,0.00,1.00,0.00
2102966,application,sensory,1,1,4.96,0.98,0.00,1.00,0.00
2102966,effectiveness,performance,1,1,3.48,0.24,0.00,0.00,0.00
2102966,hydration_nourishment,performance,1,1,4.97,0.99,0.00,1.00,0.00
2102966,price_value,economic,1,1,4.72,0.86,0.00,1.00,0.00
2102966,texture_consistency,sensory,1,1,4.96,0.98,0.00,1.00,0.00
2102967,hydration_nourishment,performance,4,3,4.87,0.94,0.00,1.00,0.00
2102967,texture_consistency,sensory,3,3,4.61,0.81,0.00,1.00,0.00
2102967,effectiveness,performance,2,2,3.09,0.04,0.50,0.50,0.50
2102967,scent,sensory,2,2,4.74,0.87,0.00,1.00,0.00
2102967,absorption_finish,sensory,1,1,4.80,0.90,0.00,1.00,0.00
2102967,application,sensory,1,1,4.86,0.93,0.00,1.00,0.00
2102967,price_value,economic,1,1,4.65,0.82,0.00,1.00,0.00
2102973,effectiveness,performance,5,5,4.65,0.82,0.00,1.00,0.00
2102973,application,sensory,4,4,4.71,0.86,0.00,1.00,0.25
2102973,texture_consistency,sensory,4,4,3.79,0.40,0.25,0.75,0.25
2102973,absorption_finish,sensory,3,3,4.77,0.89,0.00,1.00,0.33
2102973,hydration_nourishment,performance,3,3,4.88,0.94,0.00,1.00,0.00
2102973,scent,sensory,3,3,4.57,0.78,0.00,1.00,0.00
2102973,cleansing_makeup_removal,performance,1,1,4.90,0.95,0.00,1.00,0.00
2102973,formula_composition,formula,1,1,4.84,0.92,0.00,1.00,0.00
2102973,packaging,packaging,1,1,4.36,0.68,0.00,1.00,0.00
2102973,skin_tolerance,performance,1,1,4.69,0.85,0.00,1.00,0.00
2102974,scent,sensory,3,3,4.79,0.90,0.00,1.00,0.00
2102974,texture_consistency,sensory,3,3,4.71,0.86,0.00,1.00,0.00
2102974,application,sensory,2,2,4.78,0.89,0.00,1.00,0.00
2102974,effectiveness,performance,1,1,4.23,0.61,0.00,1.00,0.00
2102974,hydration_nourishment,performance,1,1,4.94,0.97,0.00,1.00,0.00
2102974,packaging,packaging,1,1,4.73,0.86,0.00,1.00,0.00
2102974,price_value,economic,1,1,4.67,0.84,0.00,1.00,0.00
2102979,effectiveness,performance,1,1,1.40,-0.80,1.00,0.00,1.00
2102994,effectiveness,performance,1,1,4.84,0.92,0.00,1.00,0.00
2102994,hydration_nourishment,performance,1,1,4.70,0.85,0.00,1.00,0.00
2102996,hydration_nourishment,performance,2,2,4.32,0.66,0.00,0.50,0.00
2102996,effectiveness,performance,1,1,4.67,0.84,0.00,1.00,0.00
2102996,formula_composition,formula,1,1,4.31,0.65,0.00,1.00,0.00
2103026,application,sensory,2,2,4.73,0.86,0.00,1.00,0.00
2103026,hydration_nourishment,performance,2,2,4.92,0.96,0.00,1.00,0.00
2103026,texture_consistency,sensory,2,2,2.84,-0.08,0.50,0.50,0.50
2103026,absorption_finish,sensory,1,1,4.83,0.92,0.00,1.00,0.00
2103026,effectiveness,performance,1,1,4.67,0.83,0.00,1.00,0.00
2103026,formula_composition,formula,1,1,4.84,0.92,0.00,1.00,0.00
2103026,packaging,packaging,1,1,4.65,0.82,0.00,1.00,0.00
2103026,skin_tolerance,performance,1,1,4.71,0.86,0.00,1.00,0.00
2103027,effectiveness,performance,3,3,4.45,0.72,0.00,1.00,0.00
2103027,application,sensory,2,2,4.84,0.92,0.00,1.00,0.00
2103027,absorption_finish,sensory,1,1,4.90,0.95,0.00,1.00,0.00
2103027,hydration_nourishment,performance,1,1,4.20,0.60,0.00,1.00,0.00
2103027,skin_tolerance,performance,1,1,4.60,0.80,0.00,1.00,1.00
2103030,effectiveness,performance,3,3,4.84,0.92,0.00,1.00,0.00
2103030,absorption_finish,sensory,2,2,4.86,0.93,0.00,1.00,0.00
2103030,hydration_nourishment,performance,2,2,4.81,0.91,0.00,1.00,0.00
2103030,texture_consistency,sensory,2,2,4.82,0.91,0.00,1.00,0.00
2103030,price_value,economic,1,1,4.85,0.93,0.00,1.00,0.00
2103032,application,sensory,8,6,4.38,0.69,0.17,0.83,0.00
2103032,absorption_finish,sensory,5,4,4.39,0.70,0.00,0.75,0.62
2103032,effectiveness,performance,4,4,4.75,0.87,0.00,1.00,0.25
2103032,texture_consistency,sensory,4,4,3.70,0.35,0.25,0.75,0.25
2103032,cleansing_makeup_removal,performance,3,3,4.46,0.73,0.00,1.00,0.00
2103032,hydration_nourishment,performance,2,2,4.81,0.90,0.00,1.00,0.00
2103032,packaging,packaging,1,1,4.46,0.73,0.00,1.00,0.00
2103032,pore_clogging,performance,1,1,4.60,0.80,0.00,1.00,1.00
2103032,skin_tolerance,performance,1,1,4.61,0.81,0.00,1.00,0.00
2103039,cleansing_makeup_removal,performance,7,6,4.56,0.78,0.00,0.83,0.00
2103039,hydration_nourishment,performance,4,4,4.36,0.68,0.00,0.75,0.50
2103039,scent,sensory,2,2,4.72,0.86,0.00,1.00,0.00
2103039,skin_tolerance,performance,2,2,4.60,0.80,0.00,1.00,1.00
2103104,application,sensory,3,3,4.31,0.65,0.00,0.67,0.00
2103104,effectiveness,performance,1,1,4.89,0.95,0.00,1.00,0.00
2103104,hydration_nourishment,performance,1,1,4.91,0.95,0.00,1.00,0.00
2103104,packaging,packaging,1,1,3.92,0.46,0.00,1.00,0.00
2103104,price_value,economic,1,1,4.91,0.95,0.00,1.00,0.00
2103120,absorption_finish,sensory,2,2,4.25,0.62,0.00,1.00,0.50
2103120,effectiveness,performance,2,2,3.16,0.08,0.50,0.00,0.00
2103120,efficiency,economic,1,1,3.89,0.45,0.00,1.00,0.00
2103120,packaging,packaging,1,1,4.07,0.54,0.00,1.00,0.00
2103144,hydration_nourishment,performance,2,2,4.85,0.92,0.00,1.00,0.00
2103144,application,sensory,1,1,4.00,0.50,0.00,1.00,0.00
2103144,effectiveness,performance,1,1,4.32,0.66,0.00,1.00,0.00
2103144,formula_composition,formula,1,1,4.54,0.77,0.00,1.00,0.00
2103144,scent,sensory,1,1,4.86,0.93,0.00,1.00,0.00
2103145,absorption_finish,sensory,1,1,4.95,0.98,0.00,1.00,0.00
2103145,effectiveness,performance,1,1,2.41,-0.30,1.00,0.00,0.00
2103145,hydration_nourishment,performance,1,1,4.95,0.98,0.00,1.00,0.00
2103145,texture_consistency,sensory,1,1,4.13,0.56,0.00,1.00,0.00
2103146,cleansing_makeup_removal,performance,1,1,4.38,0.69,0.00,1.00,0.00
2103146,effectiveness,performance,1,1,4.88,0.94,0.00,1.00,0.00
2103146,formula_composition,formula,1,1,4.88,0.94,0.00,1.00,0.00
2103146,hydration_nourishment,performance,1,1,4.76,0.88,0.00,1.00,0.00
2103146,scent,sensory,1,1,4.38,0.69,0.00,1.00,0.00
2103146,texture_consistency,sensory,1,1,4.38,0.69,0.00,1.00,0.00
2103148,cleansing_makeup_removal,performance,10,7,3.90,0.45,0.29,0.71,0.00
2103148,effectiveness,performance,3,3,3.78,0.39,0.33,0.33,0.33
2103148,price_value,economic,2,2,3.11,0.05,0.50,0.50,0.50
2103148,efficiency,economic,1,1,3.63,0.31,0.00,0.00,0.00
2103148,pore_clogging,performance,1,1,4.60,0.80,0.00,1.00,1.00
2103148,scent,sensory,1,1,2.35,-0.32,1.00,0.00,0.00
2103149,cleansing_makeup_removal,performance,8,8,4.66,0.83,0.00,0.88,0.00
2103149,hydration_nourishment,performance,3,3,4.58,0.79,0.00,1.00,0.33
2103149,scent,sensory,2,2,4.28,0.64,0.00,0.50,0.00
2103149,texture_consistency,sensory,1,1,4.87,0.94,0.00,1.00,0.00
2103166,hydration_nourishment,performance,4,4,4.83,0.91,0.00,1.00,0.00
2103166,effectiveness,performance,2,2,4.74,0.87,0.00,1.00,0.00
2103166,absorption_finish,sensory,1,1,4.85,0.93,0.00,1.00,0.00
2103166,application,sensory,1,1,4.60,0.80,0.00,1.00,0.00
2103166,cleansing_makeup_removal,performance,1,1,4.18,0.59,0.00,1.00,0.00
2103166,formula_composition,formula,1,1,4.93,0.97,0.00,1.00,0.00
2103166,packaging,packaging,1,1,4.75,0.88,0.00,1.00,0.00
2103166,texture_consistency,sensory,1,1,4.77,0.89,0.00,1.00,0.00
2103169,absorption_finish,sensory,3,3,2.58,-0.21,0.67,0.33,0.67
2103169,hydration_nourishment,performance,2,2,2.84,-0.08,0.50,0.00,0.00
2103169,scent,sensory,2,2,4.43,0.72,0.00,1.00,0.00
2103169,cleansing_makeup_removal,performance,1,1,4.49,0.75,0.00,1.00,0.00
2103169,effectiveness,performance,1,1,2.26,-0.37,1.00,0.00,0.00
2103169,price_value,economic,1,1,2.26,-0.37,1.00,0.00,0.00
2103169,texture_consistency,sensory,1,1,4.93,0.96,0.00,1.00,0.00
2103170,absorption_finish,sensory,1,1,4.96,0.98,0.00,1.00,0.00
2103170,formula_composition,formula,1,1,4.90,0.95,0.00,1.00,0.00
2103170,hydration_nourishment,performance,1,1,4.90,0.95,0.00,1.00,0.00
2103170,scent,sensory,1,1,4.96,0.98,0.00,1.00,0.00
2103187,application,sensory,1,1,4.84,0.92,0.00,1.00,0.00
2103187,effectiveness,performance,1,1,2.30,-0.35,1.00,0.00,0.00
2103187,formula_composition,formula,1,1,4.82,0.91,0.00,1.00,0.00
2103187,pore_clogging,performance,1,1,4.60,0.80,0.00,1.00,1.00
2103187,skin_tolerance,performance,1,1,4.38,0.69,0.00,1.00,0.00
2103187,texture_consistency,sensory,1,1,4.82,0.91,0.00,1.00,0.00
2103188,effectiveness,performance,1,1,4.41,0.70,0.00,1.00,0.00
2103188,skin_tolerance,performance,1,1,4.60,0.80,0.00,1.00,1.00
2103199,scent,sensory,2,2,4.34,0.67,0.00,1.00,0.00
2103199,cleansing_makeup_removal,performance,1,1,4.84,0.92,0.00,1.00,0.00
2103199,effectiveness,performance,1,1,4.59,0.80,0.00,1.00,0.00
2103199,hydration_nourishment,performance,1,1,4.59,0.80,0.00,1.00,0.00
2103200,effectiveness,performance,2,2,4.62,0.81,0.00,1.00,0.00
2103200,scent,sensory,2,2,4.52,0.76,0.00,1.00,0.00
2103200,absorption_finish,sensory,1,1,4.86,0.93,0.00,1.00,0.00
2103200,application,sensory,1,1,3.50,0.25,0.00,0.00,0.00
2103200,hydration_nourishment,performance,1,1,4.89,0.95,0.00,1.00,0.00
2103200,texture_consistency,sensory,1,1,4.86,0.93,0.00,1.00,0.00
2103201,hydration_nourishment,performance,5,5,4.63,0.82,0.00,0.80,0.00
2103201,cleansing_makeup_removal,performance,3,3,4.72,0.86,0.00,1.00,0.00
2103201,scent,sensory,3,3,4.33,0.66,0.00,1.00,0.00
2103201,absorption_finish,sensory,2,2,4.70,0.85,0.00,1.00,0.50
2103201,application,sensory,2,2,4.41,0.70,0.00,1.00,0.00
2103201,price_value,economic,1,1,3.49,0.24,0.00,0.00,0.00
2103201,skin_tolerance,performance,1,1,1.40,-0.80,1.00,0.00,1.00
2103201,texture_consistency,sensory,1,1,4.40,0.70,0.00,1.00,0.00
2103203,effectiveness,performance,4,3,4.42,0.71,0.00,0.67,0.00
2103203,absorption_finish,sensory,1,1,4.69,0.85,0.00,1.00,0.00
2103203,packaging,packaging,1,1,3.81,0.41,0.00,1.00,0.00
2103203,skin_tolerance,performance,1,1,4.60,0.80,0.00,1.00,1.00
2103204,effectiveness,performance,6,6,3.04,0.02,0.50,0.33,0.33
2103204,formula_composition,formula,1,1,4.51,0.76,0.00,1.00,0.00
2103204,price_value,economic,1,1,4.69,0.84,0.00,1.00,0.00
2103204,scent,sensory,1,1,4.39,0.70,0.00,1.00,0.00
2103204,skin_tolerance,performance,1,1,4.51,0.76,0.00,1.00,0.00
2103204,texture_consistency,sensory,1,1,4.51,0.76,0.00,1.00,0.00
2103205,absorption_finish,sensory,2,2,4.75,0.87,0.00,1.00,0.00
2103205,application,sensory,2,2,4.27,0.64,0.00,0.50,0.00
2103205,cleansing_makeup_removal,performance,1,1,4.22,0.61,0.00,1.00,0.00
2103205,effectiveness,performance,1,1,2.81,-0.09,1.00,0.00,0.00
2103205,price_value,economic,1,1,3.77,0.38,0.00,0.00,0.00
2103205,scent,sensory,1,1,3.77,0.38,0.00,0.00,0.00
2103205,skin_tolerance,performance,1,1,3.58,0.29,0.00,0.00,0.00
2103205,texture_consistency,sensory,1,1,2.81,-0.09,1.00,0.00,0.00
2103206,effectiveness,performance,2,1,4.68,0.84,0.00,1.00,0.00
2103206,texture_consistency,sensory,2,1,4.38,0.69,0.00,1.00,0.00
2103206,absorption_finish,sensory,1,1,4.16,0.58,0.00,1.00,0.00
2103206,hydration_nourishment,performance,1,1,4.98,0.99,0.00,1.00,0.00
2103206,skin_tolerance,performance,1,1,4.32,0.66,0.00,1.00,0.00
2103207,hydration_nourishment,performance,4,4,3.89,0.45,0.25,0.75,0.25
2103207,absorption_finish,sensory,3,3,4.78,0.89,0.00,1.00,0.33
2103207,effectiveness,performance,3,3,4.68,0.84,0.00,1.00,0.00
2103207,texture_consistency,sensory,3,2,4.75,0.87,0.00,1.00,0.00
2103207,application,sensory,1,1,4.42,0.71,0.00,1.00,0.00
2103207,formula_composition,formula,1,1,4.82,0.91,0.00,1.00,0.00
2103207,scent,sensory,1,1,3.07,0.04,1.00,0.00,0.00
2103208,application,sensory,6,6,4.61,0.80,0.00,1.00,0.00
2103208,effectiveness,performance,5,5,4.71,0.85,0.00,1.00,0.20
2103208,texture_consistency,sensory,3,3,3.61,0.31,0.33,0.67,0.33
2103208,absorption_finish,sensory,2,2,4.75,0.88,0.00,1.00,0.50
2103208,formula_composition,formula,2,2,4.84,0.92,0.00,1.00,0.00
2103208,cleansing_makeup_removal,performance,1,1,4.67,0.83,0.00,1.00,0.00
2103208,scent,sensory,1,1,4.74,0.87,0.00,1.00,0.00
2103209,effectiveness,performance,3,2,4.35,0.68,0.00,1.00,0.50
2103209,cleansing_makeup_removal,performance,2,2,4.83,0.92,0.00,1.00,0.00
2103209,hydration_nourishment,performance,2,2,4.56,0.78,0.00,1.00,0.00
2103209,scent,sensory,2,2,4.73,0.86,0.00,1.00,0.00
2103209,texture_consistency,sensory,2,2,4.73,0.86,0.00,1.00,0.00
2103209,absorption_finish,sensory,1,1,4.91,0.95,0.00,1.00,0.00
2103209,application,sensory,1,1,4.91,0.95,0.00,1.00,0.00
2103209,efficiency,economic,1,1,4.69,0.84,0.00,1.00,0.00
2103209,formula_composition,formula,1,1,4.91,0.95,0.00,1.00,0.00
2103210,application,sensory,1,1,4.88,0.94,0.00,1.00,0.00
2103210,formula_composition,formula,1,1,4.88,0.94,0.00,1.00,0.00
2103210,hydration_nourishment,performance,1,1,4.88,0.94,0.00,1.00,0.00
2103211,effectiveness,performance,4,3,4.17,0.58,0.00,0.67,0.00
2103211,hydration_nourishment,performance,1,1,2.77,-0.12,1.00,0.00,0.00
2103212,application,sensory,4,4,4.55,0.78,0.00,1.00,0.00
2103212,effectiveness,performance,3,2,4.66,0.83,0.00,1.00,0.50
2103212,hydration_nourishment,performance,3,3,4.55,0.78,0.00,1.00,0.33
2103212,texture_consistency,sensory,3,3,4.62,0.81,0.00,1.00,0.00
2103212,absorption_finish,sensory,2,2,4.59,0.80,0.00,1.00,0.00
2103212,formula_composition,formula,1,1,4.85,0.92,0.00,1.00,0.00
2103212,price_value,economic,1,1,4.83,0.92,0.00,1.00,0.00
2103213,hydration_nourishment,performance,3,3,4.79,0.89,0.00,1.00,0.00
2103213,absorption_finish,sensory,2,2,4.83,0.91,0.00,1.00,0.00
2103213,cleansing_makeup_removal,performance,2,2,4.86,0.93,0.00,1.00,0.00
2103213,application,sensory,1,1,4.83,0.91,0.00,1.00,0.00
2103214,hydration_nourishment,performance,4,4,4.74,0.87,0.00,1.00,0.00
2103214,effectiveness,performance,2,2,4.77,0.89,0.00,1.00,0.00
2103214,formula_composition,formula,1,1,3.63,0.32,0.00,0.00,0.00
2103214,pore_clogging,performance,1,1,4.60,0.80,0.00,1.00,1.00
2103214,scent,sensory,1,1,4.63,0.81,0.00,1.00,0.00
2103215,effectiveness,performance,1,1,4.77,0.89,0.00,1.00,0.00
2103216,effectiveness,performance,4,4,4.56,0.78,0.00,1.00,0.25
2103216,price_value,economic,2,2,4.46,0.73,0.00,1.00,0.00
2103217,effectiveness,performance,3,3,3.41,0.21,0.33,0.33,0.00
2103217,price_value,economic,1,1,4.54,0.77,0.00,1.00,0.00
2103219,effectiveness,performance,4,4,4.08,0.54,0.25,0.75,0.00
2103219,absorption_finish,sensory,3,3,4.09,0.55,0.33,0.67,0.33
2103219,hydration_nourishment,performance,2,2,3.11,0.06,0.50,0.50,0.50
2103219,texture_consistency,sensory,2,2,3.03,0.01,0.50,0.50,0.50
2103219,cleansing_makeup_removal,performance,1,1,2.89,-0.06,1.00,0.00,0.00
2103220,effectiveness,performance,4,4,4.69,0.84,0.00,1.00,0.25
2103220,hydration_nourishment,performance,4,3,4.09,0.55,0.33,0.67,0.17
2103220,absorption_finish,sensory,2,2,4.68,0.84,0.00,1.00,0.50
2103220,cleansing_makeup_removal,performance,1,1,4.63,0.81,0.00,1.00,0.00
2103220,price_value,economic,1,1,4.73,0.87,0.00,1.00,0.00
2103248,hydration_nourishment,performance,3,3,4.60,0.80,0.00,1.00,0.00
2103248,scent,sensory,2,2,4.66,0.83,0.00,1.00,0.00
2103248,skin_tolerance,performance,1,1,4.86,0.93,0.00,1.00,0.00
2103248,texture_consistency,sensory,1,1,4.73,0.86,0.00,1.00,0.00
2103249,effectiveness,performance,1,1,4.78,0.89,0.00,1.00,0.00
2103249,formula_composition,formula,1,1,4.88,0.94,0.00,1.00,0.00
2103249,scent,sensory,1,1,4.66,0.83,0.00,1.00,0.00
2103250,effectiveness,performance,5,4,3.77,0.39,0.25,0.75,0.25
2103250,price_value,economic,4,3,3.94,0.47,0.00,0.67,0.00
2103250,texture_consistency,sensory,3,3,3.61,0.31,0.33,0.67,0.33
2103250,application,sensory,1,1,4.79,0.90,0.00,1.00,0.00
2103250,efficiency,economic,1,1,4.63,0.82,0.00,1.00,0.00
2103250,formula_composition,formula,1,1,4.69,0.84,0.00,1.00,0.00
2103251,effectiveness,performance,5,4,3.41,0.20,0.50,0.50,0.25
2103251,application,sensory,2,2,4.41,0.71,0.00,1.00,0.00
2103251,packaging,packaging,2,2,3.17,0.09,0.50,0.50,0.00
2103251,scent,sensory,2,2,3.90,0.45,0.50,0.50,0.00
2103251,texture_consistency,sensory,2,2,4.46,0.73,0.00,1.00,0.00
2103251,absorption_finish,sensory,1,1,1.40,-0.80,1.00,0.00,1.00
2103251,efficiency,economic,1,1,4.11,0.56,0.00,1.00,0.00
2103251,formula_composition,formula,1,1,2.89,-0.05,1.00,0.00,0.00
2103251,price_value,economic,1,1,2.07,-0.47,1.00,0.00,0.00
2103251,skin_tolerance,performance,1,1,4.60,0.80,0.00,1.00,1.00
2103254,effectiveness,performance,5,4,4.63,0.82,0.00,1.00,0.25
2103254,cleansing_makeup_removal,performance,3,3,4.05,0.53,0.33,0.67,0.00
2103265,effectiveness,performance,1,1,4.94,0.97,0.00,1.00,0.00
2103266,hydration_nourishment,performance,1,1,2.56,-0.22,1.00,0.00,0.00
2103267,application,sensory,1,1,4.90,0.95,0.00,1.00,0.00
2103269,effectiveness,performance,2,2,4.21,0.61,0.00,1.00,0.00
2103269,formula_composition,formula,1,1,4.03,0.52,0.00,1.00,0.00
2103269,hydration_nourishment,performance,1,1,4.39,0.69,0.00,1.00,0.00
2103269,packaging,packaging,1,1,4.29,0.65,0.00,1.00,0.00
2103269,skin_tolerance,performance,1,1,1.40,-0.80,1.00,0.00,1.00
2103270,effectiveness,performance,3,2,4.65,0.82,0.00,1.00,0.00
2103270,absorption_finish,sensory,1,1,4.67,0.83,0.00,1.00,0.00
2103271,effectiveness,performance,6,4,4.58,0.79,0.00,1.00,0.00
2103271,cleansing_makeup_removal,performance,1,1,4.20,0.60,0.00,1.00,0.00
2103271,efficiency,economic,1,1,4.63,0.82,0.00,1.00,0.00
2103271,formula_composition,formula,1,1,4.61,0.80,0.00,1.00,0.00
2103271,hydration_nourishment,performance,1,1,4.55,0.77,0.00,1.00,0.00
2103271,scent,sensory,1,1,4.63,0.82,0.00,1.00,0.00
2103271,texture_consistency,sensory,1,1,1.40,-0.80,1.00,0.00,1.00
2103272,effectiveness,performance,2,2,4.64,0.82,0.00,1.00,0.50
2103272,application,sensory,1,1,4.69,0.84,0.00,1.00,0.00
2103272,packaging,packaging,1,1,4.69,0.84,0.00,1.00,0.00
2103272,price_value,economic,1,1,4.68,0.84,0.00,1.00,0.00
2103328,hydration_nourishment,performance,4,3,4.08,0.54,0.33,0.67,0.00
2103328,effectiveness,performance,3,3,4.70,0.85,0.00,1.00,0.00
2103328,absorption_finish,sensory,2,2,4.20,0.60,0.00,0.50,0.00
2103328,application,sensory,2,2,4.70,0.85,0.00,1.00,0.50
2103328,packaging,packaging,2,2,4.62,0.81,0.00,1.00,0.00
2103328,skin_tolerance,performance,2,2,4.36,0.68,0.00,1.00,0.50
2103328,texture_consistency,sensory,2,2,1.76,-0.62,1.00,0.00,0.50
2103328,pore_clogging,performance,1,1,1.40,-0.80,1.00,0.00,1.00
2103330,texture_consistency,sensory,4,4,3.94,0.47,0.25,0.75,0.25
2103330,hydration_nourishment,performance,3,2,4.64,0.82,0.00,1.00,0.00
2103330,effectiveness,performance,2,2,4.79,0.89,0.00,1.00,0.00
2103330,absorption_finish,sensory,1,1,4.60,0.80,0.00,1.00,1.00
2103330,application,sensory,1,1,4.89,0.94,0.00,1.00,0.00
2103330,scent,sensory,1,1,4.67,0.83,0.00,1.00,0.00
2103332,hydration_nourishment,performance,3,3,4.26,0.63,0.33,0.67,0.00
2103332,texture_consistency,sensory,2,2,3.72,0.36,0.50,0.50,0.00
2103332,absorption_finish,sensory,1,1,1.40,-0.80,1.00,0.00,1.00
2103332,effectiveness,performance,1,1,3.13,0.06,1.00,0.00,0.00
2103332,scent,sensory,1,1,4.79,0.90,0.00,1.00,0.00
2103333,hydration_nourishment,performance,4,4,4.67,0.83,0.00,1.00,0.00
2103333,absorption_finish,sensory,2,1,4.74,0.87,0.00,1.00,0.50
2103333,application,sensory,2,2,4.72,0.86,0.00,1.00,0.00
2103333,packaging,packaging,1,1,3.93,0.47,0.00,1.00,0.00
2103333,scent,sensory,1,1,4.67,0.83,0.00,1.00,0.00
2103333,skin_tolerance,performance,1,1,4.61,0.81,0.00,1.00,0.00
2103333,texture_consistency,sensory,1,1,4.72,0.86,0.00,1.00,0.00
2103334,absorption_finish,sensory,3,3,3.67,0.33,0.00,0.33,0.00
2103334,effectiveness,performance,1,1,3.56,0.28,0.00,0.00,0.00
2103334,hydration_nourishment,performance,1,1,3.56,0.28,0.00,0.00,0.00
2103337,cleansing_makeup_removal,performance,3,3,4.59,0.80,0.00,1.00,0.00
2103337,effectiveness,performance,2,2,4.85,0.92,0.00,1.00,0.00
2103337,texture_consistency,sensory,2,2,3.01,0.01,0.50,0.50,0.50
2103337,hydration_nourishment,performance,1,1,4.60,0.80,0.00,1.00,1.00
2103339,hydration_nourishment,performance,3,3,4.91,0.95,0.00,1.00,0.00
2103339,effectiveness,performance,2,2,3.69,0.34,0.50,0.50,0.50
2103339,scent,sensory,2,1,3.36,0.18,0.00,0.00,0.00
2103339,packaging,packaging,1,1,4.61,0.81,0.00,1.00,0.00
2103339,texture_consistency,sensory,1,1,4.71,0.86,0.00,1.00,0.00
2103342,absorption_finish,sensory,1,1,4.92,0.96,0.00,1.00,0.00
2103342,effectiveness,performance,1,1,4.91,0.95,0.00,1.00,0.00
2103342,formula_composition,formula,1,1,4.22,0.61,0.00,1.00,0.00
2103342,packaging,packaging,1,1,4.83,0.91,0.00,1.00,0.00
2103342,price_value,economic,1,1,4.73,0.86,0.00,1.00,0.00
2103342,texture_consistency,sensory,1,1,4.92,0.96,0.00,1.00,0.00
2103344,hydration_nourishment,performance,2,2,4.29,0.65,0.00,0.50,0.00
2103344,effectiveness,performance,1,1,4.76,0.88,0.00,1.00,0.00
2103344,scent,sensory,1,1,4.76,0.88,0.00,1.00,0.00
2103345,hydration_nourishment,performance,2,2,4.76,0.88,0.00,1.00,0.50
2103345,texture_consistency,sensory,1,1,3.94,0.47,0.00,1.00,0.00
2103346,hydration_nourishment,performance,4,4,4.71,0.86,0.00,1.00,0.00
2103346,texture_consistency,sensory,4,4,3.88,0.44,0.25,0.75,0.25
2103346,effectiveness,performance,3,3,4.84,0.92,0.00,1.00,0.00
2103346,formula_composition,formula,3,3,4.76,0.88,0.00,1.00,0.00
2103346,application,sensory,2,2,4.81,0.90,0.00,1.00,0.00
2103346,absorption_finish,sensory,1,1,4.60,0.80,0.00,1.00,1.00
2103346,efficiency,economic,1,1,4.63,0.82,0.00,1.00,0.00
2103346,price_value,economic,1,1,4.61,0.81,0.00,1.00,0.00
2103346,scent,sensory,1,1,4.85,0.92,0.00,1.00,0.00
2103346,skin_tolerance,performance,1,1,4.83,0.91,0.00,1.00,0.00
2103348,hydration_nourishment,performance,5,4,4.60,0.80,0.00,1.00,0.00
2103348,scent,sensory,4,3,3.70,0.35,0.33,0.67,0.33
2103348,effectiveness,performance,2,1,4.89,0.94,0.00,1.00,0.00
2103348,skin_tolerance,performance,2,1,4.89,0.94,0.00,1.00,0.00
2103348,packaging,packaging,1,1,4.90,0.95,0.00,1.00,0.00
2103348,price_value,economic,1,1,4.61,0.81,0.00,1.00,0.00
2103348,texture_consistency,sensory,1,1,3.83,0.42,0.00,1.00,0.00
2103349,cleansing_makeup_removal,performance,3,3,4.73,0.86,0.00,1.00,0.00
2103349,hydration_nourishment,performance,2,2,4.72,0.86,0.00,1.00,0.50
2103349,effectiveness,performance,1,1,4.93,0.96,0.00,1.00,0.00
2103349,scent,sensory,1,1,4.28,0.64,0.00,1.00,0.00
2103349,skin_tolerance,performance,1,1,4.69,0.84,0.00,1.00,0.00
2103349,texture_consistency,sensory,1,1,3.75,0.38,0.00,0.00,0.00
2103352,cleansing_makeup_removal,performance,3,3,4.80,0.90,0.00,1.00,0.00
2103352,scent,sensory,2,1,3.30,0.15,0.00,0.00,0.00
2103352,application,sensory,1,1,4.71,0.86,0.00,1.00,0.00
2103352,effectiveness,performance,1,1,4.79,0.90,0.00,1.00,0.00
2103352,efficiency,economic,1,1,1.40,-0.80,1.00,0.00,1.00
2103352,hydration_nourishment,performance,1,1,4.95,0.97,0.00,1.00,0.00
2103352,price_value,economic,1,1,3.38,0.19,0.00,0.00,0.00
2103352,skin_tolerance,performance,1,1,4.60,0.80,0.00,1.00,1.00
2103354,hydration_nourishment,performance,4,4,4.80,0.90,0.00,1.00,0.00
2103354,scent,sensory,4,4,4.33,0.67,0.00,1.00,0.00
2103354,texture_consistency,sensory,3,3,3.27,0.13,0.33,0.67,0.33
2103354,absorption_finish,sensory,1,1,4.66,0.83,0.00,1.00,0.00
2103354,application,sensory,1,1,4.84,0.92,0.00,1.00,0.00
2103354,effectiveness,performance,1,1,4.90,0.95,0.00,1.00,0.00
2103354,efficiency,economic,1,1,4.86,0.93,0.00,1.00,0.00
2103354,skin_tolerance,performance,1,1,4.55,0.78,0.00,1.00,0.00
2103355,absorption_finish,sensory,2,2,4.86,0.93,0.00,1.00,0.00
2103355,hydration_nourishment,performance,2,2,3.14,0.07,0.50,0.50,0.50
2103355,texture_consistency,sensory,2,2,4.86,0.93,0.00,1.00,0.00
2103355,application,sensory,1,1,4.84,0.92,0.00,1.00,0.00
2103355,cleansing_makeup_removal,performance,1,1,4.94,0.97,0.00,1.00,0.00
2103355,scent,sensory,1,1,4.66,0.83,0.00,1.00,0.00
2103356,hydration_nourishment,performance,3,3,4.84,0.92,0.00,1.00,0.00
2103356,effectiveness,performance,2,1,4.68,0.84,0.00,1.00,0.50
2103356,texture_consistency,sensory,2,2,3.15,0.08,0.50,0.50,0.50
2103356,absorption_finish,sensory,1,1,4.82,0.91,0.00,1.00,0.00
2103356,application,sensory,1,1,4.35,0.68,0.00,1.00,0.00
2103356,efficiency,economic,1,1,4.68,0.84,0.00,1.00,0.00
2103356,formula_composition,formula,1,1,4.90,0.95,0.00,1.00,0.00
2103356,packaging,packaging,1,1,4.35,0.68,0.00,1.00,0.00
2103356,scent,sensory,1,1,3.30,0.15,0.00,0.00,0.00
2103356,skin_tolerance,performance,1,1,4.61,0.81,0.00,1.00,0.00
2103454,hydration_nourishment,performance,3,3,4.92,0.96,0.00,1.00,0.00
2103454,scent,sensory,3,3,4.46,0.73,0.00,0.67,0.00
2103455,cleansing_makeup_removal,performance,7,7,4.18,0.59,0.14,0.71,0.00
2103455,scent,sensory,5,5,4.55,0.78,0.00,0.80,0.00
2103455,hydration_nourishment,performance,2,2,4.70,0.85,0.00,1.00,0.50
2103455,skin_tolerance,performance,2,2,4.71,0.86,0.00,1.00,0.50
2103455,texture_consistency,sensory,2,2,4.14,0.57,0.00,0.50,0.00
2103455,application,sensory,1,1,4.89,0.94,0.00,1.00,0.00
2103455,effectiveness,performance,1,1,4.60,0.80,0.00,1.00,1.00
2103455,efficiency,economic,1,1,4.76,0.88,0.00,1.00,0.00
2103455,price_value,economic,1,1,3.41,0.21,0.00,0.00,0.00
2103457,scent,sensory,5,5,4.43,0.71,0.20,0.80,0.00
2103457,cleansing_makeup_removal,performance,3,3,4.75,0.87,0.00,1.00,0.00
2103457,hydration_nourishment,performance,3,3,4.73,0.87,0.00,1.00,0.33
2103457,effectiveness,performance,2,2,3.46,0.23,0.50,0.50,0.00
2103457,packaging,packaging,1,1,4.22,0.61,0.00,1.00,0.00
2103458,scent,sensory,4,4,4.48,0.74,0.00,1.00,0.00
2103458,price_value,economic,2,2,4.18,0.59,0.00,1.00,0.00
2103458,cleansing_makeup_removal,performance,1,1,4.98,0.99,0.00,1.00,0.00
2103458,effectiveness,performance,1,1,4.46,0.73,0.00,1.00,0.00
2103458,hydration_nourishment,performance,1,1,4.60,0.80,0.00,1.00,1.00
2103458,texture_consistency,sensory,1,1,4.47,0.73,0.00,1.00,0.00
2103459,effectiveness,performance,5,4,4.74,0.87,0.00,1.00,0.38
2103459,application,sensory,3,3,4.71,0.85,0.00,1.00,0.00
2103459,formula_composition,formula,1,1,3.99,0.50,0.00,1.00,0.00
2103459,hydration_nourishment,performance,1,1,4.97,0.99,0.00,1.00,0.00
2103459,packaging,packaging,1,1,4.71,0.85,0.00,1.00,0.00
2103459,scent,sensory,1,1,2.43,-0.28,1.00,0.00,0.00
2103459,texture_consistency,sensory,1,1,4.53,0.76,0.00,1.00,0.00
2103460,scent,sensory,3,3,4.06,0.53,0.33,0.67,0.00
2103460,absorption_finish,sensory,2,2,1.40,-0.80,1.00,0.00,1.00
2103460,hydration_nourishment,performance,2,2,4.81,0.90,0.00,1.00,0.00
2103460,effectiveness,performance,1,1,3.13,0.06,1.00,0.00,0.00
2103460,texture_consistency,sensory,1,1,4.78,0.89,0.00,1.00,0.00
2103461,application,sensory,4,4,4.66,0.83,0.00,1.00,0.00
2103461,hydration_nourishment,performance,4,3,4.85,0.92,0.00,1.00,0.00
2103461,scent,sensory,4,4,4.40,0.70,0.00,0.75,0.00
2103461,effectiveness,performance,3,2,4.37,0.69,0.00,1.00,0.00
2103461,texture_consistency,sensory,3,3,3.56,0.28,0.33,0.67,0.33
2103461,efficiency,economic,2,2,4.00,0.50,0.00,0.50,0.00
2103461,absorption_finish,sensory,1,1,4.78,0.89,0.00,1.00,0.00
2103461,packaging,packaging,1,1,4.92,0.96,0.00,1.00,0.00
2103461,pore_clogging,performance,1,1,4.60,0.80,0.00,1.00,1.00
2103468,cleansing_makeup_removal,performance,4,4,3.97,0.49,0.25,0.75,0.25
2103468,packaging,packaging,3,3,2.57,-0.21,0.67,0.00,0.33
2103468,price_value,economic,2,2,3.42,0.21,0.50,0.50,0.00
2103468,scent,sensory,2,2,4.91,0.95,0.00,1.00,0.00
2103468,skin_tolerance,performance,2,2,4.28,0.64,0.00,1.00,0.50
2103468,texture_consistency,sensory,2,2,4.81,0.91,0.00,1.00,0.00
2103468,absorption_finish,sensory,1,1,1.40,-0.80,1.00,0.00,1.00
2103469,effectiveness,performance,1,1,4.62,0.81,0.00,1.00,0.00
2103469,efficiency,economic,1,1,4.62,0.81,0.00,1.00,0.00
2103480,effectiveness,performance,4,4,4.27,0.64,0.25,0.75,0.00
2103480,hydration_nourishment,performance,4,3,4.26,0.63,0.00,0.67,0.00
2103480,texture_consistency,sensory,4,4,4.49,0.74,0.00,0.75,0.00
2103480,application,sensory,3,3,4.04,0.52,0.33,0.67,0.00
2103480,formula_composition,formula,2,2,4.39,0.69,0.00,1.00,0.00
2103480,absorption_finish,sensory,1,1,3.78,0.39,0.00,0.00,0.00
2103480,cleansing_makeup_removal,performance,1,1,2.86,-0.07,1.00,0.00,0.00
2103480,packaging,packaging,1,1,4.54,0.77,0.00,1.00,0.00
2103482,effectiveness,performance,1,1,4.14,0.57,0.00,1.00,0.00
2103482,formula_composition,formula,1,1,4.72,0.86,0.00,1.00,0.00
2103482,hydration_nourishment,performance,1,1,4.14,0.57,0.00,1.00,0.00
2103482,packaging,packaging,1,1,4.14,0.57,0.00,1.00,0.00
2103482,scent,sensory,1,1,4.72,0.86,0.00,1.00,0.00
2103482,skin_tolerance,performance,1,1,4.14,0.57,0.00,1.00,0.00
2103899,effectiveness,performance,2,2,4.57,0.79,0.00,1.00,0.00
2103899,scent,sensory,2,2,4.65,0.83,0.00,1.00,0.00
2103899,absorption_finish,sensory,1,1,4.68,0.84,0.00,1.00,0.00
2103899,application,sensory,1,1,4.69,0.84,0.00,1.00,0.00
2103899,formula_composition,formula,1,1,4.97,0.98,0.00,1.00,0.00
2103899,hydration_nourishment,performance,1,1,4.63,0.81,0.00,1.00,0.00
2103899,skin_tolerance,performance,1,1,4.51,0.76,0.00,1.00,0.00
2103904,scent,sensory,4,4,4.41,0.70,0.00,1.00,0.00
2103904,hydration_nourishment,performance,3,3,4.88,0.94,0.00,1.00,0.00
2103904,efficiency,economic,1,1,4.79,0.89,0.00,1.00,0.00
2103904,formula_composition,formula,1,1,4.86,0.93,0.00,1.00,0.00
2103906,application,sensory,2,2,4.58,0.79,0.00,1.00,0.50
2103906,hydration_nourishment,performance,2,2,4.95,0.97,0.00,1.00,0.00
2103906,scent,sensory,2,2,4.81,0.91,0.00,1.00,0.00
2103906,texture_consistency,sensory,2,2,4.78,0.89,0.00,1.00,0.00
2103906,absorption_finish,sensory,1,1,4.71,0.85,0.00,1.00,0.00
2103906,effectiveness,performance,1,1,4.69,0.84,0.00,1.00,0.00
2103906,formula_composition,formula,1,1,4.83,0.92,0.00,1.00,0.00
2103906,packaging,packaging,1,1,4.52,0.76,0.00,1.00,0.00
2103906,pore_clogging,performance,1,1,1.40,-0.80,1.00,0.00,1.00
2103910,effectiveness,performance,3,3,3.93,0.46,0.00,0.67,0.00
2103910,scent,sensory,2,2,4.70,0.85,0.00,1.00,0.00
2103910,application,sensory,1,1,4.64,0.82,0.00,1.00,0.00
2103910,texture_consistency,sensory,1,1,4.82,0.91,0.00,1.00,0.00
2103911,texture_consistency,sensory,4,4,3.77,0.38,0.25,0.75,0.25
2103911,effectiveness,performance,3,3,4.43,0.71,0.00,1.00,0.33
2103911,absorption_finish,sensory,2,2,4.71,0.85,0.00,1.00,0.00
2103911,hydration_nourishment,performance,2,1,4.57,0.79,0.00,1.00,0.00
2103911,application,sensory,1,1,4.86,0.93,0.00,1.00,0.00
2103911,price_value,economic,1,1,4.81,0.90,0.00,1.00,0.00
2103911,scent,sensory,1,1,4.10,0.55,0.00,1.00,0.00
2103911,skin_tolerance,performance,1,1,4.56,0.78,0.00,1.00,0.00
2104273,effectiveness,performance,2,2,4.58,0.79,0.00,1.00,0.00
2104273,hydration_nourishment,performance,2,2,4.97,0.99,0.00,1.00,0.00
2104273,scent,sensory,1,1,4.40,0.70,0.00,1.00,0.00
2104273,texture_consistency,sensory,1,1,4.76,0.88,0.00,1.00,0.00
2104306,cleansing_makeup_removal,performance,1,1,4.72,0.86,0.00,1.00,0.00
2104306,effectiveness,performance,1,1,4.65,0.82,0.00,1.00,0.00
2104306,formula_composition,formula,1,1,4.84,0.92,0.00,1.00,0.00
2104306,hydration_nourishment,performance,1,1,4.65,0.82,0.00,1.00,0.00
2104439,effectiveness,performance,1,1,4.77,0.88,0.00,1.00,0.00
2104439,scent,sensory,1,1,4.57,0.78,0.00,1.00,0.00
2104440,cleansing_makeup_removal,performance,1,1,4.75,0.88,0.00,1.00,0.00
2104440,effectiveness,performance,1,1,4.68,0.84,0.00,1.00,0.00
2104440,price_value,economic,1,1,4.19,0.60,0.00,1.00,0.00
2104440,scent,sensory,1,1,4.77,0.88,0.00,1.00,0.00
2104440,skin_tolerance,performance,1,1,4.60,0.80,0.00,1.00,1.00
2104445,effectiveness,performance,2,2,4.82,0.91,0.00,1.00,0.00
2104445,absorption_finish,sensory,1,1,4.73,0.87,0.00,1.00,0.00
2104445,hydration_nourishment,performance,1,1,4.95,0.97,0.00,1.00,0.00
2104445,scent,sensory,1,1,4.30,0.65,0.00,1.00,0.00
2104445,texture_consistency,sensory,1,1,1.40,-0.80,1.00,0.00,1.00
2104446,effectiveness,performance,4,4,4.41,0.71,0.00,0.75,0.00
2104446,absorption_finish,sensory,2,2,4.80,0.90,0.00,1.00,0.00
2104447,effectiveness,performance,5,3,4.75,0.88,0.00,1.00,0.00
2104447,hydration_nourishment,performance,3,3,4.88,0.94,0.00,1.00,0.00
2104447,application,sensory,2,2,4.81,0.91,0.00,1.00,0.00
2104447,formula_composition,formula,2,2,4.74,0.87,0.00,1.00,0.00
2104447,price_value,economic,2,2,4.45,0.72,0.00,1.00,0.00
2104447,texture_consistency,sensory,2,2,4.73,0.87,0.00,1.00,0.00
2104447,scent,sensory,1,1,4.50,0.75,0.00,1.00,0.00
2104448,hydration_nourishment,performance,6,6,4.80,0.90,0.00,1.00,0.00
2104448,effectiveness,performance,2,2,4.78,0.89,0.00,1.00,0.00
2104448,cleansing_makeup_removal,performance,1,1,2.76,-0.12,1.00,0.00,0.00
2104448,price_value,economic,1,1,2.76,-0.12,1.00,0.00,0.00
2104449,effectiveness,performance,3,3,3.87,0.43,0.33,0.67,0.00
2104449,absorption_finish,sensory,1,1,4.87,0.94,0.00,1.00,0.00
2104449,hydration_nourishment,performance,1,1,4.94,0.97,0.00,1.00,0.00
2104457,effectiveness,performance,2,2,3.40,0.20,0.50,0.50,0.00
2104457,hydration_nourishment,performance,1,1,4.97,0.99,0.00,1.00,0.00
2104478,scent,sensory,6,6,4.22,0.61,0.17,0.67,0.00
2104478,effectiveness,performance,2,2,4.13,0.56,0.00,0.50,0.00
2104478,absorption_finish,sensory,1,1,1.40,-0.80,1.00,0.00,1.00
2104478,application,sensory,1,1,4.78,0.89,0.00,1.00,0.00
2104478,cleansing_makeup_removal,performance,1,1,4.54,0.77,0.00,1.00,0.00
2104478,hydration_nourishment,performance,1,1,4.77,0.89,0.00,1.00,0.00
2104478,pore_clogging,performance,1,1,1.40,-0.80,1.00,0.00,1.00
2104478,skin_tolerance,performance,1,1,4.60,0.80,0.00,1.00,1.00
2104548,hydration_nourishment,performance,4,3,4.84,0.92,0.00,1.00,0.00
2104548,effectiveness,performance,1,1,1.40,-0.80,1.00,0.00,1.00
2104548,formula_composition,formula,1,1,4.80,0.90,0.00,1.00,0.00
2104548,price_value,economic,1,1,4.85,0.93,0.00,1.00,0.00
2104549,hydration_nourishment,performance,2,2,4.23,0.62,0.00,0.50,0.00
2104550,formula_composition,formula,2,2,4.49,0.74,0.00,1.00,0.00
2104550,absorption_finish,sensory,1,1,4.88,0.94,0.00,1.00,0.00
2104550,effectiveness,performance,1,1,4.83,0.91,0.00,1.00,0.00
2104550,hydration_nourishment,performance,1,1,4.83,0.92,0.00,1.00,0.00
2104550,price_value,economic,1,1,4.63,0.81,0.00,1.00,0.00
2104550,skin_tolerance,performance,1,1,4.83,0.92,0.00,1.00,0.00
2104551,hydration_nourishment,performance,4,4,4.90,0.95,0.00,1.00,0.00
2104551,effectiveness,performance,2,2,4.68,0.84,0.00,1.00,0.00
2104551,price_value,economic,2,2,4.81,0.91,0.00,1.00,0.00
2104551,skin_tolerance,performance,2,2,4.98,0.99,0.00,1.00,0.00
2104551,formula_composition,formula,1,1,4.28,0.64,0.00,1.00,0.00
2104552,effectiveness,performance,5,4,4.77,0.88,0.00,1.00,0.25
2104552,hydration_nourishment,performance,4,4,4.83,0.92,0.00,1.00,0.00
2104552,formula_composition,formula,2,2,4.89,0.95,0.00,1.00,0.00
2104552,price_value,economic,2,2,4.33,0.67,0.00,1.00,0.00
2104552,cleansing_makeup_removal,performance,1,1,4.55,0.78,0.00,1.00,0.00
2104552,packaging,packaging,1,1,4.11,0.55,0.00,1.00,0.00
2104553,hydration_nourishment,performance,5,5,3.92,0.46,0.20,0.80,0.20
2104553,texture_consistency,sensory,2,2,4.55,0.78,0.00,1.00,0.00
2104553,effectiveness,performance,1,1,3.90,0.45,0.00,1.00,0.00
2104553,efficiency,economic,1,1,4.84,0.92,0.00,1.00,0.00
2104553,skin_tolerance,performance,1,1,4.60,0.80,0.00,1.00,1.00
2104554,hydration_nourishment,performance,4,4,4.92,0.96,0.00,1.00,0.00
2104554,effectiveness,performance,3,3,4.92,0.96,0.00,1.00,0.00
2104554,absorption_finish,sensory,2,2,4.72,0.86,0.00,1.00,0.50
2104554,texture_consistency,sensory,2,1,3.16,0.08,1.00,0.00,0.50
2104554,cleansing_makeup_removal,performance,1,1,4.90,0.95,0.00,1.00,0.00
2104554,packaging,packaging,1,1,4.51,0.75,0.00,1.00,0.00
2104554,price_value,economic,1,1,4.71,0.85,0.00,1.00,0.00
2104555,effectiveness,performance,4,3,3.50,0.25,0.33,0.67,0.33
2104555,absorption_finish,sensory,2,2,4.79,0.90,0.00,1.00,0.00
2104555,application,sensory,2,2,4.44,0.72,0.00,1.00,0.00
2104555,efficiency,economic,1,1,4.10,0.55,0.00,1.00,0.00
2104555,hydration_nourishment,performance,1,1,4.81,0.90,0.00,1.00,0.00
2104555,price_value,economic,1,1,4.10,0.55,0.00,1.00,0.00
2104556,effectiveness,performance,2,2,4.63,0.81,0.00,1.00,0.00
2104556,absorption_finish,sensory,1,1,4.40,0.70,0.00,1.00,0.00
2104556,application,sensory,1,1,4.65,0.82,0.00,1.00,0.00
2104556,hydration_nourishment,performance,1,1,4.91,0.96,0.00,1.00,0.00
2104556,skin_tolerance,performance,1,1,4.60,0.80,0.00,1.00,1.00
2104557,effectiveness,performance,3,3,3.99,0.50,0.00,0.67,0.00
2104557,hydration_nourishment,performance,3,2,4.42,0.71,0.00,1.00,0.00
2104557,efficiency,economic,2,2,4.58,0.79,0.00,1.00,0.00
2104557,skin_tolerance,performance,2,2,4.58,0.79,0.00,1.00,0.00
2104557,absorption_finish,sensory,1,1,4.32,0.66,0.00,1.00,0.00
2104557,application,sensory,1,1,3.95,0.47,0.00,1.00,0.00
2104557,cleansing_makeup_removal,performance,1,1,4.30,0.65,0.00,1.00,0.00
2104557,formula_composition,formula,1,1,4.58,0.79,0.00,1.00,0.00
2104557,packaging,packaging,1,1,4.35,0.68,0.00,1.00,0.00
2104557,price_value,economic,1,1,4.57,0.79,0.00,1.00,0.00
2104557,texture_consistency,sensory,1,1,1.40,-0.80,1.00,0.00,1.00
2104558,hydration_nourishment,performance,3,3,4.87,0.94,0.00,1.00,0.00
2104558,absorption_finish,sensory,1,1,4.96,0.98,0.00,1.00,0.00
2104558,application,sensory,1,1,4.71,0.86,0.00,1.00,0.00
2104558,efficiency,economic,1,1,3.87,0.43,0.00,1.00,0.00
2104558,texture_consistency,sensory,1,1,4.81,0.90,0.00,1.00,0.00
2104563,effectiveness,performance,1,1,4.91,0.95,0.00,1.00,0.00
2104563,texture_consistency,sensory,1,1,4.69,0.84,0.00,1.00,0.00
2104565,packaging,packaging,1,1,2.34,-0.33,1.00,0.00,0.00
2104565,scent,sensory,1,1,4.58,0.79,0.00,1.00,0.00
2104566,hydration_nourishment,performance,3,3,4.79,0.89,0.00,1.00,0.00
2104566,effectiveness,performance,1,1,4.84,0.92,0.00,1.00,0.00
2104566,skin_tolerance,performance,1,1,4.87,0.94,0.00,1.00,0.00
2104568,effectiveness,performance,1,1,4.76,0.88,0.00,1.00,0.00
2104568,price_value,economic,1,1,4.59,0.79,0.00,1.00,0.00
2104568,skin_tolerance,performance,1,1,2.86,-0.07,1.00,0.00,0.00
2104569,hydration_nourishment,performance,2,2,4.69,0.84,0.00,1.00,0.00
2104569,skin_tolerance,performance,2,2,4.72,0.86,0.00,1.00,0.50
2104569,effectiveness,performance,1,1,4.18,0.59,0.00,1.00,0.00
2104569,texture_consistency,sensory,1,1,4.21,0.60,0.00,1.00,0.00
2104571,hydration_nourishment,performance,2,2,4.86,0.93,0.00,1.00,0.00
2104572,hydration_nourishment,performance,1,1,4.95,0.98,0.00,1.00,0.00
2104572,texture_consistency,sensory,1,1,4.19,0.59,0.00,1.00,0.00
2104574,hydration_nourishment,performance,2,2,4.92,0.96,0.00,1.00,0.00
2104575,hydration_nourishment,performance,2,2,4.95,0.98,0.00,1.00,0.00
2104575,effectiveness,performance,1,1,4.84,0.92,0.00,1.00,0.00
2104575,formula_composition,formula,1,1,4.84,0.92,0.00,1.00,0.00
2104575,price_value,economic,1,1,4.45,0.72,0.00,1.00,0.00
2104576,effectiveness,performance,2,2,4.74,0.87,0.00,1.00,0.00
2104576,texture_consistency,sensory,1,1,4.48,0.74,0.00,1.00,0.00
2104594,cleansing_makeup_removal,performance,5,5,4.81,0.91,0.00,1.00,0.00
2104594,scent,sensory,3,3,4.62,0.81,0.00,1.00,0.00
2104594,skin_tolerance,performance,3,2,4.60,0.80,0.00,1.00,1.00
2104594,effectiveness,performance,2,2,4.48,0.74,0.00,1.00,0.00
2104594,formula_composition,formula,2,2,4.75,0.87,0.00,1.00,0.00
2104594,hydration_nourishment,performance,2,2,4.76,0.88,0.00,1.00,0.50
2104594,application,sensory,1,1,4.60,0.80,0.00,1.00,1.00
2104594,efficiency,economic,1,1,4.78,0.89,0.00,1.00,0.00
2104594,packaging,packaging,1,1,4.64,0.82,0.00,1.00,0.00
2104637,effectiveness,performance,3,3,4.51,0.75,0.00,1.00,0.00
2104637,hydration_nourishment,performance,2,2,4.50,0.75,0.00,1.00,0.00
2104637,absorption_finish,sensory,1,1,4.81,0.90,0.00,1.00,0.00
2104637,formula_composition,formula,1,1,4.86,0.93,0.00,1.00,0.00
2104637,texture_consistency,sensory,1,1,4.81,0.90,0.00,1.00,0.00
2104639,hydration_nourishment,performance,2,2,4.89,0.94,0.00,1.00,0.00
2104640,effectiveness,performance,9,7,4.09,0.55,0.00,0.57,0.00
2104640,formula_composition,formula,1,1,4.97,0.99,0.00,1.00,0.00
2104640,texture_consistency,sensory,1,1,4.03,0.52,0.00,1.00,0.00
2104641,effectiveness,performance,2,2,4.48,0.74,0.00,1.00,0.00
2104641,efficiency,economic,1,1,4.56,0.78,0.00,1.00,0.00
2104641,formula_composition,formula,1,1,4.87,0.93,0.00,1.00,0.00
2104641,scent,sensory,1,1,4.26,0.63,0.00,1.00,0.00
2104642,effectiveness,performance,2,2,4.41,0.70,0.00,1.00,0.50
2104642,hydration_nourishment,performance,1,1,4.48,0.74,0.00,1.00,0.00
2104645,effectiveness,performance,2,2,4.31,0.65,0.00,1.00,0.00
2104645,hydration_nourishment,performance,1,1,4.94,0.97,0.00,1.00,0.00
2104646,hydration_nourishment,performance,1,1,4.81,0.91,0.00,1.00,0.00
2104646,texture_consistency,sensory,1,1,4.64,0.82,0.00,1.00,0.00
2104647,hydration_nourishment,performance,2,2,4.86,0.93,0.00,1.00,0.00
2104648,hydration_nourishment,performance,2,2,4.90,0.95,0.00,1.00,0.00
2104648,effectiveness,performance,1,1,4.61,0.81,0.00,1.00,0.00
2104648,formula_composition,formula,1,1,4.75,0.87,0.00,1.00,0.00
2104648,scent,sensory,1,1,4.75,0.87,0.00,1.00,0.00
2104652,hydration_nourishment,performance,2,2,4.84,0.92,0.00,1.00,0.00
2104652,scent,sensory,1,1,4.67,0.83,0.00,1.00,0.00
2104652,skin_tolerance,performance,1,1,4.91,0.95,0.00,1.00,0.00
2104705,effectiveness,performance,3,3,3.25,0.12,0.33,0.00,0.00
2104705,hydration_nourishment,performance,2,2,4.74,0.87,0.00,1.00,0.00
2104706,effectiveness,performance,3,3,2.66,-0.17,0.67,0.33,0.33
2104706,hydration_nourishment,performance,1,1,4.89,0.95,0.00,1.00,0.00
2104707,effectiveness,performance,8,8,3.47,0.24,0.50,0.50,0.25
2104707,texture_consistency,sensory,2,2,1.40,-0.80,1.00,0.00,1.00
2104707,application,sensory,1,1,2.87,-0.06,1.00,0.00,0.00
2104707,skin_tolerance,performance,1,1,2.53,-0.23,1.00,0.00,0.00
2104708,effectiveness,performance,5,5,2.74,-0.13,0.60,0.20,0.40
2104708,hydration_nourishment,performance,2,2,4.19,0.60,0.00,0.50,0.00
2104708,skin_tolerance,performance,1,1,2.53,-0.23,1.00,0.00,0.00
2104708,texture_consistency,sensory,1,1,1.40,-0.80,1.00,0.00,1.00
2104852,absorption_finish,sensory,4,4,4.84,0.92,0.00,1.00,0.25
2104852,texture_consistency,sensory,4,4,4.85,0.92,0.00,1.00,0.00
2104852,application,sensory,2,2,4.93,0.97,0.00,1.00,0.00
2104852,cleansing_makeup_removal,performance,2,2,4.74,0.87,0.00,1.00,0.00
2104852,effectiveness,performance,1,1,4.91,0.95,0.00,1.00,0.00
2104852,hydration_nourishment,performance,1,1,4.94,0.97,0.00,1.00,0.00
2104852,packaging,packaging,1,1,4.72,0.86,0.00,1.00,0.00
2104852,price_value,economic,1,1,4.72,0.86,0.00,1.00,0.00
2104852,scent,sensory,1,1,4.86,0.93,0.00,1.00,0.00
2105412,hydration_nourishment,performance,7,7,4.79,0.89,0.00,1.00,0.00
2105412,effectiveness,performance,1,1,4.85,0.92,0.00,1.00,0.00
2105412,formula_composition,formula,1,1,4.80,0.90,0.00,1.00,0.00
2105412,price_value,economic,1,1,4.85,0.92,0.00,1.00,0.00
2105412,skin_tolerance,performance,1,1,4.67,0.84,0.00,1.00,0.00
2105413,formula_composition,formula,2,2,4.49,0.74,0.00,1.00,0.00
2105413,hydration_nourishment,performance,2,2,4.85,0.92,0.00,1.00,0.00
2105413,absorption_finish,sensory,1,1,4.37,0.68,0.00,1.00,0.00
2105413,cleansing_makeup_removal,performance,1,1,3.89,0.44,0.00,1.00,0.00
2105413,effectiveness,performance,1,1,4.95,0.97,0.00,1.00,0.00
2105413,scent,sensory,1,1,4.76,0.88,0.00,1.00,0.00
2105413,skin_tolerance,performance,1,1,1.40,-0.80,1.00,0.00,1.00
2105413,texture_consistency,sensory,1,1,4.57,0.78,0.00,1.00,0.00
2105967,texture_consistency,sensory,4,4,4.20,0.60,0.00,1.00,0.00
2105967,absorption_finish,sensory,2,2,4.60,0.80,0.00,1.00,1.00
2105967,effectiveness,performance,2,2,2.92,-0.04,0.50,0.50,0.00
2105967,application,sensory,1,1,4.38,0.69,0.00,1.00,0.00
2105967,cleansing_makeup_removal,performance,1,1,4.89,0.95,0.00,1.00,0.00
2105967,efficiency,economic,1,1,3.47,0.23,0.00,0.00,0.00
2105967,formula_composition,formula,1,1,4.45,0.72,0.00,1.00,0.00
2105967,pore_clogging,performance,1,1,4.60,0.80,0.00,1.00,1.00
2105967,skin_tolerance,performance,1,1,4.60,0.80,0.00,1.00,1.00
2105968,absorption_finish,sensory,5,5,4.66,0.83,0.00,1.00,0.80
2105968,price_value,economic,4,3,4.18,0.59,0.00,0.67,0.00
2105968,texture_consistency,sensory,4,4,3.73,0.36,0.25,0.50,0.25
2105968,formula_composition,formula,3,3,4.87,0.93,0.00,1.00,0.00
2105968,application,sensory,1,1,4.86,0.93,0.00,1.00,0.00
2105968,cleansing_makeup_removal,performance,1,1,3.15,0.07,1.00,0.00,0.00
2105968,packaging,packaging,1,1,3.77,0.39,0.00,0.00,0.00
2105968,scent,sensory,1,1,1.40,-0.80,1.00,0.00,1.00
2106652,price_value,economic,1,1,4.94,0.97,0.00,1.00,0.00
2106778,application,sensory,1,1,4.37,0.69,0.00,1.00,0.00
2106778,effectiveness,performance,1,1,4.37,0.68,0.00,1.00,0.00
2106778,hydration_nourishment,performance,1,1,4.37,0.68,0.00,1.00,0.00
2106778,scent,sensory,1,1,4.37,0.68,0.00,1.00,0.00
2106778,texture_consistency,sensory,1,1,1.40,-0.80,1.00,0.00,1.00
2107608,absorption_finish,sensory,1,1,4.58,0.79,0.00,1.00,0.00
2107610,absorption_finish,sensory,1,1,4.50,0.75,0.00,1.00,0.00
2107610,application,sensory,1,1,4.50,0.75,0.00,1.00,0.00
2107610,hydration_nourishment,performance,1,1,4.98,0.99,0.00,1.00,0.00
2107610,scent,sensory,1,1,4.61,0.81,0.00,1.00,0.00
2107612,texture_consistency,sensory,1,1,1.40,-0.80,1.00,0.00,1.00
2107840,price_value,economic,2,1,4.38,0.69,0.00,1.00,0.00
2107840,effectiveness,performance,1,1,3.36,0.18,0.00,0.00,0.00
2107840,hydration_nourishment,performance,1,1,4.94,0.97,0.00,1.00,0.00
2107841,hydration_nourishment,performance,2,2,4.76,0.88,0.00,1.00,0.00
2108072,absorption_finish,sensory,3,3,4.69,0.84,0.00,1.00,0.33
2108072,cleansing_makeup_removal,performance,1,1,4.44,0.72,0.00,1.00,0.00
2108072,effectiveness,performance,1,1,4.81,0.90,0.00,1.00,0.00
2108072,hydration_nourishment,performance,1,1,4.63,0.81,0.00,1.00,0.00
2108072,packaging,packaging,1,1,4.68,0.84,0.00,1.00,0.00
2108072,pore_clogging,performance,1,1,4.60,0.80,0.00,1.00,1.00
2108073,cleansing_makeup_removal,performance,2,1,4.67,0.84,0.00,1.00,0.00
2108274,effectiveness,performance,2,1,4.33,0.67,0.00,1.00,0.00
2108274,efficiency,economic,1,1,4.32,0.66,0.00,1.00,0.00
2108505,effectiveness,performance,2,1,4.66,0.83,0.00,1.00,0.00
2108855,absorption_finish,sensory,1,1,4.73,0.86,0.00,1.00,0.00
2108855,scent,sensory,1,1,4.62,0.81,0.00,1.00,0.00
2108855,texture_consistency,sensory,1,1,4.73,0.86,0.00,1.00,0.00
2109263,hydration_nourishment,performance,5,5,3.99,0.49,0.20,0.80,0.20
2109263,scent,sensory,3,3,4.39,0.69,0.00,1.00,0.00
2109263,packaging,packaging,2,2,4.18,0.59,0.00,1.00,0.00
2109263,effectiveness,performance,1,1,4.36,0.68,0.00,1.00,0.00
2109264,hydration_nourishment,performance,4,4,4.83,0.91,0.00,1.00,0.00
2109264,application,sensory,1,1,4.64,0.82,0.00,1.00,0.00
2109264,effectiveness,performance,1,1,4.66,0.83,0.00,1.00,0.00
2109264,scent,sensory,1,1,4.66,0.83,0.00,1.00,0.00
2109264,texture_consistency,sensory,1,1,4.64,0.82,0.00,1.00,0.00
2109269,formula_composition,formula,3,3,4.16,0.58,0.00,1.00,0.00
2109269,texture_consistency,sensory,3,3,3.57,0.28,0.33,0.67,0.33
2109269,hydration_nourishment,performance,2,2,4.22,0.61,0.00,1.00,0.00
2109269,price_value,economic,2,2,4.03,0.52,0.00,0.50,0.00
2109269,absorption_finish,sensory,1,1,4.39,0.69,0.00,1.00,0.00
2109269,effectiveness,performance,1,1,4.48,0.74,0.00,1.00,0.00
2109269,scent,sensory,1,1,1.40,-0.80,1.00,0.00,1.00
2109577,hydration_nourishment,performance,2,2,3.31,0.15,0.50,0.50,0.00
2109577,formula_composition,formula,1,1,4.71,0.85,0.00,1.00,0.00
2109577,packaging,packaging,1,1,4.48,0.74,0.00,1.00,0.00
2109577,scent,sensory,1,1,4.48,0.74,0.00,1.00,0.00
2109628,scent,sensory,2,2,2.63,-0.18,0.50,0.50,0.50
2109628,skin_tolerance,performance,2,2,2.57,-0.21,0.50,0.00,0.50
2109628,application,sensory,1,1,4.07,0.53,0.00,1.00,0.00
2109628,effectiveness,performance,1,1,4.53,0.77,0.00,1.00,0.00
2109628,formula_composition,formula,1,1,3.87,0.43,0.00,1.00,0.00
2110037,hydration_nourishment,performance,4,4,3.98,0.49,0.25,0.75,0.00
2110037,absorption_finish,sensory,2,2,3.34,0.17,0.50,0.50,0.00
2110037,effectiveness,performance,2,2,3.43,0.21,0.50,0.50,0.00
2110037,scent,sensory,2,2,1.89,-0.56,1.00,0.00,0.00
2110103,hydration_nourishment,performance,1,1,3.13,0.06,1.00,0.00,0.00
2110103,scent,sensory,1,1,1.40,-0.80,1.00,0.00,1.00
2110104,effectiveness,performance,6,5,3.29,0.14,0.40,0.20,0.10
2110104,hydration_nourishment,performance,6,6,3.63,0.32,0.17,0.33,0.00
2110104,formula_composition,formula,1,1,4.91,0.95,0.00,1.00,0.00
2110104,packaging,packaging,1,1,2.73,-0.14,1.00,0.00,0.00
2110104,price_value,economic,1,1,2.90,-0.05,1.00,0.00,0.00
2110105,hydration_nourishment,performance,5,5,3.70,0.35,0.20,0.60,0.20
2110105,effectiveness,performance,3,3,3.79,0.39,0.33,0.67,0.00
2110105,absorption_finish,sensory,1,1,1.40,-0.80,1.00,0.00,1.00
2110105,formula_composition,formula,1,1,4.48,0.74,0.00,1.00,0.00
2110105,price_value,economic,1,1,4.19,0.60,0.00,1.00,0.00
2110105,skin_tolerance,performance,1,1,3.69,0.34,0.00,0.00,0.00
2110469,scent,sensory,1,1,4.62,0.81,0.00,1.00,0.00
2110479,effectiveness,performance,2,2,4.86,0.93,0.00,1.00,0.00
2110479,formula_composition,formula,1,1,4.85,0.93,0.00,1.00,0.00
2110479,packaging,packaging,1,1,3.70,0.35,0.00,0.00,0.00
2110483,cleansing_makeup_removal,performance,1,1,4.18,0.59,0.00,1.00,0.00
2110483,hydration_nourishment,performance,1,1,1.40,-0.80,1.00,0.00,1.00
2110483,pore_clogging,performance,1,1,4.60,0.80,0.00,1.00,1.00
2110483,price_value,economic,1,1,3.97,0.49,0.00,1.00,0.00
2110606,effectiveness,performance,1,1,4.60,0.80,0.00,1.00,1.00
2110606,formula_composition,formula,1,1,4.87,0.93,0.00,1.00,0.00
2110606,hydration_nourishment,performance,1,1,4.65,0.83,0.00,1.00,0.00
2110741,skin_tolerance,performance,1,1,4.78,0.89,0.00,1.00,0.00
2110743,scent,sensory,1,1,4.89,0.95,0.00,1.00,0.00
2110744,scent,sensory,2,2,4.78,0.89,0.00,1.00,0.00
2110744,texture_consistency,sensory,2,2,4.23,0.62,0.00,0.50,0.00
2110770,cleansing_makeup_removal,performance,1,1,4.88,0.94,0.00,1.00,0.00
2110770,effectiveness,performance,1,1,4.95,0.98,0.00,1.00,0.00
2110771,hydration_nourishment,performance,1,1,4.83,0.91,0.00,1.00,0.00
2110772,absorption_finish,sensory,2,2,4.57,0.78,0.00,1.00,0.00
2110772,effectiveness,performance,2,2,4.91,0.95,0.00,1.00,0.00
2110780,hydration_nourishment,performance,2,2,4.92,0.96,0.00,1.00,0.00
2110785,effectiveness,performance,5,2,3.11,0.06,0.50,0.50,0.25
2110785,hydration_nourishment,performance,2,2,4.87,0.93,0.00,1.00,0.00
2110787,effectiveness,performance,4,2,2.70,-0.15,0.50,0.50,0.50
2110787,hydration_nourishment,performance,1,1,4.91,0.95,0.00,1.00,0.00
2110788,hydration_nourishment,performance,2,2,4.86,0.93,0.00,1.00,0.00
2110788,effectiveness,performance,1,1,4.35,0.67,0.00,1.00,0.00
2110789,hydration_nourishment,performance,1,1,1.41,-0.79,1.00,0.00,0.00
2110790,effectiveness,performance,1,1,4.27,0.63,0.00,1.00,0.00
2110790,hydration_nourishment,performance,1,1,4.99,0.99,0.00,1.00,0.00
2110790,price_value,economic,1,1,4.43,0.72,0.00,1.00,0.00
2110792,skin_tolerance,performance,3,3,2.44,-0.28,0.67,0.33,0.67
2110792,effectiveness,performance,2,2,4.76,0.88,0.00,1.00,0.50
2110792,texture_consistency,sensory,2,2,2.55,-0.22,0.50,0.00,0.50
2110792,cleansing_makeup_removal,performance,1,1,4.71,0.85,0.00,1.00,0.00
2110792,formula_composition,formula,1,1,4.63,0.82,0.00,1.00,0.00
2110792,hydration_nourishment,performance,1,1,4.71,0.85,0.00,1.00,0.00
2110798,effectiveness,performance,1,1,4.90,0.95,0.00,1.00,0.00
2110798,skin_tolerance,performance,1,1,4.60,0.80,0.00,1.00,1.00
2110818,effectiveness,performance,3,3,4.12,0.56,0.33,0.67,0.00
2110818,price_value,economic,1,1,4.75,0.87,0.00,1.00,0.00
2110819,absorption_finish,sensory,2,1,2.81,-0.10,1.00,0.00,0.50
2110819,texture_consistency,sensory,2,1,3.62,0.31,0.00,0.00,0.00
2110819,effectiveness,performance,1,1,4.88,0.94,0.00,1.00,0.00
2110819,hydration_nourishment,performance,1,1,4.88,0.94,0.00,1.00,0.00
2110820,effectiveness,performance,5,5,3.17,0.08,0.60,0.40,0.00
2110820,formula_composition,formula,2,2,4.48,0.74,0.00,1.00,0.00
2110820,hydration_nourishment,performance,1,1,4.48,0.74,0.00,1.00,0.00
2110820,packaging,packaging,1,1,4.48,0.74,0.00,1.00,0.00
2110829,formula_composition,formula,1,1,4.73,0.87,0.00,1.00,0.00
2110829,hydration_nourishment,performance,1,1,4.96,0.98,0.00,1.00,0.00
2110829,skin_tolerance,performance,1,1,4.60,0.80,0.00,1.00,1.00
2110830,hydration_nourishment,performance,4,3,4.66,0.83,0.00,1.00,0.00
2110830,skin_tolerance,performance,3,3,4.81,0.91,0.00,1.00,0.00
2110830,effectiveness,performance,2,2,4.80,0.90,0.00,1.00,0.00
2110831,packaging,packaging,1,1,4.58,0.79,0.00,1.00,0.00
2110831,price_value,economic,1,1,4.58,0.79,0.00,1.00,0.00
2110839,effectiveness,performance,3,2,3.59,0.29,0.50,0.50,0.00
2110839,efficiency,economic,2,1,4.09,0.54,0.00,1.00,0.00
2110839,packaging,packaging,1,1,3.90,0.45,0.00,1.00,0.00
2110839,price_value,economic,1,1,3.90,0.45,0.00,1.00,0.00
2110839,skin_tolerance,performance,1,1,3.35,0.18,0.00,0.00,0.00
2110841,effectiveness,performance,7,6,4.55,0.77,0.00,1.00,0.17
2110841,price_value,economic,1,1,2.59,-0.20,1.00,0.00,0.00
2111318,hydration_nourishment,performance,2,2,4.75,0.87,0.00,1.00,0.00
2111318,cleansing_makeup_removal,performance,1,1,4.66,0.83,0.00,1.00,0.00
2111318,effectiveness,performance,1,1,4.66,0.83,0.00,1.00,0.00
2111318,skin_tolerance,performance,1,1,4.60,0.80,0.00,1.00,1.00
2111323,hydration_nourishment,performance,2,2,4.78,0.89,0.00,1.00,0.00
2111323,absorption_finish,sensory,1,1,4.62,0.81,0.00,1.00,0.00
2111323,application,sensory,1,1,4.62,0.81,0.00,1.00,0.00
2111323,packaging,packaging,1,1,4.84,0.92,0.00,1.00,0.00
2111323,price_value,economic,1,1,4.69,0.85,0.00,1.00,0.00
2111323,texture_consistency,sensory,1,1,4.55,0.78,0.00,1.00,0.00
2111324,scent,sensory,1,1,4.51,0.75,0.00,1.00,0.00
2111324,texture_consistency,sensory,1,1,3.65,0.33,0.00,0.00,0.00
2111392,hydration_nourishment,performance,3,3,3.22,0.11,0.33,0.33,0.33
2111392,scent,sensory,2,2,4.62,0.81,0.00,1.00,0.00
2111392,absorption_finish,sensory,1,1,3.26,0.13,0.00,0.00,0.00
2111392,effectiveness,performance,1,1,4.26,0.63,0.00,1.00,0.00
2111392,texture_consistency,sensory,1,1,4.69,0.85,0.00,1.00,0.00
2111393,application,sensory,1,1,4.28,0.64,0.00,1.00,0.00
2111393,formula_composition,formula,1,1,4.92,0.96,0.00,1.00,0.00
2111393,hydration_nourishment,performance,1,1,4.92,0.96,0.00,1.00,0.00
2111393,price_value,economic,1,1,4.29,0.65,0.00,1.00,0.00
2111394,formula_composition,formula,1,1,4.82,0.91,0.00,1.00,0.00
2111394,hydration_nourishment,performance,1,1,4.60,0.80,0.00,1.00,1.00
2111394,scent,sensory,1,1,3.02,0.01,1.00,0.00,0.00
2111394,skin_tolerance,performance,1,1,1.40,-0.80,1.00,0.00,1.00
2111394,texture_consistency,sensory,1,1,4.82,0.91,0.00,1.00,0.00
2111397,formula_composition,formula,1,1,3.50,0.25,0.00,0.00,0.00
2111397,skin_tolerance,performance,1,1,4.60,0.80,0.00,1.00,1.00
2111841,skin_tolerance,performance,1,1,4.60,0.80,0.00,1.00,1.00
2112072,hydration_nourishment,performance,4,3,4.80,0.90,0.00,1.00,0.00
2112078,formula_composition,formula,1,1,4.36,0.68,0.00,1.00,0.00
2112115,formula_composition,formula,1,1,4.67,0.84,0.00,1.00,0.00
2112117,hydration_nourishment,performance,1,1,4.94,0.97,0.00,1.00,0.00
2112283,application,sensory,1,1,4.83,0.91,0.00,1.00,0.00
2112283,effectiveness,performance,1,1,4.83,0.91,0.00,1.00,0.00
2112283,hydration_nourishment,performance,1,1,4.93,0.96,0.00,1.00,0.00
2112283,texture_consistency,sensory,1,1,4.71,0.85,0.00,1.00,0.00
2112284,hydration_nourishment,performance,5,4,4.79,0.90,0.00,1.00,0.00
2112284,effectiveness,performance,2,2,4.43,0.71,0.00,1.00,0.00
2112284,packaging,packaging,1,1,3.96,0.48,0.00,1.00,0.00
2112284,texture_consistency,sensory,1,1,4.73,0.87,0.00,1.00,0.00
2112285,hydration_nourishment,performance,3,3,4.78,0.89,0.00,1.00,0.00
2112285,scent,sensory,1,1,4.62,0.81,0.00,1.00,0.00
2112298,hydration_nourishment,performance,5,5,4.85,0.93,0.00,1.00,0.00
2112298,effectiveness,performance,2,2,3.26,0.13,0.50,0.50,0.00
2112298,texture_consistency,sensory,2,2,4.83,0.91,0.00,1.00,0.00
2112298,skin_tolerance,performance,1,1,4.83,0.91,0.00,1.00,0.00
2112301,scent,sensory,3,3,4.57,0.78,0.00,1.00,0.00
2112301,hydration_nourishment,performance,2,2,4.93,0.96,0.00,1.00,0.00
2112308,effectiveness,performance,2,2,3.88,0.44,0.00,0.50,0.00
2112308,scent,sensory,2,2,3.59,0.29,0.50,0.50,0.00
2112308,formula_composition,formula,1,1,4.51,0.76,0.00,1.00,0.00
2112308,hydration_nourishment,performance,1,1,4.95,0.98,0.00,1.00,0.00
2112321,absorption_finish,sensory,1,1,4.79,0.89,0.00,1.00,0.00
2112321,skin_tolerance,performance,1,1,1.40,-0.80,1.00,0.00,1.00
2112323,effectiveness,performance,1,1,2.20,-0.40,1.00,0.00,0.00
2112323,price_value,economic,1,1,4.48,0.74,0.00,1.00,0.00
2112323,texture_consistency,sensory,1,1,1.40,-0.80,1.00,0.00,1.00
2112360,effectiveness,performance,4,4,3.47,0.24,0.25,0.50,0.25
2112360,skin_tolerance,performance,1,1,4.26,0.63,0.00,1.00,0.00
2112446,effectiveness,performance,1,1,4.19,0.59,0.00,1.00,0.00
2112525,hydration_nourishment,performance,2,2,3.16,0.08,0.50,0.50,0.50
2112526,hydration_nourishment,performance,1,1,4.74,0.87,0.00,1.00,0.00
2113019,skin_tolerance,performance,1,1,4.43,0.72,0.00,1.00,0.00
2113399,effectiveness,performance,4,4,4.58,0.79,0.00,1.00,0.25
2113401,hydration_nourishment,performance,3,3,4.92,0.96,0.00,1.00,0.00
2113401,application,sensory,2,2,4.66,0.83,0.00,1.00,0.00
2113401,effectiveness,performance,2,2,4.84,0.92,0.00,1.00,0.00
2113435,efficiency,economic,1,1,4.50,0.75,0.00,1.00,0.00
2113436,effectiveness,performance,4,4,4.16,0.58,0.25,0.75,0.00
2113436,application,sensory,2,2,3.78,0.39,0.50,0.50,0.00
2113436,packaging,packaging,1,1,4.48,0.74,0.00,1.00,0.00
2113438,hydration_nourishment,performance,3,3,4.88,0.94,0.00,1.00,0.00
2113438,application,sensory,2,2,4.70,0.85,0.00,1.00,0.00
2113438,absorption_finish,sensory,1,1,4.90,0.95,0.00,1.00,0.00
2113438,effectiveness,performance,1,1,4.88,0.94,0.00,1.00,0.00
2113438,efficiency,economic,1,1,4.97,0.98,0.00,1.00,0.00
2113438,formula_composition,formula,1,1,4.66,0.83,0.00,1.00,0.00
2113443,texture_consistency,sensory,3,2,4.53,0.77,0.00,1.00,0.00
2113443,absorption_finish,sensory,2,2,4.72,0.86,0.00,1.00,0.50
2113443,application,sensory,2,2,4.64,0.82,0.00,1.00,0.00
2113443,formula_composition,formula,2,2,4.64,0.82,0.00,1.00,0.00
2113443,hydration_nourishment,performance,2,2,4.85,0.93,0.00,1.00,0.00
2113443,cleansing_makeup_removal,performance,1,1,4.88,0.94,0.00,1.00,0.00
2113443,effectiveness,performance,1,1,4.82,0.91,0.00,1.00,0.00
2113443,pore_clogging,performance,1,1,4.60,0.80,0.00,1.00,1.00
2113443,scent,sensory,1,1,4.60,0.80,0.00,1.00,0.00
2113444,effectiveness,performance,6,6,4.69,0.84,0.00,1.00,0.33
2113444,hydration_nourishment,performance,6,5,4.79,0.90,0.00,1.00,0.00
2113444,application,sensory,3,3,4.74,0.87,0.00,1.00,0.00
2113444,packaging,packaging,1,1,4.08,0.54,0.00,1.00,0.00
2113444,skin_tolerance,performance,1,1,4.91,0.95,0.00,1.00,0.00
2113444,texture_consistency,sensory,1,1,4.38,0.69,0.00,1.00,0.00
2113515,absorption_finish,sensory,4,4,4.82,0.91,0.00,1.00,0.00
2113515,application,sensory,1,1,4.52,0.76,0.00,1.00,0.00
2113515,effectiveness,performance,1,1,4.41,0.71,0.00,1.00,0.00
2113515,scent,sensory,1,1,4.50,0.75,0.00,1.00,0.00
2113515,texture_consistency,sensory,1,1,4.50,0.75,0.00,1.00,0.00
2113521,hydration_nourishment,performance,3,3,4.77,0.88,0.00,1.00,0.00
2113521,price_value,economic,2,1,4.14,0.57,0.00,1.00,0.00
2113521,absorption_finish,sensory,1,1,4.96,0.98,0.00,1.00,0.00
2113521,effectiveness,performance,1,1,4.75,0.88,0.00,1.00,0.00
2113521,formula_composition,formula,1,1,3.73,0.37,0.00,0.00,0.00
2113522,effectiveness,performance,1,1,1.40,-0.80,1.00,0.00,1.00
2113522,hydration_nourishment,performance,1,1,4.91,0.96,0.00,1.00,0.00
2113522,scent,sensory,1,1,1.40,-0.80,1.00,0.00,1.00
2113523,hydration_nourishment,performance,3,3,2.54,-0.23,0.67,0.33,0.67
2113523,effectiveness,performance,2,1,3.54,0.27,0.00,0.00,0.00
2113523,skin_tolerance,performance,2,2,2.01,-0.50,1.00,0.00,0.50
2113523,efficiency,economic,1,1,4.95,0.97,0.00,1.00,0.00
2113525,hydration_nourishment,performance,4,4,3.90,0.45,0.25,0.75,0.25
2113525,effectiveness,performance,3,3,4.70,0.85,0.00,1.00,0.00
2113525,application,sensory,2,2,4.71,0.85,0.00,1.00,0.00
2113525,scent,sensory,1,1,4.87,0.93,0.00,1.00,0.00
2113525,skin_tolerance,performance,1,1,4.60,0.80,0.00,1.00,1.00
2113525,texture_consistency,sensory,1,1,4.82,0.91,0.00,1.00,0.00
2113526,effectiveness,performance,2,2,3.01,0.01,0.50,0.50,0.50
2113526,application,sensory,1,1,4.88,0.94,0.00,1.00,0.00
2113526,cleansing_makeup_removal,performance,1,1,4.21,0.61,0.00,1.00,0.00
2113526,hydration_nourishment,performance,1,1,4.88,0.94,0.00,1.00,0.00
2113526,price_value,economic,1,1,4.85,0.93,0.00,1.00,0.00
2113526,scent,sensory,1,1,4.35,0.67,0.00,1.00,0.00
2113526,skin_tolerance,performance,1,1,4.60,0.80,0.00,1.00,1.00
2113526,texture_consistency,sensory,1,1,3.75,0.37,0.00,0.00,0.00
2113529,effectiveness,performance,6,4,4.50,0.75,0.00,1.00,0.00
2113529,application,sensory,2,2,4.61,0.81,0.00,1.00,0.00
2113529,hydration_nourishment,performance,2,2,4.76,0.88,0.00,1.00,0.00
2113529,price_value,economic,2,2,4.75,0.87,0.00,1.00,0.00
2113529,absorption_finish,sensory,1,1,4.72,0.86,0.00,1.00,0.00
2113529,skin_tolerance,performance,1,1,1.40,-0.80,1.00,0.00,1.00
2113529,texture_consistency,sensory,1,1,1.40,-0.80,1.00,0.00,1.00
2113530,effectiveness,performance,9,4,4.39,0.69,0.00,1.00,0.00
2113530,hydration_nourishment,performance,4,4,4.90,0.95,0.00,1.00,0.00
2113530,price_value,economic,4,4,4.35,0.67,0.00,1.00,0.00
2113530,absorption_finish,sensory,3,3,4.57,0.78,0.00,1.00,0.00
2113530,texture_consistency,sensory,3,3,1.40,-0.80,1.00,0.00,1.00
2113530,pore_clogging,performance,2,2,4.60,0.80,0.00,1.00,1.00
2113530,scent,sensory,2,2,4.39,0.69,0.00,1.00,0.00
2113535,hydration_nourishment,performance,3,3,4.85,0.92,0.00,1.00,0.00
2113535,effectiveness,performance,2,2,4.79,0.90,0.00,1.00,0.00
2113535,skin_tolerance,performance,2,2,3.00,-0.00,0.50,0.50,1.00
2113535,price_value,economic,1,1,4.79,0.90,0.00,1.00,0.00
2113535,scent,sensory,1,1,4.79,0.90,0.00,1.00,0.00
2113536,pore_clogging,performance,2,2,4.60,0.80,0.00,1.00,1.00
2113536,absorption_finish,sensory,1,1,4.60,0.80,0.00,1.00,1.00
2113536,application,sensory,1,1,4.78,0.89,0.00,1.00,0.00
2113536,effectiveness,performance,1,1,4.96,0.98,0.00,1.00,0.00
2113536,hydration_nourishment,performance,1,1,4.78,0.89,0.00,1.00,0.00
2113536,texture_consistency,sensory,1,1,4.56,0.78,0.00,1.00,0.00
2113537,absorption_finish,sensory,4,4,4.75,0.87,0.00,1.00,0.25
2113537,cleansing_makeup_removal,performance,3,3,4.53,0.77,0.00,1.00,0.00
2113537,effectiveness,performance,3,3,4.64,0.82,0.00,1.00,0.00
2113537,application,sensory,2,2,4.68,0.84,0.00,1.00,0.00
2113537,hydration_nourishment,performance,2,2,4.72,0.86,0.00,1.00,0.00
2113537,texture_consistency,sensory,2,2,4.53,0.77,0.00,1.00,0.00
2113537,formula_composition,formula,1,1,4.44,0.72,0.00,1.00,0.00
2113537,pore_clogging,performance,1,1,4.60,0.80,0.00,1.00,1.00
2113537,price_value,economic,1,1,4.65,0.82,0.00,1.00,0.00
2113537,skin_tolerance,performance,1,1,4.60,0.80,0.00,1.00,1.00
2113538,application,sensory,3,2,4.46,0.73,0.00,1.00,0.00
2113538,effectiveness,performance,3,3,3.58,0.29,0.33,0.67,0.00
2113538,absorption_finish,sensory,1,1,4.59,0.80,0.00,1.00,0.00
2113538,hydration_nourishment,performance,1,1,1.40,-0.80,1.00,0.00,1.00
2113538,skin_tolerance,performance,1,1,1.40,-0.80,1.00,0.00,1.00
2113538,texture_consistency,sensory,1,1,4.89,0.94,0.00,1.00,0.00
2113539,effectiveness,performance,5,4,4.59,0.80,0.00,1.00,0.25
2113539,hydration_nourishment,performance,3,3,4.67,0.83,0.00,1.00,0.00
2113539,application,sensory,1,1,4.58,0.79,0.00,1.00,0.00
2113539,cleansing_makeup_removal,performance,1,1,4.81,0.91,0.00,1.00,0.00
2113539,packaging,packaging,1,1,4.84,0.92,0.00,1.00,0.00
2113539,price_value,economic,1,1,4.75,0.87,0.00,1.00,0.00
2113547,absorption_finish,sensory,2,2,4.73,0.87,0.00,1.00,0.00
2113547,hydration_nourishment,performance,2,2,4.88,0.94,0.00,1.00,0.00
2113547,texture_consistency,sensory,2,2,4.73,0.87,0.00,1.00,0.00
2113547,application,sensory,1,1,4.85,0.93,0.00,1.00,0.00
2113547,effectiveness,performance,1,1,4.85,0.93,0.00,1.00,0.00
2113547,price_value,economic,1,1,4.68,0.84,0.00,1.00,0.00
2113547,scent,sensory,1,1,4.68,0.84,0.00,1.00,0.00
2113549,formula_composition,formula,2,1,2.68,-0.16,1.00,0.00,0.00
2113549,hydration_nourishment,performance,2,2,3.40,0.20,0.50,0.50,0.00
2113549,skin_tolerance,performance,2,2,3.00,-0.00,0.50,0.50,1.00
2113549,effectiveness,performance,1,1,2.11,-0.44,1.00,0.00,0.00
2113549,packaging,packaging,1,1,3.06,0.03,1.00,0.00,0.00
2113549,scent,sensory,1,1,4.83,0.91,0.00,1.00,0.00
2113556,effectiveness,performance,4,3,4.05,0.52,0.33,0.67,0.00
2113556,price_value,economic,1,1,4.26,0.63,0.00,1.00,0.00
2113560,cleansing_makeup_removal,performance,1,1,4.64,0.82,0.00,1.00,0.00
2113560,effectiveness,performance,1,1,4.60,0.80,0.00,1.00,1.00
2113560,hydration_nourishment,performance,1,1,4.75,0.88,0.00,1.00,0.00
2113560,packaging,packaging,1,1,4.41,0.71,0.00,1.00,0.00
2113622,cleansing_makeup_removal,performance,3,3,4.44,0.72,0.00,1.00,0.00
2113622,texture_consistency,sensory,2,2,2.65,-0.17,0.50,0.50,0.50
2113622,effectiveness,performance,1,1,2.49,-0.26,1.00,0.00,0.00
2113622,scent,sensory,1,1,4.94,0.97,0.00,1.00,0.00
2113622,skin_tolerance,performance,1,1,4.60,0.80,0.00,1.00,1.00
2113623,cleansing_makeup_removal,performance,4,4,3.16,0.08,0.50,0.50,0.50
2113623,scent,sensory,4,4,4.71,0.86,0.00,1.00,0.00
2113623,hydration_nourishment,performance,2,2,4.06,0.53,0.00,0.50,0.50
2113623,skin_tolerance,performance,1,1,4.60,0.80,0.00,1.00,1.00
2113624,cleansing_makeup_removal,performance,3,3,4.40,0.70,0.00,1.00,0.00
2113624,effectiveness,performance,2,2,4.71,0.85,0.00,1.00,0.00
2113624,hydration_nourishment,performance,1,1,4.45,0.73,0.00,1.00,0.00
2113624,price_value,economic,1,1,4.96,0.98,0.00,1.00,0.00
2113624,scent,sensory,1,1,4.92,0.96,0.00,1.00,0.00
2113624,texture_consistency,sensory,1,1,4.76,0.88,0.00,1.00,0.00
2113625,effectiveness,performance,3,3,3.85,0.43,0.00,0.33,0.00
2113625,scent,sensory,3,3,4.34,0.67,0.00,0.67,0.00
2113625,formula_composition,formula,2,2,4.07,0.54,0.00,0.50,0.00
2113625,hydration_nourishment,performance,2,2,4.05,0.53,0.00,0.50,0.00
2113625,application,sensory,1,1,4.45,0.73,0.00,1.00,0.00
2113625,cleansing_makeup_removal,performance,1,1,4.92,0.96,0.00,1.00,0.00
2113625,packaging,packaging,1,1,3.89,0.44,0.00,1.00,0.00
2113626,cleansing_makeup_removal,performance,6,3,3.46,0.23,0.33,0.67,0.00
2113626,formula_composition,formula,2,1,3.22,0.11,0.00,0.00,0.00
2113626,texture_consistency,sensory,2,1,1.40,-0.80,1.00,0.00,1.00
2113626,absorption_finish,sensory,1,1,1.40,-0.80,1.00,0.00,1.00
2113626,effectiveness,performance,1,1,3.62,0.31,0.00,0.00,0.00
2113626,packaging,packaging,1,1,2.82,-0.09,1.00,0.00,0.00
2113627,scent,sensory,2,2,4.83,0.91,0.00,1.00,0.00
2113627,absorption_finish,sensory,1,1,4.89,0.94,0.00,1.00,0.00
2113627,effectiveness,performance,1,1,4.75,0.87,0.00,1.00,0.00
2113627,hydration_nourishment,performance,1,1,4.75,0.87,0.00,1.00,0.00
2113627,packaging,packaging,1,1,3.52,0.26,0.00,0.00,0.00
2113628,effectiveness,performance,4,4,4.62,0.81,0.00,1.00,0.25
2113628,hydration_nourishment,performance,3,3,4.71,0.86,0.00,1.00,0.00
2113628,absorption_finish,sensory,2,1,4.63,0.82,0.00,1.00,0.00
2113628,application,sensory,2,2,4.66,0.83,0.00,1.00,0.00
2113628,formula_composition,formula,2,2,4.73,0.87,0.00,1.00,0.00
2113628,texture_consistency,sensory,2,2,4.83,0.91,0.00,1.00,0.00
2113628,packaging,packaging,1,1,4.34,0.67,0.00,1.00,0.00
2113628,scent,sensory,1,1,4.59,0.79,0.00,1.00,0.00
2113628,skin_tolerance,performance,1,1,4.60,0.80,0.00,1.00,1.00
2113629,cleansing_makeup_removal,performance,1,1,4.48,0.74,0.00,1.00,0.00
2113629,hydration_nourishment,performance,1,1,4.48,0.74,0.00,1.00,0.00
2113631,hydration_nourishment,performance,5,5,4.88,0.94,0.00,1.00,0.00
2113631,scent,sensory,3,3,4.81,0.90,0.00,1.00,0.00
2113631,absorption_finish,sensory,1,1,4.75,0.87,0.00,1.00,0.00
2113631,effectiveness,performance,1,1,4.75,0.87,0.00,1.00,0.00
2113631,efficiency,economic,1,1,4.75,0.87,0.00,1.00,0.00
2113631,texture_consistency,sensory,1,1,4.65,0.82,0.00,1.00,0.00
2113640,application,sensory,1,1,4.87,0.93,0.00,1.00,0.00
2113640,effectiveness,performance,1,1,4.60,0.80,0.00,1.00,1.00
2113641,texture_consistency,sensory,2,2,3.01,0.00,0.50,0.50,0.50
2113641,application,sensory,1,1,4.61,0.81,0.00,1.00,0.00
2113641,hydration_nourishment,performance,1,1,4.83,0.91,0.00,1.00,0.00
2113645,absorption_finish,sensory,1,1,4.60,0.80,0.00,1.00,1.00
2113645,application,sensory,1,1,4.57,0.79,0.00,1.00,0.00
2113645,texture_consistency,sensory,1,1,4.52,0.76,0.00,1.00,0.00
2113647,absorption_finish,sensory,1,1,4.94,0.97,0.00,1.00,0.00
2113647,application,sensory,1,1,4.72,0.86,0.00,1.00,0.00
2113647,hydration_nourishment,performance,1,1,4.94,0.97,0.00,1.00,0.00
2113647,packaging,packaging,1,1,4.61,0.81,0.00,1.00,0.00
2113651,packaging,packaging,1,1,4.39,0.69,0.00,1.00,0.00
2113651,texture_consistency,sensory,1,1,4.66,0.83,0.00,1.00,0.00
2113653,hydration_nourishment,performance,9,6,4.03,0.52,0.17,0.83,0.17
2113653,application,sensory,8,7,4.54,0.77,0.00,0.86,0.14
2113653,absorption_finish,sensory,4,3,3.28,0.14,0.33,0.33,0.33
2113653,cleansing_makeup_removal,performance,2,2,3.94,0.47,0.50,0.50,0.00
2113653,effectiveness,performance,2,2,4.82,0.91,0.00,1.00,0.00
2113653,packaging,packaging,2,2,4.52,0.76,0.00,1.00,0.00
2113653,scent,sensory,2,2,3.89,0.45,0.50,0.50,0.00
2113653,texture_consistency,sensory,2,2,4.67,0.83,0.00,1.00,0.00
2113653,formula_composition,formula,1,1,4.84,0.92,0.00,1.00,0.00
2113653,pore_clogging,performance,1,1,4.60,0.80,0.00,1.00,1.00
2113654,hydration_nourishment,performance,5,4,3.90,0.45,0.25,0.75,0.25
2113654,application,sensory,2,2,4.68,0.84,0.00,1.00,0.00
2113654,effectiveness,performance,1,1,2.62,-0.19,1.00,0.00,0.00
2113654,texture_consistency,sensory,1,1,4.37,0.68,0.00,1.00,0.00
2113656,application,sensory,1,1,4.87,0.93,0.00,1.00,0.00
2113656,packaging,packaging,1,1,4.62,0.81,0.00,1.00,0.00
2113656,scent,sensory,1,1,2.54,-0.23,1.00,0.00,0.00
2113656,skin_tolerance,performance,1,1,4.56,0.78,0.00,1.00,0.00
2113657,cleansing_makeup_removal,performance,3,3,4.84,0.92,0.00,1.00,0.00
2113657,scent,sensory,2,2,4.74,0.87,0.00,1.00,0.00
2113657,application,sensory,1,1,4.74,0.87,0.00,1.00,0.00
2113657,efficiency,economic,1,1,4.83,0.91,0.00,1.00,0.00
2113657,hydration_nourishment,performance,1,1,4.60,0.80,0.00,1.00,1.00
2113657,packaging,packaging,1,1,4.74,0.87,0.00,1.00,0.00
2113668,effectiveness,performance,5,4,3.91,0.45,0.25,0.75,0.00
2113668,hydration_nourishment,performance,3,3,4.87,0.93,0.00,1.00,0.00
2113668,scent,sensory,3,2,4.39,0.69,0.00,1.00,0.00
2113668,texture_consistency,sensory,3,3,3.26,0.13,0.33,0.33,0.33
2113668,absorption_finish,sensory,2,2,4.85,0.93,0.00,1.00,0.00
2113668,application,sensory,1,1,4.85,0.92,0.00,1.00,0.00
2113668,formula_composition,formula,1,1,3.92,0.46,0.00,1.00,0.00
2113668,packaging,packaging,1,1,2.40,-0.30,1.00,0.00,0.00
2113668,price_value,economic,1,1,3.75,0.37,0.00,0.00,0.00
2113699,effectiveness,performance,1,1,4.91,0.96,0.00,1.00,0.00
2113701,application,sensory,1,1,4.56,0.78,0.00,1.00,0.00
2113701,hydration_nourishment,performance,1,1,4.93,0.96,0.00,1.00,0.00
2113702,effectiveness,performance,1,1,4.78,0.89,0.00,1.00,0.00
2113702,hydration_nourishment,performance,1,1,4.87,0.94,0.00,1.00,0.00
2113703,effectiveness,performance,1,1,4.90,0.95,0.00,1.00,0.00
2113703,hydration_nourishment,performance,1,1,4.90,0.95,0.00,1.00,0.00
2113704,hydration_nourishment,performance,1,1,4.46,0.73,0.00,1.00,0.00
2113705,hydration_nourishment,performance,3,3,4.70,0.85,0.00,1.00,0.00
2113705,texture_consistency,sensory,2,2,3.11,0.05,0.50,0.50,0.50
2113705,price_value,economic,1,1,4.78,0.89,0.00,1.00,0.00
2113708,application,sensory,1,1,4.36,0.68,0.00,1.00,0.00
2113708,formula_composition,formula,1,1,4.90,0.95,0.00,1.00,0.00
2113708,texture_consistency,sensory,1,1,4.36,0.68,0.00,1.00,0.00
2113709,hydration_nourishment,performance,1,1,4.85,0.93,0.00,1.00,0.00
2113709,scent,sensory,1,1,4.42,0.71,0.00,1.00,0.00
2113709,texture_consistency,sensory,1,1,1.40,-0.80,1.00,0.00,1.00
2113711,absorption_finish,sensory,1,1,4.84,0.92,0.00,1.00,0.00
2113711,scent,sensory,1,1,4.84,0.92,0.00,1.00,0.00
2113727,cleansing_makeup_removal,performance,4,2,4.39,0.69,0.00,1.00,0.00
2113727,application,sensory,2,1,4.13,0.56,0.00,1.00,0.00
2113727,effectiveness,performance,1,1,4.87,0.94,0.00,1.00,0.00
2113727,hydration_nourishment,performance,1,1,1.40,-0.80,1.00,0.00,1.00
2113727,packaging,packaging,1,1,4.21,0.60,0.00,1.00,0.00
2113727,skin_tolerance,performance,1,1,4.87,0.94,0.00,1.00,0.00
2113728,hydration_nourishment,performance,3,3,4.94,0.97,0.00,1.00,0.00
2113728,skin_tolerance,performance,3,2,4.64,0.82,0.00,1.00,0.50
2113728,cleansing_makeup_removal,performance,1,1,4.77,0.89,0.00,1.00,0.00
2113728,effectiveness,performance,1,1,2.43,-0.28,1.00,0.00,0.00
2113729,effectiveness,performance,5,4,4.75,0.88,0.00,1.00,0.38
2113729,application,sensory,3,3,4.78,0.89,0.00,1.00,0.00
2113729,formula_composition,formula,3,3,4.74,0.87,0.00,1.00,0.00
2113729,hydration_nourishment,performance,1,1,4.90,0.95,0.00,1.00,0.00
2113729,packaging,packaging,1,1,3.93,0.47,0.00,1.00,0.00
2113729,price_value,economic,1,1,4.68,0.84,0.00,1.00,0.00
2113730,application,sensory,3,3,4.47,0.74,0.00,1.00,0.00
2113730,effectiveness,performance,2,2,4.70,0.85,0.00,1.00,0.00
2113730,cleansing_makeup_removal,performance,1,1,4.70,0.85,0.00,1.00,0.00
2113730,hydration_nourishment,performance,1,1,4.94,0.97,0.00,1.00,0.00
2113730,packaging,packaging,1,1,4.81,0.90,0.00,1.00,0.00
2113730,scent,sensory,1,1,4.74,0.87,0.00,1.00,0.00
2113730,skin_tolerance,performance,1,1,4.60,0.80,0.00,1.00,1.00
2113730,texture_consistency,sensory,1,1,4.36,0.68,0.00,1.00,0.00
2113735,hydration_nourishment,performance,5,5,4.28,0.64,0.00,1.00,0.40
2113735,cleansing_makeup_removal,performance,3,1,4.32,0.66,0.00,1.00,0.00
2113735,skin_tolerance,performance,3,3,4.60,0.80,0.00,1.00,1.00
2113735,scent,sensory,2,2,4.11,0.56,0.00,1.00,0.00
2113735,effectiveness,performance,1,1,4.85,0.93,0.00,1.00,0.00
2113735,price_value,economic,1,1,4.60,0.80,0.00,1.00,0.00
2113737,hydration_nourishment,performance,2,2,4.98,0.99,0.00,1.00,0.00
2113737,absorption_finish,sensory,1,1,4.40,0.70,0.00,1.00,0.00
2113737,efficiency,economic,1,1,4.98,0.99,0.00,1.00,0.00
2113737,formula_composition,formula,1,1,4.89,0.94,0.00,1.00,0.00
2113737,packaging,packaging,1,1,3.79,0.40,0.00,0.00,0.00
2113737,texture_consistency,sensory,1,1,4.30,0.65,0.00,1.00,0.00
2113738,cleansing_makeup_removal,performance,5,5,3.95,0.48,0.20,0.80,0.20
2113738,price_value,economic,2,1,3.73,0.37,0.00,0.00,0.00
2113738,hydration_nourishment,performance,1,1,4.87,0.94,0.00,1.00,0.00
2113739,hydration_nourishment,performance,4,4,4.61,0.80,0.00,1.00,0.00
2113739,application,sensory,3,3,4.59,0.80,0.00,1.00,0.00
2113739,effectiveness,performance,2,2,4.72,0.86,0.00,1.00,0.50
2113739,cleansing_makeup_removal,performance,1,1,3.36,0.18,0.00,0.00,0.00
2113739,efficiency,economic,1,1,3.36,0.18,0.00,0.00,0.00
2113739,formula_composition,formula,1,1,4.78,0.89,0.00,1.00,0.00
2113739,packaging,packaging,1,1,4.35,0.68,0.00,1.00,0.00
2113739,pore_clogging,performance,1,1,4.60,0.80,0.00,1.00,1.00
2113739,texture_consistency,sensory,1,1,4.78,0.89,0.00,1.00,0.00
2113740,hydration_nourishment,performance,3,3,4.81,0.90,0.00,1.00,0.00
2113740,effectiveness,performance,2,2,4.78,0.89,0.00,1.00,0.50
2113740,texture_consistency,sensory,2,2,3.11,0.05,0.50,0.50,0.50
2113740,absorption_finish,sensory,1,1,4.60,0.80,0.00,1.00,1.00
2113740,application,sensory,1,1,4.78,0.89,0.00,1.00,0.00
2113740,cleansing_makeup_removal,performance,1,1,4.88,0.94,0.00,1.00,0.00
2113740,formula_composition,formula,1,1,4.82,0.91,0.00,1.00,0.00
2113740,packaging,packaging,1,1,4.41,0.70,0.00,1.00,0.00
2113742,texture_consistency,sensory,2,2,3.11,0.05,0.50,0.50,0.50
2113742,absorption_finish,sensory,1,1,4.82,0.91,0.00,1.00,0.00
2113742,application,sensory,1,1,1.83,-0.58,1.00,0.00,0.00
2113742,effectiveness,performance,1,1,4.69,0.84,0.00,1.00,0.00
2113742,price_value,economic,1,1,4.91,0.95,0.00,1.00,0.00
2113742,scent,sensory,1,1,1.83,-0.58,1.00,0.00,0.00
2113742,skin_tolerance,performance,1,1,1.40,-0.80,1.00,0.00,1.00
2113743,hydration_nourishment,performance,2,2,4.30,0.65,0.00,1.00,0.00
2113743,efficiency,economic,1,1,4.55,0.77,0.00,1.00,0.00
2113743,skin_tolerance,performance,1,1,1.40,-0.80,1.00,0.00,1.00
2113745,hydration_nourishment,performance,5,5,4.82,0.91,0.00,1.00,0.00
2113745,effectiveness,performance,3,3,4.64,0.82,0.00,1.00,0.00
2113745,scent,sensory,3,3,4.79,0.90,0.00,1.00,0.00
2113745,absorption_finish,sensory,1,1,4.44,0.72,0.00,1.00,0.00
2113745,efficiency,economic,1,1,4.75,0.88,0.00,1.00,0.00
2113745,formula_composition,formula,1,1,4.42,0.71,0.00,1.00,0.00
2113745,skin_tolerance,performance,1,1,4.60,0.80,0.00,1.00,1.00
2113745,texture_consistency,sensory,1,1,4.42,0.71,0.00,1.00,0.00
2113746,cleansing_makeup_removal,performance,5,5,3.83,0.42,0.20,0.80,0.20
2113746,texture_consistency,sensory,3,3,3.10,0.05,0.33,0.33,0.33
2113746,scent,sensory,2,2,4.12,0.56,0.00,0.50,0.00
2113746,absorption_finish,sensory,1,1,4.60,0.80,0.00,1.00,1.00
2113747,hydration_nourishment,performance,4,4,4.86,0.93,0.00,1.00,0.00
2113747,scent,sensory,2,2,4.34,0.67,0.00,1.00,0.00
2113747,application,sensory,1,1,3.86,0.43,0.00,1.00,0.00
2113747,formula_composition,formula,1,1,4.96,0.98,0.00,1.00,0.00
2113747,price_value,economic,1,1,4.96,0.98,0.00,1.00,0.00
2113748,hydration_nourishment,performance,3,3,4.83,0.91,0.00,1.00,0.00
2113748,texture_consistency,sensory,2,2,4.25,0.62,0.00,0.50,0.00
2113748,absorption_finish,sensory,1,1,4.62,0.81,0.00,1.00,0.00
2113748,effectiveness,performance,1,1,3.67,0.34,0.00,0.00,0.00
2113748,price_value,economic,1,1,4.26,0.63,0.00,1.00,0.00
2113748,scent,sensory,1,1,4.62,0.81,0.00,1.00,0.00
2113749,absorption_finish,sensory,1,1,4.81,0.90,0.00,1.00,0.00
2113749,application,sensory,1,1,4.81,0.90,0.00,1.00,0.00
2113749,effectiveness,performance,1,1,3.12,0.06,1.00,0.00,0.00
2113749,formula_composition,formula,1,1,4.38,0.69,0.00,1.00,0.00
2113749,hydration_nourishment,performance,1,1,4.63,0.82,0.00,1.00,0.00
2113749,scent,sensory,1,1,4.77,0.88,0.00,1.00,0.00
2113749,skin_tolerance,performance,1,1,4.60,0.80,0.00,1.00,1.00
2113749,texture_consistency,sensory,1,1,4.77,0.88,0.00,1.00,0.00
2113750,application,sensory,2,2,4.83,0.92,0.00,1.00,0.00
2113750,effectiveness,performance,2,2,4.72,0.86,0.00,1.00,0.50
2113750,absorption_finish,sensory,1,1,4.91,0.96,0.00,1.00,0.00
2113750,hydration_nourishment,performance,1,1,4.81,0.90,0.00,1.00,0.00
2113750,packaging,packaging,1,1,4.75,0.87,0.00,1.00,0.00
2113750,price_value,economic,1,1,3.87,0.43,0.00,1.00,0.00
2113750,scent,sensory,1,1,4.60,0.80,0.00,1.00,0.00
2113750,skin_tolerance,performance,1,1,4.79,0.89,0.00,1.00,0.00
2113750,texture_consistency,sensory,1,1,4.60,0.80,0.00,1.00,0.00
2113751,scent,sensory,3,3,4.81,0.91,0.00,1.00,0.00
2113751,absorption_finish,sensory,2,2,4.83,0.92,0.00,1.00,0.00
2113751,application,sensory,1,1,4.86,0.93,0.00,1.00,0.00
2113751,effectiveness,performance,1,1,3.39,0.20,0.00,0.00,0.00
2113751,hydration_nourishment,performance,1,1,4.98,0.99,0.00,1.00,0.00
2113751,texture_consistency,sensory,1,1,4.76,0.88,0.00,1.00,0.00
2113752,cleansing_makeup_removal,performance,7,6,3.34,0.17,0.33,0.50,0.33
2113752,packaging,packaging,2,1,4.53,0.76,0.00,1.00,0.00
2113752,scent,sensory,2,2,4.05,0.53,0.00,1.00,0.00
2113752,texture_consistency,sensory,2,2,2.24,-0.38,1.00,0.00,0.50
2113752,absorption_finish,sensory,1,1,4.68,0.84,0.00,1.00,0.00
2113752,application,sensory,1,1,1.40,-0.80,1.00,0.00,1.00
2113752,efficiency,economic,1,1,4.32,0.66,0.00,1.00,0.00
2113752,hydration_nourishment,performance,1,1,4.82,0.91,0.00,1.00,0.00
2113753,scent,sensory,5,5,4.13,0.57,0.00,0.60,0.00
2113753,texture_consistency,sensory,3,3,4.22,0.61,0.00,0.67,0.00
2113753,cleansing_makeup_removal,performance,2,2,4.04,0.52,0.00,0.50,0.00
2113753,efficiency,economic,2,2,4.20,0.60,0.00,0.50,0.00
2113753,price_value,economic,2,2,4.56,0.78,0.00,1.00,0.00
2113753,hydration_nourishment,performance,1,1,4.65,0.82,0.00,1.00,0.00
2113753,packaging,packaging,1,1,4.73,0.86,0.00,1.00,0.00
2113755,hydration_nourishment,performance,3,3,4.86,0.93,0.00,1.00,0.00
2113755,absorption_finish,sensory,1,1,4.80,0.90,0.00,1.00,0.00
2113755,application,sensory,1,1,4.98,0.99,0.00,1.00,0.00
2113755,effectiveness,performance,1,1,4.67,0.84,0.00,1.00,0.00
2113757,application,sensory,4,3,3.31,0.16,0.33,0.33,0.00
2113757,effectiveness,performance,3,2,3.06,0.03,0.50,0.50,0.00
2113757,hydration_nourishment,performance,3,3,3.40,0.20,0.33,0.33,0.00
2113757,absorption_finish,sensory,1,1,4.60,0.80,0.00,1.00,1.00
2113757,scent,sensory,1,1,4.80,0.90,0.00,1.00,0.00
2113757,texture_consistency,sensory,1,1,2.81,-0.10,1.00,0.00,0.00
2113758,cleansing_makeup_removal,performance,8,7,3.29,0.15,0.43,0.57,0.29
2113758,scent,sensory,3,3,4.68,0.84,0.00,1.00,0.00
2113758,effectiveness,performance,2,2,4.24,0.62,0.00,1.00,0.50
2113758,hydration_nourishment,performance,1,1,4.79,0.89,0.00,1.00,0.00
2113758,pore_clogging,performance,1,1,1.40,-0.80,1.00,0.00,1.00
2113758,skin_tolerance,performance,1,1,4.60,0.80,0.00,1.00,1.00
2113758,texture_consistency,sensory,1,1,1.40,-0.80,1.00,0.00,1.00
2113759,cleansing_makeup_removal,performance,3,3,4.56,0.78,0.00,1.00,0.00
2113759,hydration_nourishment,performance,2,2,4.79,0.90,0.00,1.00,0.50
2113759,scent,sensory,2,2,3.61,0.31,0.00,0.50,0.00
2113759,absorption_finish,sensory,1,1,4.63,0.82,0.00,1.00,0.00
2113759,packaging,packaging,1,1,4.53,0.76,0.00,1.00,0.00
2113760,hydration_nourishment,performance,6,6,4.22,0.61,0.17,0.83,0.00
2113760,texture_consistency,sensory,4,4,4.57,0.79,0.00,1.00,0.00
2113760,application,sensory,3,3,4.60,0.80,0.00,1.00,0.00
2113760,absorption_finish,sensory,2,2,4.60,0.80,0.00,1.00,0.50
2113760,effectiveness,performance,2,2,3.26,0.13,0.50,0.50,0.00
2113760,cleansing_makeup_removal,performance,1,1,4.44,0.72,0.00,1.00,0.00
2113760,formula_composition,formula,1,1,4.56,0.78,0.00,1.00,0.00
2113760,packaging,packaging,1,1,4.44,0.72,0.00,1.00,0.00
2113760,scent,sensory,1,1,3.26,0.13,0.00,0.00,0.00
2113761,application,sensory,2,2,4.76,0.88,0.00,1.00,0.00
2113761,effectiveness,performance,2,2,4.74,0.87,0.00,1.00,0.00
2113761,hydration_nourishment,performance,2,2,3.44,0.22,0.50,0.50,0.00
2113761,efficiency,economic,1,1,4.77,0.89,0.00,1.00,0.00
2113761,texture_consistency,sensory,1,1,4.57,0.79,0.00,1.00,0.00
2113762,effectiveness,performance,3,3,4.78,0.89,0.00,1.00,0.00
2113762,texture_consistency,sensory,3,3,3.56,0.28,0.33,0.67,0.33
2113762,absorption_finish,sensory,2,2,4.64,0.82,0.00,1.00,0.00
2113762,skin_tolerance,performance,1,1,4.60,0.80,0.00,1.00,1.00
2113772,price_value,economic,2,1,4.72,0.86,0.00,1.00,0.00
2113772,effectiveness,performance,1,1,4.67,0.84,0.00,1.00,0.00
2113773,cleansing_makeup_removal,performance,1,1,1.40,-0.80,1.00,0.00,1.00
2113773,price_value,economic,1,1,3.71,0.36,0.00,0.00,0.00
2113774,hydration_nourishment,performance,2,2,4.94,0.97,0.00,1.00,0.00
2113774,price_value,economic,1,1,4.86,0.93,0.00,1.00,0.00
2113780,absorption_finish,sensory,2,2,4.56,0.78,0.00,1.00,0.00
2113780,application,sensory,2,2,3.10,0.05,0.50,0.50,0.50
2113780,hydration_nourishment,performance,1,1,4.28,0.64,0.00,1.00,0.00
2113780,price_value,economic,1,1,4.87,0.94,0.00,1.00,0.00
2113781,efficiency,economic,1,1,4.89,0.95,0.00,1.00,0.00
2113782,texture_consistency,sensory,3,3,4.21,0.61,0.00,0.67,0.00
2113782,hydration_nourishment,performance,2,2,4.93,0.97,0.00,1.00,0.00
2113782,cleansing_makeup_removal,performance,1,1,4.53,0.76,0.00,1.00,0.00
2113782,formula_composition,formula,1,1,4.53,0.76,0.00,1.00,0.00
2113782,scent,sensory,1,1,4.52,0.76,0.00,1.00,0.00
2113782,skin_tolerance,performance,1,1,1.40,-0.80,1.00,0.00,1.00
2113783,effectiveness,performance,5,5,4.80,0.90,0.00,1.00,0.20
2113783,texture_consistency,sensory,4,4,3.85,0.42,0.25,0.75,0.25
2113783,hydration_nourishment,performance,3,3,4.83,0.91,0.00,1.00,0.00
2113783,absorption_finish,sensory,2,2,4.72,0.86,0.00,1.00,0.50
2113783,application,sensory,2,2,4.87,0.93,0.00,1.00,0.00
2113783,formula_composition,formula,2,2,4.64,0.82,0.00,1.00,0.00
2113783,pore_clogging,performance,1,1,4.60,0.80,0.00,1.00,1.00
2113783,skin_tolerance,performance,1,1,4.85,0.92,0.00,1.00,0.00
2113784,application,sensory,7,7,4.64,0.82,0.00,1.00,0.00
2113784,effectiveness,performance,5,5,4.78,0.89,0.00,1.00,0.20
2113784,hydration_nourishment,performance,4,4,4.86,0.93,0.00,1.00,0.00
2113784,formula_composition,formula,2,2,4.77,0.88,0.00,1.00,0.00
2113784,price_value,economic,2,2,3.02,0.01,0.50,0.50,0.50
2113784,absorption_finish,sensory,1,1,4.72,0.86,0.00,1.00,0.00
2113784,packaging,packaging,1,1,4.53,0.77,0.00,1.00,0.00
2113784,texture_consistency,sensory,1,1,4.82,0.91,0.00,1.00,0.00
2113785,application,sensory,2,2,4.61,0.80,0.00,1.00,0.00
2113785,hydration_nourishment,performance,2,2,4.95,0.97,0.00,1.00,0.00
2113785,cleansing_makeup_removal,performance,1,1,4.64,0.82,0.00,1.00,0.00
2113785,efficiency,economic,1,1,4.64,0.82,0.00,1.00,0.00
2113785,scent,sensory,1,1,4.64,0.82,0.00,1.00,0.00
2113786,application,sensory,2,2,4.16,0.58,0.00,0.50,0.00
2113786,effectiveness,performance,2,2,3.92,0.46,0.00,0.50,0.50
2113786,packaging,packaging,2,2,3.65,0.33,0.00,0.50,0.00
2113786,hydration_nourishment,performance,1,1,4.20,0.60,0.00,1.00,0.00
2113786,price_value,economic,1,1,4.37,0.68,0.00,1.00,0.00
2113786,scent,sensory,1,1,3.08,0.04,1.00,0.00,0.00
2113786,skin_tolerance,performance,1,1,3.66,0.33,0.00,0.00,0.00
2113787,effectiveness,performance,6,3,3.94,0.47,0.00,0.33,0.00
2113787,packaging,packaging,4,2,4.49,0.74,0.00,1.00,0.00
2113787,hydration_nourishment,performance,3,2,2.39,-0.31,0.50,0.00,0.50
2113787,formula_composition,formula,2,1,3.67,0.34,0.00,0.00,0.00
2113787,application,sensory,1,1,4.74,0.87,0.00,1.00,0.00
2113787,efficiency,economic,1,1,4.48,0.74,0.00,1.00,0.00
2113787,price_value,economic,1,1,1.40,-0.80,1.00,0.00,1.00
2113787,scent,sensory,1,1,4.55,0.77,0.00,1.00,0.00
2113787,skin_tolerance,performance,1,1,4.60,0.80,0.00,1.00,1.00
2113817,effectiveness,performance,1,1,4.74,0.87,0.00,1.00,0.00
2113817,price_value,economic,1,1,4.64,0.82,0.00,1.00,0.00
2113817,skin_tolerance,performance,1,1,4.72,0.86,0.00,1.00,0.00
2114205,effectiveness,performance,4,3,4.58,0.79,0.00,1.00,0.33
2114205,application,sensory,1,1,4.51,0.76,0.00,1.00,0.00
2114205,formula_composition,formula,1,1,4.68,0.84,0.00,1.00,0.00
2114205,packaging,packaging,1,1,4.51,0.76,0.00,1.00,0.00
2114206,effectiveness,performance,4,4,4.77,0.88,0.00,1.00,0.00
2114206,absorption_finish,sensory,1,1,4.71,0.86,0.00,1.00,0.00
2114206,application,sensory,1,1,4.44,0.72,0.00,1.00,0.00
2114206,hydration_nourishment,performance,1,1,4.86,0.93,0.00,1.00,0.00
2114206,packaging,packaging,1,1,4.44,0.72,0.00,1.00,0.00
2114208,effectiveness,performance,5,5,4.57,0.78,0.00,1.00,0.20
2114208,absorption_finish,sensory,4,4,4.51,0.76,0.00,1.00,0.75
2114208,cleansing_makeup_removal,performance,2,2,4.67,0.84,0.00,1.00,0.00
2114208,hydration_nourishment,performance,2,2,4.47,0.74,0.00,1.00,0.00
2114208,skin_tolerance,performance,2,2,4.61,0.80,0.00,1.00,0.00
2114208,texture_consistency,sensory,2,2,4.63,0.81,0.00,1.00,0.00
2114208,packaging,packaging,1,1,4.26,0.63,0.00,1.00,0.00
2114237,formula_composition,formula,1,1,4.90,0.95,0.00,1.00,0.00
2114237,hydration_nourishment,performance,1,1,4.88,0.94,0.00,1.00,0.00
2114243,effectiveness,performance,1,1,4.87,0.94,0.00,1.00,0.00
2114243,hydration_nourishment,performance,1,1,4.87,0.94,0.00,1.00,0.00
2114514,cleansing_makeup_removal,performance,3,3,4.49,0.75,0.00,0.67,0.00
2114514,effectiveness,performance,2,2,2.55,-0.22,0.50,0.00,0.00
2114514,hydration_nourishment,performance,2,2,4.78,0.89,0.00,1.00,0.50
2114514,scent,sensory,1,1,4.85,0.93,0.00,1.00,0.00
2114808,effectiveness,performance,4,4,3.92,0.46,0.25,0.75,0.00
2114808,skin_tolerance,performance,2,1,1.40,-0.80,1.00,0.00,1.00
2114808,application,sensory,1,1,3.15,0.07,1.00,0.00,0.00
2114808,packaging,packaging,1,1,3.15,0.07,1.00,0.00,0.00
2114808,scent,sensory,1,1,4.24,0.62,0.00,1.00,0.00
2114810,effectiveness,performance,1,1,4.63,0.81,0.00,1.00,0.00
2114900,hydration_nourishment,performance,3,3,4.87,0.93,0.00,1.00,0.00
2114900,cleansing_makeup_removal,performance,2,2,4.87,0.93,0.00,1.00,0.00
2114900,efficiency,economic,1,1,4.93,0.97,0.00,1.00,0.00
2114954,application,sensory,1,1,4.86,0.93,0.00,1.00,0.00
2114954,effectiveness,performance,1,1,4.80,0.90,0.00,1.00,0.00
2114954,packaging,packaging,1,1,4.41,0.71,0.00,1.00,0.00
2114954,skin_tolerance,performance,1,1,4.60,0.80,0.00,1.00,1.00
2114956,effectiveness,performance,1,1,4.48,0.74,0.00,1.00,0.00
2114957,hydration_nourishment,performance,5,3,4.70,0.85,0.00,1.00,0.00
2114957,effectiveness,performance,4,3,4.75,0.88,0.00,1.00,0.17
2114957,packaging,packaging,2,2,4.64,0.82,0.00,1.00,0.00
2114957,pore_clogging,performance,2,1,3.80,0.40,0.00,0.00,1.00
2114957,price_value,economic,2,2,4.53,0.77,0.00,1.00,0.00
2114957,skin_tolerance,performance,2,2,4.74,0.87,0.00,1.00,0.00
2114957,absorption_finish,sensory,1,1,4.81,0.91,0.00,1.00,0.00
2114957,efficiency,economic,1,1,4.38,0.69,0.00,1.00,0.00
2114957,scent,sensory,1,1,2.85,-0.07,1.00,0.00,0.00
2114957,texture_consistency,sensory,1,1,4.81,0.91,0.00,1.00,0.00
2114958,hydration_nourishment,performance,2,2,4.98,0.99,0.00,1.00,0.00
2114958,absorption_finish,sensory,1,1,4.72,0.86,0.00,1.00,0.00
2114958,cleansing_makeup_removal,performance,1,1,4.75,0.88,0.00,1.00,0.00
2114958,effectiveness,performance,1,1,4.60,0.80,0.00,1.00,1.00
2115439,absorption_finish,sensory,1,1,4.89,0.94,0.00,1.00,0.00
2115440,price_value,economic,3,2,4.60,0.80,0.00,1.00,0.00
2115440,absorption_finish,sensory,1,1,4.89,0.95,0.00,1.00,0.00
2115440,hydration_nourishment,performance,1,1,4.95,0.98,0.00,1.00,0.00
2115441,scent,sensory,1,1,4.78,0.89,0.00,1.00,0.00
2115472,cleansing_makeup_removal,performance,3,2,3.81,0.41,0.50,0.50,0.00
2115472,effectiveness,performance,1,1,4.66,0.83,0.00,1.00,0.00
2115472,packaging,packaging,1,1,3.93,0.47,0.00,1.00,0.00
2115472,pore_clogging,performance,1,1,1.40,-0.80,1.00,0.00,1.00
2115472,scent,sensory,1,1,3.93,0.47,0.00,1.00,0.00
2115590,scent,sensory,1,1,4.57,0.79,0.00,1.00,0.00
2115622,application,sensory,1,1,4.65,0.83,0.00,1.00,0.00
2115622,effectiveness,performance,1,1,2.70,-0.15,1.00,0.00,0.00
2115622,efficiency,economic,1,1,4.49,0.75,0.00,1.00,0.00
2115622,formula_composition,formula,1,1,4.80,0.90,0.00,1.00,0.00
2115622,hydration_nourishment,performance,1,1,4.80,0.90,0.00,1.00,0.00
2115622,skin_tolerance,performance,1,1,4.53,0.76,0.00,1.00,0.00
2115622,texture_consistency,sensory,1,1,4.65,0.83,0.00,1.00,0.00
2115633,absorption_finish,sensory,1,1,4.87,0.93,0.00,1.00,0.00
2115633,hydration_nourishment,performance,1,1,4.92,0.96,0.00,1.00,0.00
2115635,application,sensory,1,1,4.68,0.84,0.00,1.00,0.00
2115635,hydration_nourishment,performance,1,1,4.96,0.98,0.00,1.00,0.00
2115635,scent,sensory,1,1,4.23,0.61,0.00,1.00,0.00
2115710,scent,sensory,3,2,3.54,0.27,0.00,0.50,0.00
2115710,absorption_finish,sensory,1,1,4.56,0.78,0.00,1.00,0.00
2115710,formula_composition,formula,1,1,4.56,0.78,0.00,1.00,0.00
2115710,hydration_nourishment,performance,1,1,1.40,-0.80,1.00,0.00,1.00
2115710,texture_consistency,sensory,1,1,1.40,-0.80,1.00,0.00,1.00
2116187,formula_composition,formula,2,2,4.76,0.88,0.00,1.00,0.00
2116187,hydration_nourishment,performance,2,2,1.40,-0.80,1.00,0.00,1.00
2116187,absorption_finish,sensory,1,1,4.59,0.80,0.00,1.00,0.00
2116187,price_value,economic,1,1,3.98,0.49,0.00,1.00,0.00
2116187,scent,sensory,1,1,4.37,0.68,0.00,1.00,0.00
2116192,effectiveness,performance,1,1,4.60,0.80,0.00,1.00,1.00
2116192,formula_composition,formula,1,1,4.90,0.95,0.00,1.00,0.00
2117097,hydration_nourishment,performance,3,3,3.41,0.20,0.33,0.67,0.33
2117097,texture_consistency,sensory,3,3,2.34,-0.33,0.67,0.33,0.67
2117097,scent,sensory,2,2,3.58,0.29,0.00,0.00,0.00
2117097,formula_composition,formula,1,1,4.97,0.99,0.00,1.00,0.00
2117097,price_value,economic,1,1,3.38,0.19,0.00,0.00,0.00
2117329,effectiveness,performance,7,4,4.38,0.69,0.00,1.00,0.00
2117329,absorption_finish,sensory,2,2,4.68,0.84,0.00,1.00,0.00
2117329,hydration_nourishment,performance,1,1,4.55,0.78,0.00,1.00,0.00
2117329,texture_consistency,sensory,1,1,4.64,0.82,0.00,1.00,0.00
2117337,effectiveness,performance,5,5,4.55,0.77,0.00,1.00,0.00
2117337,hydration_nourishment,performance,4,4,4.80,0.90,0.00,1.00,0.00
2117337,application,sensory,2,2,4.65,0.83,0.00,1.00,0.00
2117337,price_value,economic,2,2,4.72,0.86,0.00,1.00,0.00
2117337,absorption_finish,sensory,1,1,4.60,0.80,0.00,1.00,1.00
2117337,efficiency,economic,1,1,4.86,0.93,0.00,1.00,0.00
2117337,formula_composition,formula,1,1,4.70,0.85,0.00,1.00,0.00
2117337,scent,sensory,1,1,4.28,0.64,0.00,1.00,0.00
2117337,texture_consistency,sensory,1,1,4.44,0.72,0.00,1.00,0.00
2117575,cleansing_makeup_removal,performance,1,1,4.86,0.93,0.00,1.00,0.00
2117575,skin_tolerance,performance,1,1,4.86,0.93,0.00,1.00,0.00
2117844,effectiveness,performance,5,5,4.64,0.82,0.00,1.00,0.00
2117844,application,sensory,3,3,4.67,0.84,0.00,1.00,0.00
2117844,hydration_nourishment,performance,3,3,4.76,0.88,0.00,1.00,0.33
2117844,formula_composition,formula,2,2,4.68,0.84,0.00,1.00,0.00
2117844,price_value,economic,2,2,4.83,0.91,0.00,1.00,0.00
2117844,absorption_finish,sensory,1,1,4.90,0.95,0.00,1.00,0.00
2117844,packaging,packaging,1,1,4.75,0.87,0.00,1.00,0.00
2117844,texture_consistency,sensory,1,1,4.73,0.86,0.00,1.00,0.00
2118254,absorption_finish,sensory,1,1,1.40,-0.80,1.00,0.00,1.00
2118454,hydration_nourishment,performance,3,3,4.90,0.95,0.00,1.00,0.00
2118454,packaging,packaging,3,3,4.56,0.78,0.00,1.00,0.00
2118454,scent,sensory,2,2,4.40,0.70,0.00,1.00,0.00
2118454,texture_consistency,sensory,2,1,2.86,-0.07,1.00,0.00,0.50
2118454,absorption_finish,sensory,1,1,4.70,0.85,0.00,1.00,0.00
2118454,effectiveness,performance,1,1,4.90,0.95,0.00,1.00,0.00
2118891,skin_tolerance,performance,3,3,3.99,0.50,0.00,0.67,0.33
2118891,effectiveness,performance,1,1,4.60,0.80,0.00,1.00,1.00
2118891,formula_composition,formula,1,1,4.29,0.64,0.00,1.00,0.00
2119238,hydration_nourishment,performance,1,1,4.97,0.99,0.00,1.00,0.00
2119572,formula_composition,formula,1,1,3.99,0.50,0.00,1.00,0.00
2119572,hydration_nourishment,performance,1,1,3.49,0.24,0.00,0.00,0.00
2119896,hydration_nourishment,performance,2,1,4.85,0.93,0.00,1.00,0.00
2119896,texture_consistency,sensory,2,1,4.51,0.76,0.00,1.00,0.00
2119896,absorption_finish,sensory,1,1,4.59,0.80,0.00,1.00,0.00
2119896,effectiveness,performance,1,1,4.93,0.97,0.00,1.00,0.00
2119896,formula_composition,formula,1,1,4.78,0.89,0.00,1.00,0.00
2120230,effectiveness,performance,1,1,3.87,0.44,0.00,1.00,0.00
2120230,formula_composition,formula,1,1,4.52,0.76,0.00,1.00,0.00
2120230,hydration_nourishment,performance,1,1,4.77,0.89,0.00,1.00,0.00
2120592,hydration_nourishment,performance,6,5,4.48,0.74,0.00,1.00,0.00
2120592,effectiveness,performance,2,2,4.76,0.88,0.00,1.00,0.50
2120592,skin_tolerance,performance,2,2,4.89,0.94,0.00,1.00,0.00
2120592,absorption_finish,sensory,1,1,4.93,0.96,0.00,1.00,0.00
2120592,formula_composition,formula,1,1,4.83,0.92,0.00,1.00,0.00
2120592,texture_consistency,sensory,1,1,4.50,0.75,0.00,1.00,0.00
2120593,pore_clogging,performance,2,1,3.80,0.40,0.00,0.00,1.00
2120593,texture_consistency,sensory,2,1,4.61,0.81,0.00,1.00,0.00
2120593,formula_composition,formula,1,1,4.63,0.81,0.00,1.00,0.00
2120593,hydration_nourishment,performance,1,1,4.63,0.81,0.00,1.00,0.00
2120709,scent,sensory,3,3,4.85,0.92,0.00,1.00,0.00
2120709,hydration_nourishment,performance,2,2,4.77,0.88,0.00,1.00,0.50
2120709,price_value,economic,1,1,4.05,0.53,0.00,1.00,0.00
2120812,hydration_nourishment,performance,3,3,4.88,0.94,0.00,1.00,0.00
2120812,absorption_finish,sensory,2,2,4.79,0.89,0.00,1.00,0.50
2120812,texture_consistency,sensory,2,2,3.08,0.04,0.50,0.50,0.50
2120812,formula_composition,formula,1,1,4.97,0.99,0.00,1.00,0.00
2120812,skin_tolerance,performance,1,1,4.60,0.80,0.00,1.00,1.00
2121691,application,sensory,1,1,4.69,0.85,0.00,1.00,0.00
2121872,effectiveness,performance,3,3,4.63,0.82,0.00,1.00,0.33
2121872,formula_composition,formula,2,2,2.77,-0.12,1.00,0.00,0.00
2121872,skin_tolerance,performance,2,2,3.68,0.34,0.50,0.50,0.00
2121872,efficiency,economic,1,1,4.58,0.79,0.00,1.00,0.00
2121873,skin_tolerance,performance,2,2,2.98,-0.01,0.50,0.50,0.50
2121873,effectiveness,performance,1,1,4.66,0.83,0.00,1.00,0.00
2121873,hydration_nourishment,performance,1,1,2.68,-0.16,1.00,0.00,0.00
2122093,packaging,packaging,3,1,3.08,0.04,1.00,0.00,0.33
2122093,effectiveness,performance,1,1,2.70,-0.15,1.00,0.00,0.00
2122093,hydration_nourishment,performance,1,1,4.98,0.99,0.00,1.00,0.00
2122093,scent,sensory,1,1,4.98,0.99,0.00,1.00,0.00
2122095,hydration_nourishment,performance,2,2,4.84,0.92,0.00,1.00,0.00
2122095,texture_consistency,sensory,1,1,1.40,-0.80,1.00,0.00,1.00
2122096,hydration_nourishment,performance,2,2,3.09,0.05,0.50,0.50,0.50
2122096,application,sensory,1,1,4.89,0.95,0.00,1.00,0.00
2122096,effectiveness,performance,1,1,4.60,0.80,0.00,1.00,1.00
2122097,hydration_nourishment,performance,1,1,4.74,0.87,0.00,1.00,0.00
2122099,skin_tolerance,performance,3,3,1.40,-0.80,1.00,0.00,1.00
2122099,effectiveness,performance,2,1,3.16,0.08,1.00,0.00,0.00
2122099,hydration_nourishment,performance,2,2,4.42,0.71,0.00,1.00,0.00
2122100,hydration_nourishment,performance,4,4,3.78,0.39,0.25,0.75,0.25
2122100,scent,sensory,4,3,4.41,0.71,0.00,1.00,0.00
2122100,effectiveness,performance,3,3,3.79,0.40,0.33,0.67,0.00
2122100,packaging,packaging,2,1,4.11,0.55,0.00,1.00,0.00
2122100,absorption_finish,sensory,1,1,4.23,0.62,0.00,1.00,0.00
2122100,formula_composition,formula,1,1,3.81,0.41,0.00,1.00,0.00
2122100,price_value,economic,1,1,4.45,0.72,0.00,1.00,0.00
2122100,texture_consistency,sensory,1,1,3.68,0.34,0.00,0.00,0.00
2122102,application,sensory,2,2,3.16,0.08,0.50,0.50,0.00
2122102,hydration_nourishment,performance,2,2,3.11,0.05,0.50,0.50,0.50
2122102,packaging,packaging,2,2,2.48,-0.26,0.50,0.00,0.00
2122102,price_value,economic,1,1,4.70,0.85,0.00,1.00,0.00
2122102,texture_consistency,sensory,1,1,1.40,-0.80,1.00,0.00,1.00
2122103,effectiveness,performance,2,2,2.55,-0.23,1.00,0.00,0.00
2122103,hydration_nourishment,performance,1,1,1.40,-0.80,1.00,0.00,1.00
2122103,packaging,packaging,1,1,2.22,-0.39,1.00,0.00,0.00
2122342,application,sensory,1,1,4.46,0.73,0.00,1.00,0.00
2122345,application,sensory,2,1,4.78,0.89,0.00,1.00,0.00
2122345,effectiveness,performance,1,1,4.74,0.87,0.00,1.00,0.00
2123445,effectiveness,performance,3,2,4.49,0.74,0.00,1.00,0.00
2123445,hydration_nourishment,performance,3,3,3.48,0.24,0.33,0.67,0.33
2123445,application,sensory,1,1,4.91,0.95,0.00,1.00,0.00
2123445,efficiency,economic,1,1,4.91,0.95,0.00,1.00,0.00
2123445,formula_composition,formula,1,1,4.91,0.95,0.00,1.00,0.00
2123445,scent,sensory,1,1,4.20,0.60,0.00,1.00,0.00
2123445,texture_consistency,sensory,1,1,4.23,0.61,0.00,1.00,0.00
2123604,hydration_nourishment,performance,2,2,4.89,0.95,0.00,1.00,0.00
2123604,scent,sensory,2,2,4.90,0.95,0.00,1.00,0.00
2123604,effectiveness,performance,1,1,4.60,0.80,0.00,1.00,0.00
2123605,packaging,packaging,2,2,4.55,0.77,0.00,1.00,0.00
2123605,scent,sensory,2,2,4.55,0.78,0.00,1.00,0.00
2123605,application,sensory,1,1,4.05,0.52,0.00,1.00,0.00
2123605,hydration_nourishment,performance,1,1,4.80,0.90,0.00,1.00,0.00
2123607,hydration_nourishment,performance,4,4,3.99,0.49,0.25,0.75,0.25
2123607,scent,sensory,4,4,4.83,0.91,0.00,1.00,0.00
2123607,effectiveness,performance,1,1,4.67,0.84,0.00,1.00,0.00
2123607,efficiency,economic,1,1,4.42,0.71,0.00,1.00,0.00
2123607,texture_consistency,sensory,1,1,4.55,0.78,0.00,1.00,0.00
2123737,formula_composition,formula,1,1,4.93,0.97,0.00,1.00,0.00
2123739,absorption_finish,sensory,1,1,4.56,0.78,0.00,1.00,0.00
2123739,texture_consistency,sensory,1,1,4.56,0.78,0.00,1.00,0.00
2123746,formula_composition,formula,1,1,4.86,0.93,0.00,1.00,0.00
2123746,texture_consistency,sensory,1,1,3.45,0.22,0.00,0.00,0.00
2123751,effectiveness,performance,1,1,4.95,0.98,0.00,1.00,0.00
2123751,scent,sensory,1,1,4.95,0.98,0.00,1.00,0.00
2123755,absorption_finish,sensory,1,1,4.71,0.85,0.00,1.00,0.00
2123755,effectiveness,performance,1,1,4.88,0.94,0.00,1.00,0.00
2123755,hydration_nourishment,performance,1,1,4.88,0.94,0.00,1.00,0.00
2123827,hydration_nourishment,performance,2,2,4.88,0.94,0.00,1.00,0.00
2123827,skin_tolerance,performance,1,1,4.77,0.89,0.00,1.00,0.00
2123870,hydration_nourishment,performance,1,1,4.79,0.89,0.00,1.00,0.00
2123883,absorption_finish,sensory,1,1,4.89,0.94,0.00,1.00,0.00
2123887,absorption_finish,sensory,1,1,4.70,0.85,0.00,1.00,0.00
2123887,hydration_nourishment,performance,1,1,4.82,0.91,0.00,1.00,0.00
2123903,absorption_finish,sensory,1,1,4.60,0.80,0.00,1.00,1.00
2123903,application,sensory,1,1,4.74,0.87,0.00,1.00,0.00
2123903,hydration_nourishment,performance,1,1,4.65,0.82,0.00,1.00,0.00
2123903,texture_consistency,sensory,1,1,4.57,0.78,0.00,1.00,0.00
2123972,cleansing_makeup_removal,performance,1,1,4.83,0.92,0.00,1.00,0.00
2123972,hydration_nourishment,performance,1,1,4.89,0.95,0.00,1.00,0.00
2123972,packaging,packaging,1,1,4.60,0.80,0.00,1.00,0.00
2123972,price_value,economic,1,1,3.31,0.15,0.00,0.00,0.00
2123972,skin_tolerance,performance,1,1,4.60,0.80,0.00,1.00,1.00
2123974,effectiveness,performance,3,3,4.45,0.72,0.00,1.00,0.00
2123974,hydration_nourishment,performance,3,2,4.58,0.79,0.00,1.00,0.00
2123974,absorption_finish,sensory,2,2,3.08,0.04,0.50,0.50,0.50
2123974,cleansing_makeup_removal,performance,2,2,4.41,0.71,0.00,1.00,0.00
2123974,skin_tolerance,performance,2,2,4.60,0.80,0.00,1.00,1.00
2123974,texture_consistency,sensory,2,2,4.59,0.80,0.00,1.00,0.00
2123974,application,sensory,1,1,4.57,0.79,0.00,1.00,0.00
2123974,price_value,economic,1,1,4.25,0.62,0.00,1.00,0.00
2124000,hydration_nourishment,performance,1,1,4.97,0.98,0.00,1.00,0.00
2124000,scent,sensory,1,1,4.51,0.76,0.00,1.00,0.00
2124002,hydration_nourishment,performance,2,2,4.72,0.86,0.00,1.00,0.00
2124002,absorption_finish,sensory,1,1,4.88,0.94,0.00,1.00,0.00
2124002,application,sensory,1,1,4.59,0.79,0.00,1.00,0.00
2124002,effectiveness,performance,1,1,4.43,0.72,0.00,1.00,0.00
2124002,efficiency,economic,1,1,4.59,0.79,0.00,1.00,0.00
2124002,scent,sensory,1,1,4.85,0.92,0.00,1.00,0.00
2124002,texture_consistency,sensory,1,1,4.88,0.94,0.00,1.00,0.00
2124005,hydration_nourishment,performance,1,1,4.87,0.93,0.00,1.00,0.00
2124005,scent,sensory,1,1,4.87,0.93,0.00,1.00,0.00
2124005,texture_consistency,sensory,1,1,4.87,0.93,0.00,1.00,0.00
2124017,formula_composition,formula,1,1,4.72,0.86,0.00,1.00,0.00
2124017,scent,sensory,1,1,1.40,-0.80,1.00,0.00,1.00
2124060,packaging,packaging,3,3,4.40,0.70,0.00,1.00,0.00
2124060,absorption_finish,sensory,1,1,4.22,0.61,0.00,1.00,0.00
2124060,effectiveness,performance,1,1,4.75,0.87,0.00,1.00,0.00
2124060,price_value,economic,1,1,4.80,0.90,0.00,1.00,0.00
2124066,hydration_nourishment,performance,2,2,4.68,0.84,0.00,1.00,0.00
2124066,cleansing_makeup_removal,performance,1,1,4.78,0.89,0.00,1.00,0.00
2124066,efficiency,economic,1,1,4.55,0.77,0.00,1.00,0.00
2124066,skin_tolerance,performance,1,1,4.60,0.80,0.00,1.00,1.00
2124068,absorption_finish,sensory,1,1,4.60,0.80,0.00,1.00,1.00
2124068,cleansing_makeup_removal,performance,1,1,4.89,0.94,0.00,1.00,0.00
2124068,hydration_nourishment,performance,1,1,4.89,0.94,0.00,1.00,0.00
2124068,texture_consistency,sensory,1,1,4.89,0.94,0.00,1.00,0.00
2124069,application,sensory,1,1,4.91,0.96,0.00,1.00,0.00
2124069,hydration_nourishment,performance,1,1,4.72,0.86,0.00,1.00,0.00
2124070,formula_composition,formula,1,1,4.72,0.86,0.00,1.00,0.00
2124071,effectiveness,performance,1,1,4.92,0.96,0.00,1.00,0.00
2124071,formula_composition,formula,1,1,4.82,0.91,0.00,1.00,0.00
2124071,hydration_nourishment,performance,1,1,4.92,0.96,0.00,1.00,0.00
2124071,texture_consistency,sensory,1,1,1.40,-0.80,1.00,0.00,1.00
2124106,formula_composition,formula,1,1,4.91,0.96,0.00,1.00,0.00
2124107,effectiveness,performance,2,2,4.63,0.82,0.00,1.00,0.00
2124107,application,sensory,1,1,3.83,0.42,0.00,1.00,0.00
2124107,packaging,packaging,1,1,3.58,0.29,0.00,0.00,0.00
2124107,skin_tolerance,performance,1,1,1.40,-0.80,1.00,0.00,1.00
2124133,absorption_finish,sensory,1,1,4.73,0.86,0.00,1.00,0.00
2124133,scent,sensory,1,1,4.73,0.86,0.00,1.00,0.00
2124134,application,sensory,1,1,4.88,0.94,0.00,1.00,0.00
2124186,absorption_finish,sensory,2,2,2.81,-0.10,1.00,0.00,0.00
2124186,cleansing_makeup_removal,performance,1,1,2.79,-0.10,1.00,0.00,0.00
2124186,scent,sensory,1,1,2.79,-0.10,1.00,0.00,0.00
2124210,absorption_finish,sensory,2,1,4.71,0.86,0.00,1.00,0.50
2124210,scent,sensory,2,2,4.22,0.61,0.00,1.00,0.00
2124210,texture_consistency,sensory,2,1,4.54,0.77,0.00,1.00,0.00
2124210,application,sensory,1,1,4.60,0.80,0.00,1.00,0.00
2124213,effectiveness,performance,1,1,4.90,0.95,0.00,1.00,0.00
2124213,scent,sensory,1,1,4.12,0.56,0.00,1.00,0.00
2124215,scent,sensory,1,1,2.70,-0.15,1.00,0.00,0.00
2124411,effectiveness,performance,3,3,4.30,0.65,0.00,0.67,0.00
2124411,cleansing_makeup_removal,performance,1,1,4.89,0.95,0.00,1.00,0.00
2124417,scent,sensory,3,2,4.50,0.75,0.00,1.00,0.00
2124417,texture_consistency,sensory,2,2,4.72,0.86,0.00,1.00,0.00
2124417,application,sensory,1,1,4.70,0.85,0.00,1.00,0.00
2124417,hydration_nourishment,performance,1,1,4.54,0.77,0.00,1.00,0.00
2124524,effectiveness,performance,3,3,4.79,0.89,0.00,1.00,0.00
2124524,application,sensory,2,2,4.76,0.88,0.00,1.00,0.00
2124524,absorption_finish,sensory,1,1,4.82,0.91,0.00,1.00,0.00
2124524,hydration_nourishment,performance,1,1,4.89,0.94,0.00,1.00,0.00
2124524,scent,sensory,1,1,4.46,0.73,0.00,1.00,0.00
2124524,texture_consistency,sensory,1,1,4.82,0.91,0.00,1.00,0.00
2124527,hydration_nourishment,performance,1,1,4.82,0.91,0.00,1.00,0.00
2124527,texture_consistency,sensory,1,1,4.43,0.71,0.00,1.00,0.00
2124531,formula_composition,formula,1,1,4.48,0.74,0.00,1.00,0.00
2124548,hydration_nourishment,performance,1,1,4.87,0.93,0.00,1.00,0.00
2124565,cleansing_makeup_removal,performance,1,1,4.25,0.62,0.00,1.00,0.00
2124565,scent,sensory,1,1,4.81,0.91,0.00,1.00,0.00
2124565,skin_tolerance,performance,1,1,4.60,0.80,0.00,1.00,1.00
2124575,application,sensory,1,1,4.51,0.76,0.00,1.00,0.00
2124575,effectiveness,performance,1,1,4.79,0.90,0.00,1.00,0.00
2124575,packaging,packaging,1,1,4.51,0.76,0.00,1.00,0.00
2124585,application,sensory,1,1,4.86,0.93,0.00,1.00,0.00
2124585,hydration_nourishment,performance,1,1,4.71,0.85,0.00,1.00,0.00
2124586,effectiveness,performance,4,2,4.45,0.73,0.00,1.00,0.00
2124586,hydration_nourishment,performance,3,3,4.88,0.94,0.00,1.00,0.00
2124586,absorption_finish,sensory,1,1,4.96,0.98,0.00,1.00,0.00
2124586,cleansing_makeup_removal,performance,1,1,3.47,0.23,0.00,0.00,0.00
2124586,packaging,packaging,1,1,4.31,0.66,0.00,1.00,0.00
2124586,skin_tolerance,performance,1,1,4.13,0.57,0.00,1.00,0.00
2124586,texture_consistency,sensory,1,1,3.47,0.23,0.00,0.00,0.00
2124587,hydration_nourishment,performance,3,2,4.90,0.95,0.00,1.00,0.00
2124587,texture_consistency,sensory,1,1,4.60,0.80,0.00,1.00,0.00
2124588,packaging,packaging,1,1,4.64,0.82,0.00,1.00,0.00
2124592,cleansing_makeup_removal,performance,1,1,3.32,0.16,0.00,0.00,0.00
2124592,effectiveness,performance,1,1,4.54,0.77,0.00,1.00,0.00
2124592,hydration_nourishment,performance,1,1,3.32,0.16,0.00,0.00,0.00
2124600,absorption_finish,sensory,1,1,4.60,0.80,0.00,1.00,1.00
2124600,application,sensory,1,1,4.87,0.93,0.00,1.00,0.00
2124600,scent,sensory,1,1,4.87,0.93,0.00,1.00,0.00
2124602,application,sensory,1,1,4.77,0.89,0.00,1.00,0.00
2124602,effectiveness,performance,1,1,2.52,-0.24,1.00,0.00,0.00
2124602,texture_consistency,sensory,1,1,4.58,0.79,0.00,1.00,0.00
2124603,effectiveness,performance,2,1,4.60,0.80,0.00,1.00,0.00
2124603,absorption_finish,sensory,1,1,4.68,0.84,0.00,1.00,0.00
2124603,hydration_nourishment,performance,1,1,4.55,0.77,0.00,1.00,0.00
2124603,skin_tolerance,performance,1,1,4.66,0.83,0.00,1.00,0.00
2124603,texture_consistency,sensory,1,1,4.68,0.84,0.00,1.00,0.00
2124604,effectiveness,performance,2,1,3.71,0.36,0.00,0.00,0.00
2124604,packaging,packaging,2,2,4.36,0.68,0.00,1.00,0.00
2124604,formula_composition,formula,1,1,4.58,0.79,0.00,1.00,0.00
2124604,price_value,economic,1,1,4.39,0.69,0.00,1.00,0.00
2124666,effectiveness,performance,2,2,4.70,0.85,0.00,1.00,0.50
2124666,absorption_finish,sensory,1,1,4.60,0.80,0.00,1.00,1.00
2124666,application,sensory,1,1,4.91,0.96,0.00,1.00,0.00
2124666,texture_consistency,sensory,1,1,4.47,0.74,0.00,1.00,0.00
2124667,hydration_nourishment,performance,1,1,4.77,0.88,0.00,1.00,0.00
2124667,texture_consistency,sensory,1,1,4.77,0.88,0.00,1.00,0.00
2124668,effectiveness,performance,2,2,4.92,0.96,0.00,1.00,0.00
2124668,hydration_nourishment,performance,2,2,4.92,0.96,0.00,1.00,0.00
2124668,formula_composition,formula,1,1,4.75,0.87,0.00,1.00,0.00
2124668,texture_consistency,sensory,1,1,4.75,0.87,0.00,1.00,0.00
2124669,cleansing_makeup_removal,performance,1,1,4.77,0.89,0.00,1.00,0.00
2124669,hydration_nourishment,performance,1,1,4.91,0.95,0.00,1.00,0.00
2124669,texture_consistency,sensory,1,1,4.77,0.89,0.00,1.00,0.00
2124670,application,sensory,1,1,4.90,0.95,0.00,1.00,0.00
2124670,texture_consistency,sensory,1,1,4.85,0.92,0.00,1.00,0.00
2124701,effectiveness,performance,1,1,4.24,0.62,0.00,1.00,0.00
2124701,hydration_nourishment,performance,1,1,4.97,0.98,0.00,1.00,0.00
2124709,application,sensory,1,1,4.85,0.92,0.00,1.00,0.00
2124711,hydration_nourishment,performance,3,3,4.54,0.77,0.00,1.00,0.00
2124711,effectiveness,performance,2,2,4.52,0.76,0.00,1.00,0.50
2124711,application,sensory,1,1,4.44,0.72,0.00,1.00,0.00
2124711,efficiency,economic,1,1,4.63,0.82,0.00,1.00,0.00
2124711,packaging,packaging,1,1,4.44,0.72,0.00,1.00,0.00
2124712,application,sensory,3,3,4.91,0.96,0.00,1.00,0.00
2124712,hydration_nourishment,performance,1,1,4.91,0.96,0.00,1.00,0.00
2124766,hydration_nourishment,performance,5,4,4.91,0.95,0.00,1.00,0.00
2124766,absorption_finish,sensory,2,2,4.74,0.87,0.00,1.00,0.50
2124766,texture_consistency,sensory,2,2,4.39,0.70,0.00,1.00,0.00
2124766,effectiveness,performance,1,1,4.86,0.93,0.00,1.00,0.00
2124766,packaging,packaging,1,1,4.83,0.92,0.00,1.00,0.00
2124766,skin_tolerance,performance,1,1,4.60,0.80,0.00,1.00,1.00
2124767,hydration_nourishment,performance,7,5,4.72,0.86,0.00,1.00,0.00
2124767,effectiveness,performance,3,3,4.69,0.84,0.00,1.00,0.00
2124767,application,sensory,1,1,3.63,0.32,0.00,0.00,0.00
2124767,formula_composition,formula,1,1,4.96,0.98,0.00,1.00,0.00
2124767,packaging,packaging,1,1,4.70,0.85,0.00,1.00,0.00
2124767,scent,sensory,1,1,2.90,-0.05,1.00,0.00,0.00
2124767,skin_tolerance,performance,1,1,3.67,0.34,0.00,0.00,0.00
2124767,texture_consistency,sensory,1,1,1.40,-0.80,1.00,0.00,1.00
2124770,hydration_nourishment,performance,3,2,4.90,0.95,0.00,1.00,0.00
2124770,application,sensory,2,2,4.48,0.74,0.00,1.00,0.00
2124770,effectiveness,performance,2,2,4.88,0.94,0.00,1.00,0.00
2124770,texture_consistency,sensory,2,2,4.56,0.78,0.00,1.00,0.00
2124770,efficiency,economic,1,1,4.86,0.93,0.00,1.00,0.00
2124770,formula_composition,formula,1,1,4.76,0.88,0.00,1.00,0.00
2124770,pore_clogging,performance,1,1,4.60,0.80,0.00,1.00,1.00
2124771,hydration_nourishment,performance,2,1,4.81,0.90,0.00,1.00,0.00
2124771,absorption_finish,sensory,1,1,4.54,0.77,0.00,1.00,0.00
2124771,scent,sensory,1,1,4.82,0.91,0.00,1.00,0.00
2124771,texture_consistency,sensory,1,1,4.54,0.77,0.00,1.00,0.00
2124772,absorption_finish,sensory,5,5,4.40,0.70,0.00,0.80,0.40
2124772,hydration_nourishment,performance,5,5,4.13,0.56,0.20,0.80,0.00
2124772,cleansing_makeup_removal,performance,3,3,4.46,0.73,0.00,1.00,0.00
2124772,scent,sensory,3,3,4.55,0.77,0.00,1.00,0.00
2124772,application,sensory,2,2,4.32,0.66,0.00,1.00,0.00
2124772,effectiveness,performance,2,2,2.94,-0.03,0.50,0.50,0.50
2124772,pore_clogging,performance,2,1,4.60,0.80,0.00,1.00,1.00
2124772,texture_consistency,sensory,2,2,4.31,0.66,0.00,1.00,0.00
2124772,skin_tolerance,performance,1,1,4.60,0.80,0.00,1.00,1.00
2124815,cleansing_makeup_removal,performance,3,3,4.57,0.78,0.00,1.00,0.00
2124815,formula_composition,formula,2,2,4.56,0.78,0.00,1.00,0.00
2124815,texture_consistency,sensory,2,2,4.62,0.81,0.00,1.00,0.00
2124815,application,sensory,1,1,4.30,0.65,0.00,1.00,0.00
2124815,effectiveness,performance,1,1,4.82,0.91,0.00,1.00,0.00
2124815,efficiency,economic,1,1,4.68,0.84,0.00,1.00,0.00
2124815,scent,sensory,1,1,4.82,0.91,0.00,1.00,0.00
2124815,skin_tolerance,performance,1,1,3.95,0.48,0.00,1.00,0.00
2124886,hydration_nourishment,performance,1,1,4.96,0.98,0.00,1.00,0.00
2125271,hydration_nourishment,performance,1,1,4.67,0.83,0.00,1.00,0.00
2125308,application,sensory,1,1,4.16,0.58,0.00,1.00,0.00
2125308,hydration_nourishment,performance,1,1,4.98,0.99,0.00,1.00,0.00
2125308,texture_consistency,sensory,1,1,4.16,0.58,0.00,1.00,0.00
2125372,hydration_nourishment,performance,2,1,4.36,0.68,0.00,1.00,0.00
2125379,cleansing_makeup_removal,performance,3,2,4.77,0.89,0.00,1.00,0.00
2125379,scent,sensory,3,3,4.41,0.71,0.00,1.00,0.00
2125379,application,sensory,1,1,4.92,0.96,0.00,1.00,0.00
2125380,scent,sensory,4,4,4.69,0.85,0.00,1.00,0.00
2125380,effectiveness,performance,1,1,1.40,-0.80,1.00,0.00,1.00
2125380,packaging,packaging,1,1,2.54,-0.23,1.00,0.00,0.00
2125381,price_value,economic,3,3,4.42,0.71,0.00,1.00,0.00
2125381,cleansing_makeup_removal,performance,1,1,4.78,0.89,0.00,1.00,0.00
2125381,texture_consistency,sensory,1,1,2.76,-0.12,1.00,0.00,0.00
2125531,hydration_nourishment,performance,4,2,4.07,0.54,0.00,0.50,0.17
2125531,scent,sensory,4,2,4.70,0.85,0.00,1.00,0.00
2125531,application,sensory,1,1,4.74,0.87,0.00,1.00,0.00
2125531,effectiveness,performance,1,1,4.48,0.74,0.00,1.00,0.00
2125531,packaging,packaging,1,1,4.91,0.96,0.00,1.00,0.00
2125532,effectiveness,performance,2,2,3.51,0.26,0.50,0.50,0.00
2125532,hydration_nourishment,performance,2,2,4.32,0.66,0.00,1.00,0.00
2125532,absorption_finish,sensory,1,1,3.91,0.45,0.00,1.00,0.00
2125532,packaging,packaging,1,1,2.30,-0.35,1.00,0.00,0.00
2125532,scent,sensory,1,1,2.30,-0.35,1.00,0.00,0.00
2125533,application,sensory,1,1,4.71,0.85,0.00,1.00,0.00
2125533,hydration_nourishment,performance,1,1,4.86,0.93,0.00,1.00,0.00
2125533,scent,sensory,1,1,4.88,0.94,0.00,1.00,0.00
2125687,effectiveness,performance,4,3,4.81,0.91,0.00,1.00,0.00
2125687,price_value,economic,3,3,4.72,0.86,0.00,1.00,0.00
2125687,texture_consistency,sensory,3,3,3.30,0.15,0.33,0.33,0.33
2125687,absorption_finish,sensory,2,2,4.73,0.87,0.00,1.00,0.50
2125687,scent,sensory,2,2,4.67,0.83,0.00,1.00,0.00
2125687,efficiency,economic,1,1,4.68,0.84,0.00,1.00,0.00
2125687,hydration_nourishment,performance,1,1,4.92,0.96,0.00,1.00,0.00
2125688,absorption_finish,sensory,1,1,4.76,0.88,0.00,1.00,0.00
2125688,effectiveness,performance,1,1,4.04,0.52,0.00,1.00,0.00
2125688,hydration_nourishment,performance,1,1,4.93,0.97,0.00,1.00,0.00
2125688,packaging,packaging,1,1,3.83,0.42,0.00,1.00,0.00
2125688,scent,sensory,1,1,4.04,0.52,0.00,1.00,0.00
2125688,texture_consistency,sensory,1,1,4.04,0.52,0.00,1.00,0.00
2125689,scent,sensory,2,2,4.67,0.83,0.00,1.00,0.00
2125689,formula_composition,formula,1,1,4.72,0.86,0.00,1.00,0.00
2125689,packaging,packaging,1,1,4.31,0.66,0.00,1.00,0.00
2125689,texture_consistency,sensory,1,1,4.73,0.87,0.00,1.00,0.00
2125719,cleansing_makeup_removal,performance,3,2,4.52,0.76,0.00,1.00,0.00
2125719,scent,sensory,3,3,4.57,0.79,0.00,1.00,0.00
2125719,texture_consistency,sensory,2,2,4.57,0.79,0.00,1.00,0.00
2125719,application,sensory,1,1,4.85,0.92,0.00,1.00,0.00
2125719,efficiency,economic,1,1,4.88,0.94,0.00,1.00,0.00
2125719,hydration_nourishment,performance,1,1,4.62,0.81,0.00,1.00,0.00
2125724,skin_tolerance,performance,1,1,1.40,-0.80,1.00,0.00,1.00
2125804,effectiveness,performance,2,2,3.44,0.22,0.50,0.50,0.00
2125804,skin_tolerance,performance,1,1,4.64,0.82,0.00,1.00,0.00
2125806,cleansing_makeup_removal,performance,1,1,4.88,0.94,0.00,1.00,0.00
2125807,effectiveness,performance,1,1,4.83,0.92,0.00,1.00,0.00
2125814,scent,sensory,1,1,4.88,0.94,0.00,1.00,0.00
2125815,absorption_finish,sensory,1,1,1.40,-0.80,1.00,0.00,1.00
2125815,hydration_nourishment,performance,1,1,4.97,0.99,0.00,1.00,0.00
2125816,effectiveness,performance,1,1,4.24,0.62,0.00,1.00,0.00
2125816,hydration_nourishment,performance,1,1,4.60,0.80,0.00,1.00,1.00
2125816,skin_tolerance,performance,1,1,4.60,0.80,0.00,1.00,1.00
2125817,effectiveness,performance,3,2,3.66,0.33,0.50,0.50,0.00
2125817,price_value,economic,2,2,4.33,0.66,0.00,1.00,0.00
2125817,packaging,packaging,1,1,4.10,0.55,0.00,1.00,0.00
2125818,effectiveness,performance,2,2,4.48,0.74,0.00,1.00,0.00
2125818,hydration_nourishment,performance,2,2,4.53,0.77,0.00,1.00,0.00
2125821,effectiveness,performance,1,1,2.99,-0.01,1.00,0.00,0.00
2125821,hydration_nourishment,performance,1,1,3.11,0.05,1.00,0.00,0.00
2125921,effectiveness,performance,2,2,3.69,0.35,0.50,0.50,0.00
2125921,price_value,economic,2,1,3.82,0.41,0.00,1.00,0.00
2125921,cleansing_makeup_removal,performance,1,1,4.03,0.52,0.00,1.00,0.00
2126400,effectiveness,performance,1,1,2.92,-0.04,1.00,0.00,0.00
2126400,texture_consistency,sensory,1,1,1.40,-0.80,1.00,0.00,1.00
2126412,formula_composition,formula,1,1,4.81,0.90,0.00,1.00,0.00
2126412,skin_tolerance,performance,1,1,4.60,0.80,0.00,1.00,1.00
2126415,cleansing_makeup_removal,performance,1,1,4.90,0.95,0.00,1.00,0.00
2126415,price_value,economic,1,1,4.60,0.80,0.00,1.00,0.00
2126415,scent,sensory,1,1,4.54,0.77,0.00,1.00,0.00
2126417,effectiveness,performance,1,1,4.90,0.95,0.00,1.00,0.00
2126455,scent,sensory,2,2,4.69,0.85,0.00,1.00,0.00
2126455,absorption_finish,sensory,1,1,3.42,0.21,0.00,0.00,0.00
2126455,application,sensory,1,1,4.61,0.80,0.00,1.00,0.00
2126455,effectiveness,performance,1,1,2.18,-0.41,1.00,0.00,0.00
2126455,texture_consistency,sensory,1,1,4.67,0.83,0.00,1.00,0.00
2127443,cleansing_makeup_removal,performance,1,1,3.81,0.41,0.00,1.00,0.00
2127443,skin_tolerance,performance,1,1,4.60,0.80,0.00,1.00,1.00
2127646,scent,sensory,2,2,4.62,0.81,0.00,1.00,0.00
2127646,application,sensory,1,1,4.61,0.80,0.00,1.00,0.00
2127646,efficiency,economic,1,1,4.84,0.92,0.00,1.00,0.00
2127646,hydration_nourishment,performance,1,1,4.90,0.95,0.00,1.00,0.00
2127646,price_value,economic,1,1,4.82,0.91,0.00,1.00,0.00
2128552,application,sensory,1,1,3.81,0.41,0.00,1.00,0.00
2128552,hydration_nourishment,performance,1,1,4.85,0.92,0.00,1.00,0.00
2128552,texture_consistency,sensory,1,1,1.40,-0.80,1.00,0.00,1.00
2129790,cleansing_makeup_removal,performance,2,2,4.80,0.90,0.00,1.00,0.00
2129794,texture_consistency,sensory,3,2,4.65,0.82,0.00,1.00,0.00
2129794,hydration_nourishment,performance,2,2,4.66,0.83,0.00,1.00,0.00
2129794,absorption_finish,sensory,1,1,4.77,0.88,0.00,1.00,0.00
2129794,effectiveness,performance,1,1,4.83,0.91,0.00,1.00,0.00
2129794,efficiency,economic,1,1,1.40,-0.80,1.00,0.00,1.00
2129794,pore_clogging,performance,1,1,4.60,0.80,0.00,1.00,1.00
2129794,scent,sensory,1,1,4.61,0.80,0.00,1.00,0.00
2129796,application,sensory,1,1,4.77,0.88,0.00,1.00,0.00
2129796,hydration_nourishment,performance,1,1,3.04,0.02,1.00,0.00,0.00
2129796,texture_consistency,sensory,1,1,4.77,0.88,0.00,1.00,0.00
2129797,formula_composition,formula,2,2,4.76,0.88,0.00,1.00,0.00
2129797,hydration_nourishment,performance,2,2,4.81,0.90,0.00,1.00,0.00
2129797,texture_consistency,sensory,2,2,4.76,0.88,0.00,1.00,0.00
2129797,absorption_finish,sensory,1,1,4.69,0.84,0.00,1.00,0.00
2129797,effectiveness,performance,1,1,4.60,0.80,0.00,1.00,1.00
2129797,pore_clogging,performance,1,1,3.00,0.00,0.00,0.00,1.00
2129797,skin_tolerance,performance,1,1,4.92,0.96,0.00,1.00,0.00
2129799,formula_composition,formula,1,1,4.61,0.81,0.00,1.00,0.00
2129799,price_value,economic,1,1,3.80,0.40,0.00,1.00,0.00
2129801,absorption_finish,sensory,5,5,4.60,0.80,0.00,1.00,1.00
2129801,texture_consistency,sensory,3,3,3.89,0.44,0.33,0.67,0.00
2129801,hydration_nourishment,performance,2,2,4.76,0.88,0.00,1.00,0.00
2129801,pore_clogging,performance,2,2,4.60,0.80,0.00,1.00,1.00
2129801,scent,sensory,2,2,4.33,0.67,0.00,1.00,0.00
2129801,application,sensory,1,1,4.81,0.90,0.00,1.00,0.00
2129801,cleansing_makeup_removal,performance,1,1,4.04,0.52,0.00,1.00,0.00
2129801,effectiveness,performance,1,1,4.60,0.80,0.00,1.00,1.00
2130405,effectiveness,performance,1,1,2.26,-0.37,1.00,0.00,0.00
2130405,hydration_nourishment,performance,1,1,4.70,0.85,0.00,1.00,0.00
2130405,price_value,economic,1,1,3.52,0.26,0.00,0.00,0.00
2130612,application,sensory,1,1,4.41,0.71,0.00,1.00,0.00
2130612,formula_composition,formula,1,1,4.78,0.89,0.00,1.00,0.00
2130612,hydration_nourishment,performance,1,1,4.78,0.89,0.00,1.00,0.00
2130612,price_value,economic,1,1,4.41,0.71,0.00,1.00,0.00
